<?xml version="1.0" encoding="UTF-8"?><gpx creator="https://mapa-turystyczna.pl" xmlns="http://www.topografix.com/GPX/1/1" version="1.1" xmlns:xsi="http://www.w3.org/2001/XMLSchema-instance" xsi:schemaLocation="http://www.topografix.com/GPX/1/1 http://www.topografix.com/GPX/1/1/gpx.xsd">
  <metadata>
    <link href="https://mapa-turystyczna.pl">
      <text>mapa-turystyczna.pl</text>
    </link>
    <time>2026-05-07T08:43:07Z</time>
    <bounds maxlat="49.254544" maxlon="20.102976" minlat="49.179432" minlon="20.048461"/>
  </metadata>

<trk>
  <name>Palenica Białczańska – Palenica Białczańska</name>
  <link href="https://mapa-turystyczna.pl/route/h8uu">
    <text>Palenica Białczańska – Palenica Białczańska</text>
  </link>
  <trkseg>
    <trkpt lat="49.254544" lon="20.102976">
      <ele>984</ele>
      <time>2026-05-07T08:43:07Z</time>
    </trkpt>
    <trkpt lat="49.254164" lon="20.10262">
      <ele>993</ele>
      <time>2026-05-07T08:43:55Z</time>
    </trkpt>
    <trkpt lat="49.254066" lon="20.102538">
      <ele>993</ele>
      <time>2026-05-07T08:44:07Z</time>
    </trkpt>
    <trkpt lat="49.254005" lon="20.102482">
      <ele>994</ele>
      <time>2026-05-07T08:44:15Z</time>
    </trkpt>
    <trkpt lat="49.253905" lon="20.102398">
      <ele>994</ele>
      <time>2026-05-07T08:44:27Z</time>
    </trkpt>
    <trkpt lat="49.253638" lon="20.102167">
      <ele>994</ele>
      <time>2026-05-07T08:44:59Z</time>
    </trkpt>
    <trkpt lat="49.253433" lon="20.101983">
      <ele>994</ele>
      <time>2026-05-07T08:45:24Z</time>
    </trkpt>
    <trkpt lat="49.253161" lon="20.101749">
      <ele>993</ele>
      <time>2026-05-07T08:45:58Z</time>
    </trkpt>
    <trkpt lat="49.252717" lon="20.101358">
      <ele>998</ele>
      <time>2026-05-07T08:46:52Z</time>
    </trkpt>
    <trkpt lat="49.252391" lon="20.101074">
      <ele>1001</ele>
      <time>2026-05-07T08:47:32Z</time>
    </trkpt>
    <trkpt lat="49.251179" lon="20.099996">
      <ele>1000</ele>
      <time>2026-05-07T08:50:01Z</time>
    </trkpt>
    <trkpt lat="49.251002" lon="20.099828">
      <ele>999</ele>
      <time>2026-05-07T08:50:23Z</time>
    </trkpt>
    <trkpt lat="49.25093" lon="20.099766">
      <ele>999</ele>
      <time>2026-05-07T08:50:32Z</time>
    </trkpt>
    <trkpt lat="49.25086" lon="20.099708">
      <ele>999</ele>
      <time>2026-05-07T08:50:41Z</time>
    </trkpt>
    <trkpt lat="49.250812" lon="20.09965">
      <ele>999</ele>
      <time>2026-05-07T08:50:47Z</time>
    </trkpt>
    <trkpt lat="49.250772" lon="20.099595">
      <ele>999</ele>
      <time>2026-05-07T08:50:53Z</time>
    </trkpt>
    <trkpt lat="49.25074" lon="20.09953">
      <ele>1000</ele>
      <time>2026-05-07T08:50:58Z</time>
    </trkpt>
    <trkpt lat="49.250709" lon="20.099451">
      <ele>1001</ele>
      <time>2026-05-07T08:51:05Z</time>
    </trkpt>
    <trkpt lat="49.250692" lon="20.099391">
      <ele>1001</ele>
      <time>2026-05-07T08:51:10Z</time>
    </trkpt>
    <trkpt lat="49.250677" lon="20.099318">
      <ele>1002</ele>
      <time>2026-05-07T08:51:15Z</time>
    </trkpt>
    <trkpt lat="49.25066" lon="20.099216">
      <ele>1003</ele>
      <time>2026-05-07T08:51:22Z</time>
    </trkpt>
    <trkpt lat="49.250612" lon="20.098801">
      <ele>1007</ele>
      <time>2026-05-07T08:51:52Z</time>
    </trkpt>
    <trkpt lat="49.250563" lon="20.098349">
      <ele>1012</ele>
      <time>2026-05-07T08:52:24Z</time>
    </trkpt>
    <trkpt lat="49.250545" lon="20.098145">
      <ele>1013</ele>
      <time>2026-05-07T08:52:38Z</time>
    </trkpt>
    <trkpt lat="49.250539" lon="20.098028">
      <ele>1014</ele>
      <time>2026-05-07T08:52:46Z</time>
    </trkpt>
    <trkpt lat="49.250537" lon="20.097959">
      <ele>1014</ele>
      <time>2026-05-07T08:52:51Z</time>
    </trkpt>
    <trkpt lat="49.25054" lon="20.0979">
      <ele>1014</ele>
      <time>2026-05-07T08:52:55Z</time>
    </trkpt>
    <trkpt lat="49.250547" lon="20.097829">
      <ele>1015</ele>
      <time>2026-05-07T08:53:00Z</time>
    </trkpt>
    <trkpt lat="49.250557" lon="20.097761">
      <ele>1015</ele>
      <time>2026-05-07T08:53:05Z</time>
    </trkpt>
    <trkpt lat="49.250573" lon="20.097691">
      <ele>1015</ele>
      <time>2026-05-07T08:53:10Z</time>
    </trkpt>
    <trkpt lat="49.25059" lon="20.097618">
      <ele>1015</ele>
      <time>2026-05-07T08:53:16Z</time>
    </trkpt>
    <trkpt lat="49.250612" lon="20.097535">
      <ele>1016</ele>
      <time>2026-05-07T08:53:22Z</time>
    </trkpt>
    <trkpt lat="49.250724" lon="20.097192">
      <ele>1015</ele>
      <time>2026-05-07T08:53:48Z</time>
    </trkpt>
    <trkpt lat="49.250764" lon="20.09705">
      <ele>1015</ele>
      <time>2026-05-07T08:53:59Z</time>
    </trkpt>
    <trkpt lat="49.250787" lon="20.096963">
      <ele>1015</ele>
      <time>2026-05-07T08:54:06Z</time>
    </trkpt>
    <trkpt lat="49.250798" lon="20.096892">
      <ele>1015</ele>
      <time>2026-05-07T08:54:11Z</time>
    </trkpt>
    <trkpt lat="49.250802" lon="20.096819">
      <ele>1016</ele>
      <time>2026-05-07T08:54:16Z</time>
    </trkpt>
    <trkpt lat="49.250802" lon="20.096757">
      <ele>1016</ele>
      <time>2026-05-07T08:54:20Z</time>
    </trkpt>
    <trkpt lat="49.250798" lon="20.096689">
      <ele>1016</ele>
      <time>2026-05-07T08:54:25Z</time>
    </trkpt>
    <trkpt lat="49.250789" lon="20.09661">
      <ele>1017</ele>
      <time>2026-05-07T08:54:31Z</time>
    </trkpt>
    <trkpt lat="49.250769" lon="20.096538">
      <ele>1018</ele>
      <time>2026-05-07T08:54:36Z</time>
    </trkpt>
    <trkpt lat="49.250743" lon="20.096458">
      <ele>1018</ele>
      <time>2026-05-07T08:54:42Z</time>
    </trkpt>
    <trkpt lat="49.250712" lon="20.096385">
      <ele>1019</ele>
      <time>2026-05-07T08:54:48Z</time>
    </trkpt>
    <trkpt lat="49.250682" lon="20.096332">
      <ele>1020</ele>
      <time>2026-05-07T08:54:53Z</time>
    </trkpt>
    <trkpt lat="49.250652" lon="20.096283">
      <ele>1021</ele>
      <time>2026-05-07T08:54:58Z</time>
    </trkpt>
    <trkpt lat="49.250615" lon="20.096238">
      <ele>1021</ele>
      <time>2026-05-07T08:55:03Z</time>
    </trkpt>
    <trkpt lat="49.250584" lon="20.096201">
      <ele>1021</ele>
      <time>2026-05-07T08:55:07Z</time>
    </trkpt>
    <trkpt lat="49.250543" lon="20.096163">
      <ele>1022</ele>
      <time>2026-05-07T08:55:12Z</time>
    </trkpt>
    <trkpt lat="49.250517" lon="20.096145">
      <ele>1022</ele>
      <time>2026-05-07T08:55:15Z</time>
    </trkpt>
    <trkpt lat="49.250476" lon="20.096124">
      <ele>1022</ele>
      <time>2026-05-07T08:55:20Z</time>
    </trkpt>
    <trkpt lat="49.250411" lon="20.096094">
      <ele>1022</ele>
      <time>2026-05-07T08:55:27Z</time>
    </trkpt>
    <trkpt lat="49.250218" lon="20.096011">
      <ele>1022</ele>
      <time>2026-05-07T08:55:48Z</time>
    </trkpt>
    <trkpt lat="49.250149" lon="20.095978">
      <ele>1021</ele>
      <time>2026-05-07T08:55:56Z</time>
    </trkpt>
    <trkpt lat="49.250088" lon="20.095949">
      <ele>1020</ele>
      <time>2026-05-07T08:56:03Z</time>
    </trkpt>
    <trkpt lat="49.250032" lon="20.095912">
      <ele>1019</ele>
      <time>2026-05-07T08:56:10Z</time>
    </trkpt>
    <trkpt lat="49.249998" lon="20.095888">
      <ele>1019</ele>
      <time>2026-05-07T08:56:14Z</time>
    </trkpt>
    <trkpt lat="49.249957" lon="20.095855">
      <ele>1018</ele>
      <time>2026-05-07T08:56:18Z</time>
    </trkpt>
    <trkpt lat="49.249889" lon="20.095797">
      <ele>1019</ele>
      <time>2026-05-07T08:56:27Z</time>
    </trkpt>
    <trkpt lat="49.249762" lon="20.095682">
      <ele>1020</ele>
      <time>2026-05-07T08:56:42Z</time>
    </trkpt>
    <trkpt lat="49.249695" lon="20.095626">
      <ele>1021</ele>
      <time>2026-05-07T08:56:51Z</time>
    </trkpt>
    <trkpt lat="49.249655" lon="20.095592">
      <ele>1021</ele>
      <time>2026-05-07T08:56:56Z</time>
    </trkpt>
    <trkpt lat="49.249613" lon="20.095564">
      <ele>1022</ele>
      <time>2026-05-07T08:57:00Z</time>
    </trkpt>
    <trkpt lat="49.24957" lon="20.095539">
      <ele>1022</ele>
      <time>2026-05-07T08:57:05Z</time>
    </trkpt>
    <trkpt lat="49.249509" lon="20.095514">
      <ele>1022</ele>
      <time>2026-05-07T08:57:12Z</time>
    </trkpt>
    <trkpt lat="49.24945" lon="20.095491">
      <ele>1022</ele>
      <time>2026-05-07T08:57:18Z</time>
    </trkpt>
    <trkpt lat="49.249315" lon="20.09545">
      <ele>1022</ele>
      <time>2026-05-07T08:57:33Z</time>
    </trkpt>
    <trkpt lat="49.249121" lon="20.095381">
      <ele>1022</ele>
      <time>2026-05-07T08:57:54Z</time>
    </trkpt>
    <trkpt lat="49.249002" lon="20.095337">
      <ele>1022</ele>
      <time>2026-05-07T08:58:07Z</time>
    </trkpt>
    <trkpt lat="49.248883" lon="20.095292">
      <ele>1023</ele>
      <time>2026-05-07T08:58:20Z</time>
    </trkpt>
    <trkpt lat="49.248777" lon="20.095257">
      <ele>1023</ele>
      <time>2026-05-07T08:58:32Z</time>
    </trkpt>
    <trkpt lat="49.248725" lon="20.095239">
      <ele>1024</ele>
      <time>2026-05-07T08:58:38Z</time>
    </trkpt>
    <trkpt lat="49.248662" lon="20.095225">
      <ele>1024</ele>
      <time>2026-05-07T08:58:44Z</time>
    </trkpt>
    <trkpt lat="49.248456" lon="20.095186">
      <ele>1026</ele>
      <time>2026-05-07T08:59:06Z</time>
    </trkpt>
    <trkpt lat="49.248074" lon="20.095112">
      <ele>1029</ele>
      <time>2026-05-07T08:59:48Z</time>
    </trkpt>
    <trkpt lat="49.247882" lon="20.095068">
      <ele>1030</ele>
      <time>2026-05-07T09:00:08Z</time>
    </trkpt>
    <trkpt lat="49.247826" lon="20.095051">
      <ele>1030</ele>
      <time>2026-05-07T09:00:14Z</time>
    </trkpt>
    <trkpt lat="49.247774" lon="20.095033">
      <ele>1030</ele>
      <time>2026-05-07T09:00:20Z</time>
    </trkpt>
    <trkpt lat="49.247631" lon="20.094984">
      <ele>1033</ele>
      <time>2026-05-07T09:00:36Z</time>
    </trkpt>
    <trkpt lat="49.247455" lon="20.094922">
      <ele>1036</ele>
      <time>2026-05-07T09:00:55Z</time>
    </trkpt>
    <trkpt lat="49.24741" lon="20.094904">
      <ele>1036</ele>
      <time>2026-05-07T09:01:00Z</time>
    </trkpt>
    <trkpt lat="49.247355" lon="20.094888">
      <ele>1037</ele>
      <time>2026-05-07T09:01:06Z</time>
    </trkpt>
    <trkpt lat="49.247308" lon="20.094877">
      <ele>1038</ele>
      <time>2026-05-07T09:01:11Z</time>
    </trkpt>
    <trkpt lat="49.247252" lon="20.094876">
      <ele>1038</ele>
      <time>2026-05-07T09:01:17Z</time>
    </trkpt>
    <trkpt lat="49.247187" lon="20.094882">
      <ele>1039</ele>
      <time>2026-05-07T09:01:24Z</time>
    </trkpt>
    <trkpt lat="49.246977" lon="20.09491">
      <ele>1038</ele>
      <time>2026-05-07T09:01:46Z</time>
    </trkpt>
    <trkpt lat="49.24684" lon="20.094933">
      <ele>1038</ele>
      <time>2026-05-07T09:02:01Z</time>
    </trkpt>
    <trkpt lat="49.246708" lon="20.094947">
      <ele>1038</ele>
      <time>2026-05-07T09:02:15Z</time>
    </trkpt>
    <trkpt lat="49.246645" lon="20.094949">
      <ele>1038</ele>
      <time>2026-05-07T09:02:22Z</time>
    </trkpt>
    <trkpt lat="49.246602" lon="20.094944">
      <ele>1038</ele>
      <time>2026-05-07T09:02:26Z</time>
    </trkpt>
    <trkpt lat="49.24656" lon="20.094936">
      <ele>1038</ele>
      <time>2026-05-07T09:02:31Z</time>
    </trkpt>
    <trkpt lat="49.246525" lon="20.094925">
      <ele>1038</ele>
      <time>2026-05-07T09:02:35Z</time>
    </trkpt>
    <trkpt lat="49.246477" lon="20.094904">
      <ele>1039</ele>
      <time>2026-05-07T09:02:40Z</time>
    </trkpt>
    <trkpt lat="49.246432" lon="20.094877">
      <ele>1039</ele>
      <time>2026-05-07T09:02:45Z</time>
    </trkpt>
    <trkpt lat="49.246359" lon="20.094823">
      <ele>1040</ele>
      <time>2026-05-07T09:02:54Z</time>
    </trkpt>
    <trkpt lat="49.246164" lon="20.094659">
      <ele>1042</ele>
      <time>2026-05-07T09:03:18Z</time>
    </trkpt>
    <trkpt lat="49.245993" lon="20.094517">
      <ele>1044</ele>
      <time>2026-05-07T09:03:38Z</time>
    </trkpt>
    <trkpt lat="49.245921" lon="20.094459">
      <ele>1045</ele>
      <time>2026-05-07T09:03:47Z</time>
    </trkpt>
    <trkpt lat="49.245866" lon="20.094419">
      <ele>1046</ele>
      <time>2026-05-07T09:03:53Z</time>
    </trkpt>
    <trkpt lat="49.245814" lon="20.094388">
      <ele>1046</ele>
      <time>2026-05-07T09:03:59Z</time>
    </trkpt>
    <trkpt lat="49.245766" lon="20.094365">
      <ele>1046</ele>
      <time>2026-05-07T09:04:05Z</time>
    </trkpt>
    <trkpt lat="49.245728" lon="20.094349">
      <ele>1046</ele>
      <time>2026-05-07T09:04:09Z</time>
    </trkpt>
    <trkpt lat="49.245685" lon="20.094333">
      <ele>1046</ele>
      <time>2026-05-07T09:04:14Z</time>
    </trkpt>
    <trkpt lat="49.245628" lon="20.094314">
      <ele>1046</ele>
      <time>2026-05-07T09:04:20Z</time>
    </trkpt>
    <trkpt lat="49.245545" lon="20.094284">
      <ele>1046</ele>
      <time>2026-05-07T09:04:29Z</time>
    </trkpt>
    <trkpt lat="49.245374" lon="20.094223">
      <ele>1048</ele>
      <time>2026-05-07T09:04:48Z</time>
    </trkpt>
    <trkpt lat="49.245234" lon="20.094173">
      <ele>1049</ele>
      <time>2026-05-07T09:05:03Z</time>
    </trkpt>
    <trkpt lat="49.244961" lon="20.094072">
      <ele>1051</ele>
      <time>2026-05-07T09:05:33Z</time>
    </trkpt>
    <trkpt lat="49.244694" lon="20.093973">
      <ele>1053</ele>
      <time>2026-05-07T09:06:02Z</time>
    </trkpt>
    <trkpt lat="49.244443" lon="20.09388">
      <ele>1055</ele>
      <time>2026-05-07T09:06:30Z</time>
    </trkpt>
    <trkpt lat="49.244321" lon="20.093829">
      <ele>1056</ele>
      <time>2026-05-07T09:06:43Z</time>
    </trkpt>
    <trkpt lat="49.244263" lon="20.093808">
      <ele>1056</ele>
      <time>2026-05-07T09:06:49Z</time>
    </trkpt>
    <trkpt lat="49.244196" lon="20.093787">
      <ele>1057</ele>
      <time>2026-05-07T09:06:57Z</time>
    </trkpt>
    <trkpt lat="49.244127" lon="20.093773">
      <ele>1056</ele>
      <time>2026-05-07T09:07:04Z</time>
    </trkpt>
    <trkpt lat="49.244063" lon="20.093763">
      <ele>1056</ele>
      <time>2026-05-07T09:07:11Z</time>
    </trkpt>
    <trkpt lat="49.243984" lon="20.093753">
      <ele>1055</ele>
      <time>2026-05-07T09:07:19Z</time>
    </trkpt>
    <trkpt lat="49.243464" lon="20.093675">
      <ele>1058</ele>
      <time>2026-05-07T09:08:15Z</time>
    </trkpt>
    <trkpt lat="49.242934" lon="20.093569">
      <ele>1063</ele>
      <time>2026-05-07T09:09:12Z</time>
    </trkpt>
    <trkpt lat="49.242595" lon="20.093485">
      <ele>1065</ele>
      <time>2026-05-07T09:09:49Z</time>
    </trkpt>
    <trkpt lat="49.242465" lon="20.09345">
      <ele>1066</ele>
      <time>2026-05-07T09:10:03Z</time>
    </trkpt>
    <trkpt lat="49.242313" lon="20.093387">
      <ele>1066</ele>
      <time>2026-05-07T09:10:19Z</time>
    </trkpt>
    <trkpt lat="49.242084" lon="20.093292">
      <ele>1065</ele>
      <time>2026-05-07T09:10:45Z</time>
    </trkpt>
    <trkpt lat="49.24163" lon="20.093099">
      <ele>1067</ele>
      <time>2026-05-07T09:11:35Z</time>
    </trkpt>
    <trkpt lat="49.241339" lon="20.092976">
      <ele>1071</ele>
      <time>2026-05-07T09:12:07Z</time>
    </trkpt>
    <trkpt lat="49.241256" lon="20.092939">
      <ele>1072</ele>
      <time>2026-05-07T09:12:16Z</time>
    </trkpt>
    <trkpt lat="49.24119" lon="20.092908">
      <ele>1072</ele>
      <time>2026-05-07T09:12:24Z</time>
    </trkpt>
    <trkpt lat="49.241116" lon="20.092884">
      <ele>1073</ele>
      <time>2026-05-07T09:12:32Z</time>
    </trkpt>
    <trkpt lat="49.241048" lon="20.092864">
      <ele>1073</ele>
      <time>2026-05-07T09:12:39Z</time>
    </trkpt>
    <trkpt lat="49.240981" lon="20.09285">
      <ele>1073</ele>
      <time>2026-05-07T09:12:46Z</time>
    </trkpt>
    <trkpt lat="49.240807" lon="20.092819">
      <ele>1073</ele>
      <time>2026-05-07T09:13:05Z</time>
    </trkpt>
    <trkpt lat="49.240533" lon="20.092768">
      <ele>1076</ele>
      <time>2026-05-07T09:13:34Z</time>
    </trkpt>
    <trkpt lat="49.240481" lon="20.09276">
      <ele>1077</ele>
      <time>2026-05-07T09:13:40Z</time>
    </trkpt>
    <trkpt lat="49.240437" lon="20.092751">
      <ele>1077</ele>
      <time>2026-05-07T09:13:45Z</time>
    </trkpt>
    <trkpt lat="49.240377" lon="20.092735">
      <ele>1078</ele>
      <time>2026-05-07T09:13:51Z</time>
    </trkpt>
    <trkpt lat="49.240314" lon="20.092716">
      <ele>1079</ele>
      <time>2026-05-07T09:13:58Z</time>
    </trkpt>
    <trkpt lat="49.240247" lon="20.092693">
      <ele>1079</ele>
      <time>2026-05-07T09:14:05Z</time>
    </trkpt>
    <trkpt lat="49.240173" lon="20.092666">
      <ele>1080</ele>
      <time>2026-05-07T09:14:13Z</time>
    </trkpt>
    <trkpt lat="49.239945" lon="20.092586">
      <ele>1083</ele>
      <time>2026-05-07T09:14:38Z</time>
    </trkpt>
    <trkpt lat="49.239865" lon="20.092561">
      <ele>1084</ele>
      <time>2026-05-07T09:14:47Z</time>
    </trkpt>
    <trkpt lat="49.239785" lon="20.092538">
      <ele>1085</ele>
      <time>2026-05-07T09:14:56Z</time>
    </trkpt>
    <trkpt lat="49.23972" lon="20.092523">
      <ele>1085</ele>
      <time>2026-05-07T09:15:03Z</time>
    </trkpt>
    <trkpt lat="49.239666" lon="20.092512">
      <ele>1085</ele>
      <time>2026-05-07T09:15:09Z</time>
    </trkpt>
    <trkpt lat="49.239599" lon="20.092502">
      <ele>1085</ele>
      <time>2026-05-07T09:15:16Z</time>
    </trkpt>
    <trkpt lat="49.239525" lon="20.092497">
      <ele>1085</ele>
      <time>2026-05-07T09:15:24Z</time>
    </trkpt>
    <trkpt lat="49.2394" lon="20.092488">
      <ele>1084</ele>
      <time>2026-05-07T09:15:37Z</time>
    </trkpt>
    <trkpt lat="49.239229" lon="20.092484">
      <ele>1084</ele>
      <time>2026-05-07T09:15:55Z</time>
    </trkpt>
    <trkpt lat="49.238985" lon="20.092478">
      <ele>1082</ele>
      <time>2026-05-07T09:16:21Z</time>
    </trkpt>
    <trkpt lat="49.238922" lon="20.092476">
      <ele>1082</ele>
      <time>2026-05-07T09:16:28Z</time>
    </trkpt>
    <trkpt lat="49.238883" lon="20.092473">
      <ele>1082</ele>
      <time>2026-05-07T09:16:32Z</time>
    </trkpt>
    <trkpt lat="49.238834" lon="20.092468">
      <ele>1081</ele>
      <time>2026-05-07T09:16:37Z</time>
    </trkpt>
    <trkpt lat="49.238776" lon="20.092458">
      <ele>1081</ele>
      <time>2026-05-07T09:16:43Z</time>
    </trkpt>
    <trkpt lat="49.238725" lon="20.092447">
      <ele>1081</ele>
      <time>2026-05-07T09:16:49Z</time>
    </trkpt>
    <trkpt lat="49.238684" lon="20.092436">
      <ele>1081</ele>
      <time>2026-05-07T09:16:53Z</time>
    </trkpt>
    <trkpt lat="49.238644" lon="20.092421">
      <ele>1081</ele>
      <time>2026-05-07T09:16:58Z</time>
    </trkpt>
    <trkpt lat="49.23861" lon="20.092405">
      <ele>1081</ele>
      <time>2026-05-07T09:17:01Z</time>
    </trkpt>
    <trkpt lat="49.238571" lon="20.092383">
      <ele>1082</ele>
      <time>2026-05-07T09:17:06Z</time>
    </trkpt>
    <trkpt lat="49.238509" lon="20.092347">
      <ele>1082</ele>
      <time>2026-05-07T09:17:13Z</time>
    </trkpt>
    <trkpt lat="49.238456" lon="20.092309">
      <ele>1083</ele>
      <time>2026-05-07T09:17:19Z</time>
    </trkpt>
    <trkpt lat="49.238054" lon="20.092022">
      <ele>1091</ele>
      <time>2026-05-07T09:18:07Z</time>
    </trkpt>
    <trkpt lat="49.237937" lon="20.091938">
      <ele>1093</ele>
      <time>2026-05-07T09:18:21Z</time>
    </trkpt>
    <trkpt lat="49.237822" lon="20.091858">
      <ele>1094</ele>
      <time>2026-05-07T09:18:34Z</time>
    </trkpt>
    <trkpt lat="49.237733" lon="20.091795">
      <ele>1094</ele>
      <time>2026-05-07T09:18:45Z</time>
    </trkpt>
    <trkpt lat="49.237665" lon="20.091744">
      <ele>1095</ele>
      <time>2026-05-07T09:18:53Z</time>
    </trkpt>
    <trkpt lat="49.237601" lon="20.09169">
      <ele>1095</ele>
      <time>2026-05-07T09:19:01Z</time>
    </trkpt>
    <trkpt lat="49.237528" lon="20.091625">
      <ele>1096</ele>
      <time>2026-05-07T09:19:10Z</time>
    </trkpt>
    <trkpt lat="49.23745" lon="20.091549">
      <ele>1096</ele>
      <time>2026-05-07T09:19:20Z</time>
    </trkpt>
    <trkpt lat="49.237322" lon="20.091419">
      <ele>1097</ele>
      <time>2026-05-07T09:19:36Z</time>
    </trkpt>
    <trkpt lat="49.237117" lon="20.0912">
      <ele>1098</ele>
      <time>2026-05-07T09:20:03Z</time>
    </trkpt>
    <trkpt lat="49.236965" lon="20.091049">
      <ele>1098</ele>
      <time>2026-05-07T09:20:23Z</time>
    </trkpt>
    <trkpt lat="49.236819" lon="20.090897">
      <ele>1099</ele>
      <time>2026-05-07T09:20:42Z</time>
    </trkpt>
    <trkpt lat="49.236762" lon="20.09083">
      <ele>1100</ele>
      <time>2026-05-07T09:20:49Z</time>
    </trkpt>
    <trkpt lat="49.236709" lon="20.09076">
      <ele>1100</ele>
      <time>2026-05-07T09:20:57Z</time>
    </trkpt>
    <trkpt lat="49.236639" lon="20.090665">
      <ele>1100</ele>
      <time>2026-05-07T09:21:07Z</time>
    </trkpt>
    <trkpt lat="49.23658" lon="20.090577">
      <ele>1101</ele>
      <time>2026-05-07T09:21:16Z</time>
    </trkpt>
    <trkpt lat="49.236441" lon="20.090353">
      <ele>1103</ele>
      <time>2026-05-07T09:21:37Z</time>
    </trkpt>
    <trkpt lat="49.23637" lon="20.090244">
      <ele>1103</ele>
      <time>2026-05-07T09:21:48Z</time>
    </trkpt>
    <trkpt lat="49.236327" lon="20.090186">
      <ele>1104</ele>
      <time>2026-05-07T09:21:54Z</time>
    </trkpt>
    <trkpt lat="49.236282" lon="20.090131">
      <ele>1105</ele>
      <time>2026-05-07T09:22:01Z</time>
    </trkpt>
    <trkpt lat="49.236244" lon="20.090091">
      <ele>1106</ele>
      <time>2026-05-07T09:22:06Z</time>
    </trkpt>
    <trkpt lat="49.236209" lon="20.090059">
      <ele>1106</ele>
      <time>2026-05-07T09:22:10Z</time>
    </trkpt>
    <trkpt lat="49.236167" lon="20.090029">
      <ele>1106</ele>
      <time>2026-05-07T09:22:15Z</time>
    </trkpt>
    <trkpt lat="49.236131" lon="20.090007">
      <ele>1105</ele>
      <time>2026-05-07T09:22:19Z</time>
    </trkpt>
    <trkpt lat="49.23608" lon="20.089979">
      <ele>1105</ele>
      <time>2026-05-07T09:22:25Z</time>
    </trkpt>
    <trkpt lat="49.23601" lon="20.089944">
      <ele>1106</ele>
      <time>2026-05-07T09:22:33Z</time>
    </trkpt>
    <trkpt lat="49.235927" lon="20.089905">
      <ele>1106</ele>
      <time>2026-05-07T09:22:42Z</time>
    </trkpt>
    <trkpt lat="49.235794" lon="20.089845">
      <ele>1107</ele>
      <time>2026-05-07T09:22:57Z</time>
    </trkpt>
    <trkpt lat="49.235717" lon="20.089812">
      <ele>1107</ele>
      <time>2026-05-07T09:23:06Z</time>
    </trkpt>
    <trkpt lat="49.235653" lon="20.08978">
      <ele>1106</ele>
      <time>2026-05-07T09:23:13Z</time>
    </trkpt>
    <trkpt lat="49.235593" lon="20.089745">
      <ele>1106</ele>
      <time>2026-05-07T09:23:20Z</time>
    </trkpt>
    <trkpt lat="49.235524" lon="20.089698">
      <ele>1105</ele>
      <time>2026-05-07T09:23:28Z</time>
    </trkpt>
    <trkpt lat="49.235481" lon="20.08966">
      <ele>1105</ele>
      <time>2026-05-07T09:23:33Z</time>
    </trkpt>
    <trkpt lat="49.235444" lon="20.089623">
      <ele>1104</ele>
      <time>2026-05-07T09:23:38Z</time>
    </trkpt>
    <trkpt lat="49.235401" lon="20.089571">
      <ele>1104</ele>
      <time>2026-05-07T09:23:44Z</time>
    </trkpt>
    <trkpt lat="49.235332" lon="20.089475">
      <ele>1103</ele>
      <time>2026-05-07T09:23:54Z</time>
    </trkpt>
    <trkpt lat="49.235207" lon="20.089285">
      <ele>1101</ele>
      <time>2026-05-07T09:24:13Z</time>
    </trkpt>
    <trkpt lat="49.235108" lon="20.089121">
      <ele>1101</ele>
      <time>2026-05-07T09:24:28Z</time>
    </trkpt>
    <trkpt lat="49.235073" lon="20.089052">
      <ele>1102</ele>
      <time>2026-05-07T09:24:35Z</time>
    </trkpt>
    <trkpt lat="49.235029" lon="20.088946">
      <ele>1103</ele>
      <time>2026-05-07T09:24:43Z</time>
    </trkpt>
    <trkpt lat="49.234962" lon="20.088791">
      <ele>1105</ele>
      <time>2026-05-07T09:24:57Z</time>
    </trkpt>
    <trkpt lat="49.234929" lon="20.088703">
      <ele>1106</ele>
      <time>2026-05-07T09:25:04Z</time>
    </trkpt>
    <trkpt lat="49.234886" lon="20.088582">
      <ele>1107</ele>
      <time>2026-05-07T09:25:13Z</time>
    </trkpt>
    <trkpt lat="49.234841" lon="20.088434">
      <ele>1107</ele>
      <time>2026-05-07T09:25:25Z</time>
    </trkpt>
    <trkpt lat="49.234756" lon="20.088134">
      <ele>1107</ele>
      <time>2026-05-07T09:25:48Z</time>
    </trkpt>
    <trkpt lat="49.234668" lon="20.08782">
      <ele>1108</ele>
      <time>2026-05-07T09:26:12Z</time>
    </trkpt>
    <trkpt lat="49.234636" lon="20.087711">
      <ele>1109</ele>
      <time>2026-05-07T09:26:20Z</time>
    </trkpt>
    <trkpt lat="49.234602" lon="20.087598">
      <ele>1110</ele>
      <time>2026-05-07T09:26:29Z</time>
    </trkpt>
    <trkpt lat="49.234545" lon="20.087439">
      <ele>1111</ele>
      <time>2026-05-07T09:26:42Z</time>
    </trkpt>
    <trkpt lat="49.234522" lon="20.087372">
      <ele>1112</ele>
      <time>2026-05-07T09:26:47Z</time>
    </trkpt>
    <trkpt lat="49.234497" lon="20.087329">
      <ele>1112</ele>
      <time>2026-05-07T09:26:51Z</time>
    </trkpt>
    <trkpt lat="49.234471" lon="20.087291">
      <ele>1112</ele>
      <time>2026-05-07T09:26:55Z</time>
    </trkpt>
    <trkpt lat="49.234442" lon="20.087269">
      <ele>1111</ele>
      <time>2026-05-07T09:26:58Z</time>
    </trkpt>
    <trkpt lat="49.234413" lon="20.087259">
      <ele>1112</ele>
      <time>2026-05-07T09:27:01Z</time>
    </trkpt>
    <trkpt lat="49.234384" lon="20.087259">
      <ele>1111</ele>
      <time>2026-05-07T09:27:05Z</time>
    </trkpt>
    <trkpt lat="49.234356" lon="20.087267">
      <ele>1110</ele>
      <time>2026-05-07T09:27:08Z</time>
    </trkpt>
    <trkpt lat="49.234321" lon="20.087283">
      <ele>1109</ele>
      <time>2026-05-07T09:27:12Z</time>
    </trkpt>
    <trkpt lat="49.23416" lon="20.087382">
      <ele>1104</ele>
      <time>2026-05-07T09:27:31Z</time>
    </trkpt>
    <trkpt lat="49.234099" lon="20.087448">
      <ele>1104</ele>
      <time>2026-05-07T09:27:39Z</time>
    </trkpt>
    <trkpt lat="49.234052" lon="20.08754">
      <ele>1103</ele>
      <time>2026-05-07T09:27:47Z</time>
    </trkpt>
    <trkpt lat="49.234019" lon="20.087622">
      <ele>1102</ele>
      <time>2026-05-07T09:27:54Z</time>
    </trkpt>
    <trkpt lat="49.233972" lon="20.08779">
      <ele>1100</ele>
      <time>2026-05-07T09:28:07Z</time>
    </trkpt>
    <trkpt lat="49.2339" lon="20.087656">
      <ele>1107</ele>
      <time>2026-05-07T09:28:28Z</time>
    </trkpt>
    <trkpt lat="49.233884" lon="20.087599">
      <ele>1109</ele>
      <time>2026-05-07T09:28:35Z</time>
    </trkpt>
    <trkpt lat="49.233845" lon="20.087573">
      <ele>1112</ele>
      <time>2026-05-07T09:28:43Z</time>
    </trkpt>
    <trkpt lat="49.23383" lon="20.08747">
      <ele>1114</ele>
      <time>2026-05-07T09:28:55Z</time>
    </trkpt>
    <trkpt lat="49.233798" lon="20.087383">
      <ele>1117</ele>
      <time>2026-05-07T09:29:06Z</time>
    </trkpt>
    <trkpt lat="49.233678" lon="20.087235">
      <ele>1125</ele>
      <time>2026-05-07T09:29:34Z</time>
    </trkpt>
    <trkpt lat="49.23365" lon="20.087153">
      <ele>1129</ele>
      <time>2026-05-07T09:29:45Z</time>
    </trkpt>
    <trkpt lat="49.233571" lon="20.087014">
      <ele>1135</ele>
      <time>2026-05-07T09:30:06Z</time>
    </trkpt>
    <trkpt lat="49.233524" lon="20.086877">
      <ele>1138</ele>
      <time>2026-05-07T09:30:23Z</time>
    </trkpt>
    <trkpt lat="49.233458" lon="20.086717">
      <ele>1141</ele>
      <time>2026-05-07T09:30:43Z</time>
    </trkpt>
    <trkpt lat="49.233395" lon="20.086625">
      <ele>1143</ele>
      <time>2026-05-07T09:30:57Z</time>
    </trkpt>
    <trkpt lat="49.233332" lon="20.086575">
      <ele>1144</ele>
      <time>2026-05-07T09:31:09Z</time>
    </trkpt>
    <trkpt lat="49.233272" lon="20.086566">
      <ele>1147</ele>
      <time>2026-05-07T09:31:19Z</time>
    </trkpt>
    <trkpt lat="49.233206" lon="20.086591">
      <ele>1150</ele>
      <time>2026-05-07T09:31:31Z</time>
    </trkpt>
    <trkpt lat="49.233121" lon="20.086668">
      <ele>1155</ele>
      <time>2026-05-07T09:31:49Z</time>
    </trkpt>
    <trkpt lat="49.233072" lon="20.086623">
      <ele>1156</ele>
      <time>2026-05-07T09:31:58Z</time>
    </trkpt>
    <trkpt lat="49.233051" lon="20.086531">
      <ele>1155</ele>
      <time>2026-05-07T09:32:09Z</time>
    </trkpt>
    <trkpt lat="49.232968" lon="20.086432">
      <ele>1156</ele>
      <time>2026-05-07T09:32:26Z</time>
    </trkpt>
    <trkpt lat="49.232822" lon="20.086302">
      <ele>1159</ele>
      <time>2026-05-07T09:32:53Z</time>
    </trkpt>
    <trkpt lat="49.232786" lon="20.086254">
      <ele>1159</ele>
      <time>2026-05-07T09:33:01Z</time>
    </trkpt>
    <trkpt lat="49.232628" lon="20.086095">
      <ele>1162</ele>
      <time>2026-05-07T09:33:32Z</time>
    </trkpt>
    <trkpt lat="49.232411" lon="20.085919">
      <ele>1165</ele>
      <time>2026-05-07T09:34:11Z</time>
    </trkpt>
    <trkpt lat="49.23226" lon="20.085743">
      <ele>1165</ele>
      <time>2026-05-07T09:34:42Z</time>
    </trkpt>
    <trkpt lat="49.232127" lon="20.085546">
      <ele>1162</ele>
      <time>2026-05-07T09:35:12Z</time>
    </trkpt>
    <trkpt lat="49.231943" lon="20.085396">
      <ele>1162</ele>
      <time>2026-05-07T09:35:46Z</time>
    </trkpt>
    <trkpt lat="49.231797" lon="20.085248">
      <ele>1161</ele>
      <time>2026-05-07T09:36:14Z</time>
    </trkpt>
    <trkpt lat="49.231699" lon="20.085121">
      <ele>1162</ele>
      <time>2026-05-07T09:36:34Z</time>
    </trkpt>
    <trkpt lat="49.231653" lon="20.084995">
      <ele>1161</ele>
      <time>2026-05-07T09:36:50Z</time>
    </trkpt>
    <trkpt lat="49.231589" lon="20.084819">
      <ele>1161</ele>
      <time>2026-05-07T09:37:11Z</time>
    </trkpt>
    <trkpt lat="49.231585" lon="20.084728">
      <ele>1161</ele>
      <time>2026-05-07T09:37:20Z</time>
    </trkpt>
    <trkpt lat="49.231522" lon="20.084472">
      <ele>1163</ele>
      <time>2026-05-07T09:37:49Z</time>
    </trkpt>
    <trkpt lat="49.231374" lon="20.084391">
      <ele>1163</ele>
      <time>2026-05-07T09:38:15Z</time>
    </trkpt>
    <trkpt lat="49.231315" lon="20.084365">
      <ele>1163</ele>
      <time>2026-05-07T09:38:25Z</time>
    </trkpt>
    <trkpt lat="49.231156" lon="20.084319">
      <ele>1164</ele>
      <time>2026-05-07T09:38:51Z</time>
    </trkpt>
    <trkpt lat="49.231121" lon="20.084262">
      <ele>1164</ele>
      <time>2026-05-07T09:38:59Z</time>
    </trkpt>
    <trkpt lat="49.230893" lon="20.084158">
      <ele>1167</ele>
      <time>2026-05-07T09:39:38Z</time>
    </trkpt>
    <trkpt lat="49.230841" lon="20.084166">
      <ele>1168</ele>
      <time>2026-05-07T09:39:46Z</time>
    </trkpt>
    <trkpt lat="49.230721" lon="20.084205">
      <ele>1170</ele>
      <time>2026-05-07T09:40:06Z</time>
    </trkpt>
    <trkpt lat="49.230484" lon="20.084139">
      <ele>1173</ele>
      <time>2026-05-07T09:40:45Z</time>
    </trkpt>
    <trkpt lat="49.230313" lon="20.084034">
      <ele>1173</ele>
      <time>2026-05-07T09:41:15Z</time>
    </trkpt>
    <trkpt lat="49.230287" lon="20.083936">
      <ele>1172</ele>
      <time>2026-05-07T09:41:26Z</time>
    </trkpt>
    <trkpt lat="49.230277" lon="20.083758">
      <ele>1173</ele>
      <time>2026-05-07T09:41:45Z</time>
    </trkpt>
    <trkpt lat="49.230256" lon="20.083676">
      <ele>1174</ele>
      <time>2026-05-07T09:41:54Z</time>
    </trkpt>
    <trkpt lat="49.230207" lon="20.083616">
      <ele>1174</ele>
      <time>2026-05-07T09:42:04Z</time>
    </trkpt>
    <trkpt lat="49.229944" lon="20.083474">
      <ele>1177</ele>
      <time>2026-05-07T09:42:49Z</time>
    </trkpt>
    <trkpt lat="49.229799" lon="20.083368">
      <ele>1178</ele>
      <time>2026-05-07T09:43:15Z</time>
    </trkpt>
    <trkpt lat="49.229749" lon="20.083312">
      <ele>1178</ele>
      <time>2026-05-07T09:43:25Z</time>
    </trkpt>
    <trkpt lat="49.229713" lon="20.08319">
      <ele>1179</ele>
      <time>2026-05-07T09:43:39Z</time>
    </trkpt>
    <trkpt lat="49.229613" lon="20.083027">
      <ele>1179</ele>
      <time>2026-05-07T09:44:03Z</time>
    </trkpt>
    <trkpt lat="49.229522" lon="20.08295">
      <ele>1178</ele>
      <time>2026-05-07T09:44:20Z</time>
    </trkpt>
    <trkpt lat="49.229431" lon="20.082828">
      <ele>1177</ele>
      <time>2026-05-07T09:44:39Z</time>
    </trkpt>
    <trkpt lat="49.229365" lon="20.082788">
      <ele>1177</ele>
      <time>2026-05-07T09:44:51Z</time>
    </trkpt>
    <trkpt lat="49.229275" lon="20.082742">
      <ele>1177</ele>
      <time>2026-05-07T09:45:06Z</time>
    </trkpt>
    <trkpt lat="49.229226" lon="20.082655">
      <ele>1177</ele>
      <time>2026-05-07T09:45:18Z</time>
    </trkpt>
    <trkpt lat="49.229214" lon="20.082561">
      <ele>1177</ele>
      <time>2026-05-07T09:45:28Z</time>
    </trkpt>
    <trkpt lat="49.229186" lon="20.082459">
      <ele>1177</ele>
      <time>2026-05-07T09:45:40Z</time>
    </trkpt>
    <trkpt lat="49.229136" lon="20.082412">
      <ele>1178</ele>
      <time>2026-05-07T09:45:49Z</time>
    </trkpt>
    <trkpt lat="49.229008" lon="20.082367">
      <ele>1179</ele>
      <time>2026-05-07T09:46:10Z</time>
    </trkpt>
    <trkpt lat="49.228836" lon="20.082331">
      <ele>1180</ele>
      <time>2026-05-07T09:46:38Z</time>
    </trkpt>
    <trkpt lat="49.228583" lon="20.082301">
      <ele>1186</ele>
      <time>2026-05-07T09:47:20Z</time>
    </trkpt>
    <trkpt lat="49.22846" lon="20.082179">
      <ele>1189</ele>
      <time>2026-05-07T09:47:44Z</time>
    </trkpt>
    <trkpt lat="49.228371" lon="20.08204">
      <ele>1190</ele>
      <time>2026-05-07T09:48:05Z</time>
    </trkpt>
    <trkpt lat="49.22833" lon="20.081931">
      <ele>1190</ele>
      <time>2026-05-07T09:48:18Z</time>
    </trkpt>
    <trkpt lat="49.228347" lon="20.08186">
      <ele>1190</ele>
      <time>2026-05-07T09:48:26Z</time>
    </trkpt>
    <trkpt lat="49.228463" lon="20.081807">
      <ele>1189</ele>
      <time>2026-05-07T09:48:45Z</time>
    </trkpt>
    <trkpt lat="49.228548" lon="20.081755">
      <ele>1188</ele>
      <time>2026-05-07T09:49:00Z</time>
    </trkpt>
    <trkpt lat="49.228576" lon="20.081676">
      <ele>1189</ele>
      <time>2026-05-07T09:49:10Z</time>
    </trkpt>
    <trkpt lat="49.228545" lon="20.081619">
      <ele>1190</ele>
      <time>2026-05-07T09:49:17Z</time>
    </trkpt>
    <trkpt lat="49.22851" lon="20.081557">
      <ele>1190</ele>
      <time>2026-05-07T09:49:26Z</time>
    </trkpt>
    <trkpt lat="49.228463" lon="20.081455">
      <ele>1191</ele>
      <time>2026-05-07T09:49:39Z</time>
    </trkpt>
    <trkpt lat="49.228432" lon="20.081178">
      <ele>1195</ele>
      <time>2026-05-07T09:50:09Z</time>
    </trkpt>
    <trkpt lat="49.228397" lon="20.080993">
      <ele>1197</ele>
      <time>2026-05-07T09:50:30Z</time>
    </trkpt>
    <trkpt lat="49.228322" lon="20.080922">
      <ele>1198</ele>
      <time>2026-05-07T09:50:44Z</time>
    </trkpt>
    <trkpt lat="49.228025" lon="20.080848">
      <ele>1201</ele>
      <time>2026-05-07T09:51:33Z</time>
    </trkpt>
    <trkpt lat="49.22796" lon="20.080802">
      <ele>1202</ele>
      <time>2026-05-07T09:51:44Z</time>
    </trkpt>
    <trkpt lat="49.227899" lon="20.080716">
      <ele>1202</ele>
      <time>2026-05-07T09:51:58Z</time>
    </trkpt>
    <trkpt lat="49.22783" lon="20.080539">
      <ele>1203</ele>
      <time>2026-05-07T09:52:19Z</time>
    </trkpt>
    <trkpt lat="49.227637" lon="20.08014">
      <ele>1210</ele>
      <time>2026-05-07T09:53:12Z</time>
    </trkpt>
    <trkpt lat="49.227582" lon="20.079851">
      <ele>1216</ele>
      <time>2026-05-07T09:53:45Z</time>
    </trkpt>
    <trkpt lat="49.227536" lon="20.079542">
      <ele>1221</ele>
      <time>2026-05-07T09:54:20Z</time>
    </trkpt>
    <trkpt lat="49.227406" lon="20.079292">
      <ele>1224</ele>
      <time>2026-05-07T09:54:53Z</time>
    </trkpt>
    <trkpt lat="49.227286" lon="20.078933">
      <ele>1230</ele>
      <time>2026-05-07T09:55:37Z</time>
    </trkpt>
    <trkpt lat="49.227285" lon="20.0788">
      <ele>1232</ele>
      <time>2026-05-07T09:55:51Z</time>
    </trkpt>
    <trkpt lat="49.227252" lon="20.078516">
      <ele>1235</ele>
      <time>2026-05-07T09:56:22Z</time>
    </trkpt>
    <trkpt lat="49.227263" lon="20.078336">
      <ele>1237</ele>
      <time>2026-05-07T09:56:41Z</time>
    </trkpt>
    <trkpt lat="49.227192" lon="20.078202">
      <ele>1237</ele>
      <time>2026-05-07T09:56:59Z</time>
    </trkpt>
    <trkpt lat="49.227066" lon="20.078037">
      <ele>1236</ele>
      <time>2026-05-07T09:57:26Z</time>
    </trkpt>
    <trkpt lat="49.226852" lon="20.077969">
      <ele>1230</ele>
      <time>2026-05-07T09:58:02Z</time>
    </trkpt>
    <trkpt lat="49.226689" lon="20.077897">
      <ele>1227</ele>
      <time>2026-05-07T09:58:30Z</time>
    </trkpt>
    <trkpt lat="49.226638" lon="20.077794">
      <ele>1226</ele>
      <time>2026-05-07T09:58:43Z</time>
    </trkpt>
    <trkpt lat="49.226627" lon="20.077683">
      <ele>1227</ele>
      <time>2026-05-07T09:58:55Z</time>
    </trkpt>
    <trkpt lat="49.226597" lon="20.077608">
      <ele>1227</ele>
      <time>2026-05-07T09:59:04Z</time>
    </trkpt>
    <trkpt lat="49.226466" lon="20.077397">
      <ele>1228</ele>
      <time>2026-05-07T09:59:35Z</time>
    </trkpt>
    <trkpt lat="49.226352" lon="20.077184">
      <ele>1229</ele>
      <time>2026-05-07T10:00:04Z</time>
    </trkpt>
    <trkpt lat="49.226202" lon="20.077125">
      <ele>1227</ele>
      <time>2026-05-07T10:00:29Z</time>
    </trkpt>
    <trkpt lat="49.226056" lon="20.076978">
      <ele>1227</ele>
      <time>2026-05-07T10:00:57Z</time>
    </trkpt>
    <trkpt lat="49.225931" lon="20.076714">
      <ele>1228</ele>
      <time>2026-05-07T10:01:32Z</time>
    </trkpt>
    <trkpt lat="49.225906" lon="20.076522">
      <ele>1231</ele>
      <time>2026-05-07T10:01:53Z</time>
    </trkpt>
    <trkpt lat="49.22589" lon="20.076353">
      <ele>1233</ele>
      <time>2026-05-07T10:02:11Z</time>
    </trkpt>
    <trkpt lat="49.225896" lon="20.076195">
      <ele>1235</ele>
      <time>2026-05-07T10:02:28Z</time>
    </trkpt>
    <trkpt lat="49.226013" lon="20.07594">
      <ele>1242</ele>
      <time>2026-05-07T10:03:02Z</time>
    </trkpt>
    <trkpt lat="49.226006" lon="20.07583">
      <ele>1244</ele>
      <time>2026-05-07T10:03:14Z</time>
    </trkpt>
    <trkpt lat="49.225948" lon="20.075673">
      <ele>1245</ele>
      <time>2026-05-07T10:03:33Z</time>
    </trkpt>
    <trkpt lat="49.225852" lon="20.075366">
      <ele>1248</ele>
      <time>2026-05-07T10:04:09Z</time>
    </trkpt>
    <trkpt lat="49.225862" lon="20.075026">
      <ele>1254</ele>
      <time>2026-05-07T10:04:46Z</time>
    </trkpt>
    <trkpt lat="49.225855" lon="20.074762">
      <ele>1260</ele>
      <time>2026-05-07T10:05:15Z</time>
    </trkpt>
    <trkpt lat="49.22583" lon="20.074633">
      <ele>1261</ele>
      <time>2026-05-07T10:05:29Z</time>
    </trkpt>
    <trkpt lat="49.225812" lon="20.07443">
      <ele>1264</ele>
      <time>2026-05-07T10:05:51Z</time>
    </trkpt>
    <trkpt lat="49.225743" lon="20.074175">
      <ele>1265</ele>
      <time>2026-05-07T10:06:20Z</time>
    </trkpt>
    <trkpt lat="49.225726" lon="20.074015">
      <ele>1266</ele>
      <time>2026-05-07T10:06:37Z</time>
    </trkpt>
    <trkpt lat="49.225719" lon="20.073723">
      <ele>1271</ele>
      <time>2026-05-07T10:07:09Z</time>
    </trkpt>
    <trkpt lat="49.225705" lon="20.073585">
      <ele>1273</ele>
      <time>2026-05-07T10:07:24Z</time>
    </trkpt>
    <trkpt lat="49.225679" lon="20.073514">
      <ele>1274</ele>
      <time>2026-05-07T10:07:33Z</time>
    </trkpt>
    <trkpt lat="49.225579" lon="20.073447">
      <ele>1273</ele>
      <time>2026-05-07T10:07:50Z</time>
    </trkpt>
    <trkpt lat="49.225538" lon="20.073379">
      <ele>1273</ele>
      <time>2026-05-07T10:08:00Z</time>
    </trkpt>
    <trkpt lat="49.22545" lon="20.073106">
      <ele>1271</ele>
      <time>2026-05-07T10:08:32Z</time>
    </trkpt>
    <trkpt lat="49.225383" lon="20.07286">
      <ele>1269</ele>
      <time>2026-05-07T10:09:00Z</time>
    </trkpt>
    <trkpt lat="49.225335" lon="20.072621">
      <ele>1267</ele>
      <time>2026-05-07T10:09:27Z</time>
    </trkpt>
    <trkpt lat="49.225239" lon="20.072391">
      <ele>1267</ele>
      <time>2026-05-07T10:09:55Z</time>
    </trkpt>
    <trkpt lat="49.225097" lon="20.072154">
      <ele>1269</ele>
      <time>2026-05-07T10:10:29Z</time>
    </trkpt>
    <trkpt lat="49.224936" lon="20.072053">
      <ele>1267</ele>
      <time>2026-05-07T10:10:57Z</time>
    </trkpt>
    <trkpt lat="49.224737" lon="20.071918">
      <ele>1263</ele>
      <time>2026-05-07T10:11:33Z</time>
    </trkpt>
    <trkpt lat="49.224677" lon="20.07188">
      <ele>1262</ele>
      <time>2026-05-07T10:11:43Z</time>
    </trkpt>
    <trkpt lat="49.224632" lon="20.071825">
      <ele>1261</ele>
      <time>2026-05-07T10:11:53Z</time>
    </trkpt>
    <trkpt lat="49.224607" lon="20.071641">
      <ele>1262</ele>
      <time>2026-05-07T10:12:13Z</time>
    </trkpt>
    <trkpt lat="49.224606" lon="20.071528">
      <ele>1265</ele>
      <time>2026-05-07T10:12:25Z</time>
    </trkpt>
    <trkpt lat="49.224628" lon="20.071423">
      <ele>1267</ele>
      <time>2026-05-07T10:12:37Z</time>
    </trkpt>
    <trkpt lat="49.224575" lon="20.070964">
      <ele>1272</ele>
      <time>2026-05-07T10:13:27Z</time>
    </trkpt>
    <trkpt lat="49.224531" lon="20.070694">
      <ele>1271</ele>
      <time>2026-05-07T10:13:56Z</time>
    </trkpt>
    <trkpt lat="49.22445" lon="20.070394">
      <ele>1270</ele>
      <time>2026-05-07T10:14:30Z</time>
    </trkpt>
    <trkpt lat="49.224234" lon="20.070073">
      <ele>1270</ele>
      <time>2026-05-07T10:15:18Z</time>
    </trkpt>
    <trkpt lat="49.224154" lon="20.069858">
      <ele>1269</ele>
      <time>2026-05-07T10:15:45Z</time>
    </trkpt>
    <trkpt lat="49.224096" lon="20.069555">
      <ele>1272</ele>
      <time>2026-05-07T10:16:18Z</time>
    </trkpt>
    <trkpt lat="49.224071" lon="20.069179">
      <ele>1279</ele>
      <time>2026-05-07T10:16:59Z</time>
    </trkpt>
    <trkpt lat="49.223986" lon="20.069008">
      <ele>1279</ele>
      <time>2026-05-07T10:17:22Z</time>
    </trkpt>
    <trkpt lat="49.223937" lon="20.068808">
      <ele>1282</ele>
      <time>2026-05-07T10:17:44Z</time>
    </trkpt>
    <trkpt lat="49.223888" lon="20.068722">
      <ele>1284</ele>
      <time>2026-05-07T10:17:57Z</time>
    </trkpt>
    <trkpt lat="49.223907" lon="20.068634">
      <ele>1287</ele>
      <time>2026-05-07T10:18:07Z</time>
    </trkpt>
    <trkpt lat="49.223928" lon="20.068575">
      <ele>1289</ele>
      <time>2026-05-07T10:18:15Z</time>
    </trkpt>
    <trkpt lat="49.223953" lon="20.0685">
      <ele>1291</ele>
      <time>2026-05-07T10:18:24Z</time>
    </trkpt>
    <trkpt lat="49.223962" lon="20.068408">
      <ele>1294</ele>
      <time>2026-05-07T10:18:35Z</time>
    </trkpt>
    <trkpt lat="49.223939" lon="20.068282">
      <ele>1296</ele>
      <time>2026-05-07T10:18:49Z</time>
    </trkpt>
    <trkpt lat="49.223896" lon="20.06824">
      <ele>1296</ele>
      <time>2026-05-07T10:18:57Z</time>
    </trkpt>
    <trkpt lat="49.223632" lon="20.067829">
      <ele>1289</ele>
      <time>2026-05-07T10:19:59Z</time>
    </trkpt>
    <trkpt lat="49.223512" lon="20.067775">
      <ele>1287</ele>
      <time>2026-05-07T10:20:19Z</time>
    </trkpt>
    <trkpt lat="49.223417" lon="20.067687">
      <ele>1286</ele>
      <time>2026-05-07T10:20:37Z</time>
    </trkpt>
    <trkpt lat="49.223309" lon="20.067687">
      <ele>1285</ele>
      <time>2026-05-07T10:20:54Z</time>
    </trkpt>
    <trkpt lat="49.22316" lon="20.067669">
      <ele>1283</ele>
      <time>2026-05-07T10:21:19Z</time>
    </trkpt>
    <trkpt lat="49.223095" lon="20.067477">
      <ele>1285</ele>
      <time>2026-05-07T10:21:41Z</time>
    </trkpt>
    <trkpt lat="49.222973" lon="20.06715">
      <ele>1285</ele>
      <time>2026-05-07T10:22:21Z</time>
    </trkpt>
    <trkpt lat="49.222866" lon="20.066856">
      <ele>1284</ele>
      <time>2026-05-07T10:22:56Z</time>
    </trkpt>
    <trkpt lat="49.2227" lon="20.066519">
      <ele>1284</ele>
      <time>2026-05-07T10:23:41Z</time>
    </trkpt>
    <trkpt lat="49.222597" lon="20.06616">
      <ele>1287</ele>
      <time>2026-05-07T10:24:22Z</time>
    </trkpt>
    <trkpt lat="49.222578" lon="20.065952">
      <ele>1290</ele>
      <time>2026-05-07T10:24:45Z</time>
    </trkpt>
    <trkpt lat="49.222452" lon="20.065584">
      <ele>1292</ele>
      <time>2026-05-07T10:25:29Z</time>
    </trkpt>
    <trkpt lat="49.22235" lon="20.065439">
      <ele>1293</ele>
      <time>2026-05-07T10:25:51Z</time>
    </trkpt>
    <trkpt lat="49.222276" lon="20.06522">
      <ele>1294</ele>
      <time>2026-05-07T10:26:17Z</time>
    </trkpt>
    <trkpt lat="49.222218" lon="20.064897">
      <ele>1295</ele>
      <time>2026-05-07T10:26:52Z</time>
    </trkpt>
    <trkpt lat="49.222203" lon="20.064633">
      <ele>1297</ele>
      <time>2026-05-07T10:27:20Z</time>
    </trkpt>
    <trkpt lat="49.222137" lon="20.064308">
      <ele>1299</ele>
      <time>2026-05-07T10:27:56Z</time>
    </trkpt>
    <trkpt lat="49.222107" lon="20.064117">
      <ele>1299</ele>
      <time>2026-05-07T10:28:17Z</time>
    </trkpt>
    <trkpt lat="49.222101" lon="20.063932">
      <ele>1300</ele>
      <time>2026-05-07T10:28:36Z</time>
    </trkpt>
    <trkpt lat="49.222061" lon="20.06376">
      <ele>1301</ele>
      <time>2026-05-07T10:28:56Z</time>
    </trkpt>
    <trkpt lat="49.221992" lon="20.063593">
      <ele>1302</ele>
      <time>2026-05-07T10:29:17Z</time>
    </trkpt>
    <trkpt lat="49.221904" lon="20.063187">
      <ele>1303</ele>
      <time>2026-05-07T10:30:02Z</time>
    </trkpt>
    <trkpt lat="49.221826" lon="20.062868">
      <ele>1305</ele>
      <time>2026-05-07T10:30:37Z</time>
    </trkpt>
    <trkpt lat="49.221737" lon="20.062713">
      <ele>1305</ele>
      <time>2026-05-07T10:30:59Z</time>
    </trkpt>
    <trkpt lat="49.221581" lon="20.062643">
      <ele>1305</ele>
      <time>2026-05-07T10:31:25Z</time>
    </trkpt>
    <trkpt lat="49.221448" lon="20.062454">
      <ele>1308</ele>
      <time>2026-05-07T10:31:55Z</time>
    </trkpt>
    <trkpt lat="49.221301" lon="20.062472">
      <ele>1309</ele>
      <time>2026-05-07T10:32:19Z</time>
    </trkpt>
    <trkpt lat="49.221234" lon="20.062541">
      <ele>1310</ele>
      <time>2026-05-07T10:32:32Z</time>
    </trkpt>
    <trkpt lat="49.221162" lon="20.062615">
      <ele>1311</ele>
      <time>2026-05-07T10:32:46Z</time>
    </trkpt>
    <trkpt lat="49.221076" lon="20.062783">
      <ele>1312</ele>
      <time>2026-05-07T10:33:08Z</time>
    </trkpt>
    <trkpt lat="49.221038" lon="20.06302">
      <ele>1316</ele>
      <time>2026-05-07T10:33:35Z</time>
    </trkpt>
    <trkpt lat="49.220997" lon="20.063088">
      <ele>1319</ele>
      <time>2026-05-07T10:33:45Z</time>
    </trkpt>
    <trkpt lat="49.220917" lon="20.06315">
      <ele>1322</ele>
      <time>2026-05-07T10:34:00Z</time>
    </trkpt>
    <trkpt lat="49.220821" lon="20.06311">
      <ele>1327</ele>
      <time>2026-05-07T10:34:18Z</time>
    </trkpt>
    <trkpt lat="49.220754" lon="20.063049">
      <ele>1330</ele>
      <time>2026-05-07T10:34:31Z</time>
    </trkpt>
    <trkpt lat="49.220736" lon="20.062936">
      <ele>1330</ele>
      <time>2026-05-07T10:34:43Z</time>
    </trkpt>
    <trkpt lat="49.220709" lon="20.062705">
      <ele>1329</ele>
      <time>2026-05-07T10:35:08Z</time>
    </trkpt>
    <trkpt lat="49.220703" lon="20.062461">
      <ele>1329</ele>
      <time>2026-05-07T10:35:34Z</time>
    </trkpt>
    <trkpt lat="49.220625" lon="20.062205">
      <ele>1332</ele>
      <time>2026-05-07T10:36:04Z</time>
    </trkpt>
    <trkpt lat="49.22055" lon="20.0619">
      <ele>1333</ele>
      <time>2026-05-07T10:36:38Z</time>
    </trkpt>
    <trkpt lat="49.220449" lon="20.061633">
      <ele>1335</ele>
      <time>2026-05-07T10:37:10Z</time>
    </trkpt>
    <trkpt lat="49.220354" lon="20.06138">
      <ele>1333</ele>
      <time>2026-05-07T10:37:41Z</time>
    </trkpt>
    <trkpt lat="49.220267" lon="20.060976">
      <ele>1333</ele>
      <time>2026-05-07T10:38:26Z</time>
    </trkpt>
    <trkpt lat="49.220201" lon="20.060827">
      <ele>1337</ele>
      <time>2026-05-07T10:38:46Z</time>
    </trkpt>
    <trkpt lat="49.220137" lon="20.060644">
      <ele>1340</ele>
      <time>2026-05-07T10:39:08Z</time>
    </trkpt>
    <trkpt lat="49.220088" lon="20.060455">
      <ele>1343</ele>
      <time>2026-05-07T10:39:30Z</time>
    </trkpt>
    <trkpt lat="49.220071" lon="20.060197">
      <ele>1343</ele>
      <time>2026-05-07T10:39:57Z</time>
    </trkpt>
    <trkpt lat="49.220037" lon="20.059904">
      <ele>1344</ele>
      <time>2026-05-07T10:40:29Z</time>
    </trkpt>
    <trkpt lat="49.220055" lon="20.059645">
      <ele>1344</ele>
      <time>2026-05-07T10:40:56Z</time>
    </trkpt>
    <trkpt lat="49.22005" lon="20.059351">
      <ele>1347</ele>
      <time>2026-05-07T10:41:27Z</time>
    </trkpt>
    <trkpt lat="49.220068" lon="20.058957">
      <ele>1348</ele>
      <time>2026-05-07T10:42:09Z</time>
    </trkpt>
    <trkpt lat="49.220093" lon="20.058787">
      <ele>1347</ele>
      <time>2026-05-07T10:42:27Z</time>
    </trkpt>
    <trkpt lat="49.220157" lon="20.058583">
      <ele>1346</ele>
      <time>2026-05-07T10:42:51Z</time>
    </trkpt>
    <trkpt lat="49.220116" lon="20.058234">
      <ele>1350</ele>
      <time>2026-05-07T10:43:29Z</time>
    </trkpt>
    <trkpt lat="49.220029" lon="20.058055">
      <ele>1353</ele>
      <time>2026-05-07T10:43:53Z</time>
    </trkpt>
    <trkpt lat="49.219966" lon="20.05768">
      <ele>1358</ele>
      <time>2026-05-07T10:44:34Z</time>
    </trkpt>
    <trkpt lat="49.21995" lon="20.057441">
      <ele>1359</ele>
      <time>2026-05-07T10:44:59Z</time>
    </trkpt>
    <trkpt lat="49.219904" lon="20.057305">
      <ele>1360</ele>
      <time>2026-05-07T10:45:15Z</time>
    </trkpt>
    <trkpt lat="49.219846" lon="20.057093">
      <ele>1361</ele>
      <time>2026-05-07T10:45:40Z</time>
    </trkpt>
    <trkpt lat="49.219834" lon="20.05691">
      <ele>1362</ele>
      <time>2026-05-07T10:45:59Z</time>
    </trkpt>
    <trkpt lat="49.219776" lon="20.056753">
      <ele>1362</ele>
      <time>2026-05-07T10:46:18Z</time>
    </trkpt>
    <trkpt lat="49.219744" lon="20.056557">
      <ele>1363</ele>
      <time>2026-05-07T10:46:39Z</time>
    </trkpt>
    <trkpt lat="49.219717" lon="20.056446">
      <ele>1364</ele>
      <time>2026-05-07T10:46:52Z</time>
    </trkpt>
    <trkpt lat="49.219691" lon="20.056334">
      <ele>1364</ele>
      <time>2026-05-07T10:47:04Z</time>
    </trkpt>
    <trkpt lat="49.219591" lon="20.056182">
      <ele>1364</ele>
      <time>2026-05-07T10:47:27Z</time>
    </trkpt>
    <trkpt lat="49.219528" lon="20.056042">
      <ele>1363</ele>
      <time>2026-05-07T10:47:45Z</time>
    </trkpt>
    <trkpt lat="49.219461" lon="20.055914">
      <ele>1361</ele>
      <time>2026-05-07T10:48:02Z</time>
    </trkpt>
    <trkpt lat="49.219432" lon="20.055808">
      <ele>1361</ele>
      <time>2026-05-07T10:48:14Z</time>
    </trkpt>
    <trkpt lat="49.219395" lon="20.055766">
      <ele>1362</ele>
      <time>2026-05-07T10:48:22Z</time>
    </trkpt>
    <trkpt lat="49.21931" lon="20.055703">
      <ele>1365</ele>
      <time>2026-05-07T10:48:38Z</time>
    </trkpt>
    <trkpt lat="49.219266" lon="20.05561">
      <ele>1367</ele>
      <time>2026-05-07T10:48:50Z</time>
    </trkpt>
    <trkpt lat="49.219223" lon="20.05555">
      <ele>1369</ele>
      <time>2026-05-07T10:49:00Z</time>
    </trkpt>
    <trkpt lat="49.219211" lon="20.055448">
      <ele>1369</ele>
      <time>2026-05-07T10:49:11Z</time>
    </trkpt>
    <trkpt lat="49.219243" lon="20.055361">
      <ele>1368</ele>
      <time>2026-05-07T10:49:21Z</time>
    </trkpt>
    <trkpt lat="49.219258" lon="20.055058">
      <ele>1374</ele>
      <time>2026-05-07T10:49:54Z</time>
    </trkpt>
    <trkpt lat="49.219296" lon="20.054838">
      <ele>1376</ele>
      <time>2026-05-07T10:50:19Z</time>
    </trkpt>
    <trkpt lat="49.219285" lon="20.054713">
      <ele>1379</ele>
      <time>2026-05-07T10:50:32Z</time>
    </trkpt>
    <trkpt lat="49.219323" lon="20.054554">
      <ele>1379</ele>
      <time>2026-05-07T10:50:50Z</time>
    </trkpt>
    <trkpt lat="49.219336" lon="20.054377">
      <ele>1380</ele>
      <time>2026-05-07T10:51:09Z</time>
    </trkpt>
    <trkpt lat="49.219306" lon="20.05419">
      <ele>1382</ele>
      <time>2026-05-07T10:51:29Z</time>
    </trkpt>
    <trkpt lat="49.219272" lon="20.054018">
      <ele>1385</ele>
      <time>2026-05-07T10:51:49Z</time>
    </trkpt>
    <trkpt lat="49.219193" lon="20.053748">
      <ele>1387</ele>
      <time>2026-05-07T10:52:20Z</time>
    </trkpt>
    <trkpt lat="49.219147" lon="20.053477">
      <ele>1388</ele>
      <time>2026-05-07T10:52:50Z</time>
    </trkpt>
    <trkpt lat="49.219137" lon="20.053335">
      <ele>1389</ele>
      <time>2026-05-07T10:53:05Z</time>
    </trkpt>
    <trkpt lat="49.219146" lon="20.053164">
      <ele>1391</ele>
      <time>2026-05-07T10:53:23Z</time>
    </trkpt>
    <trkpt lat="49.219116" lon="20.052991">
      <ele>1394</ele>
      <time>2026-05-07T10:53:42Z</time>
    </trkpt>
    <trkpt lat="49.219081" lon="20.052899">
      <ele>1395</ele>
      <time>2026-05-07T10:53:54Z</time>
    </trkpt>
    <trkpt lat="49.218886" lon="20.052498">
      <ele>1401</ele>
      <time>2026-05-07T10:54:47Z</time>
    </trkpt>
    <trkpt lat="49.21883" lon="20.052378">
      <ele>1402</ele>
      <time>2026-05-07T10:55:02Z</time>
    </trkpt>
    <trkpt lat="49.21878" lon="20.052153">
      <ele>1404</ele>
      <time>2026-05-07T10:55:28Z</time>
    </trkpt>
    <trkpt lat="49.218761" lon="20.052033">
      <ele>1404</ele>
      <time>2026-05-07T10:55:41Z</time>
    </trkpt>
    <trkpt lat="49.218734" lon="20.051966">
      <ele>1404</ele>
      <time>2026-05-07T10:55:49Z</time>
    </trkpt>
    <trkpt lat="49.218689" lon="20.051911">
      <ele>1405</ele>
      <time>2026-05-07T10:55:58Z</time>
    </trkpt>
    <trkpt lat="49.218662" lon="20.051791">
      <ele>1406</ele>
      <time>2026-05-07T10:56:12Z</time>
    </trkpt>
    <trkpt lat="49.218615" lon="20.051731">
      <ele>1407</ele>
      <time>2026-05-07T10:56:22Z</time>
    </trkpt>
    <trkpt lat="49.218548" lon="20.051706">
      <ele>1408</ele>
      <time>2026-05-07T10:56:33Z</time>
    </trkpt>
    <trkpt lat="49.218513" lon="20.051676">
      <ele>1408</ele>
      <time>2026-05-07T10:56:39Z</time>
    </trkpt>
    <trkpt lat="49.2185" lon="20.051576">
      <ele>1410</ele>
      <time>2026-05-07T10:56:50Z</time>
    </trkpt>
    <trkpt lat="49.218466" lon="20.051492">
      <ele>1412</ele>
      <time>2026-05-07T10:57:01Z</time>
    </trkpt>
    <trkpt lat="49.218368" lon="20.05143">
      <ele>1416</ele>
      <time>2026-05-07T10:57:19Z</time>
    </trkpt>
    <trkpt lat="49.218202" lon="20.051161">
      <ele>1435</ele>
      <time>2026-05-07T10:58:07Z</time>
    </trkpt>
    <trkpt lat="49.218189" lon="20.051244">
      <ele>1431</ele>
      <time>2026-05-07T10:58:24Z</time>
    </trkpt>
    <trkpt lat="49.218181" lon="20.051305">
      <ele>1429</ele>
      <time>2026-05-07T10:58:37Z</time>
    </trkpt>
    <trkpt lat="49.218139" lon="20.051363">
      <ele>1427</ele>
      <time>2026-05-07T10:58:53Z</time>
    </trkpt>
    <trkpt lat="49.218116" lon="20.051414">
      <ele>1426</ele>
      <time>2026-05-07T10:59:04Z</time>
    </trkpt>
    <trkpt lat="49.218062" lon="20.051398">
      <ele>1427</ele>
      <time>2026-05-07T10:59:20Z</time>
    </trkpt>
    <trkpt lat="49.217997" lon="20.051387">
      <ele>1430</ele>
      <time>2026-05-07T10:59:38Z</time>
    </trkpt>
    <trkpt lat="49.21792" lon="20.051334">
      <ele>1433</ele>
      <time>2026-05-07T11:00:02Z</time>
    </trkpt>
    <trkpt lat="49.217865" lon="20.051316">
      <ele>1436</ele>
      <time>2026-05-07T11:00:19Z</time>
    </trkpt>
    <trkpt lat="49.217829" lon="20.051336">
      <ele>1437</ele>
      <time>2026-05-07T11:00:30Z</time>
    </trkpt>
    <trkpt lat="49.217799" lon="20.051378">
      <ele>1439</ele>
      <time>2026-05-07T11:00:42Z</time>
    </trkpt>
    <trkpt lat="49.217767" lon="20.051339">
      <ele>1441</ele>
      <time>2026-05-07T11:00:54Z</time>
    </trkpt>
    <trkpt lat="49.217743" lon="20.051352">
      <ele>1443</ele>
      <time>2026-05-07T11:01:03Z</time>
    </trkpt>
    <trkpt lat="49.217729" lon="20.051382">
      <ele>1445</ele>
      <time>2026-05-07T11:01:10Z</time>
    </trkpt>
    <trkpt lat="49.217677" lon="20.051342">
      <ele>1450</ele>
      <time>2026-05-07T11:01:30Z</time>
    </trkpt>
    <trkpt lat="49.217645" lon="20.051313">
      <ele>1452</ele>
      <time>2026-05-07T11:01:42Z</time>
    </trkpt>
    <trkpt lat="49.217595" lon="20.051321">
      <ele>1457</ele>
      <time>2026-05-07T11:02:00Z</time>
    </trkpt>
    <trkpt lat="49.217581" lon="20.051356">
      <ele>1459</ele>
      <time>2026-05-07T11:02:09Z</time>
    </trkpt>
    <trkpt lat="49.217517" lon="20.051367">
      <ele>1466</ele>
      <time>2026-05-07T11:02:32Z</time>
    </trkpt>
    <trkpt lat="49.217479" lon="20.051378">
      <ele>1469</ele>
      <time>2026-05-07T11:02:45Z</time>
    </trkpt>
    <trkpt lat="49.21745" lon="20.051359">
      <ele>1470</ele>
      <time>2026-05-07T11:02:55Z</time>
    </trkpt>
    <trkpt lat="49.217412" lon="20.051286">
      <ele>1470</ele>
      <time>2026-05-07T11:03:11Z</time>
    </trkpt>
    <trkpt lat="49.21739" lon="20.051243">
      <ele>1470</ele>
      <time>2026-05-07T11:03:21Z</time>
    </trkpt>
    <trkpt lat="49.217356" lon="20.051207">
      <ele>1471</ele>
      <time>2026-05-07T11:03:32Z</time>
    </trkpt>
    <trkpt lat="49.21732" lon="20.051207">
      <ele>1473</ele>
      <time>2026-05-07T11:03:43Z</time>
    </trkpt>
    <trkpt lat="49.217246" lon="20.051115">
      <ele>1474</ele>
      <time>2026-05-07T11:04:09Z</time>
    </trkpt>
    <trkpt lat="49.217218" lon="20.051098">
      <ele>1475</ele>
      <time>2026-05-07T11:04:18Z</time>
    </trkpt>
    <trkpt lat="49.217163" lon="20.051163">
      <ele>1479</ele>
      <time>2026-05-07T11:04:39Z</time>
    </trkpt>
    <trkpt lat="49.21716" lon="20.051229">
      <ele>1482</ele>
      <time>2026-05-07T11:04:53Z</time>
    </trkpt>
    <trkpt lat="49.21714" lon="20.05124">
      <ele>1483</ele>
      <time>2026-05-07T11:04:59Z</time>
    </trkpt>
    <trkpt lat="49.217116" lon="20.05122">
      <ele>1483</ele>
      <time>2026-05-07T11:05:07Z</time>
    </trkpt>
    <trkpt lat="49.217053" lon="20.051117">
      <ele>1482</ele>
      <time>2026-05-07T11:05:32Z</time>
    </trkpt>
    <trkpt lat="49.21704" lon="20.051119">
      <ele>1482</ele>
      <time>2026-05-07T11:05:36Z</time>
    </trkpt>
    <trkpt lat="49.217035" lon="20.051168">
      <ele>1484</ele>
      <time>2026-05-07T11:05:46Z</time>
    </trkpt>
    <trkpt lat="49.217027" lon="20.051317">
      <ele>1490</ele>
      <time>2026-05-07T11:06:16Z</time>
    </trkpt>
    <trkpt lat="49.217029" lon="20.051376">
      <ele>1492</ele>
      <time>2026-05-07T11:06:27Z</time>
    </trkpt>
    <trkpt lat="49.217026" lon="20.051398">
      <ele>1493</ele>
      <time>2026-05-07T11:06:32Z</time>
    </trkpt>
    <trkpt lat="49.217007" lon="20.051398">
      <ele>1494</ele>
      <time>2026-05-07T11:06:37Z</time>
    </trkpt>
    <trkpt lat="49.216977" lon="20.05134">
      <ele>1493</ele>
      <time>2026-05-07T11:06:51Z</time>
    </trkpt>
    <trkpt lat="49.216954" lon="20.051312">
      <ele>1493</ele>
      <time>2026-05-07T11:06:59Z</time>
    </trkpt>
    <trkpt lat="49.21693" lon="20.051316">
      <ele>1494</ele>
      <time>2026-05-07T11:07:06Z</time>
    </trkpt>
    <trkpt lat="49.216925" lon="20.051356">
      <ele>1496</ele>
      <time>2026-05-07T11:07:14Z</time>
    </trkpt>
    <trkpt lat="49.216931" lon="20.05142">
      <ele>1498</ele>
      <time>2026-05-07T11:07:27Z</time>
    </trkpt>
    <trkpt lat="49.216926" lon="20.051479">
      <ele>1500</ele>
      <time>2026-05-07T11:07:38Z</time>
    </trkpt>
    <trkpt lat="49.216912" lon="20.051488">
      <ele>1501</ele>
      <time>2026-05-07T11:07:43Z</time>
    </trkpt>
    <trkpt lat="49.216886" lon="20.051447">
      <ele>1501</ele>
      <time>2026-05-07T11:07:53Z</time>
    </trkpt>
    <trkpt lat="49.216858" lon="20.051417">
      <ele>1502</ele>
      <time>2026-05-07T11:08:03Z</time>
    </trkpt>
    <trkpt lat="49.216849" lon="20.051425">
      <ele>1502</ele>
      <time>2026-05-07T11:08:06Z</time>
    </trkpt>
    <trkpt lat="49.21685" lon="20.051485">
      <ele>1504</ele>
      <time>2026-05-07T11:08:17Z</time>
    </trkpt>
    <trkpt lat="49.216845" lon="20.051516">
      <ele>1505</ele>
      <time>2026-05-07T11:08:24Z</time>
    </trkpt>
    <trkpt lat="49.216829" lon="20.051526">
      <ele>1507</ele>
      <time>2026-05-07T11:08:29Z</time>
    </trkpt>
    <trkpt lat="49.216813" lon="20.051487">
      <ele>1506</ele>
      <time>2026-05-07T11:08:37Z</time>
    </trkpt>
    <trkpt lat="49.216745" lon="20.051404">
      <ele>1508</ele>
      <time>2026-05-07T11:09:01Z</time>
    </trkpt>
    <trkpt lat="49.216642" lon="20.051332">
      <ele>1512</ele>
      <time>2026-05-07T11:09:33Z</time>
    </trkpt>
    <trkpt lat="49.2166" lon="20.051311">
      <ele>1514</ele>
      <time>2026-05-07T11:09:46Z</time>
    </trkpt>
    <trkpt lat="49.216583" lon="20.051316">
      <ele>1515</ele>
      <time>2026-05-07T11:09:52Z</time>
    </trkpt>
    <trkpt lat="49.216573" lon="20.051357">
      <ele>1517</ele>
      <time>2026-05-07T11:10:01Z</time>
    </trkpt>
    <trkpt lat="49.216574" lon="20.051504">
      <ele>1521</ele>
      <time>2026-05-07T11:10:29Z</time>
    </trkpt>
    <trkpt lat="49.21657" lon="20.051543">
      <ele>1522</ele>
      <time>2026-05-07T11:10:36Z</time>
    </trkpt>
    <trkpt lat="49.216553" lon="20.051541">
      <ele>1523</ele>
      <time>2026-05-07T11:10:42Z</time>
    </trkpt>
    <trkpt lat="49.216509" lon="20.051517">
      <ele>1525</ele>
      <time>2026-05-07T11:10:55Z</time>
    </trkpt>
    <trkpt lat="49.216474" lon="20.051482">
      <ele>1526</ele>
      <time>2026-05-07T11:11:07Z</time>
    </trkpt>
    <trkpt lat="49.216456" lon="20.051502">
      <ele>1528</ele>
      <time>2026-05-07T11:11:14Z</time>
    </trkpt>
    <trkpt lat="49.216456" lon="20.051579">
      <ele>1531</ele>
      <time>2026-05-07T11:11:29Z</time>
    </trkpt>
    <trkpt lat="49.216442" lon="20.051644">
      <ele>1534</ele>
      <time>2026-05-07T11:11:43Z</time>
    </trkpt>
    <trkpt lat="49.216441" lon="20.051689">
      <ele>1535</ele>
      <time>2026-05-07T11:11:52Z</time>
    </trkpt>
    <trkpt lat="49.216449" lon="20.051728">
      <ele>1536</ele>
      <time>2026-05-07T11:11:59Z</time>
    </trkpt>
    <trkpt lat="49.216447" lon="20.051751">
      <ele>1537</ele>
      <time>2026-05-07T11:12:04Z</time>
    </trkpt>
    <trkpt lat="49.216427" lon="20.051769">
      <ele>1539</ele>
      <time>2026-05-07T11:12:12Z</time>
    </trkpt>
    <trkpt lat="49.216391" lon="20.051752">
      <ele>1540</ele>
      <time>2026-05-07T11:12:23Z</time>
    </trkpt>
    <trkpt lat="49.216326" lon="20.051688">
      <ele>1543</ele>
      <time>2026-05-07T11:12:45Z</time>
    </trkpt>
    <trkpt lat="49.216279" lon="20.051627">
      <ele>1544</ele>
      <time>2026-05-07T11:13:02Z</time>
    </trkpt>
    <trkpt lat="49.216243" lon="20.051599">
      <ele>1546</ele>
      <time>2026-05-07T11:13:13Z</time>
    </trkpt>
    <trkpt lat="49.216077" lon="20.051529">
      <ele>1555</ele>
      <time>2026-05-07T11:14:06Z</time>
    </trkpt>
    <trkpt lat="49.216035" lon="20.051511">
      <ele>1558</ele>
      <time>2026-05-07T11:14:19Z</time>
    </trkpt>
    <trkpt lat="49.216012" lon="20.051547">
      <ele>1560</ele>
      <time>2026-05-07T11:14:30Z</time>
    </trkpt>
    <trkpt lat="49.216025" lon="20.051608">
      <ele>1561</ele>
      <time>2026-05-07T11:14:41Z</time>
    </trkpt>
    <trkpt lat="49.21607" lon="20.051835">
      <ele>1563</ele>
      <time>2026-05-07T11:15:23Z</time>
    </trkpt>
    <trkpt lat="49.216074" lon="20.051905">
      <ele>1564</ele>
      <time>2026-05-07T11:15:36Z</time>
    </trkpt>
    <trkpt lat="49.216063" lon="20.051985">
      <ele>1566</ele>
      <time>2026-05-07T11:15:51Z</time>
    </trkpt>
    <trkpt lat="49.216052" lon="20.052022">
      <ele>1567</ele>
      <time>2026-05-07T11:15:59Z</time>
    </trkpt>
    <trkpt lat="49.215919" lon="20.051944">
      <ele>1574</ele>
      <time>2026-05-07T11:16:42Z</time>
    </trkpt>
    <trkpt lat="49.215884" lon="20.051941">
      <ele>1576</ele>
      <time>2026-05-07T11:16:53Z</time>
    </trkpt>
    <trkpt lat="49.215876" lon="20.052001">
      <ele>1578</ele>
      <time>2026-05-07T11:17:04Z</time>
    </trkpt>
    <trkpt lat="49.215839" lon="20.052226">
      <ele>1583</ele>
      <time>2026-05-07T11:17:47Z</time>
    </trkpt>
    <trkpt lat="49.215808" lon="20.052281">
      <ele>1585</ele>
      <time>2026-05-07T11:18:00Z</time>
    </trkpt>
    <trkpt lat="49.215762" lon="20.052282">
      <ele>1587</ele>
      <time>2026-05-07T11:18:14Z</time>
    </trkpt>
    <trkpt lat="49.215728" lon="20.05233">
      <ele>1588</ele>
      <time>2026-05-07T11:18:27Z</time>
    </trkpt>
    <trkpt lat="49.215669" lon="20.05238">
      <ele>1591</ele>
      <time>2026-05-07T11:18:46Z</time>
    </trkpt>
    <trkpt lat="49.215658" lon="20.052434">
      <ele>1592</ele>
      <time>2026-05-07T11:18:57Z</time>
    </trkpt>
    <trkpt lat="49.215651" lon="20.052483">
      <ele>1593</ele>
      <time>2026-05-07T11:19:06Z</time>
    </trkpt>
    <trkpt lat="49.215627" lon="20.052519">
      <ele>1594</ele>
      <time>2026-05-07T11:19:15Z</time>
    </trkpt>
    <trkpt lat="49.215626" lon="20.052554">
      <ele>1594</ele>
      <time>2026-05-07T11:19:22Z</time>
    </trkpt>
    <trkpt lat="49.215623" lon="20.052575">
      <ele>1595</ele>
      <time>2026-05-07T11:19:26Z</time>
    </trkpt>
    <trkpt lat="49.215607" lon="20.052568">
      <ele>1595</ele>
      <time>2026-05-07T11:19:30Z</time>
    </trkpt>
    <trkpt lat="49.215597" lon="20.052549">
      <ele>1595</ele>
      <time>2026-05-07T11:19:34Z</time>
    </trkpt>
    <trkpt lat="49.215581" lon="20.052512">
      <ele>1595</ele>
      <time>2026-05-07T11:19:42Z</time>
    </trkpt>
    <trkpt lat="49.215563" lon="20.052514">
      <ele>1596</ele>
      <time>2026-05-07T11:19:47Z</time>
    </trkpt>
    <trkpt lat="49.215566" lon="20.052555">
      <ele>1596</ele>
      <time>2026-05-07T11:19:55Z</time>
    </trkpt>
    <trkpt lat="49.215549" lon="20.052582">
      <ele>1597</ele>
      <time>2026-05-07T11:20:02Z</time>
    </trkpt>
    <trkpt lat="49.215531" lon="20.052572">
      <ele>1598</ele>
      <time>2026-05-07T11:20:08Z</time>
    </trkpt>
    <trkpt lat="49.215523" lon="20.052571">
      <ele>1599</ele>
      <time>2026-05-07T11:20:10Z</time>
    </trkpt>
    <trkpt lat="49.215519" lon="20.052564">
      <ele>1599</ele>
      <time>2026-05-07T11:20:12Z</time>
    </trkpt>
    <trkpt lat="49.215496" lon="20.052534">
      <ele>1600</ele>
      <time>2026-05-07T11:20:20Z</time>
    </trkpt>
    <trkpt lat="49.215481" lon="20.052563">
      <ele>1601</ele>
      <time>2026-05-07T11:20:27Z</time>
    </trkpt>
    <trkpt lat="49.215484" lon="20.052626">
      <ele>1602</ele>
      <time>2026-05-07T11:20:39Z</time>
    </trkpt>
    <trkpt lat="49.215468" lon="20.052735">
      <ele>1604</ele>
      <time>2026-05-07T11:20:59Z</time>
    </trkpt>
    <trkpt lat="49.215462" lon="20.05281">
      <ele>1606</ele>
      <time>2026-05-07T11:21:13Z</time>
    </trkpt>
    <trkpt lat="49.215445" lon="20.05281">
      <ele>1607</ele>
      <time>2026-05-07T11:21:18Z</time>
    </trkpt>
    <trkpt lat="49.215409" lon="20.052747">
      <ele>1608</ele>
      <time>2026-05-07T11:21:33Z</time>
    </trkpt>
    <trkpt lat="49.215377" lon="20.052686">
      <ele>1609</ele>
      <time>2026-05-07T11:21:47Z</time>
    </trkpt>
    <trkpt lat="49.215334" lon="20.052599">
      <ele>1610</ele>
      <time>2026-05-07T11:22:07Z</time>
    </trkpt>
    <trkpt lat="49.215294" lon="20.052526">
      <ele>1611</ele>
      <time>2026-05-07T11:22:24Z</time>
    </trkpt>
    <trkpt lat="49.21527" lon="20.052303">
      <ele>1613</ele>
      <time>2026-05-07T11:23:04Z</time>
    </trkpt>
    <trkpt lat="49.215203" lon="20.052027">
      <ele>1620</ele>
      <time>2026-05-07T11:23:59Z</time>
    </trkpt>
    <trkpt lat="49.215194" lon="20.051978">
      <ele>1622</ele>
      <time>2026-05-07T11:24:09Z</time>
    </trkpt>
    <trkpt lat="49.215191" lon="20.051848">
      <ele>1623</ele>
      <time>2026-05-07T11:24:32Z</time>
    </trkpt>
    <trkpt lat="49.215155" lon="20.051667">
      <ele>1629</ele>
      <time>2026-05-07T11:25:09Z</time>
    </trkpt>
    <trkpt lat="49.215127" lon="20.051572">
      <ele>1632</ele>
      <time>2026-05-07T11:25:29Z</time>
    </trkpt>
    <trkpt lat="49.215117" lon="20.05145">
      <ele>1631</ele>
      <time>2026-05-07T11:25:51Z</time>
    </trkpt>
    <trkpt lat="49.21508" lon="20.051223">
      <ele>1630</ele>
      <time>2026-05-07T11:26:32Z</time>
    </trkpt>
    <trkpt lat="49.214988" lon="20.051002">
      <ele>1631</ele>
      <time>2026-05-07T11:27:19Z</time>
    </trkpt>
    <trkpt lat="49.214948" lon="20.050844">
      <ele>1633</ele>
      <time>2026-05-07T11:27:49Z</time>
    </trkpt>
    <trkpt lat="49.214876" lon="20.05063">
      <ele>1633</ele>
      <time>2026-05-07T11:28:31Z</time>
    </trkpt>
    <trkpt lat="49.214817" lon="20.050529">
      <ele>1636</ele>
      <time>2026-05-07T11:28:56Z</time>
    </trkpt>
    <trkpt lat="49.214815" lon="20.050445">
      <ele>1634</ele>
      <time>2026-05-07T11:29:12Z</time>
    </trkpt>
    <trkpt lat="49.214761" lon="20.050297">
      <ele>1635</ele>
      <time>2026-05-07T11:29:42Z</time>
    </trkpt>
    <trkpt lat="49.214654" lon="20.050228">
      <ele>1644</ele>
      <time>2026-05-07T11:30:19Z</time>
    </trkpt>
    <trkpt lat="49.214617" lon="20.050132">
      <ele>1643</ele>
      <time>2026-05-07T11:30:39Z</time>
    </trkpt>
    <trkpt lat="49.214569" lon="20.050032">
      <ele>1644</ele>
      <time>2026-05-07T11:31:01Z</time>
    </trkpt>
    <trkpt lat="49.214511" lon="20.049989">
      <ele>1650</ele>
      <time>2026-05-07T11:31:24Z</time>
    </trkpt>
    <trkpt lat="49.214462" lon="20.049814">
      <ele>1653</ele>
      <time>2026-05-07T11:31:58Z</time>
    </trkpt>
    <trkpt lat="49.214372" lon="20.049655">
      <ele>1656</ele>
      <time>2026-05-07T11:32:36Z</time>
    </trkpt>
    <trkpt lat="49.214349" lon="20.04955">
      <ele>1655</ele>
      <time>2026-05-07T11:32:56Z</time>
    </trkpt>
    <trkpt lat="49.214268" lon="20.04944">
      <ele>1657</ele>
      <time>2026-05-07T11:33:26Z</time>
    </trkpt>
    <trkpt lat="49.214202" lon="20.049252">
      <ele>1660</ele>
      <time>2026-05-07T11:34:04Z</time>
    </trkpt>
    <trkpt lat="49.214174" lon="20.04918">
      <ele>1661</ele>
      <time>2026-05-07T11:34:19Z</time>
    </trkpt>
    <trkpt lat="49.214172" lon="20.049091">
      <ele>1662</ele>
      <time>2026-05-07T11:34:35Z</time>
    </trkpt>
    <trkpt lat="49.214118" lon="20.049047">
      <ele>1664</ele>
      <time>2026-05-07T11:34:52Z</time>
    </trkpt>
    <trkpt lat="49.214063" lon="20.048907">
      <ele>1667</ele>
      <time>2026-05-07T11:35:22Z</time>
    </trkpt>
    <trkpt lat="49.214007" lon="20.048778">
      <ele>1670</ele>
      <time>2026-05-07T11:35:50Z</time>
    </trkpt>
    <trkpt lat="49.214003" lon="20.048769">
      <ele>1670</ele>
      <time>2026-05-07T11:35:52Z</time>
    </trkpt>
    <trkpt lat="49.213922" lon="20.04873">
      <ele>1672</ele>
      <time>2026-05-07T11:36:16Z</time>
    </trkpt>
    <trkpt lat="49.213884" lon="20.048696">
      <ele>1673</ele>
      <time>2026-05-07T11:36:28Z</time>
    </trkpt>
    <trkpt lat="49.213832" lon="20.048623">
      <ele>1673</ele>
      <time>2026-05-07T11:36:47Z</time>
    </trkpt>
    <trkpt lat="49.213778" lon="20.048528">
      <ele>1673</ele>
      <time>2026-05-07T11:37:09Z</time>
    </trkpt>
    <trkpt lat="49.213736" lon="20.048477">
      <ele>1674</ele>
      <time>2026-05-07T11:37:24Z</time>
    </trkpt>
    <trkpt lat="49.213636" lon="20.048461">
      <ele>1674</ele>
      <time>2026-05-07T11:37:51Z</time>
    </trkpt>
    <trkpt lat="49.213583" lon="20.04849">
      <ele>1672</ele>
      <time>2026-05-07T11:38:07Z</time>
    </trkpt>
    <trkpt lat="49.21355" lon="20.048544">
      <ele>1673</ele>
      <time>2026-05-07T11:38:15Z</time>
    </trkpt>
    <trkpt lat="49.213495" lon="20.048633">
      <ele>1673</ele>
      <time>2026-05-07T11:38:28Z</time>
    </trkpt>
    <trkpt lat="49.213469" lon="20.0487">
      <ele>1673</ele>
      <time>2026-05-07T11:38:37Z</time>
    </trkpt>
    <trkpt lat="49.21345" lon="20.048767">
      <ele>1673</ele>
      <time>2026-05-07T11:38:45Z</time>
    </trkpt>
    <trkpt lat="49.21341" lon="20.048834">
      <ele>1672</ele>
      <time>2026-05-07T11:38:55Z</time>
    </trkpt>
    <trkpt lat="49.213373" lon="20.048895">
      <ele>1672</ele>
      <time>2026-05-07T11:39:04Z</time>
    </trkpt>
    <trkpt lat="49.213372" lon="20.048997">
      <ele>1672</ele>
      <time>2026-05-07T11:39:15Z</time>
    </trkpt>
    <trkpt lat="49.213372" lon="20.049223">
      <ele>1672</ele>
      <time>2026-05-07T11:39:39Z</time>
    </trkpt>
    <trkpt lat="49.21339" lon="20.049309">
      <ele>1672</ele>
      <time>2026-05-07T11:39:49Z</time>
    </trkpt>
    <trkpt lat="49.213398" lon="20.049365">
      <ele>1671</ele>
      <time>2026-05-07T11:39:55Z</time>
    </trkpt>
    <trkpt lat="49.213394" lon="20.049385">
      <ele>1671</ele>
      <time>2026-05-07T11:39:57Z</time>
    </trkpt>
    <trkpt lat="49.213416" lon="20.049478">
      <ele>1671</ele>
      <time>2026-05-07T11:40:08Z</time>
    </trkpt>
    <trkpt lat="49.213475" lon="20.049522">
      <ele>1671</ele>
      <time>2026-05-07T11:40:19Z</time>
    </trkpt>
    <trkpt lat="49.213496" lon="20.049575">
      <ele>1671</ele>
      <time>2026-05-07T11:40:25Z</time>
    </trkpt>
    <trkpt lat="49.213544" lon="20.049635">
      <ele>1671</ele>
      <time>2026-05-07T11:40:36Z</time>
    </trkpt>
    <trkpt lat="49.213629" lon="20.049773">
      <ele>1671</ele>
      <time>2026-05-07T11:40:56Z</time>
    </trkpt>
    <trkpt lat="49.213649" lon="20.049842">
      <ele>1670</ele>
      <time>2026-05-07T11:41:04Z</time>
    </trkpt>
    <trkpt lat="49.213663" lon="20.049948">
      <ele>1670</ele>
      <time>2026-05-07T11:41:16Z</time>
    </trkpt>
    <trkpt lat="49.213627" lon="20.050043">
      <ele>1669</ele>
      <time>2026-05-07T11:41:28Z</time>
    </trkpt>
    <trkpt lat="49.213588" lon="20.050069">
      <ele>1669</ele>
      <time>2026-05-07T11:41:35Z</time>
    </trkpt>
    <trkpt lat="49.213568" lon="20.05008">
      <ele>1669</ele>
      <time>2026-05-07T11:41:39Z</time>
    </trkpt>
    <trkpt lat="49.213565" lon="20.050116">
      <ele>1669</ele>
      <time>2026-05-07T11:41:42Z</time>
    </trkpt>
    <trkpt lat="49.213565" lon="20.050134">
      <ele>1669</ele>
      <time>2026-05-07T11:41:44Z</time>
    </trkpt>
    <trkpt lat="49.213594" lon="20.050226">
      <ele>1669</ele>
      <time>2026-05-07T11:41:55Z</time>
    </trkpt>
    <trkpt lat="49.213621" lon="20.050302">
      <ele>1669</ele>
      <time>2026-05-07T11:42:05Z</time>
    </trkpt>
    <trkpt lat="49.213642" lon="20.050382">
      <ele>1670</ele>
      <time>2026-05-07T11:42:14Z</time>
    </trkpt>
    <trkpt lat="49.213646" lon="20.050425">
      <ele>1671</ele>
      <time>2026-05-07T11:42:19Z</time>
    </trkpt>
    <trkpt lat="49.213616" lon="20.05054">
      <ele>1671</ele>
      <time>2026-05-07T11:42:32Z</time>
    </trkpt>
    <trkpt lat="49.213599" lon="20.05062">
      <ele>1671</ele>
      <time>2026-05-07T11:42:41Z</time>
    </trkpt>
    <trkpt lat="49.213564" lon="20.050652">
      <ele>1671</ele>
      <time>2026-05-07T11:42:48Z</time>
    </trkpt>
    <trkpt lat="49.21352" lon="20.050676">
      <ele>1670</ele>
      <time>2026-05-07T11:42:56Z</time>
    </trkpt>
    <trkpt lat="49.213494" lon="20.050717">
      <ele>1670</ele>
      <time>2026-05-07T11:43:02Z</time>
    </trkpt>
    <trkpt lat="49.213436" lon="20.050867">
      <ele>1671</ele>
      <time>2026-05-07T11:43:21Z</time>
    </trkpt>
    <trkpt lat="49.213376" lon="20.051036">
      <ele>1672</ele>
      <time>2026-05-07T11:43:42Z</time>
    </trkpt>
    <trkpt lat="49.213383" lon="20.051119">
      <ele>1672</ele>
      <time>2026-05-07T11:43:51Z</time>
    </trkpt>
    <trkpt lat="49.213364" lon="20.051221">
      <ele>1673</ele>
      <time>2026-05-07T11:44:02Z</time>
    </trkpt>
    <trkpt lat="49.213373" lon="20.051351">
      <ele>1674</ele>
      <time>2026-05-07T11:44:17Z</time>
    </trkpt>
    <trkpt lat="49.213387" lon="20.051417">
      <ele>1674</ele>
      <time>2026-05-07T11:44:24Z</time>
    </trkpt>
    <trkpt lat="49.21341" lon="20.051485">
      <ele>1675</ele>
      <time>2026-05-07T11:44:32Z</time>
    </trkpt>
    <trkpt lat="49.213429" lon="20.051536">
      <ele>1676</ele>
      <time>2026-05-07T11:44:39Z</time>
    </trkpt>
    <trkpt lat="49.213482" lon="20.051564">
      <ele>1676</ele>
      <time>2026-05-07T11:44:48Z</time>
    </trkpt>
    <trkpt lat="49.213511" lon="20.051571">
      <ele>1676</ele>
      <time>2026-05-07T11:44:53Z</time>
    </trkpt>
    <trkpt lat="49.213528" lon="20.051607">
      <ele>1676</ele>
      <time>2026-05-07T11:44:58Z</time>
    </trkpt>
    <trkpt lat="49.213575" lon="20.051677">
      <ele>1677</ele>
      <time>2026-05-07T11:45:09Z</time>
    </trkpt>
    <trkpt lat="49.213606" lon="20.051737">
      <ele>1678</ele>
      <time>2026-05-07T11:45:17Z</time>
    </trkpt>
    <trkpt lat="49.213628" lon="20.05181">
      <ele>1679</ele>
      <time>2026-05-07T11:45:26Z</time>
    </trkpt>
    <trkpt lat="49.213671" lon="20.051851">
      <ele>1679</ele>
      <time>2026-05-07T11:45:34Z</time>
    </trkpt>
    <trkpt lat="49.213711" lon="20.051864">
      <ele>1680</ele>
      <time>2026-05-07T11:45:41Z</time>
    </trkpt>
    <trkpt lat="49.213753" lon="20.051868">
      <ele>1680</ele>
      <time>2026-05-07T11:45:48Z</time>
    </trkpt>
    <trkpt lat="49.213804" lon="20.051899">
      <ele>1681</ele>
      <time>2026-05-07T11:45:57Z</time>
    </trkpt>
    <trkpt lat="49.213886" lon="20.051983">
      <ele>1682</ele>
      <time>2026-05-07T11:46:14Z</time>
    </trkpt>
    <trkpt lat="49.21393" lon="20.052089">
      <ele>1682</ele>
      <time>2026-05-07T11:46:27Z</time>
    </trkpt>
    <trkpt lat="49.213952" lon="20.052184">
      <ele>1682</ele>
      <time>2026-05-07T11:46:38Z</time>
    </trkpt>
    <trkpt lat="49.213969" lon="20.052361">
      <ele>1681</ele>
      <time>2026-05-07T11:46:57Z</time>
    </trkpt>
    <trkpt lat="49.214009" lon="20.052486">
      <ele>1680</ele>
      <time>2026-05-07T11:47:13Z</time>
    </trkpt>
    <trkpt lat="49.214036" lon="20.052535">
      <ele>1679</ele>
      <time>2026-05-07T11:47:20Z</time>
    </trkpt>
    <trkpt lat="49.214071" lon="20.052587">
      <ele>1678</ele>
      <time>2026-05-07T11:47:28Z</time>
    </trkpt>
    <trkpt lat="49.214084" lon="20.052649">
      <ele>1677</ele>
      <time>2026-05-07T11:47:35Z</time>
    </trkpt>
    <trkpt lat="49.214084" lon="20.052689">
      <ele>1676</ele>
      <time>2026-05-07T11:47:39Z</time>
    </trkpt>
    <trkpt lat="49.214056" lon="20.052771">
      <ele>1675</ele>
      <time>2026-05-07T11:47:50Z</time>
    </trkpt>
    <trkpt lat="49.214068" lon="20.052838">
      <ele>1674</ele>
      <time>2026-05-07T11:47:57Z</time>
    </trkpt>
    <trkpt lat="49.21408" lon="20.052935">
      <ele>1673</ele>
      <time>2026-05-07T11:48:08Z</time>
    </trkpt>
    <trkpt lat="49.214103" lon="20.053023">
      <ele>1672</ele>
      <time>2026-05-07T11:48:18Z</time>
    </trkpt>
    <trkpt lat="49.214112" lon="20.053144">
      <ele>1670</ele>
      <time>2026-05-07T11:48:32Z</time>
    </trkpt>
    <trkpt lat="49.214107" lon="20.053251">
      <ele>1670</ele>
      <time>2026-05-07T11:48:43Z</time>
    </trkpt>
    <trkpt lat="49.214121" lon="20.053385">
      <ele>1669</ele>
      <time>2026-05-07T11:48:58Z</time>
    </trkpt>
    <trkpt lat="49.214137" lon="20.053482">
      <ele>1670</ele>
      <time>2026-05-07T11:49:09Z</time>
    </trkpt>
    <trkpt lat="49.214167" lon="20.053588">
      <ele>1670</ele>
      <time>2026-05-07T11:49:21Z</time>
    </trkpt>
    <trkpt lat="49.21417" lon="20.05368">
      <ele>1669</ele>
      <time>2026-05-07T11:49:31Z</time>
    </trkpt>
    <trkpt lat="49.214137" lon="20.05375">
      <ele>1670</ele>
      <time>2026-05-07T11:49:41Z</time>
    </trkpt>
    <trkpt lat="49.214116" lon="20.053828">
      <ele>1671</ele>
      <time>2026-05-07T11:49:50Z</time>
    </trkpt>
    <trkpt lat="49.21414" lon="20.05393">
      <ele>1670</ele>
      <time>2026-05-07T11:50:02Z</time>
    </trkpt>
    <trkpt lat="49.214139" lon="20.054112">
      <ele>1674</ele>
      <time>2026-05-07T11:50:22Z</time>
    </trkpt>
    <trkpt lat="49.214156" lon="20.054216">
      <ele>1675</ele>
      <time>2026-05-07T11:50:34Z</time>
    </trkpt>
    <trkpt lat="49.214167" lon="20.054361">
      <ele>1676</ele>
      <time>2026-05-07T11:50:49Z</time>
    </trkpt>
    <trkpt lat="49.214186" lon="20.054432">
      <ele>1676</ele>
      <time>2026-05-07T11:50:58Z</time>
    </trkpt>
    <trkpt lat="49.214217" lon="20.054517">
      <ele>1676</ele>
      <time>2026-05-07T11:51:08Z</time>
    </trkpt>
    <trkpt lat="49.214223" lon="20.0546">
      <ele>1678</ele>
      <time>2026-05-07T11:51:18Z</time>
    </trkpt>
    <trkpt lat="49.21426" lon="20.054716">
      <ele>1679</ele>
      <time>2026-05-07T11:51:32Z</time>
    </trkpt>
    <trkpt lat="49.214319" lon="20.054815">
      <ele>1680</ele>
      <time>2026-05-07T11:51:46Z</time>
    </trkpt>
    <trkpt lat="49.214365" lon="20.054963">
      <ele>1682</ele>
      <time>2026-05-07T11:52:04Z</time>
    </trkpt>
    <trkpt lat="49.214457" lon="20.05515">
      <ele>1684</ele>
      <time>2026-05-07T11:52:30Z</time>
    </trkpt>
    <trkpt lat="49.21451" lon="20.055247">
      <ele>1686</ele>
      <time>2026-05-07T11:52:44Z</time>
    </trkpt>
    <trkpt lat="49.214582" lon="20.055354">
      <ele>1688</ele>
      <time>2026-05-07T11:53:01Z</time>
    </trkpt>
    <trkpt lat="49.214622" lon="20.055468">
      <ele>1692</ele>
      <time>2026-05-07T11:53:16Z</time>
    </trkpt>
    <trkpt lat="49.214708" lon="20.055541">
      <ele>1693</ele>
      <time>2026-05-07T11:53:32Z</time>
    </trkpt>
    <trkpt lat="49.214789" lon="20.055589">
      <ele>1692</ele>
      <time>2026-05-07T11:53:47Z</time>
    </trkpt>
    <trkpt lat="49.21485" lon="20.055617">
      <ele>1691</ele>
      <time>2026-05-07T11:53:57Z</time>
    </trkpt>
    <trkpt lat="49.214909" lon="20.055651">
      <ele>1690</ele>
      <time>2026-05-07T11:54:08Z</time>
    </trkpt>
    <trkpt lat="49.214985" lon="20.055716">
      <ele>1689</ele>
      <time>2026-05-07T11:54:22Z</time>
    </trkpt>
    <trkpt lat="49.215074" lon="20.055834">
      <ele>1689</ele>
      <time>2026-05-07T11:54:42Z</time>
    </trkpt>
    <trkpt lat="49.215186" lon="20.055915">
      <ele>1688</ele>
      <time>2026-05-07T11:55:02Z</time>
    </trkpt>
    <trkpt lat="49.215278" lon="20.056058">
      <ele>1689</ele>
      <time>2026-05-07T11:55:24Z</time>
    </trkpt>
    <trkpt lat="49.215348" lon="20.056172">
      <ele>1694</ele>
      <time>2026-05-07T11:55:43Z</time>
    </trkpt>
    <trkpt lat="49.215507" lon="20.056376">
      <ele>1702</ele>
      <time>2026-05-07T11:56:19Z</time>
    </trkpt>
    <trkpt lat="49.215603" lon="20.056615">
      <ele>1714</ele>
      <time>2026-05-07T11:56:54Z</time>
    </trkpt>
    <trkpt lat="49.215703" lon="20.05677">
      <ele>1719</ele>
      <time>2026-05-07T11:57:19Z</time>
    </trkpt>
    <trkpt lat="49.215798" lon="20.056816">
      <ele>1718</ele>
      <time>2026-05-07T11:57:35Z</time>
    </trkpt>
    <trkpt lat="49.215896" lon="20.056926">
      <ele>1719</ele>
      <time>2026-05-07T11:57:55Z</time>
    </trkpt>
    <trkpt lat="49.215983" lon="20.057041">
      <ele>1721</ele>
      <time>2026-05-07T11:58:15Z</time>
    </trkpt>
    <trkpt lat="49.216069" lon="20.05717">
      <ele>1725</ele>
      <time>2026-05-07T11:58:35Z</time>
    </trkpt>
    <trkpt lat="49.216125" lon="20.057237">
      <ele>1723</ele>
      <time>2026-05-07T11:58:47Z</time>
    </trkpt>
    <trkpt lat="49.216191" lon="20.057354">
      <ele>1718</ele>
      <time>2026-05-07T11:59:06Z</time>
    </trkpt>
    <trkpt lat="49.216196" lon="20.057412">
      <ele>1721</ele>
      <time>2026-05-07T11:59:14Z</time>
    </trkpt>
    <trkpt lat="49.216171" lon="20.057465">
      <ele>1728</ele>
      <time>2026-05-07T11:59:26Z</time>
    </trkpt>
    <trkpt lat="49.216118" lon="20.057513">
      <ele>1734</ele>
      <time>2026-05-07T11:59:40Z</time>
    </trkpt>
    <trkpt lat="49.215784" lon="20.057712">
      <ele>1749</ele>
      <time>2026-05-07T12:00:43Z</time>
    </trkpt>
    <trkpt lat="49.215624" lon="20.057776">
      <ele>1757</ele>
      <time>2026-05-07T12:01:13Z</time>
    </trkpt>
    <trkpt lat="49.215488" lon="20.057897">
      <ele>1764</ele>
      <time>2026-05-07T12:01:41Z</time>
    </trkpt>
    <trkpt lat="49.214983" lon="20.05794">
      <ele>1790</ele>
      <time>2026-05-07T12:03:13Z</time>
    </trkpt>
    <trkpt lat="49.214564" lon="20.057948">
      <ele>1812</ele>
      <time>2026-05-07T12:04:30Z</time>
    </trkpt>
    <trkpt lat="49.214401" lon="20.057977">
      <ele>1819</ele>
      <time>2026-05-07T12:04:59Z</time>
    </trkpt>
    <trkpt lat="49.214358" lon="20.058026">
      <ele>1822</ele>
      <time>2026-05-07T12:05:09Z</time>
    </trkpt>
    <trkpt lat="49.214389" lon="20.058069">
      <ele>1823</ele>
      <time>2026-05-07T12:05:16Z</time>
    </trkpt>
    <trkpt lat="49.214438" lon="20.058134">
      <ele>1825</ele>
      <time>2026-05-07T12:05:27Z</time>
    </trkpt>
    <trkpt lat="49.214557" lon="20.058299">
      <ele>1826</ele>
      <time>2026-05-07T12:05:54Z</time>
    </trkpt>
    <trkpt lat="49.214622" lon="20.058517">
      <ele>1828</ele>
      <time>2026-05-07T12:06:20Z</time>
    </trkpt>
    <trkpt lat="49.214575" lon="20.058561">
      <ele>1832</ele>
      <time>2026-05-07T12:06:30Z</time>
    </trkpt>
    <trkpt lat="49.214366" lon="20.058746">
      <ele>1840</ele>
      <time>2026-05-07T12:07:12Z</time>
    </trkpt>
    <trkpt lat="49.214169" lon="20.0587">
      <ele>1842</ele>
      <time>2026-05-07T12:07:45Z</time>
    </trkpt>
    <trkpt lat="49.21406" lon="20.05861">
      <ele>1842</ele>
      <time>2026-05-07T12:08:06Z</time>
    </trkpt>
    <trkpt lat="49.213812" lon="20.058247">
      <ele>1839</ele>
      <time>2026-05-07T12:09:03Z</time>
    </trkpt>
    <trkpt lat="49.21377" lon="20.058214">
      <ele>1840</ele>
      <time>2026-05-07T12:09:11Z</time>
    </trkpt>
    <trkpt lat="49.213729" lon="20.058203">
      <ele>1840</ele>
      <time>2026-05-07T12:09:18Z</time>
    </trkpt>
    <trkpt lat="49.213679" lon="20.058227">
      <ele>1841</ele>
      <time>2026-05-07T12:09:26Z</time>
    </trkpt>
    <trkpt lat="49.213685" lon="20.058333">
      <ele>1842</ele>
      <time>2026-05-07T12:09:38Z</time>
    </trkpt>
    <trkpt lat="49.213714" lon="20.059063">
      <ele>1834</ele>
      <time>2026-05-07T12:10:58Z</time>
    </trkpt>
    <trkpt lat="49.213754" lon="20.059403">
      <ele>1829</ele>
      <time>2026-05-07T12:11:36Z</time>
    </trkpt>
    <trkpt lat="49.213791" lon="20.059542">
      <ele>1826</ele>
      <time>2026-05-07T12:11:53Z</time>
    </trkpt>
    <trkpt lat="49.21384" lon="20.059655">
      <ele>1824</ele>
      <time>2026-05-07T12:12:08Z</time>
    </trkpt>
    <trkpt lat="49.213981" lon="20.059821">
      <ele>1819</ele>
      <time>2026-05-07T12:12:38Z</time>
    </trkpt>
    <trkpt lat="49.214307" lon="20.060133">
      <ele>1803</ele>
      <time>2026-05-07T12:13:46Z</time>
    </trkpt>
    <trkpt lat="49.214634" lon="20.060292">
      <ele>1792</ele>
      <time>2026-05-07T12:14:45Z</time>
    </trkpt>
    <trkpt lat="49.214821" lon="20.060411">
      <ele>1787</ele>
      <time>2026-05-07T12:15:20Z</time>
    </trkpt>
    <trkpt lat="49.214897" lon="20.060492">
      <ele>1784</ele>
      <time>2026-05-07T12:15:35Z</time>
    </trkpt>
    <trkpt lat="49.215116" lon="20.060761">
      <ele>1780</ele>
      <time>2026-05-07T12:16:22Z</time>
    </trkpt>
    <trkpt lat="49.215146" lon="20.060796">
      <ele>1780</ele>
      <time>2026-05-07T12:16:28Z</time>
    </trkpt>
    <trkpt lat="49.215246" lon="20.060876">
      <ele>1777</ele>
      <time>2026-05-07T12:16:47Z</time>
    </trkpt>
    <trkpt lat="49.215252" lon="20.060907">
      <ele>1775</ele>
      <time>2026-05-07T12:16:52Z</time>
    </trkpt>
    <trkpt lat="49.215232" lon="20.060928">
      <ele>1774</ele>
      <time>2026-05-07T12:16:56Z</time>
    </trkpt>
    <trkpt lat="49.215138" lon="20.06099">
      <ele>1772</ele>
      <time>2026-05-07T12:17:14Z</time>
    </trkpt>
    <trkpt lat="49.215135" lon="20.061016">
      <ele>1770</ele>
      <time>2026-05-07T12:17:17Z</time>
    </trkpt>
    <trkpt lat="49.215145" lon="20.061044">
      <ele>1769</ele>
      <time>2026-05-07T12:17:21Z</time>
    </trkpt>
    <trkpt lat="49.215375" lon="20.061221">
      <ele>1750</ele>
      <time>2026-05-07T12:18:12Z</time>
    </trkpt>
    <trkpt lat="49.215358" lon="20.061274">
      <ele>1745</ele>
      <time>2026-05-07T12:18:21Z</time>
    </trkpt>
    <trkpt lat="49.215311" lon="20.061349">
      <ele>1739</ele>
      <time>2026-05-07T12:18:36Z</time>
    </trkpt>
    <trkpt lat="49.215228" lon="20.061389">
      <ele>1737</ele>
      <time>2026-05-07T12:18:51Z</time>
    </trkpt>
    <trkpt lat="49.21517" lon="20.061419">
      <ele>1736</ele>
      <time>2026-05-07T12:19:01Z</time>
    </trkpt>
    <trkpt lat="49.215142" lon="20.06145">
      <ele>1735</ele>
      <time>2026-05-07T12:19:07Z</time>
    </trkpt>
    <trkpt lat="49.215147" lon="20.061487">
      <ele>1732</ele>
      <time>2026-05-07T12:19:12Z</time>
    </trkpt>
    <trkpt lat="49.215182" lon="20.061531">
      <ele>1729</ele>
      <time>2026-05-07T12:19:21Z</time>
    </trkpt>
    <trkpt lat="49.215181" lon="20.061569">
      <ele>1727</ele>
      <time>2026-05-07T12:19:27Z</time>
    </trkpt>
    <trkpt lat="49.215171" lon="20.061584">
      <ele>1726</ele>
      <time>2026-05-07T12:19:29Z</time>
    </trkpt>
    <trkpt lat="49.215189" lon="20.061645">
      <ele>1722</ele>
      <time>2026-05-07T12:19:39Z</time>
    </trkpt>
    <trkpt lat="49.215206" lon="20.061654">
      <ele>1721</ele>
      <time>2026-05-07T12:19:42Z</time>
    </trkpt>
    <trkpt lat="49.215206" lon="20.06168">
      <ele>1720</ele>
      <time>2026-05-07T12:19:45Z</time>
    </trkpt>
    <trkpt lat="49.215186" lon="20.061734">
      <ele>1719</ele>
      <time>2026-05-07T12:19:52Z</time>
    </trkpt>
    <trkpt lat="49.215267" lon="20.061904">
      <ele>1716</ele>
      <time>2026-05-07T12:20:15Z</time>
    </trkpt>
    <trkpt lat="49.215298" lon="20.062033">
      <ele>1713</ele>
      <time>2026-05-07T12:20:31Z</time>
    </trkpt>
    <trkpt lat="49.215332" lon="20.062077">
      <ele>1711</ele>
      <time>2026-05-07T12:20:38Z</time>
    </trkpt>
    <trkpt lat="49.215341" lon="20.062124">
      <ele>1710</ele>
      <time>2026-05-07T12:20:44Z</time>
    </trkpt>
    <trkpt lat="49.215332" lon="20.062182">
      <ele>1708</ele>
      <time>2026-05-07T12:20:51Z</time>
    </trkpt>
    <trkpt lat="49.2153" lon="20.062406">
      <ele>1703</ele>
      <time>2026-05-07T12:21:17Z</time>
    </trkpt>
    <trkpt lat="49.215312" lon="20.062457">
      <ele>1701</ele>
      <time>2026-05-07T12:21:23Z</time>
    </trkpt>
    <trkpt lat="49.215295" lon="20.062537">
      <ele>1700</ele>
      <time>2026-05-07T12:21:33Z</time>
    </trkpt>
    <trkpt lat="49.215311" lon="20.062695">
      <ele>1699</ele>
      <time>2026-05-07T12:21:50Z</time>
    </trkpt>
    <trkpt lat="49.215302" lon="20.062797">
      <ele>1698</ele>
      <time>2026-05-07T12:22:01Z</time>
    </trkpt>
    <trkpt lat="49.215276" lon="20.062875">
      <ele>1698</ele>
      <time>2026-05-07T12:22:11Z</time>
    </trkpt>
    <trkpt lat="49.215239" lon="20.062923">
      <ele>1698</ele>
      <time>2026-05-07T12:22:19Z</time>
    </trkpt>
    <trkpt lat="49.215211" lon="20.063007">
      <ele>1698</ele>
      <time>2026-05-07T12:22:29Z</time>
    </trkpt>
    <trkpt lat="49.215227" lon="20.06309">
      <ele>1698</ele>
      <time>2026-05-07T12:22:38Z</time>
    </trkpt>
    <trkpt lat="49.215266" lon="20.063199">
      <ele>1700</ele>
      <time>2026-05-07T12:22:52Z</time>
    </trkpt>
    <trkpt lat="49.215272" lon="20.063355">
      <ele>1704</ele>
      <time>2026-05-07T12:23:10Z</time>
    </trkpt>
    <trkpt lat="49.215288" lon="20.063436">
      <ele>1706</ele>
      <time>2026-05-07T12:23:19Z</time>
    </trkpt>
    <trkpt lat="49.215325" lon="20.063546">
      <ele>1709</ele>
      <time>2026-05-07T12:23:33Z</time>
    </trkpt>
    <trkpt lat="49.215362" lon="20.063653">
      <ele>1710</ele>
      <time>2026-05-07T12:23:47Z</time>
    </trkpt>
    <trkpt lat="49.215556" lon="20.063889">
      <ele>1706</ele>
      <time>2026-05-07T12:24:28Z</time>
    </trkpt>
    <trkpt lat="49.215594" lon="20.063953">
      <ele>1706</ele>
      <time>2026-05-07T12:24:37Z</time>
    </trkpt>
    <trkpt lat="49.215854" lon="20.064294">
      <ele>1703</ele>
      <time>2026-05-07T12:25:34Z</time>
    </trkpt>
    <trkpt lat="49.215887" lon="20.064412">
      <ele>1704</ele>
      <time>2026-05-07T12:25:48Z</time>
    </trkpt>
    <trkpt lat="49.216008" lon="20.064594">
      <ele>1701</ele>
      <time>2026-05-07T12:26:17Z</time>
    </trkpt>
    <trkpt lat="49.216108" lon="20.064887">
      <ele>1693</ele>
      <time>2026-05-07T12:26:54Z</time>
    </trkpt>
    <trkpt lat="49.216127" lon="20.064991">
      <ele>1691</ele>
      <time>2026-05-07T12:27:06Z</time>
    </trkpt>
    <trkpt lat="49.216129" lon="20.065083">
      <ele>1693</ele>
      <time>2026-05-07T12:27:17Z</time>
    </trkpt>
    <trkpt lat="49.216089" lon="20.065136">
      <ele>1698</ele>
      <time>2026-05-07T12:27:28Z</time>
    </trkpt>
    <trkpt lat="49.216082" lon="20.065217">
      <ele>1701</ele>
      <time>2026-05-07T12:27:38Z</time>
    </trkpt>
    <trkpt lat="49.216097" lon="20.0653">
      <ele>1703</ele>
      <time>2026-05-07T12:27:47Z</time>
    </trkpt>
    <trkpt lat="49.216111" lon="20.065463">
      <ele>1710</ele>
      <time>2026-05-07T12:28:08Z</time>
    </trkpt>
    <trkpt lat="49.216089" lon="20.065574">
      <ele>1716</ele>
      <time>2026-05-07T12:28:24Z</time>
    </trkpt>
    <trkpt lat="49.216045" lon="20.065632">
      <ele>1720</ele>
      <time>2026-05-07T12:28:35Z</time>
    </trkpt>
    <trkpt lat="49.216038" lon="20.065753">
      <ele>1724</ele>
      <time>2026-05-07T12:28:49Z</time>
    </trkpt>
    <trkpt lat="49.216096" lon="20.06589">
      <ele>1725</ele>
      <time>2026-05-07T12:29:07Z</time>
    </trkpt>
    <trkpt lat="49.216132" lon="20.065925">
      <ele>1724</ele>
      <time>2026-05-07T12:29:14Z</time>
    </trkpt>
    <trkpt lat="49.216183" lon="20.06597">
      <ele>1722</ele>
      <time>2026-05-07T12:29:25Z</time>
    </trkpt>
    <trkpt lat="49.216188" lon="20.066088">
      <ele>1724</ele>
      <time>2026-05-07T12:29:37Z</time>
    </trkpt>
    <trkpt lat="49.216269" lon="20.066215">
      <ele>1719</ele>
      <time>2026-05-07T12:29:58Z</time>
    </trkpt>
    <trkpt lat="49.216334" lon="20.06641">
      <ele>1714</ele>
      <time>2026-05-07T12:30:22Z</time>
    </trkpt>
    <trkpt lat="49.216367" lon="20.066507">
      <ele>1711</ele>
      <time>2026-05-07T12:30:35Z</time>
    </trkpt>
    <trkpt lat="49.216322" lon="20.066699">
      <ele>1711</ele>
      <time>2026-05-07T12:30:57Z</time>
    </trkpt>
    <trkpt lat="49.216192" lon="20.066982">
      <ele>1715</ele>
      <time>2026-05-07T12:31:35Z</time>
    </trkpt>
    <trkpt lat="49.216137" lon="20.067136">
      <ele>1715</ele>
      <time>2026-05-07T12:31:54Z</time>
    </trkpt>
    <trkpt lat="49.216127" lon="20.067159">
      <ele>1715</ele>
      <time>2026-05-07T12:31:57Z</time>
    </trkpt>
    <trkpt lat="49.216068" lon="20.067183">
      <ele>1716</ele>
      <time>2026-05-07T12:32:07Z</time>
    </trkpt>
    <trkpt lat="49.215876" lon="20.067326">
      <ele>1716</ele>
      <time>2026-05-07T12:32:42Z</time>
    </trkpt>
    <trkpt lat="49.215693" lon="20.067609">
      <ele>1713</ele>
      <time>2026-05-07T12:33:26Z</time>
    </trkpt>
    <trkpt lat="49.21564" lon="20.067743">
      <ele>1710</ele>
      <time>2026-05-07T12:33:43Z</time>
    </trkpt>
    <trkpt lat="49.215559" lon="20.067885">
      <ele>1705</ele>
      <time>2026-05-07T12:34:05Z</time>
    </trkpt>
    <trkpt lat="49.215484" lon="20.06806">
      <ele>1700</ele>
      <time>2026-05-07T12:34:29Z</time>
    </trkpt>
    <trkpt lat="49.215451" lon="20.068164">
      <ele>1697</ele>
      <time>2026-05-07T12:34:42Z</time>
    </trkpt>
    <trkpt lat="49.215362" lon="20.068288">
      <ele>1693</ele>
      <time>2026-05-07T12:35:03Z</time>
    </trkpt>
    <trkpt lat="49.215199" lon="20.068459">
      <ele>1689</ele>
      <time>2026-05-07T12:35:36Z</time>
    </trkpt>
    <trkpt lat="49.214867" lon="20.068854">
      <ele>1682</ele>
      <time>2026-05-07T12:36:46Z</time>
    </trkpt>
    <trkpt lat="49.214769" lon="20.068923">
      <ele>1680</ele>
      <time>2026-05-07T12:37:04Z</time>
    </trkpt>
    <trkpt lat="49.214698" lon="20.068923">
      <ele>1678</ele>
      <time>2026-05-07T12:37:16Z</time>
    </trkpt>
    <trkpt lat="49.214484" lon="20.068913">
      <ele>1673</ele>
      <time>2026-05-07T12:37:52Z</time>
    </trkpt>
    <trkpt lat="49.214405" lon="20.068929">
      <ele>1671</ele>
      <time>2026-05-07T12:38:06Z</time>
    </trkpt>
    <trkpt lat="49.214286" lon="20.068878">
      <ele>1669</ele>
      <time>2026-05-07T12:38:27Z</time>
    </trkpt>
    <trkpt lat="49.214226" lon="20.068897">
      <ele>1667</ele>
      <time>2026-05-07T12:38:37Z</time>
    </trkpt>
    <trkpt lat="49.214191" lon="20.068867">
      <ele>1667</ele>
      <time>2026-05-07T12:38:44Z</time>
    </trkpt>
    <trkpt lat="49.214095" lon="20.068832">
      <ele>1664</ele>
      <time>2026-05-07T12:39:01Z</time>
    </trkpt>
    <trkpt lat="49.214077" lon="20.068859">
      <ele>1663</ele>
      <time>2026-05-07T12:39:05Z</time>
    </trkpt>
    <trkpt lat="49.214091" lon="20.068996">
      <ele>1661</ele>
      <time>2026-05-07T12:39:20Z</time>
    </trkpt>
    <trkpt lat="49.214076" lon="20.069033">
      <ele>1660</ele>
      <time>2026-05-07T12:39:25Z</time>
    </trkpt>
    <trkpt lat="49.214044" lon="20.069044">
      <ele>1658</ele>
      <time>2026-05-07T12:39:31Z</time>
    </trkpt>
    <trkpt lat="49.213932" lon="20.069007">
      <ele>1654</ele>
      <time>2026-05-07T12:39:51Z</time>
    </trkpt>
    <trkpt lat="49.213869" lon="20.068993">
      <ele>1652</ele>
      <time>2026-05-07T12:40:02Z</time>
    </trkpt>
    <trkpt lat="49.213793" lon="20.06895">
      <ele>1649</ele>
      <time>2026-05-07T12:40:16Z</time>
    </trkpt>
    <trkpt lat="49.213662" lon="20.06887">
      <ele>1644</ele>
      <time>2026-05-07T12:40:41Z</time>
    </trkpt>
    <trkpt lat="49.213541" lon="20.068757">
      <ele>1640</ele>
      <time>2026-05-07T12:41:05Z</time>
    </trkpt>
    <trkpt lat="49.213383" lon="20.06864">
      <ele>1635</ele>
      <time>2026-05-07T12:41:35Z</time>
    </trkpt>
    <trkpt lat="49.213265" lon="20.068654">
      <ele>1630</ele>
      <time>2026-05-07T12:41:56Z</time>
    </trkpt>
    <trkpt lat="49.213212" lon="20.068615">
      <ele>1629</ele>
      <time>2026-05-07T12:42:06Z</time>
    </trkpt>
    <trkpt lat="49.213159" lon="20.068569">
      <ele>1629</ele>
      <time>2026-05-07T12:42:16Z</time>
    </trkpt>
    <trkpt lat="49.213119" lon="20.068518">
      <ele>1630</ele>
      <time>2026-05-07T12:42:24Z</time>
    </trkpt>
    <trkpt lat="49.213091" lon="20.06843">
      <ele>1633</ele>
      <time>2026-05-07T12:42:36Z</time>
    </trkpt>
    <trkpt lat="49.213075" lon="20.068344">
      <ele>1636</ele>
      <time>2026-05-07T12:42:47Z</time>
    </trkpt>
    <trkpt lat="49.21301" lon="20.068248">
      <ele>1639</ele>
      <time>2026-05-07T12:43:02Z</time>
    </trkpt>
    <trkpt lat="49.212868" lon="20.068191">
      <ele>1639</ele>
      <time>2026-05-07T12:43:26Z</time>
    </trkpt>
    <trkpt lat="49.212822" lon="20.068241">
      <ele>1636</ele>
      <time>2026-05-07T12:43:37Z</time>
    </trkpt>
    <trkpt lat="49.212781" lon="20.068301">
      <ele>1633</ele>
      <time>2026-05-07T12:43:47Z</time>
    </trkpt>
    <trkpt lat="49.21274" lon="20.068382">
      <ele>1630</ele>
      <time>2026-05-07T12:43:59Z</time>
    </trkpt>
    <trkpt lat="49.21259" lon="20.068543">
      <ele>1624</ele>
      <time>2026-05-07T12:44:31Z</time>
    </trkpt>
    <trkpt lat="49.212539" lon="20.068666">
      <ele>1619</ele>
      <time>2026-05-07T12:44:48Z</time>
    </trkpt>
    <trkpt lat="49.21247" lon="20.068747">
      <ele>1617</ele>
      <time>2026-05-07T12:45:03Z</time>
    </trkpt>
    <trkpt lat="49.212406" lon="20.0688">
      <ele>1616</ele>
      <time>2026-05-07T12:45:15Z</time>
    </trkpt>
    <trkpt lat="49.21229" lon="20.068964">
      <ele>1612</ele>
      <time>2026-05-07T12:45:42Z</time>
    </trkpt>
    <trkpt lat="49.212185" lon="20.069012">
      <ele>1611</ele>
      <time>2026-05-07T12:46:00Z</time>
    </trkpt>
    <trkpt lat="49.212096" lon="20.069063">
      <ele>1609</ele>
      <time>2026-05-07T12:46:16Z</time>
    </trkpt>
    <trkpt lat="49.21202" lon="20.069055">
      <ele>1611</ele>
      <time>2026-05-07T12:46:29Z</time>
    </trkpt>
    <trkpt lat="49.211917" lon="20.069133">
      <ele>1607</ele>
      <time>2026-05-07T12:46:48Z</time>
    </trkpt>
    <trkpt lat="49.211806" lon="20.069138">
      <ele>1606</ele>
      <time>2026-05-07T12:47:07Z</time>
    </trkpt>
    <trkpt lat="49.211745" lon="20.069178">
      <ele>1603</ele>
      <time>2026-05-07T12:47:19Z</time>
    </trkpt>
    <trkpt lat="49.211591" lon="20.069208">
      <ele>1600</ele>
      <time>2026-05-07T12:47:45Z</time>
    </trkpt>
    <trkpt lat="49.211565" lon="20.069256">
      <ele>1598</ele>
      <time>2026-05-07T12:47:52Z</time>
    </trkpt>
    <trkpt lat="49.211351" lon="20.069436">
      <ele>1589</ele>
      <time>2026-05-07T12:48:35Z</time>
    </trkpt>
    <trkpt lat="49.211232" lon="20.069497">
      <ele>1585</ele>
      <time>2026-05-07T12:48:56Z</time>
    </trkpt>
    <trkpt lat="49.211216" lon="20.069524">
      <ele>1583</ele>
      <time>2026-05-07T12:49:01Z</time>
    </trkpt>
    <trkpt lat="49.211239" lon="20.069551">
      <ele>1582</ele>
      <time>2026-05-07T12:49:06Z</time>
    </trkpt>
    <trkpt lat="49.211214" lon="20.069581">
      <ele>1580</ele>
      <time>2026-05-07T12:49:12Z</time>
    </trkpt>
    <trkpt lat="49.211146" lon="20.069586">
      <ele>1579</ele>
      <time>2026-05-07T12:49:24Z</time>
    </trkpt>
    <trkpt lat="49.211079" lon="20.069591">
      <ele>1578</ele>
      <time>2026-05-07T12:49:35Z</time>
    </trkpt>
    <trkpt lat="49.211015" lon="20.06946">
      <ele>1586</ele>
      <time>2026-05-07T12:49:56Z</time>
    </trkpt>
    <trkpt lat="49.210918" lon="20.069315">
      <ele>1592</ele>
      <time>2026-05-07T12:50:20Z</time>
    </trkpt>
    <trkpt lat="49.210888" lon="20.069208">
      <ele>1595</ele>
      <time>2026-05-07T12:50:34Z</time>
    </trkpt>
    <trkpt lat="49.21085" lon="20.069162">
      <ele>1597</ele>
      <time>2026-05-07T12:50:42Z</time>
    </trkpt>
    <trkpt lat="49.210804" lon="20.069232">
      <ele>1594</ele>
      <time>2026-05-07T12:50:54Z</time>
    </trkpt>
    <trkpt lat="49.210699" lon="20.069486">
      <ele>1581</ele>
      <time>2026-05-07T12:51:31Z</time>
    </trkpt>
    <trkpt lat="49.210634" lon="20.069567">
      <ele>1575</ele>
      <time>2026-05-07T12:51:48Z</time>
    </trkpt>
    <trkpt lat="49.210512" lon="20.069691">
      <ele>1567</ele>
      <time>2026-05-07T12:52:15Z</time>
    </trkpt>
    <trkpt lat="49.210433" lon="20.069715">
      <ele>1565</ele>
      <time>2026-05-07T12:52:29Z</time>
    </trkpt>
    <trkpt lat="49.210254" lon="20.069618">
      <ele>1567</ele>
      <time>2026-05-07T12:53:00Z</time>
    </trkpt>
    <trkpt lat="49.210233" lon="20.069613">
      <ele>1566</ele>
      <time>2026-05-07T12:53:04Z</time>
    </trkpt>
    <trkpt lat="49.210222" lon="20.069629">
      <ele>1565</ele>
      <time>2026-05-07T12:53:07Z</time>
    </trkpt>
    <trkpt lat="49.210256" lon="20.069726">
      <ele>1562</ele>
      <time>2026-05-07T12:53:19Z</time>
    </trkpt>
    <trkpt lat="49.210262" lon="20.069756">
      <ele>1561</ele>
      <time>2026-05-07T12:53:23Z</time>
    </trkpt>
    <trkpt lat="49.210259" lon="20.069784">
      <ele>1560</ele>
      <time>2026-05-07T12:53:27Z</time>
    </trkpt>
    <trkpt lat="49.21023" lon="20.069776">
      <ele>1559</ele>
      <time>2026-05-07T12:53:32Z</time>
    </trkpt>
    <trkpt lat="49.210213" lon="20.069792">
      <ele>1558</ele>
      <time>2026-05-07T12:53:35Z</time>
    </trkpt>
    <trkpt lat="49.210235" lon="20.069866">
      <ele>1556</ele>
      <time>2026-05-07T12:53:45Z</time>
    </trkpt>
    <trkpt lat="49.210218" lon="20.069887">
      <ele>1554</ele>
      <time>2026-05-07T12:53:49Z</time>
    </trkpt>
    <trkpt lat="49.210179" lon="20.069876">
      <ele>1554</ele>
      <time>2026-05-07T12:53:56Z</time>
    </trkpt>
    <trkpt lat="49.210077" lon="20.069833">
      <ele>1553</ele>
      <time>2026-05-07T12:54:13Z</time>
    </trkpt>
    <trkpt lat="49.209928" lon="20.069773">
      <ele>1550</ele>
      <time>2026-05-07T12:54:39Z</time>
    </trkpt>
    <trkpt lat="49.209865" lon="20.069747">
      <ele>1549</ele>
      <time>2026-05-07T12:54:50Z</time>
    </trkpt>
    <trkpt lat="49.209793" lon="20.069768">
      <ele>1545</ele>
      <time>2026-05-07T12:55:04Z</time>
    </trkpt>
    <trkpt lat="49.209748" lon="20.069822">
      <ele>1540</ele>
      <time>2026-05-07T12:55:15Z</time>
    </trkpt>
    <trkpt lat="49.209543" lon="20.069854">
      <ele>1533</ele>
      <time>2026-05-07T12:55:51Z</time>
    </trkpt>
    <trkpt lat="49.209283" lon="20.069819">
      <ele>1529</ele>
      <time>2026-05-07T12:56:35Z</time>
    </trkpt>
    <trkpt lat="49.209259" lon="20.069776">
      <ele>1530</ele>
      <time>2026-05-07T12:56:41Z</time>
    </trkpt>
    <trkpt lat="49.209229" lon="20.069755">
      <ele>1530</ele>
      <time>2026-05-07T12:56:46Z</time>
    </trkpt>
    <trkpt lat="49.209204" lon="20.069774">
      <ele>1529</ele>
      <time>2026-05-07T12:56:52Z</time>
    </trkpt>
    <trkpt lat="49.209183" lon="20.069814">
      <ele>1526</ele>
      <time>2026-05-07T12:56:58Z</time>
    </trkpt>
    <trkpt lat="49.20911" lon="20.069817">
      <ele>1524</ele>
      <time>2026-05-07T12:57:11Z</time>
    </trkpt>
    <trkpt lat="49.209052" lon="20.06986">
      <ele>1519</ele>
      <time>2026-05-07T12:57:23Z</time>
    </trkpt>
    <trkpt lat="49.20901" lon="20.069862">
      <ele>1518</ele>
      <time>2026-05-07T12:57:30Z</time>
    </trkpt>
    <trkpt lat="49.208964" lon="20.0699">
      <ele>1514</ele>
      <time>2026-05-07T12:57:41Z</time>
    </trkpt>
    <trkpt lat="49.20884" lon="20.069956">
      <ele>1508</ele>
      <time>2026-05-07T12:58:04Z</time>
    </trkpt>
    <trkpt lat="49.208751" lon="20.069932">
      <ele>1506</ele>
      <time>2026-05-07T12:58:19Z</time>
    </trkpt>
    <trkpt lat="49.208586" lon="20.069994">
      <ele>1500</ele>
      <time>2026-05-07T12:58:49Z</time>
    </trkpt>
    <trkpt lat="49.208361" lon="20.06998">
      <ele>1498</ele>
      <time>2026-05-07T12:59:26Z</time>
    </trkpt>
    <trkpt lat="49.208295" lon="20.069935">
      <ele>1500</ele>
      <time>2026-05-07T12:59:39Z</time>
    </trkpt>
    <trkpt lat="49.208239" lon="20.06994">
      <ele>1499</ele>
      <time>2026-05-07T12:59:48Z</time>
    </trkpt>
    <trkpt lat="49.20779" lon="20.069963">
      <ele>1491</ele>
      <time>2026-05-07T13:01:03Z</time>
    </trkpt>
    <trkpt lat="49.207664" lon="20.069935">
      <ele>1489</ele>
      <time>2026-05-07T13:01:24Z</time>
    </trkpt>
    <trkpt lat="49.20761" lon="20.069854">
      <ele>1492</ele>
      <time>2026-05-07T13:01:37Z</time>
    </trkpt>
    <trkpt lat="49.207575" lon="20.069827">
      <ele>1492</ele>
      <time>2026-05-07T13:01:44Z</time>
    </trkpt>
    <trkpt lat="49.207538" lon="20.069835">
      <ele>1491</ele>
      <time>2026-05-07T13:01:50Z</time>
    </trkpt>
    <trkpt lat="49.207438" lon="20.069843">
      <ele>1488</ele>
      <time>2026-05-07T13:02:07Z</time>
    </trkpt>
    <trkpt lat="49.207377" lon="20.069886">
      <ele>1486</ele>
      <time>2026-05-07T13:02:19Z</time>
    </trkpt>
    <trkpt lat="49.207314" lon="20.069897">
      <ele>1485</ele>
      <time>2026-05-07T13:02:30Z</time>
    </trkpt>
    <trkpt lat="49.207249" lon="20.069935">
      <ele>1482</ele>
      <time>2026-05-07T13:02:42Z</time>
    </trkpt>
    <trkpt lat="49.207154" lon="20.069948">
      <ele>1480</ele>
      <time>2026-05-07T13:02:58Z</time>
    </trkpt>
    <trkpt lat="49.2071" lon="20.069986">
      <ele>1478</ele>
      <time>2026-05-07T13:03:08Z</time>
    </trkpt>
    <trkpt lat="49.207021" lon="20.069986">
      <ele>1476</ele>
      <time>2026-05-07T13:03:22Z</time>
    </trkpt>
    <trkpt lat="49.206874" lon="20.069924">
      <ele>1476</ele>
      <time>2026-05-07T13:03:47Z</time>
    </trkpt>
    <trkpt lat="49.206801" lon="20.069987">
      <ele>1472</ele>
      <time>2026-05-07T13:04:02Z</time>
    </trkpt>
    <trkpt lat="49.2067" lon="20.070125">
      <ele>1466</ele>
      <time>2026-05-07T13:04:26Z</time>
    </trkpt>
    <trkpt lat="49.206555" lon="20.070141">
      <ele>1464</ele>
      <time>2026-05-07T13:04:50Z</time>
    </trkpt>
    <trkpt lat="49.206506" lon="20.070192">
      <ele>1463</ele>
      <time>2026-05-07T13:05:00Z</time>
    </trkpt>
    <trkpt lat="49.206446" lon="20.070227">
      <ele>1461</ele>
      <time>2026-05-07T13:05:11Z</time>
    </trkpt>
    <trkpt lat="49.206322" lon="20.070348">
      <ele>1458</ele>
      <time>2026-05-07T13:05:36Z</time>
    </trkpt>
    <trkpt lat="49.206275" lon="20.070423">
      <ele>1456</ele>
      <time>2026-05-07T13:05:48Z</time>
    </trkpt>
    <trkpt lat="49.206146" lon="20.070535">
      <ele>1452</ele>
      <time>2026-05-07T13:06:13Z</time>
    </trkpt>
    <trkpt lat="49.206061" lon="20.070613">
      <ele>1449</ele>
      <time>2026-05-07T13:06:30Z</time>
    </trkpt>
    <trkpt lat="49.206005" lon="20.070603">
      <ele>1449</ele>
      <time>2026-05-07T13:06:39Z</time>
    </trkpt>
    <trkpt lat="49.205949" lon="20.070627">
      <ele>1449</ele>
      <time>2026-05-07T13:06:49Z</time>
    </trkpt>
    <trkpt lat="49.205901" lon="20.070632">
      <ele>1448</ele>
      <time>2026-05-07T13:06:57Z</time>
    </trkpt>
    <trkpt lat="49.205842" lon="20.07068">
      <ele>1447</ele>
      <time>2026-05-07T13:07:08Z</time>
    </trkpt>
    <trkpt lat="49.205763" lon="20.07071">
      <ele>1445</ele>
      <time>2026-05-07T13:07:22Z</time>
    </trkpt>
    <trkpt lat="49.205673" lon="20.070777">
      <ele>1442</ele>
      <time>2026-05-07T13:07:39Z</time>
    </trkpt>
    <trkpt lat="49.205612" lon="20.070863">
      <ele>1440</ele>
      <time>2026-05-07T13:07:53Z</time>
    </trkpt>
    <trkpt lat="49.205446" lon="20.070946">
      <ele>1436</ele>
      <time>2026-05-07T13:08:23Z</time>
    </trkpt>
    <trkpt lat="49.205386" lon="20.070989">
      <ele>1434</ele>
      <time>2026-05-07T13:08:34Z</time>
    </trkpt>
    <trkpt lat="49.205293" lon="20.071">
      <ele>1432</ele>
      <time>2026-05-07T13:08:50Z</time>
    </trkpt>
    <trkpt lat="49.205237" lon="20.071072">
      <ele>1430</ele>
      <time>2026-05-07T13:09:02Z</time>
    </trkpt>
    <trkpt lat="49.205118" lon="20.071115">
      <ele>1427</ele>
      <time>2026-05-07T13:09:23Z</time>
    </trkpt>
    <trkpt lat="49.204979" lon="20.071174">
      <ele>1423</ele>
      <time>2026-05-07T13:09:47Z</time>
    </trkpt>
    <trkpt lat="49.204853" lon="20.071174">
      <ele>1420</ele>
      <time>2026-05-07T13:10:09Z</time>
    </trkpt>
    <trkpt lat="49.20468" lon="20.071203">
      <ele>1416</ele>
      <time>2026-05-07T13:10:38Z</time>
    </trkpt>
    <trkpt lat="49.204466" lon="20.07119">
      <ele>1411</ele>
      <time>2026-05-07T13:11:14Z</time>
    </trkpt>
    <trkpt lat="49.204361" lon="20.071244">
      <ele>1409</ele>
      <time>2026-05-07T13:11:33Z</time>
    </trkpt>
    <trkpt lat="49.204268" lon="20.071253">
      <ele>1407</ele>
      <time>2026-05-07T13:11:48Z</time>
    </trkpt>
    <trkpt lat="49.204114" lon="20.071176">
      <ele>1406</ele>
      <time>2026-05-07T13:12:15Z</time>
    </trkpt>
    <trkpt lat="49.203817" lon="20.07103">
      <ele>1403</ele>
      <time>2026-05-07T13:13:07Z</time>
    </trkpt>
    <trkpt lat="49.203688" lon="20.070819">
      <ele>1406</ele>
      <time>2026-05-07T13:13:26Z</time>
    </trkpt>
    <trkpt lat="49.203553" lon="20.070624">
      <ele>1406</ele>
      <time>2026-05-07T13:13:45Z</time>
    </trkpt>
    <trkpt lat="49.203306" lon="20.07031">
      <ele>1406</ele>
      <time>2026-05-07T13:14:18Z</time>
    </trkpt>
    <trkpt lat="49.203179" lon="20.070186">
      <ele>1405</ele>
      <time>2026-05-07T13:14:33Z</time>
    </trkpt>
    <trkpt lat="49.2031" lon="20.07014">
      <ele>1404</ele>
      <time>2026-05-07T13:14:42Z</time>
    </trkpt>
    <trkpt lat="49.203033" lon="20.070119">
      <ele>1404</ele>
      <time>2026-05-07T13:14:49Z</time>
    </trkpt>
    <trkpt lat="49.20295" lon="20.070132">
      <ele>1404</ele>
      <time>2026-05-07T13:14:57Z</time>
    </trkpt>
    <trkpt lat="49.202835" lon="20.070168">
      <ele>1403</ele>
      <time>2026-05-07T13:15:09Z</time>
    </trkpt>
    <trkpt lat="49.202549" lon="20.070292">
      <ele>1401</ele>
      <time>2026-05-07T13:15:39Z</time>
    </trkpt>
    <trkpt lat="49.202276" lon="20.070407">
      <ele>1402</ele>
      <time>2026-05-07T13:16:08Z</time>
    </trkpt>
    <trkpt lat="49.201935" lon="20.070583">
      <ele>1402</ele>
      <time>2026-05-07T13:16:45Z</time>
    </trkpt>
    <trkpt lat="49.201829" lon="20.070654">
      <ele>1402</ele>
      <time>2026-05-07T13:16:56Z</time>
    </trkpt>
    <trkpt lat="49.201747" lon="20.070752">
      <ele>1402</ele>
      <time>2026-05-07T13:17:07Z</time>
    </trkpt>
    <trkpt lat="49.20158" lon="20.070957">
      <ele>1402</ele>
      <time>2026-05-07T13:17:37Z</time>
    </trkpt>
    <trkpt lat="49.201518" lon="20.07094">
      <ele>1403</ele>
      <time>2026-05-07T13:17:47Z</time>
    </trkpt>
    <trkpt lat="49.201464" lon="20.070908">
      <ele>1404</ele>
      <time>2026-05-07T13:17:55Z</time>
    </trkpt>
    <trkpt lat="49.201411" lon="20.07081">
      <ele>1406</ele>
      <time>2026-05-07T13:18:07Z</time>
    </trkpt>
    <trkpt lat="49.201313" lon="20.070838">
      <ele>1402</ele>
      <time>2026-05-07T13:18:31Z</time>
    </trkpt>
    <trkpt lat="49.20126" lon="20.070888">
      <ele>1400</ele>
      <time>2026-05-07T13:18:46Z</time>
    </trkpt>
    <trkpt lat="49.201229" lon="20.070882">
      <ele>1400</ele>
      <time>2026-05-07T13:18:54Z</time>
    </trkpt>
    <trkpt lat="49.201182" lon="20.070832">
      <ele>1399</ele>
      <time>2026-05-07T13:19:07Z</time>
    </trkpt>
    <trkpt lat="49.201055" lon="20.071158">
      <ele>1397</ele>
      <time>2026-05-07T13:19:42Z</time>
    </trkpt>
    <trkpt lat="49.200966" lon="20.071332">
      <ele>1396</ele>
      <time>2026-05-07T13:20:02Z</time>
    </trkpt>
    <trkpt lat="49.20091" lon="20.071432">
      <ele>1396</ele>
      <time>2026-05-07T13:20:14Z</time>
    </trkpt>
    <trkpt lat="49.200864" lon="20.071552">
      <ele>1395</ele>
      <time>2026-05-07T13:20:27Z</time>
    </trkpt>
    <trkpt lat="49.200861" lon="20.07175">
      <ele>1395</ele>
      <time>2026-05-07T13:20:45Z</time>
    </trkpt>
    <trkpt lat="49.200875" lon="20.071916">
      <ele>1396</ele>
      <time>2026-05-07T13:21:01Z</time>
    </trkpt>
    <trkpt lat="49.200864" lon="20.072026">
      <ele>1396</ele>
      <time>2026-05-07T13:21:11Z</time>
    </trkpt>
    <trkpt lat="49.200851" lon="20.072117">
      <ele>1397</ele>
      <time>2026-05-07T13:21:20Z</time>
    </trkpt>
    <trkpt lat="49.2009" lon="20.072264">
      <ele>1399</ele>
      <time>2026-05-07T13:21:35Z</time>
    </trkpt>
    <trkpt lat="49.200909" lon="20.072403">
      <ele>1401</ele>
      <time>2026-05-07T13:21:48Z</time>
    </trkpt>
    <trkpt lat="49.20091" lon="20.072469">
      <ele>1402</ele>
      <time>2026-05-07T13:21:54Z</time>
    </trkpt>
    <trkpt lat="49.200902" lon="20.072542">
      <ele>1403</ele>
      <time>2026-05-07T13:22:01Z</time>
    </trkpt>
    <trkpt lat="49.200917" lon="20.072646">
      <ele>1406</ele>
      <time>2026-05-07T13:22:12Z</time>
    </trkpt>
    <trkpt lat="49.200904" lon="20.072789">
      <ele>1409</ele>
      <time>2026-05-07T13:22:25Z</time>
    </trkpt>
    <trkpt lat="49.200827" lon="20.072978">
      <ele>1412</ele>
      <time>2026-05-07T13:22:46Z</time>
    </trkpt>
    <trkpt lat="49.20074" lon="20.073078">
      <ele>1413</ele>
      <time>2026-05-07T13:23:02Z</time>
    </trkpt>
    <trkpt lat="49.200609" lon="20.073163">
      <ele>1414</ele>
      <time>2026-05-07T13:23:22Z</time>
    </trkpt>
    <trkpt lat="49.200507" lon="20.073265">
      <ele>1415</ele>
      <time>2026-05-07T13:23:39Z</time>
    </trkpt>
    <trkpt lat="49.200357" lon="20.073334">
      <ele>1416</ele>
      <time>2026-05-07T13:24:01Z</time>
    </trkpt>
    <trkpt lat="49.200206" lon="20.073347">
      <ele>1413</ele>
      <time>2026-05-07T13:24:22Z</time>
    </trkpt>
    <trkpt lat="49.200167" lon="20.073361">
      <ele>1413</ele>
      <time>2026-05-07T13:24:28Z</time>
    </trkpt>
    <trkpt lat="49.200107" lon="20.073389">
      <ele>1412</ele>
      <time>2026-05-07T13:24:37Z</time>
    </trkpt>
    <trkpt lat="49.199973" lon="20.07345">
      <ele>1411</ele>
      <time>2026-05-07T13:24:57Z</time>
    </trkpt>
    <trkpt lat="49.199847" lon="20.073578">
      <ele>1411</ele>
      <time>2026-05-07T13:25:18Z</time>
    </trkpt>
    <trkpt lat="49.199757" lon="20.073692">
      <ele>1411</ele>
      <time>2026-05-07T13:25:34Z</time>
    </trkpt>
    <trkpt lat="49.199653" lon="20.07376">
      <ele>1410</ele>
      <time>2026-05-07T13:25:50Z</time>
    </trkpt>
    <trkpt lat="49.199528" lon="20.073889">
      <ele>1411</ele>
      <time>2026-05-07T13:26:12Z</time>
    </trkpt>
    <trkpt lat="49.199507" lon="20.073915">
      <ele>1411</ele>
      <time>2026-05-07T13:26:15Z</time>
    </trkpt>
    <trkpt lat="49.199455" lon="20.073968">
      <ele>1411</ele>
      <time>2026-05-07T13:26:24Z</time>
    </trkpt>
    <trkpt lat="49.199376" lon="20.073981">
      <ele>1410</ele>
      <time>2026-05-07T13:26:35Z</time>
    </trkpt>
    <trkpt lat="49.199265" lon="20.073975">
      <ele>1409</ele>
      <time>2026-05-07T13:26:51Z</time>
    </trkpt>
    <trkpt lat="49.199149" lon="20.073959">
      <ele>1408</ele>
      <time>2026-05-07T13:27:07Z</time>
    </trkpt>
    <trkpt lat="49.199108" lon="20.073941">
      <ele>1407</ele>
      <time>2026-05-07T13:27:13Z</time>
    </trkpt>
    <trkpt lat="49.199083" lon="20.073916">
      <ele>1407</ele>
      <time>2026-05-07T13:27:18Z</time>
    </trkpt>
    <trkpt lat="49.199063" lon="20.073886">
      <ele>1406</ele>
      <time>2026-05-07T13:27:22Z</time>
    </trkpt>
    <trkpt lat="49.199044" lon="20.073868">
      <ele>1406</ele>
      <time>2026-05-07T13:27:25Z</time>
    </trkpt>
    <trkpt lat="49.199034" lon="20.073842">
      <ele>1405</ele>
      <time>2026-05-07T13:27:28Z</time>
    </trkpt>
    <trkpt lat="49.199024" lon="20.073783">
      <ele>1404</ele>
      <time>2026-05-07T13:27:33Z</time>
    </trkpt>
    <trkpt lat="49.199016" lon="20.073757">
      <ele>1404</ele>
      <time>2026-05-07T13:27:36Z</time>
    </trkpt>
    <trkpt lat="49.199001" lon="20.073739">
      <ele>1403</ele>
      <time>2026-05-07T13:27:39Z</time>
    </trkpt>
    <trkpt lat="49.19897" lon="20.073699">
      <ele>1402</ele>
      <time>2026-05-07T13:27:45Z</time>
    </trkpt>
    <trkpt lat="49.198925" lon="20.073636">
      <ele>1401</ele>
      <time>2026-05-07T13:27:54Z</time>
    </trkpt>
    <trkpt lat="49.198893" lon="20.073618">
      <ele>1400</ele>
      <time>2026-05-07T13:27:58Z</time>
    </trkpt>
    <trkpt lat="49.198852" lon="20.0736">
      <ele>1399</ele>
      <time>2026-05-07T13:28:05Z</time>
    </trkpt>
    <trkpt lat="49.198815" lon="20.073568">
      <ele>1398</ele>
      <time>2026-05-07T13:28:11Z</time>
    </trkpt>
    <trkpt lat="49.198748" lon="20.073608">
      <ele>1399</ele>
      <time>2026-05-07T13:28:21Z</time>
    </trkpt>
    <trkpt lat="49.198554" lon="20.073673">
      <ele>1399</ele>
      <time>2026-05-07T13:28:49Z</time>
    </trkpt>
    <trkpt lat="49.198467" lon="20.073715">
      <ele>1400</ele>
      <time>2026-05-07T13:29:02Z</time>
    </trkpt>
    <trkpt lat="49.198389" lon="20.073741">
      <ele>1400</ele>
      <time>2026-05-07T13:29:13Z</time>
    </trkpt>
    <trkpt lat="49.198336" lon="20.073744">
      <ele>1400</ele>
      <time>2026-05-07T13:29:20Z</time>
    </trkpt>
    <trkpt lat="49.198287" lon="20.07376">
      <ele>1400</ele>
      <time>2026-05-07T13:29:27Z</time>
    </trkpt>
    <trkpt lat="49.198222" lon="20.073787">
      <ele>1400</ele>
      <time>2026-05-07T13:29:37Z</time>
    </trkpt>
    <trkpt lat="49.198173" lon="20.073814">
      <ele>1400</ele>
      <time>2026-05-07T13:29:44Z</time>
    </trkpt>
    <trkpt lat="49.19811" lon="20.073833">
      <ele>1400</ele>
      <time>2026-05-07T13:29:53Z</time>
    </trkpt>
    <trkpt lat="49.198062" lon="20.073905">
      <ele>1401</ele>
      <time>2026-05-07T13:30:03Z</time>
    </trkpt>
    <trkpt lat="49.198033" lon="20.073939">
      <ele>1402</ele>
      <time>2026-05-07T13:30:08Z</time>
    </trkpt>
    <trkpt lat="49.197999" lon="20.073977">
      <ele>1402</ele>
      <time>2026-05-07T13:30:14Z</time>
    </trkpt>
    <trkpt lat="49.197951" lon="20.074037">
      <ele>1403</ele>
      <time>2026-05-07T13:30:23Z</time>
    </trkpt>
    <trkpt lat="49.19792" lon="20.074071">
      <ele>1404</ele>
      <time>2026-05-07T13:30:28Z</time>
    </trkpt>
    <trkpt lat="49.197874" lon="20.074128">
      <ele>1405</ele>
      <time>2026-05-07T13:30:36Z</time>
    </trkpt>
    <trkpt lat="49.197833" lon="20.074147">
      <ele>1405</ele>
      <time>2026-05-07T13:30:42Z</time>
    </trkpt>
    <trkpt lat="49.197801" lon="20.074155">
      <ele>1406</ele>
      <time>2026-05-07T13:30:47Z</time>
    </trkpt>
    <trkpt lat="49.197765" lon="20.074156">
      <ele>1405</ele>
      <time>2026-05-07T13:30:52Z</time>
    </trkpt>
    <trkpt lat="49.197672" lon="20.074079">
      <ele>1403</ele>
      <time>2026-05-07T13:31:07Z</time>
    </trkpt>
    <trkpt lat="49.197622" lon="20.074042">
      <ele>1402</ele>
      <time>2026-05-07T13:31:15Z</time>
    </trkpt>
    <trkpt lat="49.197582" lon="20.074019">
      <ele>1401</ele>
      <time>2026-05-07T13:31:21Z</time>
    </trkpt>
    <trkpt lat="49.197499" lon="20.074035">
      <ele>1401</ele>
      <time>2026-05-07T13:31:33Z</time>
    </trkpt>
    <trkpt lat="49.197451" lon="20.07401">
      <ele>1401</ele>
      <time>2026-05-07T13:31:40Z</time>
    </trkpt>
    <trkpt lat="49.197416" lon="20.073914">
      <ele>1400</ele>
      <time>2026-05-07T13:31:51Z</time>
    </trkpt>
    <trkpt lat="49.197386" lon="20.073853">
      <ele>1399</ele>
      <time>2026-05-07T13:31:58Z</time>
    </trkpt>
    <trkpt lat="49.197325" lon="20.073765">
      <ele>1398</ele>
      <time>2026-05-07T13:32:09Z</time>
    </trkpt>
    <trkpt lat="49.197228" lon="20.073664">
      <ele>1398</ele>
      <time>2026-05-07T13:32:26Z</time>
    </trkpt>
    <trkpt lat="49.1972" lon="20.073605">
      <ele>1397</ele>
      <time>2026-05-07T13:32:33Z</time>
    </trkpt>
    <trkpt lat="49.197185" lon="20.073557">
      <ele>1397</ele>
      <time>2026-05-07T13:32:38Z</time>
    </trkpt>
    <trkpt lat="49.197161" lon="20.073543">
      <ele>1397</ele>
      <time>2026-05-07T13:32:41Z</time>
    </trkpt>
    <trkpt lat="49.197134" lon="20.073536">
      <ele>1398</ele>
      <time>2026-05-07T13:32:45Z</time>
    </trkpt>
    <trkpt lat="49.1971" lon="20.073529">
      <ele>1398</ele>
      <time>2026-05-07T13:32:50Z</time>
    </trkpt>
    <trkpt lat="49.197049" lon="20.073526">
      <ele>1399</ele>
      <time>2026-05-07T13:32:57Z</time>
    </trkpt>
    <trkpt lat="49.197024" lon="20.073531">
      <ele>1400</ele>
      <time>2026-05-07T13:33:01Z</time>
    </trkpt>
    <trkpt lat="49.196983" lon="20.073539">
      <ele>1401</ele>
      <time>2026-05-07T13:33:07Z</time>
    </trkpt>
    <trkpt lat="49.196864" lon="20.073478">
      <ele>1402</ele>
      <time>2026-05-07T13:33:25Z</time>
    </trkpt>
    <trkpt lat="49.196804" lon="20.073428">
      <ele>1401</ele>
      <time>2026-05-07T13:33:34Z</time>
    </trkpt>
    <trkpt lat="49.196713" lon="20.073304">
      <ele>1399</ele>
      <time>2026-05-07T13:33:52Z</time>
    </trkpt>
    <trkpt lat="49.196595" lon="20.073331">
      <ele>1400</ele>
      <time>2026-05-07T13:34:08Z</time>
    </trkpt>
    <trkpt lat="49.196564" lon="20.07332">
      <ele>1400</ele>
      <time>2026-05-07T13:34:13Z</time>
    </trkpt>
    <trkpt lat="49.196527" lon="20.073291">
      <ele>1400</ele>
      <time>2026-05-07T13:34:19Z</time>
    </trkpt>
    <trkpt lat="49.196496" lon="20.073285">
      <ele>1400</ele>
      <time>2026-05-07T13:34:23Z</time>
    </trkpt>
    <trkpt lat="49.196478" lon="20.073274">
      <ele>1400</ele>
      <time>2026-05-07T13:34:26Z</time>
    </trkpt>
    <trkpt lat="49.196444" lon="20.073245">
      <ele>1399</ele>
      <time>2026-05-07T13:34:31Z</time>
    </trkpt>
    <trkpt lat="49.19642" lon="20.073227">
      <ele>1399</ele>
      <time>2026-05-07T13:34:35Z</time>
    </trkpt>
    <trkpt lat="49.19639" lon="20.073212">
      <ele>1398</ele>
      <time>2026-05-07T13:34:40Z</time>
    </trkpt>
    <trkpt lat="49.196242" lon="20.073172">
      <ele>1396</ele>
      <time>2026-05-07T13:35:01Z</time>
    </trkpt>
    <trkpt lat="49.196127" lon="20.073235">
      <ele>1396</ele>
      <time>2026-05-07T13:35:18Z</time>
    </trkpt>
    <trkpt lat="49.195981" lon="20.073249">
      <ele>1397</ele>
      <time>2026-05-07T13:35:39Z</time>
    </trkpt>
    <trkpt lat="49.195906" lon="20.073288">
      <ele>1398</ele>
      <time>2026-05-07T13:35:50Z</time>
    </trkpt>
    <trkpt lat="49.195715" lon="20.073264">
      <ele>1398</ele>
      <time>2026-05-07T13:36:17Z</time>
    </trkpt>
    <trkpt lat="49.195646" lon="20.073293">
      <ele>1400</ele>
      <time>2026-05-07T13:36:27Z</time>
    </trkpt>
    <trkpt lat="49.195595" lon="20.073279">
      <ele>1400</ele>
      <time>2026-05-07T13:36:34Z</time>
    </trkpt>
    <trkpt lat="49.195566" lon="20.073261">
      <ele>1400</ele>
      <time>2026-05-07T13:36:39Z</time>
    </trkpt>
    <trkpt lat="49.195548" lon="20.073246">
      <ele>1399</ele>
      <time>2026-05-07T13:36:42Z</time>
    </trkpt>
    <trkpt lat="49.195524" lon="20.073228">
      <ele>1399</ele>
      <time>2026-05-07T13:36:45Z</time>
    </trkpt>
    <trkpt lat="49.19549" lon="20.073177">
      <ele>1398</ele>
      <time>2026-05-07T13:36:52Z</time>
    </trkpt>
    <trkpt lat="49.195472" lon="20.073151">
      <ele>1397</ele>
      <time>2026-05-07T13:36:56Z</time>
    </trkpt>
    <trkpt lat="49.195455" lon="20.073114">
      <ele>1396</ele>
      <time>2026-05-07T13:37:00Z</time>
    </trkpt>
    <trkpt lat="49.195437" lon="20.073059">
      <ele>1395</ele>
      <time>2026-05-07T13:37:06Z</time>
    </trkpt>
    <trkpt lat="49.195423" lon="20.073029">
      <ele>1395</ele>
      <time>2026-05-07T13:37:10Z</time>
    </trkpt>
    <trkpt lat="49.195391" lon="20.073008">
      <ele>1395</ele>
      <time>2026-05-07T13:37:14Z</time>
    </trkpt>
    <trkpt lat="49.195333" lon="20.072972">
      <ele>1395</ele>
      <time>2026-05-07T13:37:23Z</time>
    </trkpt>
    <trkpt lat="49.195336" lon="20.072893">
      <ele>1394</ele>
      <time>2026-05-07T13:37:31Z</time>
    </trkpt>
    <trkpt lat="49.195312" lon="20.072849">
      <ele>1394</ele>
      <time>2026-05-07T13:37:36Z</time>
    </trkpt>
    <trkpt lat="49.195261" lon="20.072777">
      <ele>1394</ele>
      <time>2026-05-07T13:37:46Z</time>
    </trkpt>
    <trkpt lat="49.195225" lon="20.07269">
      <ele>1394</ele>
      <time>2026-05-07T13:37:55Z</time>
    </trkpt>
    <trkpt lat="49.195183" lon="20.072647">
      <ele>1394</ele>
      <time>2026-05-07T13:38:02Z</time>
    </trkpt>
    <trkpt lat="49.195106" lon="20.072664">
      <ele>1394</ele>
      <time>2026-05-07T13:38:13Z</time>
    </trkpt>
    <trkpt lat="49.195053" lon="20.072681">
      <ele>1394</ele>
      <time>2026-05-07T13:38:21Z</time>
    </trkpt>
    <trkpt lat="49.195013" lon="20.072664">
      <ele>1394</ele>
      <time>2026-05-07T13:38:27Z</time>
    </trkpt>
    <trkpt lat="49.194986" lon="20.072623">
      <ele>1395</ele>
      <time>2026-05-07T13:38:32Z</time>
    </trkpt>
    <trkpt lat="49.194962" lon="20.072587">
      <ele>1395</ele>
      <time>2026-05-07T13:38:37Z</time>
    </trkpt>
    <trkpt lat="49.194944" lon="20.072565">
      <ele>1395</ele>
      <time>2026-05-07T13:38:40Z</time>
    </trkpt>
    <trkpt lat="49.194918" lon="20.072532">
      <ele>1396</ele>
      <time>2026-05-07T13:38:45Z</time>
    </trkpt>
    <trkpt lat="49.194893" lon="20.072506">
      <ele>1396</ele>
      <time>2026-05-07T13:38:49Z</time>
    </trkpt>
    <trkpt lat="49.194864" lon="20.072492">
      <ele>1397</ele>
      <time>2026-05-07T13:38:53Z</time>
    </trkpt>
    <trkpt lat="49.19483" lon="20.072485">
      <ele>1397</ele>
      <time>2026-05-07T13:38:58Z</time>
    </trkpt>
    <trkpt lat="49.19481" lon="20.072482">
      <ele>1398</ele>
      <time>2026-05-07T13:39:01Z</time>
    </trkpt>
    <trkpt lat="49.194785" lon="20.072467">
      <ele>1398</ele>
      <time>2026-05-07T13:39:05Z</time>
    </trkpt>
    <trkpt lat="49.194763" lon="20.07243">
      <ele>1398</ele>
      <time>2026-05-07T13:39:10Z</time>
    </trkpt>
    <trkpt lat="49.194743" lon="20.072397">
      <ele>1399</ele>
      <time>2026-05-07T13:39:14Z</time>
    </trkpt>
    <trkpt lat="49.194719" lon="20.072372">
      <ele>1399</ele>
      <time>2026-05-07T13:39:18Z</time>
    </trkpt>
    <trkpt lat="49.194677" lon="20.072328">
      <ele>1399</ele>
      <time>2026-05-07T13:39:25Z</time>
    </trkpt>
    <trkpt lat="49.194555" lon="20.072121">
      <ele>1399</ele>
      <time>2026-05-07T13:39:51Z</time>
    </trkpt>
    <trkpt lat="49.194485" lon="20.072031">
      <ele>1399</ele>
      <time>2026-05-07T13:40:03Z</time>
    </trkpt>
    <trkpt lat="49.194453" lon="20.071964">
      <ele>1399</ele>
      <time>2026-05-07T13:40:11Z</time>
    </trkpt>
    <trkpt lat="49.194433" lon="20.071924">
      <ele>1399</ele>
      <time>2026-05-07T13:40:16Z</time>
    </trkpt>
    <trkpt lat="49.194408" lon="20.071891">
      <ele>1398</ele>
      <time>2026-05-07T13:40:20Z</time>
    </trkpt>
    <trkpt lat="49.194374" lon="20.071834">
      <ele>1398</ele>
      <time>2026-05-07T13:40:27Z</time>
    </trkpt>
    <trkpt lat="49.194276" lon="20.071775">
      <ele>1398</ele>
      <time>2026-05-07T13:40:42Z</time>
    </trkpt>
    <trkpt lat="49.194156" lon="20.071695">
      <ele>1397</ele>
      <time>2026-05-07T13:41:01Z</time>
    </trkpt>
    <trkpt lat="49.194044" lon="20.071653">
      <ele>1398</ele>
      <time>2026-05-07T13:41:17Z</time>
    </trkpt>
    <trkpt lat="49.193978" lon="20.071654">
      <ele>1398</ele>
      <time>2026-05-07T13:41:26Z</time>
    </trkpt>
    <trkpt lat="49.193925" lon="20.071655">
      <ele>1398</ele>
      <time>2026-05-07T13:41:34Z</time>
    </trkpt>
    <trkpt lat="49.193893" lon="20.071641">
      <ele>1398</ele>
      <time>2026-05-07T13:41:38Z</time>
    </trkpt>
    <trkpt lat="49.193854" lon="20.071634">
      <ele>1399</ele>
      <time>2026-05-07T13:41:44Z</time>
    </trkpt>
    <trkpt lat="49.193796" lon="20.071639">
      <ele>1400</ele>
      <time>2026-05-07T13:41:52Z</time>
    </trkpt>
    <trkpt lat="49.193762" lon="20.071639">
      <ele>1401</ele>
      <time>2026-05-07T13:41:57Z</time>
    </trkpt>
    <trkpt lat="49.19373" lon="20.071611">
      <ele>1401</ele>
      <time>2026-05-07T13:42:02Z</time>
    </trkpt>
    <trkpt lat="49.193635" lon="20.071378">
      <ele>1399</ele>
      <time>2026-05-07T13:42:27Z</time>
    </trkpt>
    <trkpt lat="49.193634" lon="20.071242">
      <ele>1398</ele>
      <time>2026-05-07T13:42:40Z</time>
    </trkpt>
    <trkpt lat="49.193638" lon="20.071179">
      <ele>1397</ele>
      <time>2026-05-07T13:42:46Z</time>
    </trkpt>
    <trkpt lat="49.193642" lon="20.071097">
      <ele>1396</ele>
      <time>2026-05-07T13:42:54Z</time>
    </trkpt>
    <trkpt lat="49.193646" lon="20.071066">
      <ele>1396</ele>
      <time>2026-05-07T13:42:57Z</time>
    </trkpt>
    <trkpt lat="49.193649" lon="20.071045">
      <ele>1396</ele>
      <time>2026-05-07T13:42:59Z</time>
    </trkpt>
    <trkpt lat="49.193634" lon="20.070964">
      <ele>1395</ele>
      <time>2026-05-07T13:43:06Z</time>
    </trkpt>
    <trkpt lat="49.193616" lon="20.070875">
      <ele>1394</ele>
      <time>2026-05-07T13:43:15Z</time>
    </trkpt>
    <trkpt lat="49.193613" lon="20.070775">
      <ele>1394</ele>
      <time>2026-05-07T13:43:24Z</time>
    </trkpt>
    <trkpt lat="49.193619" lon="20.0707">
      <ele>1394</ele>
      <time>2026-05-07T13:43:31Z</time>
    </trkpt>
    <trkpt lat="49.193631" lon="20.070633">
      <ele>1394</ele>
      <time>2026-05-07T13:43:38Z</time>
    </trkpt>
    <trkpt lat="49.193623" lon="20.070559">
      <ele>1394</ele>
      <time>2026-05-07T13:43:44Z</time>
    </trkpt>
    <trkpt lat="49.193603" lon="20.070493">
      <ele>1394</ele>
      <time>2026-05-07T13:43:51Z</time>
    </trkpt>
    <trkpt lat="49.193576" lon="20.070434">
      <ele>1395</ele>
      <time>2026-05-07T13:43:58Z</time>
    </trkpt>
    <trkpt lat="49.193521" lon="20.070379">
      <ele>1395</ele>
      <time>2026-05-07T13:44:07Z</time>
    </trkpt>
    <trkpt lat="49.193482" lon="20.070412">
      <ele>1397</ele>
      <time>2026-05-07T13:44:23Z</time>
    </trkpt>
    <trkpt lat="49.193432" lon="20.070455">
      <ele>1398</ele>
      <time>2026-05-07T13:44:43Z</time>
    </trkpt>
    <trkpt lat="49.193385" lon="20.070458">
      <ele>1399</ele>
      <time>2026-05-07T13:44:59Z</time>
    </trkpt>
    <trkpt lat="49.193358" lon="20.070458">
      <ele>1399</ele>
      <time>2026-05-07T13:45:08Z</time>
    </trkpt>
    <trkpt lat="49.193333" lon="20.070448">
      <ele>1400</ele>
      <time>2026-05-07T13:45:17Z</time>
    </trkpt>
    <trkpt lat="49.193297" lon="20.07042">
      <ele>1401</ele>
      <time>2026-05-07T13:45:31Z</time>
    </trkpt>
    <trkpt lat="49.193278" lon="20.070421">
      <ele>1402</ele>
      <time>2026-05-07T13:45:38Z</time>
    </trkpt>
    <trkpt lat="49.193259" lon="20.070426">
      <ele>1402</ele>
      <time>2026-05-07T13:45:45Z</time>
    </trkpt>
    <trkpt lat="49.193218" lon="20.070448">
      <ele>1404</ele>
      <time>2026-05-07T13:46:00Z</time>
    </trkpt>
    <trkpt lat="49.193156" lon="20.07049">
      <ele>1406</ele>
      <time>2026-05-07T13:46:24Z</time>
    </trkpt>
    <trkpt lat="49.193124" lon="20.070516">
      <ele>1407</ele>
      <time>2026-05-07T13:46:36Z</time>
    </trkpt>
    <trkpt lat="49.193097" lon="20.070539">
      <ele>1408</ele>
      <time>2026-05-07T13:46:47Z</time>
    </trkpt>
    <trkpt lat="49.193044" lon="20.070548">
      <ele>1409</ele>
      <time>2026-05-07T13:47:06Z</time>
    </trkpt>
    <trkpt lat="49.193" lon="20.070534">
      <ele>1410</ele>
      <time>2026-05-07T13:47:21Z</time>
    </trkpt>
    <trkpt lat="49.192961" lon="20.070519">
      <ele>1412</ele>
      <time>2026-05-07T13:47:35Z</time>
    </trkpt>
    <trkpt lat="49.192924" lon="20.070542">
      <ele>1413</ele>
      <time>2026-05-07T13:47:49Z</time>
    </trkpt>
    <trkpt lat="49.192886" lon="20.070613">
      <ele>1414</ele>
      <time>2026-05-07T13:48:10Z</time>
    </trkpt>
    <trkpt lat="49.192836" lon="20.070661">
      <ele>1416</ele>
      <time>2026-05-07T13:48:31Z</time>
    </trkpt>
    <trkpt lat="49.192723" lon="20.07071">
      <ele>1420</ele>
      <time>2026-05-07T13:49:12Z</time>
    </trkpt>
    <trkpt lat="49.192594" lon="20.070764">
      <ele>1426</ele>
      <time>2026-05-07T13:50:01Z</time>
    </trkpt>
    <trkpt lat="49.192439" lon="20.070883">
      <ele>1433</ele>
      <time>2026-05-07T13:51:03Z</time>
    </trkpt>
    <trkpt lat="49.192279" lon="20.070947">
      <ele>1441</ele>
      <time>2026-05-07T13:52:04Z</time>
    </trkpt>
    <trkpt lat="49.192242" lon="20.070969">
      <ele>1443</ele>
      <time>2026-05-07T13:52:19Z</time>
    </trkpt>
    <trkpt lat="49.192209" lon="20.071001">
      <ele>1445</ele>
      <time>2026-05-07T13:52:33Z</time>
    </trkpt>
    <trkpt lat="49.192183" lon="20.071034">
      <ele>1446</ele>
      <time>2026-05-07T13:52:45Z</time>
    </trkpt>
    <trkpt lat="49.192099" lon="20.071072">
      <ele>1448</ele>
      <time>2026-05-07T13:53:16Z</time>
    </trkpt>
    <trkpt lat="49.192071" lon="20.071095">
      <ele>1449</ele>
      <time>2026-05-07T13:53:27Z</time>
    </trkpt>
    <trkpt lat="49.191999" lon="20.071122">
      <ele>1452</ele>
      <time>2026-05-07T13:53:53Z</time>
    </trkpt>
    <trkpt lat="49.191974" lon="20.071168">
      <ele>1453</ele>
      <time>2026-05-07T13:54:07Z</time>
    </trkpt>
    <trkpt lat="49.191888" lon="20.071215">
      <ele>1456</ele>
      <time>2026-05-07T13:54:39Z</time>
    </trkpt>
    <trkpt lat="49.191836" lon="20.071252">
      <ele>1459</ele>
      <time>2026-05-07T13:55:00Z</time>
    </trkpt>
    <trkpt lat="49.191824" lon="20.071285">
      <ele>1460</ele>
      <time>2026-05-07T13:55:08Z</time>
    </trkpt>
    <trkpt lat="49.191829" lon="20.071317">
      <ele>1460</ele>
      <time>2026-05-07T13:55:16Z</time>
    </trkpt>
    <trkpt lat="49.191873" lon="20.071396">
      <ele>1460</ele>
      <time>2026-05-07T13:55:39Z</time>
    </trkpt>
    <trkpt lat="49.191889" lon="20.071436">
      <ele>1460</ele>
      <time>2026-05-07T13:55:49Z</time>
    </trkpt>
    <trkpt lat="49.191897" lon="20.071486">
      <ele>1460</ele>
      <time>2026-05-07T13:56:01Z</time>
    </trkpt>
    <trkpt lat="49.191884" lon="20.071521">
      <ele>1461</ele>
      <time>2026-05-07T13:56:10Z</time>
    </trkpt>
    <trkpt lat="49.191869" lon="20.071528">
      <ele>1462</ele>
      <time>2026-05-07T13:56:15Z</time>
    </trkpt>
    <trkpt lat="49.191853" lon="20.07152">
      <ele>1462</ele>
      <time>2026-05-07T13:56:21Z</time>
    </trkpt>
    <trkpt lat="49.191806" lon="20.071486">
      <ele>1463</ele>
      <time>2026-05-07T13:56:39Z</time>
    </trkpt>
    <trkpt lat="49.191754" lon="20.07148">
      <ele>1464</ele>
      <time>2026-05-07T13:56:57Z</time>
    </trkpt>
    <trkpt lat="49.191705" lon="20.071472">
      <ele>1466</ele>
      <time>2026-05-07T13:57:14Z</time>
    </trkpt>
    <trkpt lat="49.19167" lon="20.071495">
      <ele>1467</ele>
      <time>2026-05-07T13:57:28Z</time>
    </trkpt>
    <trkpt lat="49.191641" lon="20.071506">
      <ele>1468</ele>
      <time>2026-05-07T13:57:39Z</time>
    </trkpt>
    <trkpt lat="49.191609" lon="20.071482">
      <ele>1469</ele>
      <time>2026-05-07T13:57:51Z</time>
    </trkpt>
    <trkpt lat="49.191561" lon="20.071449">
      <ele>1471</ele>
      <time>2026-05-07T13:58:09Z</time>
    </trkpt>
    <trkpt lat="49.191527" lon="20.07144">
      <ele>1472</ele>
      <time>2026-05-07T13:58:21Z</time>
    </trkpt>
    <trkpt lat="49.191494" lon="20.071446">
      <ele>1473</ele>
      <time>2026-05-07T13:58:33Z</time>
    </trkpt>
    <trkpt lat="49.19148" lon="20.071459">
      <ele>1474</ele>
      <time>2026-05-07T13:58:39Z</time>
    </trkpt>
    <trkpt lat="49.191473" lon="20.071494">
      <ele>1475</ele>
      <time>2026-05-07T13:58:48Z</time>
    </trkpt>
    <trkpt lat="49.191437" lon="20.071532">
      <ele>1477</ele>
      <time>2026-05-07T13:59:04Z</time>
    </trkpt>
    <trkpt lat="49.19139" lon="20.071572">
      <ele>1480</ele>
      <time>2026-05-07T13:59:25Z</time>
    </trkpt>
    <trkpt lat="49.19137" lon="20.07158">
      <ele>1482</ele>
      <time>2026-05-07T13:59:33Z</time>
    </trkpt>
    <trkpt lat="49.191356" lon="20.071583">
      <ele>1483</ele>
      <time>2026-05-07T13:59:39Z</time>
    </trkpt>
    <trkpt lat="49.191349" lon="20.071614">
      <ele>1484</ele>
      <time>2026-05-07T13:59:47Z</time>
    </trkpt>
    <trkpt lat="49.191354" lon="20.071638">
      <ele>1484</ele>
      <time>2026-05-07T13:59:52Z</time>
    </trkpt>
    <trkpt lat="49.191373" lon="20.07168">
      <ele>1484</ele>
      <time>2026-05-07T14:00:04Z</time>
    </trkpt>
    <trkpt lat="49.191396" lon="20.071711">
      <ele>1484</ele>
      <time>2026-05-07T14:00:14Z</time>
    </trkpt>
    <trkpt lat="49.191411" lon="20.071735">
      <ele>1483</ele>
      <time>2026-05-07T14:00:22Z</time>
    </trkpt>
    <trkpt lat="49.19142" lon="20.071759">
      <ele>1484</ele>
      <time>2026-05-07T14:00:28Z</time>
    </trkpt>
    <trkpt lat="49.19143" lon="20.071789">
      <ele>1484</ele>
      <time>2026-05-07T14:00:35Z</time>
    </trkpt>
    <trkpt lat="49.191434" lon="20.07182">
      <ele>1484</ele>
      <time>2026-05-07T14:00:42Z</time>
    </trkpt>
    <trkpt lat="49.191435" lon="20.071851">
      <ele>1485</ele>
      <time>2026-05-07T14:00:49Z</time>
    </trkpt>
    <trkpt lat="49.191423" lon="20.071904">
      <ele>1487</ele>
      <time>2026-05-07T14:01:03Z</time>
    </trkpt>
    <trkpt lat="49.191424" lon="20.071934">
      <ele>1487</ele>
      <time>2026-05-07T14:01:10Z</time>
    </trkpt>
    <trkpt lat="49.191427" lon="20.07196">
      <ele>1488</ele>
      <time>2026-05-07T14:01:16Z</time>
    </trkpt>
    <trkpt lat="49.191418" lon="20.071997">
      <ele>1489</ele>
      <time>2026-05-07T14:01:25Z</time>
    </trkpt>
    <trkpt lat="49.191408" lon="20.072033">
      <ele>1490</ele>
      <time>2026-05-07T14:01:35Z</time>
    </trkpt>
    <trkpt lat="49.191402" lon="20.072096">
      <ele>1492</ele>
      <time>2026-05-07T14:01:50Z</time>
    </trkpt>
    <trkpt lat="49.191385" lon="20.072194">
      <ele>1494</ele>
      <time>2026-05-07T14:02:13Z</time>
    </trkpt>
    <trkpt lat="49.191372" lon="20.072224">
      <ele>1496</ele>
      <time>2026-05-07T14:02:22Z</time>
    </trkpt>
    <trkpt lat="49.19137" lon="20.072264">
      <ele>1496</ele>
      <time>2026-05-07T14:02:31Z</time>
    </trkpt>
    <trkpt lat="49.191354" lon="20.072297">
      <ele>1497</ele>
      <time>2026-05-07T14:02:41Z</time>
    </trkpt>
    <trkpt lat="49.191351" lon="20.072329">
      <ele>1497</ele>
      <time>2026-05-07T14:02:48Z</time>
    </trkpt>
    <trkpt lat="49.191354" lon="20.072358">
      <ele>1497</ele>
      <time>2026-05-07T14:02:54Z</time>
    </trkpt>
    <trkpt lat="49.191351" lon="20.072395">
      <ele>1498</ele>
      <time>2026-05-07T14:03:03Z</time>
    </trkpt>
    <trkpt lat="49.191332" lon="20.072422">
      <ele>1499</ele>
      <time>2026-05-07T14:03:12Z</time>
    </trkpt>
    <trkpt lat="49.191334" lon="20.072456">
      <ele>1499</ele>
      <time>2026-05-07T14:03:20Z</time>
    </trkpt>
    <trkpt lat="49.191345" lon="20.072472">
      <ele>1499</ele>
      <time>2026-05-07T14:03:25Z</time>
    </trkpt>
    <trkpt lat="49.191339" lon="20.072523">
      <ele>1500</ele>
      <time>2026-05-07T14:03:37Z</time>
    </trkpt>
    <trkpt lat="49.191322" lon="20.072565">
      <ele>1501</ele>
      <time>2026-05-07T14:03:49Z</time>
    </trkpt>
    <trkpt lat="49.191306" lon="20.072587">
      <ele>1503</ele>
      <time>2026-05-07T14:03:57Z</time>
    </trkpt>
    <trkpt lat="49.191284" lon="20.072604">
      <ele>1504</ele>
      <time>2026-05-07T14:04:06Z</time>
    </trkpt>
    <trkpt lat="49.191264" lon="20.072609">
      <ele>1505</ele>
      <time>2026-05-07T14:04:14Z</time>
    </trkpt>
    <trkpt lat="49.191243" lon="20.072613">
      <ele>1506</ele>
      <time>2026-05-07T14:04:22Z</time>
    </trkpt>
    <trkpt lat="49.19122" lon="20.072612">
      <ele>1507</ele>
      <time>2026-05-07T14:04:30Z</time>
    </trkpt>
    <trkpt lat="49.191177" lon="20.07259">
      <ele>1509</ele>
      <time>2026-05-07T14:04:46Z</time>
    </trkpt>
    <trkpt lat="49.19116" lon="20.072599">
      <ele>1510</ele>
      <time>2026-05-07T14:04:53Z</time>
    </trkpt>
    <trkpt lat="49.19115" lon="20.072627">
      <ele>1511</ele>
      <time>2026-05-07T14:05:01Z</time>
    </trkpt>
    <trkpt lat="49.19115" lon="20.072649">
      <ele>1512</ele>
      <time>2026-05-07T14:05:06Z</time>
    </trkpt>
    <trkpt lat="49.191145" lon="20.072667">
      <ele>1512</ele>
      <time>2026-05-07T14:05:11Z</time>
    </trkpt>
    <trkpt lat="49.191131" lon="20.072674">
      <ele>1513</ele>
      <time>2026-05-07T14:05:17Z</time>
    </trkpt>
    <trkpt lat="49.191103" lon="20.072639">
      <ele>1514</ele>
      <time>2026-05-07T14:05:29Z</time>
    </trkpt>
    <trkpt lat="49.191067" lon="20.072615">
      <ele>1515</ele>
      <time>2026-05-07T14:05:43Z</time>
    </trkpt>
    <trkpt lat="49.191022" lon="20.072606">
      <ele>1517</ele>
      <time>2026-05-07T14:06:00Z</time>
    </trkpt>
    <trkpt lat="49.190895" lon="20.07263">
      <ele>1525</ele>
      <time>2026-05-07T14:06:48Z</time>
    </trkpt>
    <trkpt lat="49.190814" lon="20.072663">
      <ele>1530</ele>
      <time>2026-05-07T14:07:21Z</time>
    </trkpt>
    <trkpt lat="49.190794" lon="20.072681">
      <ele>1531</ele>
      <time>2026-05-07T14:07:30Z</time>
    </trkpt>
    <trkpt lat="49.190776" lon="20.072711">
      <ele>1533</ele>
      <time>2026-05-07T14:07:40Z</time>
    </trkpt>
    <trkpt lat="49.190773" lon="20.072745">
      <ele>1534</ele>
      <time>2026-05-07T14:07:48Z</time>
    </trkpt>
    <trkpt lat="49.190762" lon="20.072761">
      <ele>1535</ele>
      <time>2026-05-07T14:07:54Z</time>
    </trkpt>
    <trkpt lat="49.190744" lon="20.072757">
      <ele>1536</ele>
      <time>2026-05-07T14:08:01Z</time>
    </trkpt>
    <trkpt lat="49.19073" lon="20.072746">
      <ele>1537</ele>
      <time>2026-05-07T14:08:07Z</time>
    </trkpt>
    <trkpt lat="49.19071" lon="20.072742">
      <ele>1538</ele>
      <time>2026-05-07T14:08:14Z</time>
    </trkpt>
    <trkpt lat="49.190697" lon="20.072762">
      <ele>1539</ele>
      <time>2026-05-07T14:08:21Z</time>
    </trkpt>
    <trkpt lat="49.190673" lon="20.072895">
      <ele>1544</ele>
      <time>2026-05-07T14:08:56Z</time>
    </trkpt>
    <trkpt lat="49.190674" lon="20.073062">
      <ele>1548</ele>
      <time>2026-05-07T14:09:35Z</time>
    </trkpt>
    <trkpt lat="49.190669" lon="20.073083">
      <ele>1549</ele>
      <time>2026-05-07T14:09:40Z</time>
    </trkpt>
    <trkpt lat="49.190657" lon="20.07309">
      <ele>1550</ele>
      <time>2026-05-07T14:09:46Z</time>
    </trkpt>
    <trkpt lat="49.190595" lon="20.073046">
      <ele>1554</ele>
      <time>2026-05-07T14:10:11Z</time>
    </trkpt>
    <trkpt lat="49.190527" lon="20.073018">
      <ele>1558</ele>
      <time>2026-05-07T14:10:38Z</time>
    </trkpt>
    <trkpt lat="49.190508" lon="20.073022">
      <ele>1560</ele>
      <time>2026-05-07T14:10:47Z</time>
    </trkpt>
    <trkpt lat="49.190496" lon="20.073051">
      <ele>1562</ele>
      <time>2026-05-07T14:10:56Z</time>
    </trkpt>
    <trkpt lat="49.190494" lon="20.073095">
      <ele>1563</ele>
      <time>2026-05-07T14:11:07Z</time>
    </trkpt>
    <trkpt lat="49.190511" lon="20.073183">
      <ele>1563</ele>
      <time>2026-05-07T14:11:27Z</time>
    </trkpt>
    <trkpt lat="49.190498" lon="20.073277">
      <ele>1565</ele>
      <time>2026-05-07T14:11:49Z</time>
    </trkpt>
    <trkpt lat="49.190489" lon="20.073336">
      <ele>1567</ele>
      <time>2026-05-07T14:12:04Z</time>
    </trkpt>
    <trkpt lat="49.190468" lon="20.073415">
      <ele>1570</ele>
      <time>2026-05-07T14:12:25Z</time>
    </trkpt>
    <trkpt lat="49.190473" lon="20.07344">
      <ele>1570</ele>
      <time>2026-05-07T14:12:31Z</time>
    </trkpt>
    <trkpt lat="49.190482" lon="20.073461">
      <ele>1570</ele>
      <time>2026-05-07T14:12:37Z</time>
    </trkpt>
    <trkpt lat="49.190482" lon="20.073484">
      <ele>1570</ele>
      <time>2026-05-07T14:12:42Z</time>
    </trkpt>
    <trkpt lat="49.190473" lon="20.073511">
      <ele>1572</ele>
      <time>2026-05-07T14:12:49Z</time>
    </trkpt>
    <trkpt lat="49.190458" lon="20.073512">
      <ele>1573</ele>
      <time>2026-05-07T14:12:55Z</time>
    </trkpt>
    <trkpt lat="49.190437" lon="20.073502">
      <ele>1574</ele>
      <time>2026-05-07T14:13:04Z</time>
    </trkpt>
    <trkpt lat="49.190419" lon="20.073502">
      <ele>1575</ele>
      <time>2026-05-07T14:13:11Z</time>
    </trkpt>
    <trkpt lat="49.190401" lon="20.073506">
      <ele>1577</ele>
      <time>2026-05-07T14:13:18Z</time>
    </trkpt>
    <trkpt lat="49.190389" lon="20.073534">
      <ele>1578</ele>
      <time>2026-05-07T14:13:27Z</time>
    </trkpt>
    <trkpt lat="49.190385" lon="20.073569">
      <ele>1579</ele>
      <time>2026-05-07T14:13:36Z</time>
    </trkpt>
    <trkpt lat="49.190378" lon="20.073625">
      <ele>1581</ele>
      <time>2026-05-07T14:13:50Z</time>
    </trkpt>
    <trkpt lat="49.190374" lon="20.0737">
      <ele>1583</ele>
      <time>2026-05-07T14:14:07Z</time>
    </trkpt>
    <trkpt lat="49.190375" lon="20.073777">
      <ele>1581</ele>
      <time>2026-05-07T14:14:29Z</time>
    </trkpt>
    <trkpt lat="49.190375" lon="20.073848">
      <ele>1580</ele>
      <time>2026-05-07T14:14:49Z</time>
    </trkpt>
    <trkpt lat="49.190394" lon="20.073944">
      <ele>1579</ele>
      <time>2026-05-07T14:15:17Z</time>
    </trkpt>
    <trkpt lat="49.190417" lon="20.073993">
      <ele>1578</ele>
      <time>2026-05-07T14:15:33Z</time>
    </trkpt>
    <trkpt lat="49.190485" lon="20.074062">
      <ele>1578</ele>
      <time>2026-05-07T14:16:08Z</time>
    </trkpt>
    <trkpt lat="49.1905" lon="20.074107">
      <ele>1578</ele>
      <time>2026-05-07T14:16:21Z</time>
    </trkpt>
    <trkpt lat="49.190512" lon="20.074172">
      <ele>1578</ele>
      <time>2026-05-07T14:16:40Z</time>
    </trkpt>
    <trkpt lat="49.190533" lon="20.074214">
      <ele>1578</ele>
      <time>2026-05-07T14:16:55Z</time>
    </trkpt>
    <trkpt lat="49.190586" lon="20.074361">
      <ele>1580</ele>
      <time>2026-05-07T14:17:41Z</time>
    </trkpt>
    <trkpt lat="49.190669" lon="20.074609">
      <ele>1582</ele>
      <time>2026-05-07T14:18:57Z</time>
    </trkpt>
    <trkpt lat="49.190738" lon="20.074771">
      <ele>1583</ele>
      <time>2026-05-07T14:19:50Z</time>
    </trkpt>
    <trkpt lat="49.190813" lon="20.074898">
      <ele>1583</ele>
      <time>2026-05-07T14:20:37Z</time>
    </trkpt>
    <trkpt lat="49.190879" lon="20.07506">
      <ele>1584</ele>
      <time>2026-05-07T14:21:30Z</time>
    </trkpt>
    <trkpt lat="49.190952" lon="20.075157">
      <ele>1583</ele>
      <time>2026-05-07T14:22:10Z</time>
    </trkpt>
    <trkpt lat="49.191053" lon="20.075301">
      <ele>1583</ele>
      <time>2026-05-07T14:23:08Z</time>
    </trkpt>
    <trkpt lat="49.191117" lon="20.075376">
      <ele>1583</ele>
      <time>2026-05-07T14:23:42Z</time>
    </trkpt>
    <trkpt lat="49.191142" lon="20.075425">
      <ele>1583</ele>
      <time>2026-05-07T14:23:59Z</time>
    </trkpt>
    <trkpt lat="49.191169" lon="20.075561">
      <ele>1583</ele>
      <time>2026-05-07T14:24:38Z</time>
    </trkpt>
    <trkpt lat="49.191204" lon="20.075733">
      <ele>1583</ele>
      <time>2026-05-07T14:25:27Z</time>
    </trkpt>
    <trkpt lat="49.191243" lon="20.075918">
      <ele>1584</ele>
      <time>2026-05-07T14:26:20Z</time>
    </trkpt>
    <trkpt lat="49.191232" lon="20.076054">
      <ele>1584</ele>
      <time>2026-05-07T14:26:58Z</time>
    </trkpt>
    <trkpt lat="49.191233" lon="20.07617">
      <ele>1585</ele>
      <time>2026-05-07T14:27:29Z</time>
    </trkpt>
    <trkpt lat="49.191234" lon="20.076236">
      <ele>1585</ele>
      <time>2026-05-07T14:27:48Z</time>
    </trkpt>
    <trkpt lat="49.191251" lon="20.076305">
      <ele>1586</ele>
      <time>2026-05-07T14:28:08Z</time>
    </trkpt>
    <trkpt lat="49.191241" lon="20.07635">
      <ele>1586</ele>
      <time>2026-05-07T14:28:21Z</time>
    </trkpt>
    <trkpt lat="49.191212" lon="20.076511">
      <ele>1588</ele>
      <time>2026-05-07T14:29:07Z</time>
    </trkpt>
    <trkpt lat="49.191169" lon="20.076638">
      <ele>1589</ele>
      <time>2026-05-07T14:29:47Z</time>
    </trkpt>
    <trkpt lat="49.191137" lon="20.076686">
      <ele>1589</ele>
      <time>2026-05-07T14:30:05Z</time>
    </trkpt>
    <trkpt lat="49.191121" lon="20.076703">
      <ele>1588</ele>
      <time>2026-05-07T14:30:14Z</time>
    </trkpt>
    <trkpt lat="49.191101" lon="20.07679">
      <ele>1588</ele>
      <time>2026-05-07T14:30:39Z</time>
    </trkpt>
    <trkpt lat="49.191086" lon="20.07681">
      <ele>1588</ele>
      <time>2026-05-07T14:30:47Z</time>
    </trkpt>
    <trkpt lat="49.191087" lon="20.076847">
      <ele>1588</ele>
      <time>2026-05-07T14:30:58Z</time>
    </trkpt>
    <trkpt lat="49.191084" lon="20.076944">
      <ele>1589</ele>
      <time>2026-05-07T14:31:24Z</time>
    </trkpt>
    <trkpt lat="49.191059" lon="20.077028">
      <ele>1588</ele>
      <time>2026-05-07T14:31:49Z</time>
    </trkpt>
    <trkpt lat="49.191042" lon="20.077095">
      <ele>1588</ele>
      <time>2026-05-07T14:32:09Z</time>
    </trkpt>
    <trkpt lat="49.191044" lon="20.077149">
      <ele>1589</ele>
      <time>2026-05-07T14:32:24Z</time>
    </trkpt>
    <trkpt lat="49.191037" lon="20.077204">
      <ele>1589</ele>
      <time>2026-05-07T14:32:39Z</time>
    </trkpt>
    <trkpt lat="49.191014" lon="20.077251">
      <ele>1588</ele>
      <time>2026-05-07T14:32:56Z</time>
    </trkpt>
    <trkpt lat="49.190999" lon="20.077295">
      <ele>1589</ele>
      <time>2026-05-07T14:33:09Z</time>
    </trkpt>
    <trkpt lat="49.1909" lon="20.077413">
      <ele>1586</ele>
      <time>2026-05-07T14:34:03Z</time>
    </trkpt>
    <trkpt lat="49.190865" lon="20.077434">
      <ele>1585</ele>
      <time>2026-05-07T14:34:19Z</time>
    </trkpt>
    <trkpt lat="49.190823" lon="20.077477">
      <ele>1584</ele>
      <time>2026-05-07T14:34:40Z</time>
    </trkpt>
    <trkpt lat="49.190768" lon="20.077554">
      <ele>1585</ele>
      <time>2026-05-07T14:35:12Z</time>
    </trkpt>
    <trkpt lat="49.190682" lon="20.077684">
      <ele>1588</ele>
      <time>2026-05-07T14:36:03Z</time>
    </trkpt>
    <trkpt lat="49.190618" lon="20.077735">
      <ele>1588</ele>
      <time>2026-05-07T14:36:34Z</time>
    </trkpt>
    <trkpt lat="49.190582" lon="20.077758">
      <ele>1588</ele>
      <time>2026-05-07T14:36:50Z</time>
    </trkpt>
    <trkpt lat="49.190559" lon="20.077735">
      <ele>1586</ele>
      <time>2026-05-07T14:37:03Z</time>
    </trkpt>
    <trkpt lat="49.190541" lon="20.077721">
      <ele>1585</ele>
      <time>2026-05-07T14:37:12Z</time>
    </trkpt>
    <trkpt lat="49.190524" lon="20.077729">
      <ele>1585</ele>
      <time>2026-05-07T14:37:19Z</time>
    </trkpt>
    <trkpt lat="49.190506" lon="20.077743">
      <ele>1585</ele>
      <time>2026-05-07T14:37:28Z</time>
    </trkpt>
    <trkpt lat="49.190463" lon="20.077802">
      <ele>1586</ele>
      <time>2026-05-07T14:37:52Z</time>
    </trkpt>
    <trkpt lat="49.190405" lon="20.077898">
      <ele>1587</ele>
      <time>2026-05-07T14:38:28Z</time>
    </trkpt>
    <trkpt lat="49.190382" lon="20.077915">
      <ele>1587</ele>
      <time>2026-05-07T14:38:39Z</time>
    </trkpt>
    <trkpt lat="49.190354" lon="20.077988">
      <ele>1587</ele>
      <time>2026-05-07T14:39:03Z</time>
    </trkpt>
    <trkpt lat="49.190323" lon="20.078065">
      <ele>1588</ele>
      <time>2026-05-07T14:39:27Z</time>
    </trkpt>
    <trkpt lat="49.190276" lon="20.078155">
      <ele>1590</ele>
      <time>2026-05-07T14:40:01Z</time>
    </trkpt>
    <trkpt lat="49.190242" lon="20.0782">
      <ele>1592</ele>
      <time>2026-05-07T14:40:21Z</time>
    </trkpt>
    <trkpt lat="49.190203" lon="20.07827">
      <ele>1594</ele>
      <time>2026-05-07T14:40:47Z</time>
    </trkpt>
    <trkpt lat="49.190159" lon="20.078327">
      <ele>1595</ele>
      <time>2026-05-07T14:41:11Z</time>
    </trkpt>
    <trkpt lat="49.190122" lon="20.078359">
      <ele>1593</ele>
      <time>2026-05-07T14:41:30Z</time>
    </trkpt>
    <trkpt lat="49.190061" lon="20.078368">
      <ele>1590</ele>
      <time>2026-05-07T14:41:59Z</time>
    </trkpt>
    <trkpt lat="49.189973" lon="20.078374">
      <ele>1585</ele>
      <time>2026-05-07T14:42:39Z</time>
    </trkpt>
    <trkpt lat="49.189949" lon="20.078399">
      <ele>1585</ele>
      <time>2026-05-07T14:42:52Z</time>
    </trkpt>
    <trkpt lat="49.189933" lon="20.078415">
      <ele>1585</ele>
      <time>2026-05-07T14:43:00Z</time>
    </trkpt>
    <trkpt lat="49.189893" lon="20.07846">
      <ele>1585</ele>
      <time>2026-05-07T14:43:20Z</time>
    </trkpt>
    <trkpt lat="49.189822" lon="20.078565">
      <ele>1584</ele>
      <time>2026-05-07T14:44:02Z</time>
    </trkpt>
    <trkpt lat="49.189782" lon="20.078623">
      <ele>1582</ele>
      <time>2026-05-07T14:44:26Z</time>
    </trkpt>
    <trkpt lat="49.189741" lon="20.078695">
      <ele>1582</ele>
      <time>2026-05-07T14:44:52Z</time>
    </trkpt>
    <trkpt lat="49.189715" lon="20.078733">
      <ele>1583</ele>
      <time>2026-05-07T14:45:07Z</time>
    </trkpt>
    <trkpt lat="49.189654" lon="20.078791">
      <ele>1583</ele>
      <time>2026-05-07T14:45:37Z</time>
    </trkpt>
    <trkpt lat="49.189556" lon="20.078886">
      <ele>1582</ele>
      <time>2026-05-07T14:46:26Z</time>
    </trkpt>
    <trkpt lat="49.189437" lon="20.078977">
      <ele>1580</ele>
      <time>2026-05-07T14:47:22Z</time>
    </trkpt>
    <trkpt lat="49.18937" lon="20.079058">
      <ele>1581</ele>
      <time>2026-05-07T14:47:58Z</time>
    </trkpt>
    <trkpt lat="49.189273" lon="20.079079">
      <ele>1580</ele>
      <time>2026-05-07T14:48:39Z</time>
    </trkpt>
    <trkpt lat="49.189179" lon="20.079108">
      <ele>1578</ele>
      <time>2026-05-07T14:49:20Z</time>
    </trkpt>
    <trkpt lat="49.189069" lon="20.079182">
      <ele>1579</ele>
      <time>2026-05-07T14:50:10Z</time>
    </trkpt>
    <trkpt lat="49.188984" lon="20.079225">
      <ele>1581</ele>
      <time>2026-05-07T14:50:49Z</time>
    </trkpt>
    <trkpt lat="49.188861" lon="20.079255">
      <ele>1582</ele>
      <time>2026-05-07T14:51:41Z</time>
    </trkpt>
    <trkpt lat="49.188787" lon="20.079306">
      <ele>1584</ele>
      <time>2026-05-07T14:52:16Z</time>
    </trkpt>
    <trkpt lat="49.188695" lon="20.079357">
      <ele>1586</ele>
      <time>2026-05-07T14:52:58Z</time>
    </trkpt>
    <trkpt lat="49.188642" lon="20.079382">
      <ele>1587</ele>
      <time>2026-05-07T14:53:21Z</time>
    </trkpt>
    <trkpt lat="49.188603" lon="20.079396">
      <ele>1588</ele>
      <time>2026-05-07T14:53:38Z</time>
    </trkpt>
    <trkpt lat="49.188564" lon="20.079424">
      <ele>1589</ele>
      <time>2026-05-07T14:53:56Z</time>
    </trkpt>
    <trkpt lat="49.188515" lon="20.079442">
      <ele>1589</ele>
      <time>2026-05-07T14:54:18Z</time>
    </trkpt>
    <trkpt lat="49.188367" lon="20.079452">
      <ele>1588</ele>
      <time>2026-05-07T14:55:20Z</time>
    </trkpt>
    <trkpt lat="49.188321" lon="20.079488">
      <ele>1588</ele>
      <time>2026-05-07T14:55:41Z</time>
    </trkpt>
    <trkpt lat="49.18826" lon="20.079469">
      <ele>1586</ele>
      <time>2026-05-07T14:56:09Z</time>
    </trkpt>
    <trkpt lat="49.188223" lon="20.079494">
      <ele>1585</ele>
      <time>2026-05-07T14:56:26Z</time>
    </trkpt>
    <trkpt lat="49.18821" lon="20.079502">
      <ele>1585</ele>
      <time>2026-05-07T14:56:32Z</time>
    </trkpt>
    <trkpt lat="49.188177" lon="20.079502">
      <ele>1584</ele>
      <time>2026-05-07T14:56:46Z</time>
    </trkpt>
    <trkpt lat="49.188144" lon="20.079503">
      <ele>1583</ele>
      <time>2026-05-07T14:57:01Z</time>
    </trkpt>
    <trkpt lat="49.188096" lon="20.079539">
      <ele>1583</ele>
      <time>2026-05-07T14:57:23Z</time>
    </trkpt>
    <trkpt lat="49.188051" lon="20.079579">
      <ele>1584</ele>
      <time>2026-05-07T14:57:45Z</time>
    </trkpt>
    <trkpt lat="49.187885" lon="20.079654">
      <ele>1588</ele>
      <time>2026-05-07T14:58:59Z</time>
    </trkpt>
    <trkpt lat="49.187784" lon="20.079636">
      <ele>1588</ele>
      <time>2026-05-07T14:59:42Z</time>
    </trkpt>
    <trkpt lat="49.187743" lon="20.079627">
      <ele>1588</ele>
      <time>2026-05-07T14:59:59Z</time>
    </trkpt>
    <trkpt lat="49.187719" lon="20.079585">
      <ele>1588</ele>
      <time>2026-05-07T15:00:15Z</time>
    </trkpt>
    <trkpt lat="49.187707" lon="20.079516">
      <ele>1586</ele>
      <time>2026-05-07T15:00:36Z</time>
    </trkpt>
    <trkpt lat="49.187679" lon="20.079467">
      <ele>1585</ele>
      <time>2026-05-07T15:00:54Z</time>
    </trkpt>
    <trkpt lat="49.187633" lon="20.079406">
      <ele>1584</ele>
      <time>2026-05-07T15:01:19Z</time>
    </trkpt>
    <trkpt lat="49.187594" lon="20.079375">
      <ele>1585</ele>
      <time>2026-05-07T15:01:38Z</time>
    </trkpt>
    <trkpt lat="49.187521" lon="20.079337">
      <ele>1585</ele>
      <time>2026-05-07T15:02:10Z</time>
    </trkpt>
    <trkpt lat="49.187399" lon="20.079248">
      <ele>1584</ele>
      <time>2026-05-07T15:03:07Z</time>
    </trkpt>
    <trkpt lat="49.187243" lon="20.079166">
      <ele>1586</ele>
      <time>2026-05-07T15:04:16Z</time>
    </trkpt>
    <trkpt lat="49.187194" lon="20.079138">
      <ele>1586</ele>
      <time>2026-05-07T15:04:38Z</time>
    </trkpt>
    <trkpt lat="49.187103" lon="20.079137">
      <ele>1586</ele>
      <time>2026-05-07T15:05:16Z</time>
    </trkpt>
    <trkpt lat="49.186996" lon="20.079104">
      <ele>1586</ele>
      <time>2026-05-07T15:06:02Z</time>
    </trkpt>
    <trkpt lat="49.186869" lon="20.079042">
      <ele>1586</ele>
      <time>2026-05-07T15:06:58Z</time>
    </trkpt>
    <trkpt lat="49.18683" lon="20.07901">
      <ele>1586</ele>
      <time>2026-05-07T15:07:16Z</time>
    </trkpt>
    <trkpt lat="49.186802" lon="20.078981">
      <ele>1586</ele>
      <time>2026-05-07T15:07:31Z</time>
    </trkpt>
    <trkpt lat="49.186767" lon="20.078934">
      <ele>1586</ele>
      <time>2026-05-07T15:07:50Z</time>
    </trkpt>
    <trkpt lat="49.186742" lon="20.078916">
      <ele>1586</ele>
      <time>2026-05-07T15:08:02Z</time>
    </trkpt>
    <trkpt lat="49.186708" lon="20.078915">
      <ele>1587</ele>
      <time>2026-05-07T15:08:16Z</time>
    </trkpt>
    <trkpt lat="49.186677" lon="20.078915">
      <ele>1587</ele>
      <time>2026-05-07T15:08:29Z</time>
    </trkpt>
    <trkpt lat="49.186648" lon="20.078924">
      <ele>1588</ele>
      <time>2026-05-07T15:08:42Z</time>
    </trkpt>
    <trkpt lat="49.186634" lon="20.078955">
      <ele>1588</ele>
      <time>2026-05-07T15:08:52Z</time>
    </trkpt>
    <trkpt lat="49.186616" lon="20.079008">
      <ele>1590</ele>
      <time>2026-05-07T15:09:10Z</time>
    </trkpt>
    <trkpt lat="49.186584" lon="20.07903">
      <ele>1591</ele>
      <time>2026-05-07T15:09:25Z</time>
    </trkpt>
    <trkpt lat="49.186558" lon="20.079031">
      <ele>1591</ele>
      <time>2026-05-07T15:09:36Z</time>
    </trkpt>
    <trkpt lat="49.186533" lon="20.078987">
      <ele>1591</ele>
      <time>2026-05-07T15:09:52Z</time>
    </trkpt>
    <trkpt lat="49.186522" lon="20.078972">
      <ele>1591</ele>
      <time>2026-05-07T15:09:58Z</time>
    </trkpt>
    <trkpt lat="49.186473" lon="20.078979">
      <ele>1592</ele>
      <time>2026-05-07T15:10:19Z</time>
    </trkpt>
    <trkpt lat="49.18644" lon="20.078984">
      <ele>1593</ele>
      <time>2026-05-07T15:10:33Z</time>
    </trkpt>
    <trkpt lat="49.186419" lon="20.078992">
      <ele>1593</ele>
      <time>2026-05-07T15:10:42Z</time>
    </trkpt>
    <trkpt lat="49.186389" lon="20.079012">
      <ele>1594</ele>
      <time>2026-05-07T15:10:56Z</time>
    </trkpt>
    <trkpt lat="49.186354" lon="20.078988">
      <ele>1594</ele>
      <time>2026-05-07T15:11:12Z</time>
    </trkpt>
    <trkpt lat="49.18627" lon="20.078997">
      <ele>1595</ele>
      <time>2026-05-07T15:11:48Z</time>
    </trkpt>
    <trkpt lat="49.186189" lon="20.079023">
      <ele>1597</ele>
      <time>2026-05-07T15:12:23Z</time>
    </trkpt>
    <trkpt lat="49.186044" lon="20.079003">
      <ele>1598</ele>
      <time>2026-05-07T15:13:24Z</time>
    </trkpt>
    <trkpt lat="49.185945" lon="20.078958">
      <ele>1600</ele>
      <time>2026-05-07T15:14:08Z</time>
    </trkpt>
    <trkpt lat="49.185908" lon="20.078959">
      <ele>1600</ele>
      <time>2026-05-07T15:14:24Z</time>
    </trkpt>
    <trkpt lat="49.185827" lon="20.079017">
      <ele>1602</ele>
      <time>2026-05-07T15:15:02Z</time>
    </trkpt>
    <trkpt lat="49.185754" lon="20.07909">
      <ele>1605</ele>
      <time>2026-05-07T15:15:40Z</time>
    </trkpt>
    <trkpt lat="49.185665" lon="20.079173">
      <ele>1607</ele>
      <time>2026-05-07T15:16:24Z</time>
    </trkpt>
    <trkpt lat="49.185637" lon="20.079199">
      <ele>1608</ele>
      <time>2026-05-07T15:16:38Z</time>
    </trkpt>
    <trkpt lat="49.185618" lon="20.079193">
      <ele>1609</ele>
      <time>2026-05-07T15:16:47Z</time>
    </trkpt>
    <trkpt lat="49.185597" lon="20.07917">
      <ele>1609</ele>
      <time>2026-05-07T15:16:57Z</time>
    </trkpt>
    <trkpt lat="49.185581" lon="20.079146">
      <ele>1609</ele>
      <time>2026-05-07T15:17:07Z</time>
    </trkpt>
    <trkpt lat="49.185525" lon="20.079062">
      <ele>1612</ele>
      <time>2026-05-07T15:17:42Z</time>
    </trkpt>
    <trkpt lat="49.185498" lon="20.079053">
      <ele>1614</ele>
      <time>2026-05-07T15:17:55Z</time>
    </trkpt>
    <trkpt lat="49.185473" lon="20.079089">
      <ele>1616</ele>
      <time>2026-05-07T15:18:11Z</time>
    </trkpt>
    <trkpt lat="49.185443" lon="20.079147">
      <ele>1618</ele>
      <time>2026-05-07T15:18:33Z</time>
    </trkpt>
    <trkpt lat="49.1854" lon="20.079228">
      <ele>1621</ele>
      <time>2026-05-07T15:19:04Z</time>
    </trkpt>
    <trkpt lat="49.185333" lon="20.079343">
      <ele>1627</ele>
      <time>2026-05-07T15:19:51Z</time>
    </trkpt>
    <trkpt lat="49.185311" lon="20.079368">
      <ele>1628</ele>
      <time>2026-05-07T15:20:04Z</time>
    </trkpt>
    <trkpt lat="49.185291" lon="20.079351">
      <ele>1629</ele>
      <time>2026-05-07T15:20:14Z</time>
    </trkpt>
    <trkpt lat="49.185273" lon="20.079289">
      <ele>1631</ele>
      <time>2026-05-07T15:20:33Z</time>
    </trkpt>
    <trkpt lat="49.185241" lon="20.079258">
      <ele>1633</ele>
      <time>2026-05-07T15:20:51Z</time>
    </trkpt>
    <trkpt lat="49.185201" lon="20.079261">
      <ele>1636</ele>
      <time>2026-05-07T15:21:11Z</time>
    </trkpt>
    <trkpt lat="49.185157" lon="20.079241">
      <ele>1639</ele>
      <time>2026-05-07T15:21:34Z</time>
    </trkpt>
    <trkpt lat="49.185143" lon="20.079247">
      <ele>1640</ele>
      <time>2026-05-07T15:21:41Z</time>
    </trkpt>
    <trkpt lat="49.185122" lon="20.079297">
      <ele>1642</ele>
      <time>2026-05-07T15:21:59Z</time>
    </trkpt>
    <trkpt lat="49.185116" lon="20.079366">
      <ele>1642</ele>
      <time>2026-05-07T15:22:18Z</time>
    </trkpt>
    <trkpt lat="49.185095" lon="20.079371">
      <ele>1644</ele>
      <time>2026-05-07T15:22:29Z</time>
    </trkpt>
    <trkpt lat="49.185008" lon="20.079266">
      <ele>1650</ele>
      <time>2026-05-07T15:23:20Z</time>
    </trkpt>
    <trkpt lat="49.184994" lon="20.079263">
      <ele>1651</ele>
      <time>2026-05-07T15:23:27Z</time>
    </trkpt>
    <trkpt lat="49.184973" lon="20.079273">
      <ele>1652</ele>
      <time>2026-05-07T15:23:38Z</time>
    </trkpt>
    <trkpt lat="49.184942" lon="20.079309">
      <ele>1655</ele>
      <time>2026-05-07T15:23:57Z</time>
    </trkpt>
    <trkpt lat="49.184879" lon="20.079435">
      <ele>1661</ele>
      <time>2026-05-07T15:24:46Z</time>
    </trkpt>
    <trkpt lat="49.184849" lon="20.079506">
      <ele>1666</ele>
      <time>2026-05-07T15:25:15Z</time>
    </trkpt>
    <trkpt lat="49.184835" lon="20.079528">
      <ele>1668</ele>
      <time>2026-05-07T15:25:26Z</time>
    </trkpt>
    <trkpt lat="49.184738" lon="20.079616">
      <ele>1682</ele>
      <time>2026-05-07T15:26:38Z</time>
    </trkpt>
    <trkpt lat="49.184668" lon="20.079638">
      <ele>1690</ele>
      <time>2026-05-07T15:27:22Z</time>
    </trkpt>
    <trkpt lat="49.184656" lon="20.079626">
      <ele>1691</ele>
      <time>2026-05-07T15:27:28Z</time>
    </trkpt>
    <trkpt lat="49.184652" lon="20.0796">
      <ele>1690</ele>
      <time>2026-05-07T15:27:36Z</time>
    </trkpt>
    <trkpt lat="49.184644" lon="20.079553">
      <ele>1688</ele>
      <time>2026-05-07T15:27:52Z</time>
    </trkpt>
    <trkpt lat="49.184641" lon="20.079528">
      <ele>1687</ele>
      <time>2026-05-07T15:28:00Z</time>
    </trkpt>
    <trkpt lat="49.184632" lon="20.079518">
      <ele>1687</ele>
      <time>2026-05-07T15:28:05Z</time>
    </trkpt>
    <trkpt lat="49.184619" lon="20.079525">
      <ele>1689</ele>
      <time>2026-05-07T15:28:13Z</time>
    </trkpt>
    <trkpt lat="49.184611" lon="20.079544">
      <ele>1691</ele>
      <time>2026-05-07T15:28:23Z</time>
    </trkpt>
    <trkpt lat="49.18459" lon="20.079577">
      <ele>1694</ele>
      <time>2026-05-07T15:28:42Z</time>
    </trkpt>
    <trkpt lat="49.184565" lon="20.079599">
      <ele>1698</ele>
      <time>2026-05-07T15:29:00Z</time>
    </trkpt>
    <trkpt lat="49.18454" lon="20.07959">
      <ele>1700</ele>
      <time>2026-05-07T15:29:13Z</time>
    </trkpt>
    <trkpt lat="49.184514" lon="20.079573">
      <ele>1702</ele>
      <time>2026-05-07T15:29:27Z</time>
    </trkpt>
    <trkpt lat="49.184505" lon="20.079562">
      <ele>1702</ele>
      <time>2026-05-07T15:29:32Z</time>
    </trkpt>
    <trkpt lat="49.184503" lon="20.079535">
      <ele>1701</ele>
      <time>2026-05-07T15:29:40Z</time>
    </trkpt>
    <trkpt lat="49.184492" lon="20.079531">
      <ele>1702</ele>
      <time>2026-05-07T15:29:46Z</time>
    </trkpt>
    <trkpt lat="49.184482" lon="20.079549">
      <ele>1704</ele>
      <time>2026-05-07T15:29:56Z</time>
    </trkpt>
    <trkpt lat="49.184471" lon="20.07955">
      <ele>1705</ele>
      <time>2026-05-07T15:30:02Z</time>
    </trkpt>
    <trkpt lat="49.184468" lon="20.079525">
      <ele>1704</ele>
      <time>2026-05-07T15:30:10Z</time>
    </trkpt>
    <trkpt lat="49.184455" lon="20.079539">
      <ele>1706</ele>
      <time>2026-05-07T15:30:19Z</time>
    </trkpt>
    <trkpt lat="49.184442" lon="20.079543">
      <ele>1708</ele>
      <time>2026-05-07T15:30:27Z</time>
    </trkpt>
    <trkpt lat="49.184432" lon="20.079494">
      <ele>1706</ele>
      <time>2026-05-07T15:30:42Z</time>
    </trkpt>
    <trkpt lat="49.184413" lon="20.079478">
      <ele>1707</ele>
      <time>2026-05-07T15:30:51Z</time>
    </trkpt>
    <trkpt lat="49.184396" lon="20.079506">
      <ele>1709</ele>
      <time>2026-05-07T15:31:04Z</time>
    </trkpt>
    <trkpt lat="49.18439" lon="20.079509">
      <ele>1709</ele>
      <time>2026-05-07T15:31:07Z</time>
    </trkpt>
    <trkpt lat="49.184375" lon="20.079516">
      <ele>1710</ele>
      <time>2026-05-07T15:31:15Z</time>
    </trkpt>
    <trkpt lat="49.184368" lon="20.079495">
      <ele>1710</ele>
      <time>2026-05-07T15:31:21Z</time>
    </trkpt>
    <trkpt lat="49.184362" lon="20.079482">
      <ele>1710</ele>
      <time>2026-05-07T15:31:26Z</time>
    </trkpt>
    <trkpt lat="49.18434" lon="20.079497">
      <ele>1711</ele>
      <time>2026-05-07T15:31:37Z</time>
    </trkpt>
    <trkpt lat="49.184334" lon="20.079477">
      <ele>1711</ele>
      <time>2026-05-07T15:31:44Z</time>
    </trkpt>
    <trkpt lat="49.184326" lon="20.07945">
      <ele>1710</ele>
      <time>2026-05-07T15:31:52Z</time>
    </trkpt>
    <trkpt lat="49.184314" lon="20.079427">
      <ele>1710</ele>
      <time>2026-05-07T15:32:00Z</time>
    </trkpt>
    <trkpt lat="49.184295" lon="20.079411">
      <ele>1711</ele>
      <time>2026-05-07T15:32:09Z</time>
    </trkpt>
    <trkpt lat="49.18429" lon="20.079391">
      <ele>1710</ele>
      <time>2026-05-07T15:32:15Z</time>
    </trkpt>
    <trkpt lat="49.184279" lon="20.079364">
      <ele>1710</ele>
      <time>2026-05-07T15:32:24Z</time>
    </trkpt>
    <trkpt lat="49.18426" lon="20.07934">
      <ele>1710</ele>
      <time>2026-05-07T15:32:35Z</time>
    </trkpt>
    <trkpt lat="49.184254" lon="20.079308">
      <ele>1710</ele>
      <time>2026-05-07T15:32:44Z</time>
    </trkpt>
    <trkpt lat="49.184233" lon="20.079318">
      <ele>1711</ele>
      <time>2026-05-07T15:32:55Z</time>
    </trkpt>
    <trkpt lat="49.184228" lon="20.079323">
      <ele>1712</ele>
      <time>2026-05-07T15:32:58Z</time>
    </trkpt>
    <trkpt lat="49.184192" lon="20.079279">
      <ele>1712</ele>
      <time>2026-05-07T15:33:17Z</time>
    </trkpt>
    <trkpt lat="49.184154" lon="20.079228">
      <ele>1713</ele>
      <time>2026-05-07T15:33:39Z</time>
    </trkpt>
    <trkpt lat="49.184119" lon="20.079199">
      <ele>1714</ele>
      <time>2026-05-07T15:33:56Z</time>
    </trkpt>
    <trkpt lat="49.184061" lon="20.079166">
      <ele>1717</ele>
      <time>2026-05-07T15:34:23Z</time>
    </trkpt>
    <trkpt lat="49.184047" lon="20.079169">
      <ele>1718</ele>
      <time>2026-05-07T15:34:30Z</time>
    </trkpt>
    <trkpt lat="49.184047" lon="20.079199">
      <ele>1719</ele>
      <time>2026-05-07T15:34:39Z</time>
    </trkpt>
    <trkpt lat="49.184038" lon="20.079249">
      <ele>1720</ele>
      <time>2026-05-07T15:34:55Z</time>
    </trkpt>
    <trkpt lat="49.184032" lon="20.079274">
      <ele>1721</ele>
      <time>2026-05-07T15:35:03Z</time>
    </trkpt>
    <trkpt lat="49.184022" lon="20.079265">
      <ele>1722</ele>
      <time>2026-05-07T15:35:08Z</time>
    </trkpt>
    <trkpt lat="49.184018" lon="20.079259">
      <ele>1722</ele>
      <time>2026-05-07T15:35:10Z</time>
    </trkpt>
    <trkpt lat="49.183993" lon="20.079239">
      <ele>1723</ele>
      <time>2026-05-07T15:35:23Z</time>
    </trkpt>
    <trkpt lat="49.18397" lon="20.07924">
      <ele>1724</ele>
      <time>2026-05-07T15:35:33Z</time>
    </trkpt>
    <trkpt lat="49.183948" lon="20.079258">
      <ele>1726</ele>
      <time>2026-05-07T15:35:46Z</time>
    </trkpt>
    <trkpt lat="49.18394" lon="20.079265">
      <ele>1726</ele>
      <time>2026-05-07T15:35:50Z</time>
    </trkpt>
    <trkpt lat="49.183932" lon="20.079258">
      <ele>1727</ele>
      <time>2026-05-07T15:35:54Z</time>
    </trkpt>
    <trkpt lat="49.183914" lon="20.079234">
      <ele>1727</ele>
      <time>2026-05-07T15:36:04Z</time>
    </trkpt>
    <trkpt lat="49.183899" lon="20.079241">
      <ele>1728</ele>
      <time>2026-05-07T15:36:12Z</time>
    </trkpt>
    <trkpt lat="49.183876" lon="20.079228">
      <ele>1729</ele>
      <time>2026-05-07T15:36:23Z</time>
    </trkpt>
    <trkpt lat="49.183841" lon="20.079193">
      <ele>1731</ele>
      <time>2026-05-07T15:36:42Z</time>
    </trkpt>
    <trkpt lat="49.183821" lon="20.079182">
      <ele>1733</ele>
      <time>2026-05-07T15:36:53Z</time>
    </trkpt>
    <trkpt lat="49.183801" lon="20.079143">
      <ele>1733</ele>
      <time>2026-05-07T15:37:06Z</time>
    </trkpt>
    <trkpt lat="49.183754" lon="20.079129">
      <ele>1737</ele>
      <time>2026-05-07T15:37:30Z</time>
    </trkpt>
    <trkpt lat="49.18373" lon="20.079118">
      <ele>1738</ele>
      <time>2026-05-07T15:37:42Z</time>
    </trkpt>
    <trkpt lat="49.183693" lon="20.079031">
      <ele>1738</ele>
      <time>2026-05-07T15:38:11Z</time>
    </trkpt>
    <trkpt lat="49.183684" lon="20.078994">
      <ele>1737</ele>
      <time>2026-05-07T15:38:22Z</time>
    </trkpt>
    <trkpt lat="49.183655" lon="20.078961">
      <ele>1739</ele>
      <time>2026-05-07T15:38:38Z</time>
    </trkpt>
    <trkpt lat="49.183625" lon="20.078924">
      <ele>1740</ele>
      <time>2026-05-07T15:38:54Z</time>
    </trkpt>
    <trkpt lat="49.183605" lon="20.078897">
      <ele>1741</ele>
      <time>2026-05-07T15:39:06Z</time>
    </trkpt>
    <trkpt lat="49.183571" lon="20.078835">
      <ele>1741</ele>
      <time>2026-05-07T15:39:28Z</time>
    </trkpt>
    <trkpt lat="49.183536" lon="20.078807">
      <ele>1743</ele>
      <time>2026-05-07T15:39:46Z</time>
    </trkpt>
    <trkpt lat="49.183494" lon="20.078809">
      <ele>1747</ele>
      <time>2026-05-07T15:40:09Z</time>
    </trkpt>
    <trkpt lat="49.183472" lon="20.078799">
      <ele>1748</ele>
      <time>2026-05-07T15:40:20Z</time>
    </trkpt>
    <trkpt lat="49.183417" lon="20.078769">
      <ele>1752</ele>
      <time>2026-05-07T15:40:48Z</time>
    </trkpt>
    <trkpt lat="49.183368" lon="20.078714">
      <ele>1754</ele>
      <time>2026-05-07T15:41:15Z</time>
    </trkpt>
    <trkpt lat="49.183332" lon="20.078689">
      <ele>1756</ele>
      <time>2026-05-07T15:41:33Z</time>
    </trkpt>
    <trkpt lat="49.183298" lon="20.078676">
      <ele>1759</ele>
      <time>2026-05-07T15:41:51Z</time>
    </trkpt>
    <trkpt lat="49.183256" lon="20.078666">
      <ele>1763</ele>
      <time>2026-05-07T15:42:14Z</time>
    </trkpt>
    <trkpt lat="49.183239" lon="20.07863">
      <ele>1763</ele>
      <time>2026-05-07T15:42:26Z</time>
    </trkpt>
    <trkpt lat="49.183229" lon="20.078592">
      <ele>1763</ele>
      <time>2026-05-07T15:42:37Z</time>
    </trkpt>
    <trkpt lat="49.183226" lon="20.078555">
      <ele>1762</ele>
      <time>2026-05-07T15:42:48Z</time>
    </trkpt>
    <trkpt lat="49.183221" lon="20.078524">
      <ele>1762</ele>
      <time>2026-05-07T15:42:57Z</time>
    </trkpt>
    <trkpt lat="49.18321" lon="20.078503">
      <ele>1762</ele>
      <time>2026-05-07T15:43:04Z</time>
    </trkpt>
    <trkpt lat="49.183197" lon="20.07845">
      <ele>1762</ele>
      <time>2026-05-07T15:43:20Z</time>
    </trkpt>
    <trkpt lat="49.183184" lon="20.078422">
      <ele>1762</ele>
      <time>2026-05-07T15:43:29Z</time>
    </trkpt>
    <trkpt lat="49.183164" lon="20.078411">
      <ele>1764</ele>
      <time>2026-05-07T15:43:40Z</time>
    </trkpt>
    <trkpt lat="49.183158" lon="20.078422">
      <ele>1765</ele>
      <time>2026-05-07T15:43:45Z</time>
    </trkpt>
    <trkpt lat="49.183148" lon="20.078466">
      <ele>1767</ele>
      <time>2026-05-07T15:44:01Z</time>
    </trkpt>
    <trkpt lat="49.183127" lon="20.078476">
      <ele>1769</ele>
      <time>2026-05-07T15:44:13Z</time>
    </trkpt>
    <trkpt lat="49.183114" lon="20.078473">
      <ele>1770</ele>
      <time>2026-05-07T15:44:20Z</time>
    </trkpt>
    <trkpt lat="49.183096" lon="20.078457">
      <ele>1771</ele>
      <time>2026-05-07T15:44:30Z</time>
    </trkpt>
    <trkpt lat="49.183073" lon="20.078458">
      <ele>1774</ele>
      <time>2026-05-07T15:44:42Z</time>
    </trkpt>
    <trkpt lat="49.183056" lon="20.078446">
      <ele>1775</ele>
      <time>2026-05-07T15:44:51Z</time>
    </trkpt>
    <trkpt lat="49.183041" lon="20.078445">
      <ele>1776</ele>
      <time>2026-05-07T15:45:00Z</time>
    </trkpt>
    <trkpt lat="49.183008" lon="20.078405">
      <ele>1778</ele>
      <time>2026-05-07T15:45:18Z</time>
    </trkpt>
    <trkpt lat="49.182972" lon="20.078368">
      <ele>1780</ele>
      <time>2026-05-07T15:45:38Z</time>
    </trkpt>
    <trkpt lat="49.182957" lon="20.078371">
      <ele>1781</ele>
      <time>2026-05-07T15:45:47Z</time>
    </trkpt>
    <trkpt lat="49.182954" lon="20.078373">
      <ele>1782</ele>
      <time>2026-05-07T15:45:49Z</time>
    </trkpt>
    <trkpt lat="49.182941" lon="20.078398">
      <ele>1784</ele>
      <time>2026-05-07T15:46:01Z</time>
    </trkpt>
    <trkpt lat="49.182922" lon="20.078416">
      <ele>1786</ele>
      <time>2026-05-07T15:46:14Z</time>
    </trkpt>
    <trkpt lat="49.182904" lon="20.078412">
      <ele>1788</ele>
      <time>2026-05-07T15:46:24Z</time>
    </trkpt>
    <trkpt lat="49.182891" lon="20.078373">
      <ele>1788</ele>
      <time>2026-05-07T15:46:36Z</time>
    </trkpt>
    <trkpt lat="49.182876" lon="20.078353">
      <ele>1788</ele>
      <time>2026-05-07T15:46:44Z</time>
    </trkpt>
    <trkpt lat="49.182862" lon="20.078329">
      <ele>1789</ele>
      <time>2026-05-07T15:46:53Z</time>
    </trkpt>
    <trkpt lat="49.182846" lon="20.078317">
      <ele>1790</ele>
      <time>2026-05-07T15:47:02Z</time>
    </trkpt>
    <trkpt lat="49.182824" lon="20.078316">
      <ele>1792</ele>
      <time>2026-05-07T15:47:14Z</time>
    </trkpt>
    <trkpt lat="49.182785" lon="20.078277">
      <ele>1794</ele>
      <time>2026-05-07T15:47:35Z</time>
    </trkpt>
    <trkpt lat="49.182771" lon="20.078237">
      <ele>1794</ele>
      <time>2026-05-07T15:47:47Z</time>
    </trkpt>
    <trkpt lat="49.182757" lon="20.078227">
      <ele>1795</ele>
      <time>2026-05-07T15:47:55Z</time>
    </trkpt>
    <trkpt lat="49.182719" lon="20.078224">
      <ele>1799</ele>
      <time>2026-05-07T15:48:17Z</time>
    </trkpt>
    <trkpt lat="49.182695" lon="20.078222">
      <ele>1801</ele>
      <time>2026-05-07T15:48:30Z</time>
    </trkpt>
    <trkpt lat="49.182689" lon="20.078201">
      <ele>1802</ele>
      <time>2026-05-07T15:48:37Z</time>
    </trkpt>
    <trkpt lat="49.18267" lon="20.078177">
      <ele>1803</ele>
      <time>2026-05-07T15:48:49Z</time>
    </trkpt>
    <trkpt lat="49.182657" lon="20.078183">
      <ele>1805</ele>
      <time>2026-05-07T15:48:57Z</time>
    </trkpt>
    <trkpt lat="49.182637" lon="20.078169">
      <ele>1807</ele>
      <time>2026-05-07T15:49:09Z</time>
    </trkpt>
    <trkpt lat="49.182624" lon="20.078129">
      <ele>1808</ele>
      <time>2026-05-07T15:49:21Z</time>
    </trkpt>
    <trkpt lat="49.182593" lon="20.078149">
      <ele>1812</ele>
      <time>2026-05-07T15:49:42Z</time>
    </trkpt>
    <trkpt lat="49.182573" lon="20.078147">
      <ele>1814</ele>
      <time>2026-05-07T15:49:54Z</time>
    </trkpt>
    <trkpt lat="49.182551" lon="20.078128">
      <ele>1816</ele>
      <time>2026-05-07T15:50:08Z</time>
    </trkpt>
    <trkpt lat="49.182525" lon="20.078106">
      <ele>1819</ele>
      <time>2026-05-07T15:50:25Z</time>
    </trkpt>
    <trkpt lat="49.182467" lon="20.078109">
      <ele>1826</ele>
      <time>2026-05-07T15:50:58Z</time>
    </trkpt>
    <trkpt lat="49.182362" lon="20.078114">
      <ele>1835</ele>
      <time>2026-05-07T15:51:56Z</time>
    </trkpt>
    <trkpt lat="49.182255" lon="20.078113">
      <ele>1845</ele>
      <time>2026-05-07T15:52:54Z</time>
    </trkpt>
    <trkpt lat="49.182068" lon="20.078083">
      <ele>1865</ele>
      <time>2026-05-07T15:54:43Z</time>
    </trkpt>
    <trkpt lat="49.18198" lon="20.078027">
      <ele>1874</ele>
      <time>2026-05-07T15:55:35Z</time>
    </trkpt>
    <trkpt lat="49.181933" lon="20.078025">
      <ele>1879</ele>
      <time>2026-05-07T15:56:03Z</time>
    </trkpt>
    <trkpt lat="49.181889" lon="20.078041">
      <ele>1884</ele>
      <time>2026-05-07T15:56:29Z</time>
    </trkpt>
    <trkpt lat="49.181876" lon="20.078009">
      <ele>1885</ele>
      <time>2026-05-07T15:56:40Z</time>
    </trkpt>
    <trkpt lat="49.181842" lon="20.077938">
      <ele>1887</ele>
      <time>2026-05-07T15:57:05Z</time>
    </trkpt>
    <trkpt lat="49.181815" lon="20.07793">
      <ele>1890</ele>
      <time>2026-05-07T15:57:20Z</time>
    </trkpt>
    <trkpt lat="49.181799" lon="20.077991">
      <ele>1892</ele>
      <time>2026-05-07T15:57:42Z</time>
    </trkpt>
    <trkpt lat="49.181791" lon="20.07805">
      <ele>1895</ele>
      <time>2026-05-07T15:58:00Z</time>
    </trkpt>
    <trkpt lat="49.181787" lon="20.078069">
      <ele>1895</ele>
      <time>2026-05-07T15:58:06Z</time>
    </trkpt>
    <trkpt lat="49.181722" lon="20.078012">
      <ele>1901</ele>
      <time>2026-05-07T15:58:44Z</time>
    </trkpt>
    <trkpt lat="49.181699" lon="20.077996">
      <ele>1903</ele>
      <time>2026-05-07T15:58:57Z</time>
    </trkpt>
    <trkpt lat="49.181685" lon="20.078003">
      <ele>1904</ele>
      <time>2026-05-07T15:59:05Z</time>
    </trkpt>
    <trkpt lat="49.181647" lon="20.078096">
      <ele>1910</ele>
      <time>2026-05-07T15:59:42Z</time>
    </trkpt>
    <trkpt lat="49.181633" lon="20.078114">
      <ele>1912</ele>
      <time>2026-05-07T15:59:52Z</time>
    </trkpt>
    <trkpt lat="49.181585" lon="20.078056">
      <ele>1916</ele>
      <time>2026-05-07T16:00:22Z</time>
    </trkpt>
    <trkpt lat="49.181569" lon="20.07806">
      <ele>1918</ele>
      <time>2026-05-07T16:00:31Z</time>
    </trkpt>
    <trkpt lat="49.181526" lon="20.078157">
      <ele>1923</ele>
      <time>2026-05-07T16:01:09Z</time>
    </trkpt>
    <trkpt lat="49.1815" lon="20.07826">
      <ele>1927</ele>
      <time>2026-05-07T16:01:43Z</time>
    </trkpt>
    <trkpt lat="49.181469" lon="20.078304">
      <ele>1930</ele>
      <time>2026-05-07T16:02:05Z</time>
    </trkpt>
    <trkpt lat="49.181434" lon="20.078265">
      <ele>1933</ele>
      <time>2026-05-07T16:02:26Z</time>
    </trkpt>
    <trkpt lat="49.181418" lon="20.078257">
      <ele>1935</ele>
      <time>2026-05-07T16:02:35Z</time>
    </trkpt>
    <trkpt lat="49.181377" lon="20.078258">
      <ele>1939</ele>
      <time>2026-05-07T16:02:59Z</time>
    </trkpt>
    <trkpt lat="49.181356" lon="20.078266">
      <ele>1941</ele>
      <time>2026-05-07T16:03:11Z</time>
    </trkpt>
    <trkpt lat="49.181346" lon="20.078298">
      <ele>1942</ele>
      <time>2026-05-07T16:03:21Z</time>
    </trkpt>
    <trkpt lat="49.181347" lon="20.07835">
      <ele>1943</ele>
      <time>2026-05-07T16:03:36Z</time>
    </trkpt>
    <trkpt lat="49.18134" lon="20.078378">
      <ele>1946</ele>
      <time>2026-05-07T16:03:48Z</time>
    </trkpt>
    <trkpt lat="49.18132" lon="20.078386">
      <ele>1948</ele>
      <time>2026-05-07T16:04:00Z</time>
    </trkpt>
    <trkpt lat="49.181269" lon="20.07837">
      <ele>1952</ele>
      <time>2026-05-07T16:04:26Z</time>
    </trkpt>
    <trkpt lat="49.181247" lon="20.07837">
      <ele>1954</ele>
      <time>2026-05-07T16:04:38Z</time>
    </trkpt>
    <trkpt lat="49.181237" lon="20.078363">
      <ele>1954</ele>
      <time>2026-05-07T16:04:43Z</time>
    </trkpt>
    <trkpt lat="49.181227" lon="20.078361">
      <ele>1955</ele>
      <time>2026-05-07T16:04:48Z</time>
    </trkpt>
    <trkpt lat="49.181194" lon="20.078303">
      <ele>1957</ele>
      <time>2026-05-07T16:05:10Z</time>
    </trkpt>
    <trkpt lat="49.181136" lon="20.078376">
      <ele>1964</ele>
      <time>2026-05-07T16:05:52Z</time>
    </trkpt>
    <trkpt lat="49.181115" lon="20.078437">
      <ele>1969</ele>
      <time>2026-05-07T16:06:18Z</time>
    </trkpt>
    <trkpt lat="49.181085" lon="20.078517">
      <ele>1975</ele>
      <time>2026-05-07T16:06:52Z</time>
    </trkpt>
    <trkpt lat="49.181055" lon="20.078589">
      <ele>1980</ele>
      <time>2026-05-07T16:07:23Z</time>
    </trkpt>
    <trkpt lat="49.181046" lon="20.078623">
      <ele>1983</ele>
      <time>2026-05-07T16:07:36Z</time>
    </trkpt>
    <trkpt lat="49.181015" lon="20.078622">
      <ele>1985</ele>
      <time>2026-05-07T16:07:52Z</time>
    </trkpt>
    <trkpt lat="49.180991" lon="20.078628">
      <ele>1987</ele>
      <time>2026-05-07T16:08:05Z</time>
    </trkpt>
    <trkpt lat="49.180983" lon="20.078664">
      <ele>1989</ele>
      <time>2026-05-07T16:08:18Z</time>
    </trkpt>
    <trkpt lat="49.180965" lon="20.078655">
      <ele>1990</ele>
      <time>2026-05-07T16:08:27Z</time>
    </trkpt>
    <trkpt lat="49.180956" lon="20.078697">
      <ele>1993</ele>
      <time>2026-05-07T16:08:42Z</time>
    </trkpt>
    <trkpt lat="49.180956" lon="20.078718">
      <ele>1993</ele>
      <time>2026-05-07T16:08:48Z</time>
    </trkpt>
    <trkpt lat="49.180949" lon="20.078739">
      <ele>1995</ele>
      <time>2026-05-07T16:08:56Z</time>
    </trkpt>
    <trkpt lat="49.180915" lon="20.078751">
      <ele>1998</ele>
      <time>2026-05-07T16:09:15Z</time>
    </trkpt>
    <trkpt lat="49.18085" lon="20.078825">
      <ele>2005</ele>
      <time>2026-05-07T16:09:58Z</time>
    </trkpt>
    <trkpt lat="49.180837" lon="20.078867">
      <ele>2007</ele>
      <time>2026-05-07T16:10:13Z</time>
    </trkpt>
    <trkpt lat="49.180849" lon="20.078964">
      <ele>2009</ele>
      <time>2026-05-07T16:10:41Z</time>
    </trkpt>
    <trkpt lat="49.180865" lon="20.079033">
      <ele>2009</ele>
      <time>2026-05-07T16:11:01Z</time>
    </trkpt>
    <trkpt lat="49.180868" lon="20.079063">
      <ele>2010</ele>
      <time>2026-05-07T16:11:10Z</time>
    </trkpt>
    <trkpt lat="49.18086" lon="20.079083">
      <ele>2011</ele>
      <time>2026-05-07T16:11:17Z</time>
    </trkpt>
    <trkpt lat="49.18085" lon="20.0791">
      <ele>2012</ele>
      <time>2026-05-07T16:11:25Z</time>
    </trkpt>
    <trkpt lat="49.180851" lon="20.079128">
      <ele>2013</ele>
      <time>2026-05-07T16:11:33Z</time>
    </trkpt>
    <trkpt lat="49.180859" lon="20.079152">
      <ele>2013</ele>
      <time>2026-05-07T16:11:40Z</time>
    </trkpt>
    <trkpt lat="49.180865" lon="20.079194">
      <ele>2014</ele>
      <time>2026-05-07T16:11:53Z</time>
    </trkpt>
    <trkpt lat="49.180864" lon="20.079218">
      <ele>2015</ele>
      <time>2026-05-07T16:12:00Z</time>
    </trkpt>
    <trkpt lat="49.18085" lon="20.079234">
      <ele>2016</ele>
      <time>2026-05-07T16:12:09Z</time>
    </trkpt>
    <trkpt lat="49.180856" lon="20.079277">
      <ele>2018</ele>
      <time>2026-05-07T16:12:22Z</time>
    </trkpt>
    <trkpt lat="49.180857" lon="20.079315">
      <ele>2019</ele>
      <time>2026-05-07T16:12:33Z</time>
    </trkpt>
    <trkpt lat="49.180854" lon="20.079342">
      <ele>2020</ele>
      <time>2026-05-07T16:12:42Z</time>
    </trkpt>
    <trkpt lat="49.180843" lon="20.079377">
      <ele>2022</ele>
      <time>2026-05-07T16:12:54Z</time>
    </trkpt>
    <trkpt lat="49.1808" lon="20.079384">
      <ele>2025</ele>
      <time>2026-05-07T16:13:16Z</time>
    </trkpt>
    <trkpt lat="49.18079" lon="20.0794">
      <ele>2027</ele>
      <time>2026-05-07T16:13:24Z</time>
    </trkpt>
    <trkpt lat="49.180794" lon="20.07947">
      <ele>2029</ele>
      <time>2026-05-07T16:13:45Z</time>
    </trkpt>
    <trkpt lat="49.180767" lon="20.07949">
      <ele>2032</ele>
      <time>2026-05-07T16:14:02Z</time>
    </trkpt>
    <trkpt lat="49.180722" lon="20.079503">
      <ele>2036</ele>
      <time>2026-05-07T16:14:26Z</time>
    </trkpt>
    <trkpt lat="49.180735" lon="20.079567">
      <ele>2037</ele>
      <time>2026-05-07T16:14:45Z</time>
    </trkpt>
    <trkpt lat="49.18075" lon="20.07962">
      <ele>2038</ele>
      <time>2026-05-07T16:15:02Z</time>
    </trkpt>
    <trkpt lat="49.180745" lon="20.079741">
      <ele>2042</ele>
      <time>2026-05-07T16:15:38Z</time>
    </trkpt>
    <trkpt lat="49.180689" lon="20.07979">
      <ele>2046</ele>
      <time>2026-05-07T16:16:10Z</time>
    </trkpt>
    <trkpt lat="49.18067" lon="20.079817">
      <ele>2048</ele>
      <time>2026-05-07T16:16:23Z</time>
    </trkpt>
    <trkpt lat="49.180666" lon="20.079852">
      <ele>2049</ele>
      <time>2026-05-07T16:16:33Z</time>
    </trkpt>
    <trkpt lat="49.180667" lon="20.079915">
      <ele>2049</ele>
      <time>2026-05-07T16:16:50Z</time>
    </trkpt>
    <trkpt lat="49.18066" lon="20.079985">
      <ele>2051</ele>
      <time>2026-05-07T16:17:10Z</time>
    </trkpt>
    <trkpt lat="49.180652" lon="20.080075">
      <ele>2050</ele>
      <time>2026-05-07T16:17:35Z</time>
    </trkpt>
    <trkpt lat="49.180689" lon="20.080155">
      <ele>2044</ele>
      <time>2026-05-07T16:18:11Z</time>
    </trkpt>
    <trkpt lat="49.180726" lon="20.080214">
      <ele>2038</ele>
      <time>2026-05-07T16:18:42Z</time>
    </trkpt>
    <trkpt lat="49.180795" lon="20.080233">
      <ele>2030</ele>
      <time>2026-05-07T16:19:24Z</time>
    </trkpt>
    <trkpt lat="49.180814" lon="20.080271">
      <ele>2027</ele>
      <time>2026-05-07T16:19:42Z</time>
    </trkpt>
    <trkpt lat="49.180832" lon="20.080316">
      <ele>2026</ele>
      <time>2026-05-07T16:19:57Z</time>
    </trkpt>
    <trkpt lat="49.180835" lon="20.080365">
      <ele>2027</ele>
      <time>2026-05-07T16:20:11Z</time>
    </trkpt>
    <trkpt lat="49.180824" lon="20.080445">
      <ele>2031</ele>
      <time>2026-05-07T16:20:37Z</time>
    </trkpt>
    <trkpt lat="49.180861" lon="20.080528">
      <ele>2032</ele>
      <time>2026-05-07T16:21:05Z</time>
    </trkpt>
    <trkpt lat="49.180907" lon="20.080601">
      <ele>2034</ele>
      <time>2026-05-07T16:21:33Z</time>
    </trkpt>
    <trkpt lat="49.180963" lon="20.080662">
      <ele>2034</ele>
      <time>2026-05-07T16:22:02Z</time>
    </trkpt>
    <trkpt lat="49.181011" lon="20.080644">
      <ele>2031</ele>
      <time>2026-05-07T16:22:26Z</time>
    </trkpt>
    <trkpt lat="49.181031" lon="20.080661">
      <ele>2030</ele>
      <time>2026-05-07T16:22:35Z</time>
    </trkpt>
    <trkpt lat="49.181029" lon="20.080693">
      <ele>2032</ele>
      <time>2026-05-07T16:22:45Z</time>
    </trkpt>
    <trkpt lat="49.181032" lon="20.080727">
      <ele>2032</ele>
      <time>2026-05-07T16:22:55Z</time>
    </trkpt>
    <trkpt lat="49.181039" lon="20.080776">
      <ele>2033</ele>
      <time>2026-05-07T16:23:09Z</time>
    </trkpt>
    <trkpt lat="49.181046" lon="20.080828">
      <ele>2034</ele>
      <time>2026-05-07T16:23:24Z</time>
    </trkpt>
    <trkpt lat="49.181082" lon="20.080936">
      <ele>2037</ele>
      <time>2026-05-07T16:23:59Z</time>
    </trkpt>
    <trkpt lat="49.181096" lon="20.080988">
      <ele>2040</ele>
      <time>2026-05-07T16:24:17Z</time>
    </trkpt>
    <trkpt lat="49.181064" lon="20.080995">
      <ele>2041</ele>
      <time>2026-05-07T16:24:32Z</time>
    </trkpt>
    <trkpt lat="49.181027" lon="20.080992">
      <ele>2042</ele>
      <time>2026-05-07T16:24:48Z</time>
    </trkpt>
    <trkpt lat="49.180995" lon="20.080993">
      <ele>2044</ele>
      <time>2026-05-07T16:25:02Z</time>
    </trkpt>
    <trkpt lat="49.180989" lon="20.081038">
      <ele>2045</ele>
      <time>2026-05-07T16:25:16Z</time>
    </trkpt>
    <trkpt lat="49.180991" lon="20.081098">
      <ele>2047</ele>
      <time>2026-05-07T16:25:34Z</time>
    </trkpt>
    <trkpt lat="49.181019" lon="20.08116">
      <ele>2048</ele>
      <time>2026-05-07T16:25:54Z</time>
    </trkpt>
    <trkpt lat="49.18105" lon="20.081222">
      <ele>2047</ele>
      <time>2026-05-07T16:26:16Z</time>
    </trkpt>
    <trkpt lat="49.181105" lon="20.081277">
      <ele>2045</ele>
      <time>2026-05-07T16:26:45Z</time>
    </trkpt>
    <trkpt lat="49.181137" lon="20.081315">
      <ele>2045</ele>
      <time>2026-05-07T16:27:02Z</time>
    </trkpt>
    <trkpt lat="49.181165" lon="20.081336">
      <ele>2045</ele>
      <time>2026-05-07T16:27:15Z</time>
    </trkpt>
    <trkpt lat="49.181182" lon="20.081358">
      <ele>2045</ele>
      <time>2026-05-07T16:27:24Z</time>
    </trkpt>
    <trkpt lat="49.181211" lon="20.081373">
      <ele>2045</ele>
      <time>2026-05-07T16:27:37Z</time>
    </trkpt>
    <trkpt lat="49.18122" lon="20.0814">
      <ele>2045</ele>
      <time>2026-05-07T16:27:45Z</time>
    </trkpt>
    <trkpt lat="49.181252" lon="20.081424">
      <ele>2046</ele>
      <time>2026-05-07T16:28:00Z</time>
    </trkpt>
    <trkpt lat="49.181275" lon="20.081441">
      <ele>2047</ele>
      <time>2026-05-07T16:28:11Z</time>
    </trkpt>
    <trkpt lat="49.18131" lon="20.081461">
      <ele>2047</ele>
      <time>2026-05-07T16:28:27Z</time>
    </trkpt>
    <trkpt lat="49.181353" lon="20.081474">
      <ele>2048</ele>
      <time>2026-05-07T16:28:46Z</time>
    </trkpt>
    <trkpt lat="49.181378" lon="20.081484">
      <ele>2048</ele>
      <time>2026-05-07T16:28:57Z</time>
    </trkpt>
    <trkpt lat="49.181399" lon="20.081505">
      <ele>2049</ele>
      <time>2026-05-07T16:29:07Z</time>
    </trkpt>
    <trkpt lat="49.181416" lon="20.081522">
      <ele>2049</ele>
      <time>2026-05-07T16:29:16Z</time>
    </trkpt>
    <trkpt lat="49.181438" lon="20.081515">
      <ele>2049</ele>
      <time>2026-05-07T16:29:26Z</time>
    </trkpt>
    <trkpt lat="49.181463" lon="20.081507">
      <ele>2049</ele>
      <time>2026-05-07T16:29:36Z</time>
    </trkpt>
    <trkpt lat="49.181502" lon="20.08152">
      <ele>2050</ele>
      <time>2026-05-07T16:29:53Z</time>
    </trkpt>
    <trkpt lat="49.181512" lon="20.081539">
      <ele>2050</ele>
      <time>2026-05-07T16:30:00Z</time>
    </trkpt>
    <trkpt lat="49.181537" lon="20.081586">
      <ele>2052</ele>
      <time>2026-05-07T16:30:17Z</time>
    </trkpt>
    <trkpt lat="49.181563" lon="20.081643">
      <ele>2053</ele>
      <time>2026-05-07T16:30:37Z</time>
    </trkpt>
    <trkpt lat="49.181582" lon="20.081683">
      <ele>2054</ele>
      <time>2026-05-07T16:30:51Z</time>
    </trkpt>
    <trkpt lat="49.181591" lon="20.081744">
      <ele>2055</ele>
      <time>2026-05-07T16:31:09Z</time>
    </trkpt>
    <trkpt lat="49.181583" lon="20.081773">
      <ele>2056</ele>
      <time>2026-05-07T16:31:18Z</time>
    </trkpt>
    <trkpt lat="49.181558" lon="20.081824">
      <ele>2056</ele>
      <time>2026-05-07T16:31:35Z</time>
    </trkpt>
    <trkpt lat="49.181544" lon="20.081853">
      <ele>2057</ele>
      <time>2026-05-07T16:31:45Z</time>
    </trkpt>
    <trkpt lat="49.181532" lon="20.081897">
      <ele>2057</ele>
      <time>2026-05-07T16:31:58Z</time>
    </trkpt>
    <trkpt lat="49.181514" lon="20.081933">
      <ele>2057</ele>
      <time>2026-05-07T16:32:11Z</time>
    </trkpt>
    <trkpt lat="49.181517" lon="20.081977">
      <ele>2059</ele>
      <time>2026-05-07T16:32:24Z</time>
    </trkpt>
    <trkpt lat="49.181522" lon="20.082036">
      <ele>2061</ele>
      <time>2026-05-07T16:32:43Z</time>
    </trkpt>
    <trkpt lat="49.181486" lon="20.082113">
      <ele>2064</ele>
      <time>2026-05-07T16:33:12Z</time>
    </trkpt>
    <trkpt lat="49.181476" lon="20.0822">
      <ele>2069</ele>
      <time>2026-05-07T16:33:41Z</time>
    </trkpt>
    <trkpt lat="49.181512" lon="20.082269">
      <ele>2071</ele>
      <time>2026-05-07T16:34:07Z</time>
    </trkpt>
    <trkpt lat="49.181554" lon="20.082307">
      <ele>2072</ele>
      <time>2026-05-07T16:34:27Z</time>
    </trkpt>
    <trkpt lat="49.181569" lon="20.082354">
      <ele>2074</ele>
      <time>2026-05-07T16:34:43Z</time>
    </trkpt>
    <trkpt lat="49.181582" lon="20.082432">
      <ele>2077</ele>
      <time>2026-05-07T16:35:08Z</time>
    </trkpt>
    <trkpt lat="49.181566" lon="20.082471">
      <ele>2079</ele>
      <time>2026-05-07T16:35:23Z</time>
    </trkpt>
    <trkpt lat="49.18156" lon="20.082518">
      <ele>2081</ele>
      <time>2026-05-07T16:35:38Z</time>
    </trkpt>
    <trkpt lat="49.181558" lon="20.082547">
      <ele>2082</ele>
      <time>2026-05-07T16:35:47Z</time>
    </trkpt>
    <trkpt lat="49.18159" lon="20.0826">
      <ele>2083</ele>
      <time>2026-05-07T16:36:07Z</time>
    </trkpt>
    <trkpt lat="49.181596" lon="20.082654">
      <ele>2084</ele>
      <time>2026-05-07T16:36:23Z</time>
    </trkpt>
    <trkpt lat="49.181573" lon="20.082683">
      <ele>2086</ele>
      <time>2026-05-07T16:36:38Z</time>
    </trkpt>
    <trkpt lat="49.181534" lon="20.082716">
      <ele>2089</ele>
      <time>2026-05-07T16:37:00Z</time>
    </trkpt>
    <trkpt lat="49.181526" lon="20.082754">
      <ele>2091</ele>
      <time>2026-05-07T16:37:13Z</time>
    </trkpt>
    <trkpt lat="49.18148" lon="20.082736">
      <ele>2093</ele>
      <time>2026-05-07T16:37:35Z</time>
    </trkpt>
    <trkpt lat="49.181457" lon="20.082765">
      <ele>2096</ele>
      <time>2026-05-07T16:37:50Z</time>
    </trkpt>
    <trkpt lat="49.181418" lon="20.082807">
      <ele>2100</ele>
      <time>2026-05-07T16:38:16Z</time>
    </trkpt>
    <trkpt lat="49.181395" lon="20.082807">
      <ele>2102</ele>
      <time>2026-05-07T16:38:27Z</time>
    </trkpt>
    <trkpt lat="49.181347" lon="20.082802">
      <ele>2104</ele>
      <time>2026-05-07T16:38:50Z</time>
    </trkpt>
    <trkpt lat="49.181371" lon="20.082843">
      <ele>2105</ele>
      <time>2026-05-07T16:39:05Z</time>
    </trkpt>
    <trkpt lat="49.181354" lon="20.082849">
      <ele>2106</ele>
      <time>2026-05-07T16:39:14Z</time>
    </trkpt>
    <trkpt lat="49.181337" lon="20.082843">
      <ele>2107</ele>
      <time>2026-05-07T16:39:22Z</time>
    </trkpt>
    <trkpt lat="49.181298" lon="20.082926">
      <ele>2115</ele>
      <time>2026-05-07T16:40:03Z</time>
    </trkpt>
    <trkpt lat="49.181263" lon="20.082956">
      <ele>2120</ele>
      <time>2026-05-07T16:40:28Z</time>
    </trkpt>
    <trkpt lat="49.181251" lon="20.083004">
      <ele>2124</ele>
      <time>2026-05-07T16:40:49Z</time>
    </trkpt>
    <trkpt lat="49.181245" lon="20.083045">
      <ele>2127</ele>
      <time>2026-05-07T16:41:06Z</time>
    </trkpt>
    <trkpt lat="49.181256" lon="20.083112">
      <ele>2134</ele>
      <time>2026-05-07T16:41:36Z</time>
    </trkpt>
    <trkpt lat="49.181258" lon="20.08313">
      <ele>2136</ele>
      <time>2026-05-07T16:41:45Z</time>
    </trkpt>
    <trkpt lat="49.181244" lon="20.083172">
      <ele>2142</ele>
      <time>2026-05-07T16:42:12Z</time>
    </trkpt>
    <trkpt lat="49.181265" lon="20.083213">
      <ele>2145</ele>
      <time>2026-05-07T16:42:30Z</time>
    </trkpt>
    <trkpt lat="49.181286" lon="20.083241">
      <ele>2146</ele>
      <time>2026-05-07T16:42:43Z</time>
    </trkpt>
    <trkpt lat="49.181303" lon="20.083273">
      <ele>2149</ele>
      <time>2026-05-07T16:42:58Z</time>
    </trkpt>
    <trkpt lat="49.181316" lon="20.083307">
      <ele>2152</ele>
      <time>2026-05-07T16:43:15Z</time>
    </trkpt>
    <trkpt lat="49.181337" lon="20.083361">
      <ele>2155</ele>
      <time>2026-05-07T16:43:35Z</time>
    </trkpt>
    <trkpt lat="49.181346" lon="20.083386">
      <ele>2156</ele>
      <time>2026-05-07T16:43:43Z</time>
    </trkpt>
    <trkpt lat="49.181321" lon="20.083428">
      <ele>2159</ele>
      <time>2026-05-07T16:44:04Z</time>
    </trkpt>
    <trkpt lat="49.181295" lon="20.083486">
      <ele>2164</ele>
      <time>2026-05-07T16:44:30Z</time>
    </trkpt>
    <trkpt lat="49.181305" lon="20.083524">
      <ele>2165</ele>
      <time>2026-05-07T16:44:41Z</time>
    </trkpt>
    <trkpt lat="49.181283" lon="20.083572">
      <ele>2169</ele>
      <time>2026-05-07T16:45:04Z</time>
    </trkpt>
    <trkpt lat="49.181251" lon="20.083616">
      <ele>2174</ele>
      <time>2026-05-07T16:45:31Z</time>
    </trkpt>
    <trkpt lat="49.181261" lon="20.083647">
      <ele>2174</ele>
      <time>2026-05-07T16:45:40Z</time>
    </trkpt>
    <trkpt lat="49.181282" lon="20.083668">
      <ele>2172</ele>
      <time>2026-05-07T16:45:52Z</time>
    </trkpt>
    <trkpt lat="49.181278" lon="20.083717">
      <ele>2174</ele>
      <time>2026-05-07T16:46:07Z</time>
    </trkpt>
    <trkpt lat="49.181307" lon="20.083743">
      <ele>2172</ele>
      <time>2026-05-07T16:46:23Z</time>
    </trkpt>
    <trkpt lat="49.181318" lon="20.083763">
      <ele>2172</ele>
      <time>2026-05-07T16:46:30Z</time>
    </trkpt>
    <trkpt lat="49.181321" lon="20.083812">
      <ele>2173</ele>
      <time>2026-05-07T16:46:45Z</time>
    </trkpt>
    <trkpt lat="49.181306" lon="20.083841">
      <ele>2175</ele>
      <time>2026-05-07T16:46:58Z</time>
    </trkpt>
    <trkpt lat="49.181284" lon="20.083856">
      <ele>2178</ele>
      <time>2026-05-07T16:47:11Z</time>
    </trkpt>
    <trkpt lat="49.181274" lon="20.083892">
      <ele>2179</ele>
      <time>2026-05-07T16:47:23Z</time>
    </trkpt>
    <trkpt lat="49.18132" lon="20.083993">
      <ele>2180</ele>
      <time>2026-05-07T16:47:57Z</time>
    </trkpt>
    <trkpt lat="49.181335" lon="20.084038">
      <ele>2181</ele>
      <time>2026-05-07T16:48:12Z</time>
    </trkpt>
    <trkpt lat="49.181355" lon="20.084083">
      <ele>2182</ele>
      <time>2026-05-07T16:48:27Z</time>
    </trkpt>
    <trkpt lat="49.181375" lon="20.084139">
      <ele>2184</ele>
      <time>2026-05-07T16:48:46Z</time>
    </trkpt>
    <trkpt lat="49.181368" lon="20.084154">
      <ele>2185</ele>
      <time>2026-05-07T16:48:52Z</time>
    </trkpt>
    <trkpt lat="49.181342" lon="20.084152">
      <ele>2186</ele>
      <time>2026-05-07T16:49:03Z</time>
    </trkpt>
    <trkpt lat="49.181331" lon="20.084156">
      <ele>2186</ele>
      <time>2026-05-07T16:49:08Z</time>
    </trkpt>
    <trkpt lat="49.181313" lon="20.084164">
      <ele>2187</ele>
      <time>2026-05-07T16:49:17Z</time>
    </trkpt>
    <trkpt lat="49.181304" lon="20.084174">
      <ele>2188</ele>
      <time>2026-05-07T16:49:22Z</time>
    </trkpt>
    <trkpt lat="49.181291" lon="20.084161">
      <ele>2188</ele>
      <time>2026-05-07T16:49:28Z</time>
    </trkpt>
    <trkpt lat="49.181279" lon="20.084159">
      <ele>2188</ele>
      <time>2026-05-07T16:49:34Z</time>
    </trkpt>
    <trkpt lat="49.181272" lon="20.084182">
      <ele>2189</ele>
      <time>2026-05-07T16:49:41Z</time>
    </trkpt>
    <trkpt lat="49.181273" lon="20.084206">
      <ele>2189</ele>
      <time>2026-05-07T16:49:48Z</time>
    </trkpt>
    <trkpt lat="49.181286" lon="20.084261">
      <ele>2190</ele>
      <time>2026-05-07T16:50:05Z</time>
    </trkpt>
    <trkpt lat="49.181303" lon="20.0843">
      <ele>2190</ele>
      <time>2026-05-07T16:50:18Z</time>
    </trkpt>
    <trkpt lat="49.181309" lon="20.084345">
      <ele>2191</ele>
      <time>2026-05-07T16:50:30Z</time>
    </trkpt>
    <trkpt lat="49.181281" lon="20.084373">
      <ele>2193</ele>
      <time>2026-05-07T16:50:48Z</time>
    </trkpt>
    <trkpt lat="49.181284" lon="20.084422">
      <ele>2195</ele>
      <time>2026-05-07T16:51:02Z</time>
    </trkpt>
    <trkpt lat="49.181246" lon="20.084432">
      <ele>2198</ele>
      <time>2026-05-07T16:51:23Z</time>
    </trkpt>
    <trkpt lat="49.181189" lon="20.084415">
      <ele>2202</ele>
      <time>2026-05-07T16:51:52Z</time>
    </trkpt>
    <trkpt lat="49.181137" lon="20.084397">
      <ele>2206</ele>
      <time>2026-05-07T16:52:17Z</time>
    </trkpt>
    <trkpt lat="49.181114" lon="20.084377">
      <ele>2206</ele>
      <time>2026-05-07T16:52:29Z</time>
    </trkpt>
    <trkpt lat="49.181098" lon="20.084371">
      <ele>2208</ele>
      <time>2026-05-07T16:52:37Z</time>
    </trkpt>
    <trkpt lat="49.181085" lon="20.084377">
      <ele>2209</ele>
      <time>2026-05-07T16:52:46Z</time>
    </trkpt>
    <trkpt lat="49.181065" lon="20.08438">
      <ele>2212</ele>
      <time>2026-05-07T16:52:58Z</time>
    </trkpt>
    <trkpt lat="49.181045" lon="20.084371">
      <ele>2213</ele>
      <time>2026-05-07T16:53:09Z</time>
    </trkpt>
    <trkpt lat="49.18102" lon="20.084376">
      <ele>2216</ele>
      <time>2026-05-07T16:53:24Z</time>
    </trkpt>
    <trkpt lat="49.180997" lon="20.084381">
      <ele>2219</ele>
      <time>2026-05-07T16:53:39Z</time>
    </trkpt>
    <trkpt lat="49.180979" lon="20.084364">
      <ele>2220</ele>
      <time>2026-05-07T16:53:48Z</time>
    </trkpt>
    <trkpt lat="49.180966" lon="20.084336">
      <ele>2220</ele>
      <time>2026-05-07T16:53:58Z</time>
    </trkpt>
    <trkpt lat="49.180944" lon="20.084323">
      <ele>2221</ele>
      <time>2026-05-07T16:54:09Z</time>
    </trkpt>
    <trkpt lat="49.180908" lon="20.084309">
      <ele>2224</ele>
      <time>2026-05-07T16:54:28Z</time>
    </trkpt>
    <trkpt lat="49.180874" lon="20.084291">
      <ele>2226</ele>
      <time>2026-05-07T16:54:46Z</time>
    </trkpt>
    <trkpt lat="49.180839" lon="20.084286">
      <ele>2230</ele>
      <time>2026-05-07T16:55:05Z</time>
    </trkpt>
    <trkpt lat="49.180804" lon="20.08429">
      <ele>2232</ele>
      <time>2026-05-07T16:55:22Z</time>
    </trkpt>
    <trkpt lat="49.180767" lon="20.084265">
      <ele>2232</ele>
      <time>2026-05-07T16:55:39Z</time>
    </trkpt>
    <trkpt lat="49.180742" lon="20.084237">
      <ele>2232</ele>
      <time>2026-05-07T16:55:52Z</time>
    </trkpt>
    <trkpt lat="49.180732" lon="20.084215">
      <ele>2231</ele>
      <time>2026-05-07T16:56:00Z</time>
    </trkpt>
    <trkpt lat="49.18071" lon="20.084204">
      <ele>2232</ele>
      <time>2026-05-07T16:56:10Z</time>
    </trkpt>
    <trkpt lat="49.180686" lon="20.084198">
      <ele>2233</ele>
      <time>2026-05-07T16:56:21Z</time>
    </trkpt>
    <trkpt lat="49.180677" lon="20.084182">
      <ele>2233</ele>
      <time>2026-05-07T16:56:27Z</time>
    </trkpt>
    <trkpt lat="49.180655" lon="20.084162">
      <ele>2233</ele>
      <time>2026-05-07T16:56:38Z</time>
    </trkpt>
    <trkpt lat="49.180631" lon="20.084152">
      <ele>2234</ele>
      <time>2026-05-07T16:56:49Z</time>
    </trkpt>
    <trkpt lat="49.180614" lon="20.084156">
      <ele>2235</ele>
      <time>2026-05-07T16:56:58Z</time>
    </trkpt>
    <trkpt lat="49.180602" lon="20.084151">
      <ele>2236</ele>
      <time>2026-05-07T16:57:03Z</time>
    </trkpt>
    <trkpt lat="49.180588" lon="20.084125">
      <ele>2236</ele>
      <time>2026-05-07T16:57:13Z</time>
    </trkpt>
    <trkpt lat="49.180568" lon="20.084076">
      <ele>2235</ele>
      <time>2026-05-07T16:57:29Z</time>
    </trkpt>
    <trkpt lat="49.180547" lon="20.084047">
      <ele>2235</ele>
      <time>2026-05-07T16:57:41Z</time>
    </trkpt>
    <trkpt lat="49.180507" lon="20.084036">
      <ele>2237</ele>
      <time>2026-05-07T16:58:00Z</time>
    </trkpt>
    <trkpt lat="49.18047" lon="20.084014">
      <ele>2238</ele>
      <time>2026-05-07T16:58:17Z</time>
    </trkpt>
    <trkpt lat="49.180434" lon="20.084024">
      <ele>2241</ele>
      <time>2026-05-07T16:58:36Z</time>
    </trkpt>
    <trkpt lat="49.180432" lon="20.084052">
      <ele>2243</ele>
      <time>2026-05-07T16:58:46Z</time>
    </trkpt>
    <trkpt lat="49.180441" lon="20.084077">
      <ele>2243</ele>
      <time>2026-05-07T16:58:54Z</time>
    </trkpt>
    <trkpt lat="49.180444" lon="20.084097">
      <ele>2244</ele>
      <time>2026-05-07T16:59:00Z</time>
    </trkpt>
    <trkpt lat="49.180468" lon="20.084104">
      <ele>2243</ele>
      <time>2026-05-07T16:59:12Z</time>
    </trkpt>
    <trkpt lat="49.180487" lon="20.084125">
      <ele>2243</ele>
      <time>2026-05-07T16:59:22Z</time>
    </trkpt>
    <trkpt lat="49.180496" lon="20.084153">
      <ele>2243</ele>
      <time>2026-05-07T16:59:31Z</time>
    </trkpt>
    <trkpt lat="49.180488" lon="20.084185">
      <ele>2245</ele>
      <time>2026-05-07T16:59:43Z</time>
    </trkpt>
    <trkpt lat="49.180498" lon="20.084209">
      <ele>2246</ele>
      <time>2026-05-07T16:59:51Z</time>
    </trkpt>
    <trkpt lat="49.180523" lon="20.084241">
      <ele>2246</ele>
      <time>2026-05-07T17:00:05Z</time>
    </trkpt>
    <trkpt lat="49.180536" lon="20.084273">
      <ele>2246</ele>
      <time>2026-05-07T17:00:15Z</time>
    </trkpt>
    <trkpt lat="49.180538" lon="20.084293">
      <ele>2247</ele>
      <time>2026-05-07T17:00:22Z</time>
    </trkpt>
    <trkpt lat="49.180523" lon="20.084309">
      <ele>2249</ele>
      <time>2026-05-07T17:00:32Z</time>
    </trkpt>
    <trkpt lat="49.18049" lon="20.084332">
      <ele>2253</ele>
      <time>2026-05-07T17:00:53Z</time>
    </trkpt>
    <trkpt lat="49.180469" lon="20.084353">
      <ele>2256</ele>
      <time>2026-05-07T17:01:08Z</time>
    </trkpt>
    <trkpt lat="49.180445" lon="20.084391">
      <ele>2260</ele>
      <time>2026-05-07T17:01:29Z</time>
    </trkpt>
    <trkpt lat="49.180435" lon="20.084444">
      <ele>2263</ele>
      <time>2026-05-07T17:01:50Z</time>
    </trkpt>
    <trkpt lat="49.180417" lon="20.084473">
      <ele>2266</ele>
      <time>2026-05-07T17:02:03Z</time>
    </trkpt>
    <trkpt lat="49.180413" lon="20.08449">
      <ele>2266</ele>
      <time>2026-05-07T17:02:09Z</time>
    </trkpt>
    <trkpt lat="49.18043" lon="20.084499">
      <ele>2265</ele>
      <time>2026-05-07T17:02:18Z</time>
    </trkpt>
    <trkpt lat="49.180455" lon="20.084519">
      <ele>2262</ele>
      <time>2026-05-07T17:02:33Z</time>
    </trkpt>
    <trkpt lat="49.180474" lon="20.084545">
      <ele>2261</ele>
      <time>2026-05-07T17:02:46Z</time>
    </trkpt>
    <trkpt lat="49.180474" lon="20.0846">
      <ele>2261</ele>
      <time>2026-05-07T17:03:01Z</time>
    </trkpt>
    <trkpt lat="49.180452" lon="20.084622">
      <ele>2264</ele>
      <time>2026-05-07T17:03:16Z</time>
    </trkpt>
    <trkpt lat="49.180434" lon="20.084632">
      <ele>2266</ele>
      <time>2026-05-07T17:03:27Z</time>
    </trkpt>
    <trkpt lat="49.180406" lon="20.08464">
      <ele>2269</ele>
      <time>2026-05-07T17:03:45Z</time>
    </trkpt>
    <trkpt lat="49.180382" lon="20.084663">
      <ele>2273</ele>
      <time>2026-05-07T17:04:02Z</time>
    </trkpt>
    <trkpt lat="49.180371" lon="20.084688">
      <ele>2275</ele>
      <time>2026-05-07T17:04:13Z</time>
    </trkpt>
    <trkpt lat="49.180377" lon="20.084712">
      <ele>2274</ele>
      <time>2026-05-07T17:04:20Z</time>
    </trkpt>
    <trkpt lat="49.180396" lon="20.084718">
      <ele>2272</ele>
      <time>2026-05-07T17:04:33Z</time>
    </trkpt>
    <trkpt lat="49.180409" lon="20.084735">
      <ele>2271</ele>
      <time>2026-05-07T17:04:40Z</time>
    </trkpt>
    <trkpt lat="49.180405" lon="20.084774">
      <ele>2275</ele>
      <time>2026-05-07T17:04:58Z</time>
    </trkpt>
    <trkpt lat="49.180384" lon="20.084836">
      <ele>2284</ele>
      <time>2026-05-07T17:05:35Z</time>
    </trkpt>
    <trkpt lat="49.180356" lon="20.084926">
      <ele>2296</ele>
      <time>2026-05-07T17:06:29Z</time>
    </trkpt>
    <trkpt lat="49.180342" lon="20.085031">
      <ele>2307</ele>
      <time>2026-05-07T17:07:19Z</time>
    </trkpt>
    <trkpt lat="49.180331" lon="20.085096">
      <ele>2311</ele>
      <time>2026-05-07T17:07:44Z</time>
    </trkpt>
    <trkpt lat="49.180308" lon="20.085143">
      <ele>2316</ele>
      <time>2026-05-07T17:08:09Z</time>
    </trkpt>
    <trkpt lat="49.180319" lon="20.085186">
      <ele>2317</ele>
      <time>2026-05-07T17:08:21Z</time>
    </trkpt>
    <trkpt lat="49.180327" lon="20.085229">
      <ele>2318</ele>
      <time>2026-05-07T17:08:34Z</time>
    </trkpt>
    <trkpt lat="49.180328" lon="20.085262">
      <ele>2319</ele>
      <time>2026-05-07T17:08:45Z</time>
    </trkpt>
    <trkpt lat="49.180331" lon="20.085298">
      <ele>2320</ele>
      <time>2026-05-07T17:08:56Z</time>
    </trkpt>
    <trkpt lat="49.180326" lon="20.085317">
      <ele>2321</ele>
      <time>2026-05-07T17:09:03Z</time>
    </trkpt>
    <trkpt lat="49.180319" lon="20.085345">
      <ele>2323</ele>
      <time>2026-05-07T17:09:13Z</time>
    </trkpt>
    <trkpt lat="49.180306" lon="20.085383">
      <ele>2326</ele>
      <time>2026-05-07T17:09:28Z</time>
    </trkpt>
    <trkpt lat="49.180301" lon="20.085434">
      <ele>2328</ele>
      <time>2026-05-07T17:09:46Z</time>
    </trkpt>
    <trkpt lat="49.180299" lon="20.085488">
      <ele>2331</ele>
      <time>2026-05-07T17:10:03Z</time>
    </trkpt>
    <trkpt lat="49.180303" lon="20.085552">
      <ele>2333</ele>
      <time>2026-05-07T17:10:22Z</time>
    </trkpt>
    <trkpt lat="49.18033" lon="20.085587">
      <ele>2331</ele>
      <time>2026-05-07T17:10:40Z</time>
    </trkpt>
    <trkpt lat="49.180313" lon="20.085622">
      <ele>2332</ele>
      <time>2026-05-07T17:10:53Z</time>
    </trkpt>
    <trkpt lat="49.180302" lon="20.085677">
      <ele>2333</ele>
      <time>2026-05-07T17:11:10Z</time>
    </trkpt>
    <trkpt lat="49.180316" lon="20.085752">
      <ele>2333</ele>
      <time>2026-05-07T17:11:31Z</time>
    </trkpt>
    <trkpt lat="49.180305" lon="20.085783">
      <ele>2334</ele>
      <time>2026-05-07T17:11:41Z</time>
    </trkpt>
    <trkpt lat="49.180284" lon="20.085785">
      <ele>2335</ele>
      <time>2026-05-07T17:11:51Z</time>
    </trkpt>
    <trkpt lat="49.180268" lon="20.085793">
      <ele>2336</ele>
      <time>2026-05-07T17:11:59Z</time>
    </trkpt>
    <trkpt lat="49.180248" lon="20.085821">
      <ele>2337</ele>
      <time>2026-05-07T17:12:11Z</time>
    </trkpt>
    <trkpt lat="49.180235" lon="20.085856">
      <ele>2339</ele>
      <time>2026-05-07T17:12:25Z</time>
    </trkpt>
    <trkpt lat="49.180238" lon="20.085875">
      <ele>2340</ele>
      <time>2026-05-07T17:12:31Z</time>
    </trkpt>
    <trkpt lat="49.180253" lon="20.085914">
      <ele>2341</ele>
      <time>2026-05-07T17:12:44Z</time>
    </trkpt>
    <trkpt lat="49.180289" lon="20.085938">
      <ele>2340</ele>
      <time>2026-05-07T17:13:01Z</time>
    </trkpt>
    <trkpt lat="49.180309" lon="20.08602">
      <ele>2343</ele>
      <time>2026-05-07T17:13:28Z</time>
    </trkpt>
    <trkpt lat="49.180311" lon="20.08605">
      <ele>2345</ele>
      <time>2026-05-07T17:13:38Z</time>
    </trkpt>
    <trkpt lat="49.180308" lon="20.086116">
      <ele>2348</ele>
      <time>2026-05-07T17:14:00Z</time>
    </trkpt>
    <trkpt lat="49.180298" lon="20.086165">
      <ele>2352</ele>
      <time>2026-05-07T17:14:21Z</time>
    </trkpt>
    <trkpt lat="49.180274" lon="20.086252">
      <ele>2360</ele>
      <time>2026-05-07T17:15:00Z</time>
    </trkpt>
    <trkpt lat="49.180261" lon="20.086299">
      <ele>2364</ele>
      <time>2026-05-07T17:15:20Z</time>
    </trkpt>
    <trkpt lat="49.180259" lon="20.086337">
      <ele>2367</ele>
      <time>2026-05-07T17:15:35Z</time>
    </trkpt>
    <trkpt lat="49.180244" lon="20.086364">
      <ele>2369</ele>
      <time>2026-05-07T17:15:48Z</time>
    </trkpt>
    <trkpt lat="49.180243" lon="20.086392">
      <ele>2371</ele>
      <time>2026-05-07T17:15:59Z</time>
    </trkpt>
    <trkpt lat="49.180242" lon="20.086409">
      <ele>2372</ele>
      <time>2026-05-07T17:16:05Z</time>
    </trkpt>
    <trkpt lat="49.180231" lon="20.08643">
      <ele>2374</ele>
      <time>2026-05-07T17:16:14Z</time>
    </trkpt>
    <trkpt lat="49.180234" lon="20.086466">
      <ele>2375</ele>
      <time>2026-05-07T17:16:26Z</time>
    </trkpt>
    <trkpt lat="49.180233" lon="20.086494">
      <ele>2377</ele>
      <time>2026-05-07T17:16:36Z</time>
    </trkpt>
    <trkpt lat="49.180213" lon="20.086524">
      <ele>2380</ele>
      <time>2026-05-07T17:16:52Z</time>
    </trkpt>
    <trkpt lat="49.180235" lon="20.086552">
      <ele>2380</ele>
      <time>2026-05-07T17:17:04Z</time>
    </trkpt>
    <trkpt lat="49.180253" lon="20.086573">
      <ele>2379</ele>
      <time>2026-05-07T17:17:13Z</time>
    </trkpt>
    <trkpt lat="49.180265" lon="20.086603">
      <ele>2380</ele>
      <time>2026-05-07T17:17:23Z</time>
    </trkpt>
    <trkpt lat="49.180266" lon="20.086637">
      <ele>2381</ele>
      <time>2026-05-07T17:17:34Z</time>
    </trkpt>
    <trkpt lat="49.180255" lon="20.086644">
      <ele>2383</ele>
      <time>2026-05-07T17:17:41Z</time>
    </trkpt>
    <trkpt lat="49.180242" lon="20.086628">
      <ele>2383</ele>
      <time>2026-05-07T17:17:48Z</time>
    </trkpt>
    <trkpt lat="49.180224" lon="20.086619">
      <ele>2384</ele>
      <time>2026-05-07T17:17:57Z</time>
    </trkpt>
    <trkpt lat="49.180207" lon="20.086623">
      <ele>2386</ele>
      <time>2026-05-07T17:18:06Z</time>
    </trkpt>
    <trkpt lat="49.180202" lon="20.086634">
      <ele>2387</ele>
      <time>2026-05-07T17:18:12Z</time>
    </trkpt>
    <trkpt lat="49.180215" lon="20.086658">
      <ele>2387</ele>
      <time>2026-05-07T17:18:20Z</time>
    </trkpt>
    <trkpt lat="49.180238" lon="20.086673">
      <ele>2386</ele>
      <time>2026-05-07T17:18:31Z</time>
    </trkpt>
    <trkpt lat="49.180254" lon="20.086695">
      <ele>2387</ele>
      <time>2026-05-07T17:18:41Z</time>
    </trkpt>
    <trkpt lat="49.180276" lon="20.086736">
      <ele>2389</ele>
      <time>2026-05-07T17:18:58Z</time>
    </trkpt>
    <trkpt lat="49.180288" lon="20.086771">
      <ele>2392</ele>
      <time>2026-05-07T17:19:13Z</time>
    </trkpt>
    <trkpt lat="49.180273" lon="20.086793">
      <ele>2396</ele>
      <time>2026-05-07T17:19:29Z</time>
    </trkpt>
    <trkpt lat="49.180254" lon="20.086795">
      <ele>2397</ele>
      <time>2026-05-07T17:19:39Z</time>
    </trkpt>
    <trkpt lat="49.180226" lon="20.086818">
      <ele>2401</ele>
      <time>2026-05-07T17:20:00Z</time>
    </trkpt>
    <trkpt lat="49.180188" lon="20.086822">
      <ele>2404</ele>
      <time>2026-05-07T17:20:18Z</time>
    </trkpt>
    <trkpt lat="49.180175" lon="20.086857">
      <ele>2408</ele>
      <time>2026-05-07T17:20:37Z</time>
    </trkpt>
    <trkpt lat="49.18019" lon="20.086897">
      <ele>2411</ele>
      <time>2026-05-07T17:20:53Z</time>
    </trkpt>
    <trkpt lat="49.180197" lon="20.086912">
      <ele>2412</ele>
      <time>2026-05-07T17:20:59Z</time>
    </trkpt>
    <trkpt lat="49.180191" lon="20.086944">
      <ele>2415</ele>
      <time>2026-05-07T17:21:14Z</time>
    </trkpt>
    <trkpt lat="49.180183" lon="20.086973">
      <ele>2417</ele>
      <time>2026-05-07T17:21:27Z</time>
    </trkpt>
    <trkpt lat="49.180191" lon="20.08701">
      <ele>2419</ele>
      <time>2026-05-07T17:21:40Z</time>
    </trkpt>
    <trkpt lat="49.180191" lon="20.087046">
      <ele>2422</ele>
      <time>2026-05-07T17:21:54Z</time>
    </trkpt>
    <trkpt lat="49.180177" lon="20.087053">
      <ele>2423</ele>
      <time>2026-05-07T17:22:03Z</time>
    </trkpt>
    <trkpt lat="49.180178" lon="20.087093">
      <ele>2427</ele>
      <time>2026-05-07T17:22:19Z</time>
    </trkpt>
    <trkpt lat="49.180166" lon="20.087121">
      <ele>2430</ele>
      <time>2026-05-07T17:22:34Z</time>
    </trkpt>
    <trkpt lat="49.180145" lon="20.087213">
      <ele>2439</ele>
      <time>2026-05-07T17:23:19Z</time>
    </trkpt>
    <trkpt lat="49.180157" lon="20.087283">
      <ele>2444</ele>
      <time>2026-05-07T17:23:45Z</time>
    </trkpt>
    <trkpt lat="49.180168" lon="20.087327">
      <ele>2447</ele>
      <time>2026-05-07T17:24:01Z</time>
    </trkpt>
    <trkpt lat="49.180149" lon="20.087353">
      <ele>2450</ele>
      <time>2026-05-07T17:24:18Z</time>
    </trkpt>
    <trkpt lat="49.180133" lon="20.087365">
      <ele>2452</ele>
      <time>2026-05-07T17:24:28Z</time>
    </trkpt>
    <trkpt lat="49.180116" lon="20.087363">
      <ele>2453</ele>
      <time>2026-05-07T17:24:36Z</time>
    </trkpt>
    <trkpt lat="49.180105" lon="20.087371">
      <ele>2454</ele>
      <time>2026-05-07T17:24:43Z</time>
    </trkpt>
    <trkpt lat="49.180068" lon="20.087459">
      <ele>2462</ele>
      <time>2026-05-07T17:25:24Z</time>
    </trkpt>
    <trkpt lat="49.180061" lon="20.087563">
      <ele>2468</ele>
      <time>2026-05-07T17:26:01Z</time>
    </trkpt>
    <trkpt lat="49.180038" lon="20.087645">
      <ele>2473</ele>
      <time>2026-05-07T17:26:32Z</time>
    </trkpt>
    <trkpt lat="49.180032" lon="20.087712">
      <ele>2477</ele>
      <time>2026-05-07T17:26:55Z</time>
    </trkpt>
    <trkpt lat="49.180009" lon="20.087822">
      <ele>2482</ele>
      <time>2026-05-07T17:27:33Z</time>
    </trkpt>
    <trkpt lat="49.180027" lon="20.087927">
      <ele>2483</ele>
      <time>2026-05-07T17:28:03Z</time>
    </trkpt>
    <trkpt lat="49.180035" lon="20.088011">
      <ele>2484</ele>
      <time>2026-05-07T17:28:26Z</time>
    </trkpt>
    <trkpt lat="49.18005" lon="20.088084">
      <ele>2484</ele>
      <time>2026-05-07T17:28:47Z</time>
    </trkpt>
    <trkpt lat="49.180055" lon="20.08814">
      <ele>2484</ele>
      <time>2026-05-07T17:29:03Z</time>
    </trkpt>
    <trkpt lat="49.180017" lon="20.088142">
      <ele>2486</ele>
      <time>2026-05-07T17:29:21Z</time>
    </trkpt>
    <trkpt lat="49.180005" lon="20.088134">
      <ele>2486</ele>
      <time>2026-05-07T17:29:26Z</time>
    </trkpt>
    <trkpt lat="49.17999" lon="20.088129">
      <ele>2487</ele>
      <time>2026-05-07T17:29:33Z</time>
    </trkpt>
    <trkpt lat="49.179973" lon="20.088131">
      <ele>2488</ele>
      <time>2026-05-07T17:29:41Z</time>
    </trkpt>
    <trkpt lat="49.179943" lon="20.088124">
      <ele>2489</ele>
      <time>2026-05-07T17:29:54Z</time>
    </trkpt>
    <trkpt lat="49.179925" lon="20.088138">
      <ele>2489</ele>
      <time>2026-05-07T17:30:03Z</time>
    </trkpt>
    <trkpt lat="49.179904" lon="20.08815">
      <ele>2490</ele>
      <time>2026-05-07T17:30:13Z</time>
    </trkpt>
    <trkpt lat="49.179884" lon="20.088159">
      <ele>2491</ele>
      <time>2026-05-07T17:30:22Z</time>
    </trkpt>
    <trkpt lat="49.179865" lon="20.088173">
      <ele>2492</ele>
      <time>2026-05-07T17:30:32Z</time>
    </trkpt>
    <trkpt lat="49.179847" lon="20.088171">
      <ele>2493</ele>
      <time>2026-05-07T17:30:39Z</time>
    </trkpt>
    <trkpt lat="49.179843" lon="20.088156">
      <ele>2493</ele>
      <time>2026-05-07T17:30:44Z</time>
    </trkpt>
    <trkpt lat="49.179832" lon="20.088136">
      <ele>2493</ele>
      <time>2026-05-07T17:30:51Z</time>
    </trkpt>
    <trkpt lat="49.179817" lon="20.088128">
      <ele>2493</ele>
      <time>2026-05-07T17:30:58Z</time>
    </trkpt>
    <trkpt lat="49.179811" lon="20.088112">
      <ele>2493</ele>
      <time>2026-05-07T17:31:03Z</time>
    </trkpt>
    <trkpt lat="49.179802" lon="20.088093">
      <ele>2493</ele>
      <time>2026-05-07T17:31:09Z</time>
    </trkpt>
    <trkpt lat="49.179801" lon="20.088078">
      <ele>2493</ele>
      <time>2026-05-07T17:31:14Z</time>
    </trkpt>
    <trkpt lat="49.179808" lon="20.088032">
      <ele>2492</ele>
      <time>2026-05-07T17:31:27Z</time>
    </trkpt>
    <trkpt lat="49.179781" lon="20.087987">
      <ele>2492</ele>
      <time>2026-05-07T17:31:44Z</time>
    </trkpt>
    <trkpt lat="49.179748" lon="20.087954">
      <ele>2491</ele>
      <time>2026-05-07T17:32:00Z</time>
    </trkpt>
    <trkpt lat="49.179711" lon="20.087914">
      <ele>2491</ele>
      <time>2026-05-07T17:32:20Z</time>
    </trkpt>
    <trkpt lat="49.179676" lon="20.087918">
      <ele>2491</ele>
      <time>2026-05-07T17:32:35Z</time>
    </trkpt>
    <trkpt lat="49.179659" lon="20.087936">
      <ele>2492</ele>
      <time>2026-05-07T17:32:44Z</time>
    </trkpt>
    <trkpt lat="49.179625" lon="20.087917">
      <ele>2492</ele>
      <time>2026-05-07T17:32:59Z</time>
    </trkpt>
    <trkpt lat="49.179617" lon="20.087959">
      <ele>2493</ele>
      <time>2026-05-07T17:33:12Z</time>
    </trkpt>
    <trkpt lat="49.179598" lon="20.087959">
      <ele>2493</ele>
      <time>2026-05-07T17:33:20Z</time>
    </trkpt>
    <trkpt lat="49.179579" lon="20.088033">
      <ele>2496</ele>
      <time>2026-05-07T17:33:44Z</time>
    </trkpt>
    <trkpt lat="49.179575" lon="20.088108">
      <ele>2499</ele>
      <time>2026-05-07T17:34:07Z</time>
    </trkpt>
    <trkpt lat="49.179509" lon="20.088083">
      <ele>2495</ele>
      <time>2026-05-07T17:34:34Z</time>
    </trkpt>
    <trkpt lat="49.179471" lon="20.08808">
      <ele>2494</ele>
      <time>2026-05-07T17:34:48Z</time>
    </trkpt>
    <trkpt lat="49.179432" lon="20.088132">
      <ele>2493</ele>
      <time>2026-05-07T17:35:07Z</time>
    </trkpt>
    <trkpt lat="49.179471" lon="20.08808">
      <ele>2494</ele>
      <time>2026-05-07T17:35:26Z</time>
    </trkpt>
    <trkpt lat="49.179509" lon="20.088083">
      <ele>2495</ele>
      <time>2026-05-07T17:35:40Z</time>
    </trkpt>
    <trkpt lat="49.179575" lon="20.088108">
      <ele>2499</ele>
      <time>2026-05-07T17:36:07Z</time>
    </trkpt>
    <trkpt lat="49.179579" lon="20.088033">
      <ele>2496</ele>
      <time>2026-05-07T17:36:24Z</time>
    </trkpt>
    <trkpt lat="49.179598" lon="20.087959">
      <ele>2493</ele>
      <time>2026-05-07T17:36:42Z</time>
    </trkpt>
    <trkpt lat="49.179617" lon="20.087959">
      <ele>2493</ele>
      <time>2026-05-07T17:36:48Z</time>
    </trkpt>
    <trkpt lat="49.179625" lon="20.087917">
      <ele>2492</ele>
      <time>2026-05-07T17:36:58Z</time>
    </trkpt>
    <trkpt lat="49.179659" lon="20.087936">
      <ele>2492</ele>
      <time>2026-05-07T17:37:09Z</time>
    </trkpt>
    <trkpt lat="49.179676" lon="20.087918">
      <ele>2491</ele>
      <time>2026-05-07T17:37:16Z</time>
    </trkpt>
    <trkpt lat="49.179711" lon="20.087914">
      <ele>2491</ele>
      <time>2026-05-07T17:37:28Z</time>
    </trkpt>
    <trkpt lat="49.179748" lon="20.087954">
      <ele>2491</ele>
      <time>2026-05-07T17:37:42Z</time>
    </trkpt>
    <trkpt lat="49.179781" lon="20.087987">
      <ele>2492</ele>
      <time>2026-05-07T17:37:54Z</time>
    </trkpt>
    <trkpt lat="49.179808" lon="20.088032">
      <ele>2492</ele>
      <time>2026-05-07T17:38:07Z</time>
    </trkpt>
    <trkpt lat="49.179801" lon="20.088078">
      <ele>2493</ele>
      <time>2026-05-07T17:38:17Z</time>
    </trkpt>
    <trkpt lat="49.179802" lon="20.088093">
      <ele>2493</ele>
      <time>2026-05-07T17:38:20Z</time>
    </trkpt>
    <trkpt lat="49.179811" lon="20.088112">
      <ele>2493</ele>
      <time>2026-05-07T17:38:25Z</time>
    </trkpt>
    <trkpt lat="49.179817" lon="20.088128">
      <ele>2493</ele>
      <time>2026-05-07T17:38:29Z</time>
    </trkpt>
    <trkpt lat="49.179832" lon="20.088136">
      <ele>2493</ele>
      <time>2026-05-07T17:38:34Z</time>
    </trkpt>
    <trkpt lat="49.179843" lon="20.088156">
      <ele>2493</ele>
      <time>2026-05-07T17:38:39Z</time>
    </trkpt>
    <trkpt lat="49.179847" lon="20.088171">
      <ele>2493</ele>
      <time>2026-05-07T17:38:43Z</time>
    </trkpt>
    <trkpt lat="49.179865" lon="20.088173">
      <ele>2492</ele>
      <time>2026-05-07T17:38:49Z</time>
    </trkpt>
    <trkpt lat="49.179884" lon="20.088159">
      <ele>2491</ele>
      <time>2026-05-07T17:38:56Z</time>
    </trkpt>
    <trkpt lat="49.179904" lon="20.08815">
      <ele>2490</ele>
      <time>2026-05-07T17:39:03Z</time>
    </trkpt>
    <trkpt lat="49.179925" lon="20.088138">
      <ele>2489</ele>
      <time>2026-05-07T17:39:10Z</time>
    </trkpt>
    <trkpt lat="49.179943" lon="20.088124">
      <ele>2489</ele>
      <time>2026-05-07T17:39:17Z</time>
    </trkpt>
    <trkpt lat="49.179973" lon="20.088131">
      <ele>2488</ele>
      <time>2026-05-07T17:39:27Z</time>
    </trkpt>
    <trkpt lat="49.17999" lon="20.088129">
      <ele>2487</ele>
      <time>2026-05-07T17:39:32Z</time>
    </trkpt>
    <trkpt lat="49.180005" lon="20.088134">
      <ele>2486</ele>
      <time>2026-05-07T17:39:37Z</time>
    </trkpt>
    <trkpt lat="49.180017" lon="20.088142">
      <ele>2486</ele>
      <time>2026-05-07T17:39:42Z</time>
    </trkpt>
    <trkpt lat="49.180055" lon="20.08814">
      <ele>2484</ele>
      <time>2026-05-07T17:39:55Z</time>
    </trkpt>
    <trkpt lat="49.18005" lon="20.088084">
      <ele>2484</ele>
      <time>2026-05-07T17:40:07Z</time>
    </trkpt>
    <trkpt lat="49.180035" lon="20.088011">
      <ele>2484</ele>
      <time>2026-05-07T17:40:23Z</time>
    </trkpt>
    <trkpt lat="49.180027" lon="20.087927">
      <ele>2483</ele>
      <time>2026-05-07T17:40:40Z</time>
    </trkpt>
    <trkpt lat="49.180009" lon="20.087822">
      <ele>2482</ele>
      <time>2026-05-07T17:41:02Z</time>
    </trkpt>
    <trkpt lat="49.180032" lon="20.087712">
      <ele>2477</ele>
      <time>2026-05-07T17:41:31Z</time>
    </trkpt>
    <trkpt lat="49.180038" lon="20.087645">
      <ele>2473</ele>
      <time>2026-05-07T17:41:48Z</time>
    </trkpt>
    <trkpt lat="49.180061" lon="20.087563">
      <ele>2468</ele>
      <time>2026-05-07T17:42:12Z</time>
    </trkpt>
    <trkpt lat="49.180068" lon="20.087459">
      <ele>2462</ele>
      <time>2026-05-07T17:42:39Z</time>
    </trkpt>
    <trkpt lat="49.180105" lon="20.087371">
      <ele>2454</ele>
      <time>2026-05-07T17:43:10Z</time>
    </trkpt>
    <trkpt lat="49.180116" lon="20.087363">
      <ele>2453</ele>
      <time>2026-05-07T17:43:15Z</time>
    </trkpt>
    <trkpt lat="49.180133" lon="20.087365">
      <ele>2452</ele>
      <time>2026-05-07T17:43:21Z</time>
    </trkpt>
    <trkpt lat="49.180149" lon="20.087353">
      <ele>2450</ele>
      <time>2026-05-07T17:43:29Z</time>
    </trkpt>
    <trkpt lat="49.180168" lon="20.087327">
      <ele>2447</ele>
      <time>2026-05-07T17:43:41Z</time>
    </trkpt>
    <trkpt lat="49.180157" lon="20.087283">
      <ele>2444</ele>
      <time>2026-05-07T17:43:54Z</time>
    </trkpt>
    <trkpt lat="49.180145" lon="20.087213">
      <ele>2439</ele>
      <time>2026-05-07T17:44:13Z</time>
    </trkpt>
    <trkpt lat="49.180166" lon="20.087121">
      <ele>2430</ele>
      <time>2026-05-07T17:44:47Z</time>
    </trkpt>
    <trkpt lat="49.180178" lon="20.087093">
      <ele>2427</ele>
      <time>2026-05-07T17:44:58Z</time>
    </trkpt>
    <trkpt lat="49.180177" lon="20.087053">
      <ele>2423</ele>
      <time>2026-05-07T17:45:10Z</time>
    </trkpt>
    <trkpt lat="49.180191" lon="20.087046">
      <ele>2422</ele>
      <time>2026-05-07T17:45:17Z</time>
    </trkpt>
    <trkpt lat="49.180191" lon="20.08701">
      <ele>2419</ele>
      <time>2026-05-07T17:45:27Z</time>
    </trkpt>
    <trkpt lat="49.180183" lon="20.086973">
      <ele>2417</ele>
      <time>2026-05-07T17:45:37Z</time>
    </trkpt>
    <trkpt lat="49.180191" lon="20.086944">
      <ele>2415</ele>
      <time>2026-05-07T17:45:46Z</time>
    </trkpt>
    <trkpt lat="49.180197" lon="20.086912">
      <ele>2412</ele>
      <time>2026-05-07T17:45:58Z</time>
    </trkpt>
    <trkpt lat="49.18019" lon="20.086897">
      <ele>2411</ele>
      <time>2026-05-07T17:46:02Z</time>
    </trkpt>
    <trkpt lat="49.180175" lon="20.086857">
      <ele>2408</ele>
      <time>2026-05-07T17:46:15Z</time>
    </trkpt>
    <trkpt lat="49.180188" lon="20.086822">
      <ele>2404</ele>
      <time>2026-05-07T17:46:28Z</time>
    </trkpt>
    <trkpt lat="49.180226" lon="20.086818">
      <ele>2401</ele>
      <time>2026-05-07T17:46:43Z</time>
    </trkpt>
    <trkpt lat="49.180254" lon="20.086795">
      <ele>2397</ele>
      <time>2026-05-07T17:46:58Z</time>
    </trkpt>
    <trkpt lat="49.180273" lon="20.086793">
      <ele>2396</ele>
      <time>2026-05-07T17:47:05Z</time>
    </trkpt>
    <trkpt lat="49.180288" lon="20.086771">
      <ele>2392</ele>
      <time>2026-05-07T17:47:18Z</time>
    </trkpt>
    <trkpt lat="49.180276" lon="20.086736">
      <ele>2389</ele>
      <time>2026-05-07T17:47:29Z</time>
    </trkpt>
    <trkpt lat="49.180254" lon="20.086695">
      <ele>2387</ele>
      <time>2026-05-07T17:47:42Z</time>
    </trkpt>
    <trkpt lat="49.180238" lon="20.086673">
      <ele>2386</ele>
      <time>2026-05-07T17:47:49Z</time>
    </trkpt>
    <trkpt lat="49.180215" lon="20.086658">
      <ele>2387</ele>
      <time>2026-05-07T17:47:57Z</time>
    </trkpt>
    <trkpt lat="49.180202" lon="20.086634">
      <ele>2387</ele>
      <time>2026-05-07T17:48:03Z</time>
    </trkpt>
    <trkpt lat="49.180207" lon="20.086623">
      <ele>2386</ele>
      <time>2026-05-07T17:48:08Z</time>
    </trkpt>
    <trkpt lat="49.180224" lon="20.086619">
      <ele>2384</ele>
      <time>2026-05-07T17:48:15Z</time>
    </trkpt>
    <trkpt lat="49.180242" lon="20.086628">
      <ele>2383</ele>
      <time>2026-05-07T17:48:21Z</time>
    </trkpt>
    <trkpt lat="49.180255" lon="20.086644">
      <ele>2383</ele>
      <time>2026-05-07T17:48:27Z</time>
    </trkpt>
    <trkpt lat="49.180266" lon="20.086637">
      <ele>2381</ele>
      <time>2026-05-07T17:48:32Z</time>
    </trkpt>
    <trkpt lat="49.180265" lon="20.086603">
      <ele>2380</ele>
      <time>2026-05-07T17:48:40Z</time>
    </trkpt>
    <trkpt lat="49.180253" lon="20.086573">
      <ele>2379</ele>
      <time>2026-05-07T17:48:47Z</time>
    </trkpt>
    <trkpt lat="49.180235" lon="20.086552">
      <ele>2380</ele>
      <time>2026-05-07T17:48:55Z</time>
    </trkpt>
    <trkpt lat="49.180213" lon="20.086524">
      <ele>2380</ele>
      <time>2026-05-07T17:49:04Z</time>
    </trkpt>
    <trkpt lat="49.180233" lon="20.086494">
      <ele>2377</ele>
      <time>2026-05-07T17:49:16Z</time>
    </trkpt>
    <trkpt lat="49.180234" lon="20.086466">
      <ele>2375</ele>
      <time>2026-05-07T17:49:23Z</time>
    </trkpt>
    <trkpt lat="49.180231" lon="20.08643">
      <ele>2374</ele>
      <time>2026-05-07T17:49:32Z</time>
    </trkpt>
    <trkpt lat="49.180242" lon="20.086409">
      <ele>2372</ele>
      <time>2026-05-07T17:49:39Z</time>
    </trkpt>
    <trkpt lat="49.180243" lon="20.086392">
      <ele>2371</ele>
      <time>2026-05-07T17:49:43Z</time>
    </trkpt>
    <trkpt lat="49.180244" lon="20.086364">
      <ele>2369</ele>
      <time>2026-05-07T17:49:51Z</time>
    </trkpt>
    <trkpt lat="49.180259" lon="20.086337">
      <ele>2367</ele>
      <time>2026-05-07T17:50:01Z</time>
    </trkpt>
    <trkpt lat="49.180261" lon="20.086299">
      <ele>2364</ele>
      <time>2026-05-07T17:50:12Z</time>
    </trkpt>
    <trkpt lat="49.180274" lon="20.086252">
      <ele>2360</ele>
      <time>2026-05-07T17:50:28Z</time>
    </trkpt>
    <trkpt lat="49.180298" lon="20.086165">
      <ele>2352</ele>
      <time>2026-05-07T17:50:56Z</time>
    </trkpt>
    <trkpt lat="49.180308" lon="20.086116">
      <ele>2348</ele>
      <time>2026-05-07T17:51:12Z</time>
    </trkpt>
    <trkpt lat="49.180311" lon="20.08605">
      <ele>2345</ele>
      <time>2026-05-07T17:51:29Z</time>
    </trkpt>
    <trkpt lat="49.180309" lon="20.08602">
      <ele>2343</ele>
      <time>2026-05-07T17:51:36Z</time>
    </trkpt>
    <trkpt lat="49.180289" lon="20.085938">
      <ele>2340</ele>
      <time>2026-05-07T17:51:57Z</time>
    </trkpt>
    <trkpt lat="49.180253" lon="20.085914">
      <ele>2341</ele>
      <time>2026-05-07T17:52:09Z</time>
    </trkpt>
    <trkpt lat="49.180238" lon="20.085875">
      <ele>2340</ele>
      <time>2026-05-07T17:52:19Z</time>
    </trkpt>
    <trkpt lat="49.180235" lon="20.085856">
      <ele>2339</ele>
      <time>2026-05-07T17:52:23Z</time>
    </trkpt>
    <trkpt lat="49.180248" lon="20.085821">
      <ele>2337</ele>
      <time>2026-05-07T17:52:34Z</time>
    </trkpt>
    <trkpt lat="49.180268" lon="20.085793">
      <ele>2336</ele>
      <time>2026-05-07T17:52:43Z</time>
    </trkpt>
    <trkpt lat="49.180284" lon="20.085785">
      <ele>2335</ele>
      <time>2026-05-07T17:52:49Z</time>
    </trkpt>
    <trkpt lat="49.180305" lon="20.085783">
      <ele>2334</ele>
      <time>2026-05-07T17:52:56Z</time>
    </trkpt>
    <trkpt lat="49.180316" lon="20.085752">
      <ele>2333</ele>
      <time>2026-05-07T17:53:04Z</time>
    </trkpt>
    <trkpt lat="49.180302" lon="20.085677">
      <ele>2333</ele>
      <time>2026-05-07T17:53:20Z</time>
    </trkpt>
    <trkpt lat="49.180313" lon="20.085622">
      <ele>2332</ele>
      <time>2026-05-07T17:53:32Z</time>
    </trkpt>
    <trkpt lat="49.18033" lon="20.085587">
      <ele>2331</ele>
      <time>2026-05-07T17:53:43Z</time>
    </trkpt>
    <trkpt lat="49.180303" lon="20.085552">
      <ele>2333</ele>
      <time>2026-05-07T17:53:55Z</time>
    </trkpt>
    <trkpt lat="49.180299" lon="20.085488">
      <ele>2331</ele>
      <time>2026-05-07T17:54:10Z</time>
    </trkpt>
    <trkpt lat="49.180301" lon="20.085434">
      <ele>2328</ele>
      <time>2026-05-07T17:54:23Z</time>
    </trkpt>
    <trkpt lat="49.180306" lon="20.085383">
      <ele>2326</ele>
      <time>2026-05-07T17:54:36Z</time>
    </trkpt>
    <trkpt lat="49.180319" lon="20.085345">
      <ele>2323</ele>
      <time>2026-05-07T17:54:47Z</time>
    </trkpt>
    <trkpt lat="49.180326" lon="20.085317">
      <ele>2321</ele>
      <time>2026-05-07T17:54:55Z</time>
    </trkpt>
    <trkpt lat="49.180331" lon="20.085298">
      <ele>2320</ele>
      <time>2026-05-07T17:55:01Z</time>
    </trkpt>
    <trkpt lat="49.180328" lon="20.085262">
      <ele>2319</ele>
      <time>2026-05-07T17:55:09Z</time>
    </trkpt>
    <trkpt lat="49.180327" lon="20.085229">
      <ele>2318</ele>
      <time>2026-05-07T17:55:17Z</time>
    </trkpt>
    <trkpt lat="49.180319" lon="20.085186">
      <ele>2317</ele>
      <time>2026-05-07T17:55:26Z</time>
    </trkpt>
    <trkpt lat="49.180308" lon="20.085143">
      <ele>2316</ele>
      <time>2026-05-07T17:55:36Z</time>
    </trkpt>
    <trkpt lat="49.180331" lon="20.085096">
      <ele>2311</ele>
      <time>2026-05-07T17:55:54Z</time>
    </trkpt>
    <trkpt lat="49.180342" lon="20.085031">
      <ele>2307</ele>
      <time>2026-05-07T17:56:13Z</time>
    </trkpt>
    <trkpt lat="49.180356" lon="20.084926">
      <ele>2296</ele>
      <time>2026-05-07T17:56:50Z</time>
    </trkpt>
    <trkpt lat="49.180384" lon="20.084836">
      <ele>2284</ele>
      <time>2026-05-07T17:57:31Z</time>
    </trkpt>
    <trkpt lat="49.180405" lon="20.084774">
      <ele>2275</ele>
      <time>2026-05-07T17:57:59Z</time>
    </trkpt>
    <trkpt lat="49.180409" lon="20.084735">
      <ele>2271</ele>
      <time>2026-05-07T17:58:12Z</time>
    </trkpt>
    <trkpt lat="49.180396" lon="20.084718">
      <ele>2272</ele>
      <time>2026-05-07T17:58:18Z</time>
    </trkpt>
    <trkpt lat="49.180377" lon="20.084712">
      <ele>2274</ele>
      <time>2026-05-07T17:58:27Z</time>
    </trkpt>
    <trkpt lat="49.180371" lon="20.084688">
      <ele>2275</ele>
      <time>2026-05-07T17:58:32Z</time>
    </trkpt>
    <trkpt lat="49.180382" lon="20.084663">
      <ele>2273</ele>
      <time>2026-05-07T17:58:40Z</time>
    </trkpt>
    <trkpt lat="49.180406" lon="20.08464">
      <ele>2269</ele>
      <time>2026-05-07T17:58:53Z</time>
    </trkpt>
    <trkpt lat="49.180434" lon="20.084632">
      <ele>2266</ele>
      <time>2026-05-07T17:59:07Z</time>
    </trkpt>
    <trkpt lat="49.180452" lon="20.084622">
      <ele>2264</ele>
      <time>2026-05-07T17:59:15Z</time>
    </trkpt>
    <trkpt lat="49.180474" lon="20.0846">
      <ele>2261</ele>
      <time>2026-05-07T17:59:27Z</time>
    </trkpt>
    <trkpt lat="49.180474" lon="20.084545">
      <ele>2261</ele>
      <time>2026-05-07T17:59:38Z</time>
    </trkpt>
    <trkpt lat="49.180455" lon="20.084519">
      <ele>2262</ele>
      <time>2026-05-07T17:59:47Z</time>
    </trkpt>
    <trkpt lat="49.18043" lon="20.084499">
      <ele>2265</ele>
      <time>2026-05-07T17:59:58Z</time>
    </trkpt>
    <trkpt lat="49.180413" lon="20.08449">
      <ele>2266</ele>
      <time>2026-05-07T18:00:06Z</time>
    </trkpt>
    <trkpt lat="49.180417" lon="20.084473">
      <ele>2266</ele>
      <time>2026-05-07T18:00:10Z</time>
    </trkpt>
    <trkpt lat="49.180435" lon="20.084444">
      <ele>2263</ele>
      <time>2026-05-07T18:00:20Z</time>
    </trkpt>
    <trkpt lat="49.180445" lon="20.084391">
      <ele>2260</ele>
      <time>2026-05-07T18:00:35Z</time>
    </trkpt>
    <trkpt lat="49.180469" lon="20.084353">
      <ele>2256</ele>
      <time>2026-05-07T18:00:51Z</time>
    </trkpt>
    <trkpt lat="49.18049" lon="20.084332">
      <ele>2253</ele>
      <time>2026-05-07T18:01:02Z</time>
    </trkpt>
    <trkpt lat="49.180523" lon="20.084309">
      <ele>2249</ele>
      <time>2026-05-07T18:01:18Z</time>
    </trkpt>
    <trkpt lat="49.180538" lon="20.084293">
      <ele>2247</ele>
      <time>2026-05-07T18:01:26Z</time>
    </trkpt>
    <trkpt lat="49.180536" lon="20.084273">
      <ele>2246</ele>
      <time>2026-05-07T18:01:31Z</time>
    </trkpt>
    <trkpt lat="49.180523" lon="20.084241">
      <ele>2246</ele>
      <time>2026-05-07T18:01:39Z</time>
    </trkpt>
    <trkpt lat="49.180498" lon="20.084209">
      <ele>2246</ele>
      <time>2026-05-07T18:01:49Z</time>
    </trkpt>
    <trkpt lat="49.180488" lon="20.084185">
      <ele>2245</ele>
      <time>2026-05-07T18:01:55Z</time>
    </trkpt>
    <trkpt lat="49.180496" lon="20.084153">
      <ele>2243</ele>
      <time>2026-05-07T18:02:04Z</time>
    </trkpt>
    <trkpt lat="49.180487" lon="20.084125">
      <ele>2243</ele>
      <time>2026-05-07T18:02:11Z</time>
    </trkpt>
    <trkpt lat="49.180468" lon="20.084104">
      <ele>2243</ele>
      <time>2026-05-07T18:02:18Z</time>
    </trkpt>
    <trkpt lat="49.180444" lon="20.084097">
      <ele>2244</ele>
      <time>2026-05-07T18:02:27Z</time>
    </trkpt>
    <trkpt lat="49.180441" lon="20.084077">
      <ele>2243</ele>
      <time>2026-05-07T18:02:32Z</time>
    </trkpt>
    <trkpt lat="49.180432" lon="20.084052">
      <ele>2243</ele>
      <time>2026-05-07T18:02:38Z</time>
    </trkpt>
    <trkpt lat="49.180434" lon="20.084024">
      <ele>2241</ele>
      <time>2026-05-07T18:02:45Z</time>
    </trkpt>
    <trkpt lat="49.18047" lon="20.084014">
      <ele>2238</ele>
      <time>2026-05-07T18:02:59Z</time>
    </trkpt>
    <trkpt lat="49.180507" lon="20.084036">
      <ele>2237</ele>
      <time>2026-05-07T18:03:12Z</time>
    </trkpt>
    <trkpt lat="49.180547" lon="20.084047">
      <ele>2235</ele>
      <time>2026-05-07T18:03:27Z</time>
    </trkpt>
    <trkpt lat="49.180568" lon="20.084076">
      <ele>2235</ele>
      <time>2026-05-07T18:03:35Z</time>
    </trkpt>
    <trkpt lat="49.180588" lon="20.084125">
      <ele>2236</ele>
      <time>2026-05-07T18:03:48Z</time>
    </trkpt>
    <trkpt lat="49.180602" lon="20.084151">
      <ele>2236</ele>
      <time>2026-05-07T18:03:55Z</time>
    </trkpt>
    <trkpt lat="49.180614" lon="20.084156">
      <ele>2235</ele>
      <time>2026-05-07T18:03:59Z</time>
    </trkpt>
    <trkpt lat="49.180631" lon="20.084152">
      <ele>2234</ele>
      <time>2026-05-07T18:04:05Z</time>
    </trkpt>
    <trkpt lat="49.180655" lon="20.084162">
      <ele>2233</ele>
      <time>2026-05-07T18:04:14Z</time>
    </trkpt>
    <trkpt lat="49.180677" lon="20.084182">
      <ele>2233</ele>
      <time>2026-05-07T18:04:22Z</time>
    </trkpt>
    <trkpt lat="49.180686" lon="20.084198">
      <ele>2233</ele>
      <time>2026-05-07T18:04:26Z</time>
    </trkpt>
    <trkpt lat="49.18071" lon="20.084204">
      <ele>2232</ele>
      <time>2026-05-07T18:04:35Z</time>
    </trkpt>
    <trkpt lat="49.180732" lon="20.084215">
      <ele>2231</ele>
      <time>2026-05-07T18:04:42Z</time>
    </trkpt>
    <trkpt lat="49.180742" lon="20.084237">
      <ele>2232</ele>
      <time>2026-05-07T18:04:48Z</time>
    </trkpt>
    <trkpt lat="49.180767" lon="20.084265">
      <ele>2232</ele>
      <time>2026-05-07T18:04:58Z</time>
    </trkpt>
    <trkpt lat="49.180804" lon="20.08429">
      <ele>2232</ele>
      <time>2026-05-07T18:05:11Z</time>
    </trkpt>
    <trkpt lat="49.180839" lon="20.084286">
      <ele>2230</ele>
      <time>2026-05-07T18:05:24Z</time>
    </trkpt>
    <trkpt lat="49.180874" lon="20.084291">
      <ele>2226</ele>
      <time>2026-05-07T18:05:38Z</time>
    </trkpt>
    <trkpt lat="49.180908" lon="20.084309">
      <ele>2224</ele>
      <time>2026-05-07T18:05:51Z</time>
    </trkpt>
    <trkpt lat="49.180944" lon="20.084323">
      <ele>2221</ele>
      <time>2026-05-07T18:06:05Z</time>
    </trkpt>
    <trkpt lat="49.180966" lon="20.084336">
      <ele>2220</ele>
      <time>2026-05-07T18:06:14Z</time>
    </trkpt>
    <trkpt lat="49.180979" lon="20.084364">
      <ele>2220</ele>
      <time>2026-05-07T18:06:21Z</time>
    </trkpt>
    <trkpt lat="49.180997" lon="20.084381">
      <ele>2219</ele>
      <time>2026-05-07T18:06:28Z</time>
    </trkpt>
    <trkpt lat="49.18102" lon="20.084376">
      <ele>2216</ele>
      <time>2026-05-07T18:06:39Z</time>
    </trkpt>
    <trkpt lat="49.181045" lon="20.084371">
      <ele>2213</ele>
      <time>2026-05-07T18:06:51Z</time>
    </trkpt>
    <trkpt lat="49.181065" lon="20.08438">
      <ele>2212</ele>
      <time>2026-05-07T18:06:59Z</time>
    </trkpt>
    <trkpt lat="49.181085" lon="20.084377">
      <ele>2209</ele>
      <time>2026-05-07T18:07:08Z</time>
    </trkpt>
    <trkpt lat="49.181098" lon="20.084371">
      <ele>2208</ele>
      <time>2026-05-07T18:07:14Z</time>
    </trkpt>
    <trkpt lat="49.181114" lon="20.084377">
      <ele>2206</ele>
      <time>2026-05-07T18:07:21Z</time>
    </trkpt>
    <trkpt lat="49.181137" lon="20.084397">
      <ele>2206</ele>
      <time>2026-05-07T18:07:29Z</time>
    </trkpt>
    <trkpt lat="49.181189" lon="20.084415">
      <ele>2202</ele>
      <time>2026-05-07T18:07:48Z</time>
    </trkpt>
    <trkpt lat="49.181246" lon="20.084432">
      <ele>2198</ele>
      <time>2026-05-07T18:08:10Z</time>
    </trkpt>
    <trkpt lat="49.181284" lon="20.084422">
      <ele>2195</ele>
      <time>2026-05-07T18:08:26Z</time>
    </trkpt>
    <trkpt lat="49.181281" lon="20.084373">
      <ele>2193</ele>
      <time>2026-05-07T18:08:37Z</time>
    </trkpt>
    <trkpt lat="49.181309" lon="20.084345">
      <ele>2191</ele>
      <time>2026-05-07T18:08:50Z</time>
    </trkpt>
    <trkpt lat="49.181303" lon="20.0843">
      <ele>2190</ele>
      <time>2026-05-07T18:08:59Z</time>
    </trkpt>
    <trkpt lat="49.181286" lon="20.084261">
      <ele>2190</ele>
      <time>2026-05-07T18:09:09Z</time>
    </trkpt>
    <trkpt lat="49.181273" lon="20.084206">
      <ele>2189</ele>
      <time>2026-05-07T18:09:21Z</time>
    </trkpt>
    <trkpt lat="49.181272" lon="20.084182">
      <ele>2189</ele>
      <time>2026-05-07T18:09:26Z</time>
    </trkpt>
    <trkpt lat="49.181279" lon="20.084159">
      <ele>2188</ele>
      <time>2026-05-07T18:09:32Z</time>
    </trkpt>
    <trkpt lat="49.181291" lon="20.084161">
      <ele>2188</ele>
      <time>2026-05-07T18:09:36Z</time>
    </trkpt>
    <trkpt lat="49.181304" lon="20.084174">
      <ele>2188</ele>
      <time>2026-05-07T18:09:41Z</time>
    </trkpt>
    <trkpt lat="49.181313" lon="20.084164">
      <ele>2187</ele>
      <time>2026-05-07T18:09:45Z</time>
    </trkpt>
    <trkpt lat="49.181331" lon="20.084156">
      <ele>2186</ele>
      <time>2026-05-07T18:09:51Z</time>
    </trkpt>
    <trkpt lat="49.181342" lon="20.084152">
      <ele>2186</ele>
      <time>2026-05-07T18:09:55Z</time>
    </trkpt>
    <trkpt lat="49.181368" lon="20.084154">
      <ele>2185</ele>
      <time>2026-05-07T18:10:03Z</time>
    </trkpt>
    <trkpt lat="49.181375" lon="20.084139">
      <ele>2184</ele>
      <time>2026-05-07T18:10:08Z</time>
    </trkpt>
    <trkpt lat="49.181355" lon="20.084083">
      <ele>2182</ele>
      <time>2026-05-07T18:10:22Z</time>
    </trkpt>
    <trkpt lat="49.181335" lon="20.084038">
      <ele>2181</ele>
      <time>2026-05-07T18:10:34Z</time>
    </trkpt>
    <trkpt lat="49.18132" lon="20.083993">
      <ele>2180</ele>
      <time>2026-05-07T18:10:44Z</time>
    </trkpt>
    <trkpt lat="49.181274" lon="20.083892">
      <ele>2179</ele>
      <time>2026-05-07T18:11:10Z</time>
    </trkpt>
    <trkpt lat="49.181284" lon="20.083856">
      <ele>2178</ele>
      <time>2026-05-07T18:11:19Z</time>
    </trkpt>
    <trkpt lat="49.181306" lon="20.083841">
      <ele>2175</ele>
      <time>2026-05-07T18:11:29Z</time>
    </trkpt>
    <trkpt lat="49.181321" lon="20.083812">
      <ele>2173</ele>
      <time>2026-05-07T18:11:39Z</time>
    </trkpt>
    <trkpt lat="49.181318" lon="20.083763">
      <ele>2172</ele>
      <time>2026-05-07T18:11:49Z</time>
    </trkpt>
    <trkpt lat="49.181307" lon="20.083743">
      <ele>2172</ele>
      <time>2026-05-07T18:11:55Z</time>
    </trkpt>
    <trkpt lat="49.181278" lon="20.083717">
      <ele>2174</ele>
      <time>2026-05-07T18:12:07Z</time>
    </trkpt>
    <trkpt lat="49.181282" lon="20.083668">
      <ele>2172</ele>
      <time>2026-05-07T18:12:18Z</time>
    </trkpt>
    <trkpt lat="49.181261" lon="20.083647">
      <ele>2174</ele>
      <time>2026-05-07T18:12:27Z</time>
    </trkpt>
    <trkpt lat="49.181251" lon="20.083616">
      <ele>2174</ele>
      <time>2026-05-07T18:12:34Z</time>
    </trkpt>
    <trkpt lat="49.181283" lon="20.083572">
      <ele>2169</ele>
      <time>2026-05-07T18:12:54Z</time>
    </trkpt>
    <trkpt lat="49.181305" lon="20.083524">
      <ele>2165</ele>
      <time>2026-05-07T18:13:11Z</time>
    </trkpt>
    <trkpt lat="49.181295" lon="20.083486">
      <ele>2164</ele>
      <time>2026-05-07T18:13:20Z</time>
    </trkpt>
    <trkpt lat="49.181321" lon="20.083428">
      <ele>2159</ele>
      <time>2026-05-07T18:13:40Z</time>
    </trkpt>
    <trkpt lat="49.181346" lon="20.083386">
      <ele>2156</ele>
      <time>2026-05-07T18:13:55Z</time>
    </trkpt>
    <trkpt lat="49.181337" lon="20.083361">
      <ele>2155</ele>
      <time>2026-05-07T18:14:01Z</time>
    </trkpt>
    <trkpt lat="49.181316" lon="20.083307">
      <ele>2152</ele>
      <time>2026-05-07T18:14:16Z</time>
    </trkpt>
    <trkpt lat="49.181303" lon="20.083273">
      <ele>2149</ele>
      <time>2026-05-07T18:14:29Z</time>
    </trkpt>
    <trkpt lat="49.181286" lon="20.083241">
      <ele>2146</ele>
      <time>2026-05-07T18:14:40Z</time>
    </trkpt>
    <trkpt lat="49.181265" lon="20.083213">
      <ele>2145</ele>
      <time>2026-05-07T18:14:50Z</time>
    </trkpt>
    <trkpt lat="49.181244" lon="20.083172">
      <ele>2142</ele>
      <time>2026-05-07T18:15:03Z</time>
    </trkpt>
    <trkpt lat="49.181258" lon="20.08313">
      <ele>2136</ele>
      <time>2026-05-07T18:15:23Z</time>
    </trkpt>
    <trkpt lat="49.181256" lon="20.083112">
      <ele>2134</ele>
      <time>2026-05-07T18:15:30Z</time>
    </trkpt>
    <trkpt lat="49.181245" lon="20.083045">
      <ele>2127</ele>
      <time>2026-05-07T18:15:53Z</time>
    </trkpt>
    <trkpt lat="49.181251" lon="20.083004">
      <ele>2124</ele>
      <time>2026-05-07T18:16:05Z</time>
    </trkpt>
    <trkpt lat="49.181263" lon="20.082956">
      <ele>2120</ele>
      <time>2026-05-07T18:16:21Z</time>
    </trkpt>
    <trkpt lat="49.181298" lon="20.082926">
      <ele>2115</ele>
      <time>2026-05-07T18:16:40Z</time>
    </trkpt>
    <trkpt lat="49.181337" lon="20.082843">
      <ele>2107</ele>
      <time>2026-05-07T18:17:10Z</time>
    </trkpt>
    <trkpt lat="49.181354" lon="20.082849">
      <ele>2106</ele>
      <time>2026-05-07T18:17:17Z</time>
    </trkpt>
    <trkpt lat="49.181371" lon="20.082843">
      <ele>2105</ele>
      <time>2026-05-07T18:17:23Z</time>
    </trkpt>
    <trkpt lat="49.181347" lon="20.082802">
      <ele>2104</ele>
      <time>2026-05-07T18:17:35Z</time>
    </trkpt>
    <trkpt lat="49.181395" lon="20.082807">
      <ele>2102</ele>
      <time>2026-05-07T18:17:52Z</time>
    </trkpt>
    <trkpt lat="49.181418" lon="20.082807">
      <ele>2100</ele>
      <time>2026-05-07T18:18:00Z</time>
    </trkpt>
    <trkpt lat="49.181457" lon="20.082765">
      <ele>2096</ele>
      <time>2026-05-07T18:18:19Z</time>
    </trkpt>
    <trkpt lat="49.18148" lon="20.082736">
      <ele>2093</ele>
      <time>2026-05-07T18:18:31Z</time>
    </trkpt>
    <trkpt lat="49.181526" lon="20.082754">
      <ele>2091</ele>
      <time>2026-05-07T18:18:47Z</time>
    </trkpt>
    <trkpt lat="49.181534" lon="20.082716">
      <ele>2089</ele>
      <time>2026-05-07T18:18:57Z</time>
    </trkpt>
    <trkpt lat="49.181573" lon="20.082683">
      <ele>2086</ele>
      <time>2026-05-07T18:19:14Z</time>
    </trkpt>
    <trkpt lat="49.181596" lon="20.082654">
      <ele>2084</ele>
      <time>2026-05-07T18:19:25Z</time>
    </trkpt>
    <trkpt lat="49.18159" lon="20.0826">
      <ele>2083</ele>
      <time>2026-05-07T18:19:37Z</time>
    </trkpt>
    <trkpt lat="49.181558" lon="20.082547">
      <ele>2082</ele>
      <time>2026-05-07T18:19:52Z</time>
    </trkpt>
    <trkpt lat="49.18156" lon="20.082518">
      <ele>2081</ele>
      <time>2026-05-07T18:19:58Z</time>
    </trkpt>
    <trkpt lat="49.181566" lon="20.082471">
      <ele>2079</ele>
      <time>2026-05-07T18:20:10Z</time>
    </trkpt>
    <trkpt lat="49.181582" lon="20.082432">
      <ele>2077</ele>
      <time>2026-05-07T18:20:21Z</time>
    </trkpt>
    <trkpt lat="49.181569" lon="20.082354">
      <ele>2074</ele>
      <time>2026-05-07T18:20:40Z</time>
    </trkpt>
    <trkpt lat="49.181554" lon="20.082307">
      <ele>2072</ele>
      <time>2026-05-07T18:20:52Z</time>
    </trkpt>
    <trkpt lat="49.181512" lon="20.082269">
      <ele>2071</ele>
      <time>2026-05-07T18:21:07Z</time>
    </trkpt>
    <trkpt lat="49.181476" lon="20.0822">
      <ele>2069</ele>
      <time>2026-05-07T18:21:27Z</time>
    </trkpt>
    <trkpt lat="49.181486" lon="20.082113">
      <ele>2064</ele>
      <time>2026-05-07T18:21:49Z</time>
    </trkpt>
    <trkpt lat="49.181522" lon="20.082036">
      <ele>2061</ele>
      <time>2026-05-07T18:22:10Z</time>
    </trkpt>
    <trkpt lat="49.181517" lon="20.081977">
      <ele>2059</ele>
      <time>2026-05-07T18:22:24Z</time>
    </trkpt>
    <trkpt lat="49.181514" lon="20.081933">
      <ele>2057</ele>
      <time>2026-05-07T18:22:34Z</time>
    </trkpt>
    <trkpt lat="49.181532" lon="20.081897">
      <ele>2057</ele>
      <time>2026-05-07T18:22:44Z</time>
    </trkpt>
    <trkpt lat="49.181544" lon="20.081853">
      <ele>2057</ele>
      <time>2026-05-07T18:22:53Z</time>
    </trkpt>
    <trkpt lat="49.181558" lon="20.081824">
      <ele>2056</ele>
      <time>2026-05-07T18:23:01Z</time>
    </trkpt>
    <trkpt lat="49.181583" lon="20.081773">
      <ele>2056</ele>
      <time>2026-05-07T18:23:14Z</time>
    </trkpt>
    <trkpt lat="49.181591" lon="20.081744">
      <ele>2055</ele>
      <time>2026-05-07T18:23:21Z</time>
    </trkpt>
    <trkpt lat="49.181582" lon="20.081683">
      <ele>2054</ele>
      <time>2026-05-07T18:23:34Z</time>
    </trkpt>
    <trkpt lat="49.181563" lon="20.081643">
      <ele>2053</ele>
      <time>2026-05-07T18:23:45Z</time>
    </trkpt>
    <trkpt lat="49.181537" lon="20.081586">
      <ele>2052</ele>
      <time>2026-05-07T18:23:59Z</time>
    </trkpt>
    <trkpt lat="49.181512" lon="20.081539">
      <ele>2050</ele>
      <time>2026-05-07T18:24:12Z</time>
    </trkpt>
    <trkpt lat="49.181502" lon="20.08152">
      <ele>2050</ele>
      <time>2026-05-07T18:24:17Z</time>
    </trkpt>
    <trkpt lat="49.181463" lon="20.081507">
      <ele>2049</ele>
      <time>2026-05-07T18:24:30Z</time>
    </trkpt>
    <trkpt lat="49.181438" lon="20.081515">
      <ele>2049</ele>
      <time>2026-05-07T18:24:38Z</time>
    </trkpt>
    <trkpt lat="49.181416" lon="20.081522">
      <ele>2049</ele>
      <time>2026-05-07T18:24:45Z</time>
    </trkpt>
    <trkpt lat="49.181399" lon="20.081505">
      <ele>2049</ele>
      <time>2026-05-07T18:24:52Z</time>
    </trkpt>
    <trkpt lat="49.181378" lon="20.081484">
      <ele>2048</ele>
      <time>2026-05-07T18:25:00Z</time>
    </trkpt>
    <trkpt lat="49.181353" lon="20.081474">
      <ele>2048</ele>
      <time>2026-05-07T18:25:08Z</time>
    </trkpt>
    <trkpt lat="49.18131" lon="20.081461">
      <ele>2047</ele>
      <time>2026-05-07T18:25:22Z</time>
    </trkpt>
    <trkpt lat="49.181275" lon="20.081441">
      <ele>2047</ele>
      <time>2026-05-07T18:25:34Z</time>
    </trkpt>
    <trkpt lat="49.181252" lon="20.081424">
      <ele>2046</ele>
      <time>2026-05-07T18:25:42Z</time>
    </trkpt>
    <trkpt lat="49.18122" lon="20.0814">
      <ele>2045</ele>
      <time>2026-05-07T18:25:53Z</time>
    </trkpt>
    <trkpt lat="49.181211" lon="20.081373">
      <ele>2045</ele>
      <time>2026-05-07T18:26:00Z</time>
    </trkpt>
    <trkpt lat="49.181182" lon="20.081358">
      <ele>2045</ele>
      <time>2026-05-07T18:26:09Z</time>
    </trkpt>
    <trkpt lat="49.181165" lon="20.081336">
      <ele>2045</ele>
      <time>2026-05-07T18:26:16Z</time>
    </trkpt>
    <trkpt lat="49.181137" lon="20.081315">
      <ele>2045</ele>
      <time>2026-05-07T18:26:26Z</time>
    </trkpt>
    <trkpt lat="49.181105" lon="20.081277">
      <ele>2045</ele>
      <time>2026-05-07T18:26:39Z</time>
    </trkpt>
    <trkpt lat="49.18105" lon="20.081222">
      <ele>2047</ele>
      <time>2026-05-07T18:27:00Z</time>
    </trkpt>
    <trkpt lat="49.181019" lon="20.08116">
      <ele>2048</ele>
      <time>2026-05-07T18:27:16Z</time>
    </trkpt>
    <trkpt lat="49.180991" lon="20.081098">
      <ele>2047</ele>
      <time>2026-05-07T18:27:32Z</time>
    </trkpt>
    <trkpt lat="49.180989" lon="20.081038">
      <ele>2045</ele>
      <time>2026-05-07T18:27:45Z</time>
    </trkpt>
    <trkpt lat="49.180995" lon="20.080993">
      <ele>2044</ele>
      <time>2026-05-07T18:27:56Z</time>
    </trkpt>
    <trkpt lat="49.181027" lon="20.080992">
      <ele>2042</ele>
      <time>2026-05-07T18:28:06Z</time>
    </trkpt>
    <trkpt lat="49.181064" lon="20.080995">
      <ele>2041</ele>
      <time>2026-05-07T18:28:19Z</time>
    </trkpt>
    <trkpt lat="49.181096" lon="20.080988">
      <ele>2040</ele>
      <time>2026-05-07T18:28:30Z</time>
    </trkpt>
    <trkpt lat="49.181082" lon="20.080936">
      <ele>2037</ele>
      <time>2026-05-07T18:28:43Z</time>
    </trkpt>
    <trkpt lat="49.181046" lon="20.080828">
      <ele>2034</ele>
      <time>2026-05-07T18:29:09Z</time>
    </trkpt>
    <trkpt lat="49.181039" lon="20.080776">
      <ele>2033</ele>
      <time>2026-05-07T18:29:20Z</time>
    </trkpt>
    <trkpt lat="49.181032" lon="20.080727">
      <ele>2032</ele>
      <time>2026-05-07T18:29:31Z</time>
    </trkpt>
    <trkpt lat="49.181029" lon="20.080693">
      <ele>2032</ele>
      <time>2026-05-07T18:29:39Z</time>
    </trkpt>
    <trkpt lat="49.181031" lon="20.080661">
      <ele>2030</ele>
      <time>2026-05-07T18:29:46Z</time>
    </trkpt>
    <trkpt lat="49.181011" lon="20.080644">
      <ele>2031</ele>
      <time>2026-05-07T18:29:53Z</time>
    </trkpt>
    <trkpt lat="49.180963" lon="20.080662">
      <ele>2034</ele>
      <time>2026-05-07T18:30:11Z</time>
    </trkpt>
    <trkpt lat="49.180907" lon="20.080601">
      <ele>2034</ele>
      <time>2026-05-07T18:30:32Z</time>
    </trkpt>
    <trkpt lat="49.180861" lon="20.080528">
      <ele>2032</ele>
      <time>2026-05-07T18:30:54Z</time>
    </trkpt>
    <trkpt lat="49.180824" lon="20.080445">
      <ele>2031</ele>
      <time>2026-05-07T18:31:15Z</time>
    </trkpt>
    <trkpt lat="49.180835" lon="20.080365">
      <ele>2027</ele>
      <time>2026-05-07T18:31:34Z</time>
    </trkpt>
    <trkpt lat="49.180832" lon="20.080316">
      <ele>2026</ele>
      <time>2026-05-07T18:31:45Z</time>
    </trkpt>
    <trkpt lat="49.180814" lon="20.080271">
      <ele>2027</ele>
      <time>2026-05-07T18:31:56Z</time>
    </trkpt>
    <trkpt lat="49.180795" lon="20.080233">
      <ele>2030</ele>
      <time>2026-05-07T18:32:09Z</time>
    </trkpt>
    <trkpt lat="49.180726" lon="20.080214">
      <ele>2038</ele>
      <time>2026-05-07T18:32:41Z</time>
    </trkpt>
    <trkpt lat="49.180689" lon="20.080155">
      <ele>2044</ele>
      <time>2026-05-07T18:33:04Z</time>
    </trkpt>
    <trkpt lat="49.180652" lon="20.080075">
      <ele>2050</ele>
      <time>2026-05-07T18:33:31Z</time>
    </trkpt>
    <trkpt lat="49.18066" lon="20.079985">
      <ele>2051</ele>
      <time>2026-05-07T18:33:49Z</time>
    </trkpt>
    <trkpt lat="49.180667" lon="20.079915">
      <ele>2049</ele>
      <time>2026-05-07T18:34:05Z</time>
    </trkpt>
    <trkpt lat="49.180666" lon="20.079852">
      <ele>2049</ele>
      <time>2026-05-07T18:34:18Z</time>
    </trkpt>
    <trkpt lat="49.18067" lon="20.079817">
      <ele>2048</ele>
      <time>2026-05-07T18:34:25Z</time>
    </trkpt>
    <trkpt lat="49.180689" lon="20.07979">
      <ele>2046</ele>
      <time>2026-05-07T18:34:35Z</time>
    </trkpt>
    <trkpt lat="49.180745" lon="20.079741">
      <ele>2042</ele>
      <time>2026-05-07T18:34:59Z</time>
    </trkpt>
    <trkpt lat="49.18075" lon="20.07962">
      <ele>2038</ele>
      <time>2026-05-07T18:35:26Z</time>
    </trkpt>
    <trkpt lat="49.180735" lon="20.079567">
      <ele>2037</ele>
      <time>2026-05-07T18:35:38Z</time>
    </trkpt>
    <trkpt lat="49.180722" lon="20.079503">
      <ele>2036</ele>
      <time>2026-05-07T18:35:52Z</time>
    </trkpt>
    <trkpt lat="49.180767" lon="20.07949">
      <ele>2032</ele>
      <time>2026-05-07T18:36:11Z</time>
    </trkpt>
    <trkpt lat="49.180794" lon="20.07947">
      <ele>2029</ele>
      <time>2026-05-07T18:36:23Z</time>
    </trkpt>
    <trkpt lat="49.18079" lon="20.0794">
      <ele>2027</ele>
      <time>2026-05-07T18:36:39Z</time>
    </trkpt>
    <trkpt lat="49.1808" lon="20.079384">
      <ele>2025</ele>
      <time>2026-05-07T18:36:45Z</time>
    </trkpt>
    <trkpt lat="49.180843" lon="20.079377">
      <ele>2022</ele>
      <time>2026-05-07T18:37:01Z</time>
    </trkpt>
    <trkpt lat="49.180854" lon="20.079342">
      <ele>2020</ele>
      <time>2026-05-07T18:37:11Z</time>
    </trkpt>
    <trkpt lat="49.180857" lon="20.079315">
      <ele>2019</ele>
      <time>2026-05-07T18:37:17Z</time>
    </trkpt>
    <trkpt lat="49.180856" lon="20.079277">
      <ele>2018</ele>
      <time>2026-05-07T18:37:26Z</time>
    </trkpt>
    <trkpt lat="49.18085" lon="20.079234">
      <ele>2016</ele>
      <time>2026-05-07T18:37:36Z</time>
    </trkpt>
    <trkpt lat="49.180864" lon="20.079218">
      <ele>2015</ele>
      <time>2026-05-07T18:37:42Z</time>
    </trkpt>
    <trkpt lat="49.180865" lon="20.079194">
      <ele>2014</ele>
      <time>2026-05-07T18:37:48Z</time>
    </trkpt>
    <trkpt lat="49.180859" lon="20.079152">
      <ele>2013</ele>
      <time>2026-05-07T18:37:57Z</time>
    </trkpt>
    <trkpt lat="49.180851" lon="20.079128">
      <ele>2013</ele>
      <time>2026-05-07T18:38:03Z</time>
    </trkpt>
    <trkpt lat="49.18085" lon="20.0791">
      <ele>2012</ele>
      <time>2026-05-07T18:38:09Z</time>
    </trkpt>
    <trkpt lat="49.18086" lon="20.079083">
      <ele>2011</ele>
      <time>2026-05-07T18:38:14Z</time>
    </trkpt>
    <trkpt lat="49.180868" lon="20.079063">
      <ele>2010</ele>
      <time>2026-05-07T18:38:20Z</time>
    </trkpt>
    <trkpt lat="49.180865" lon="20.079033">
      <ele>2009</ele>
      <time>2026-05-07T18:38:26Z</time>
    </trkpt>
    <trkpt lat="49.180849" lon="20.078964">
      <ele>2009</ele>
      <time>2026-05-07T18:38:42Z</time>
    </trkpt>
    <trkpt lat="49.180837" lon="20.078867">
      <ele>2007</ele>
      <time>2026-05-07T18:39:03Z</time>
    </trkpt>
    <trkpt lat="49.18085" lon="20.078825">
      <ele>2005</ele>
      <time>2026-05-07T18:39:14Z</time>
    </trkpt>
    <trkpt lat="49.180915" lon="20.078751">
      <ele>1998</ele>
      <time>2026-05-07T18:39:46Z</time>
    </trkpt>
    <trkpt lat="49.180949" lon="20.078739">
      <ele>1995</ele>
      <time>2026-05-07T18:40:00Z</time>
    </trkpt>
    <trkpt lat="49.180956" lon="20.078718">
      <ele>1993</ele>
      <time>2026-05-07T18:40:06Z</time>
    </trkpt>
    <trkpt lat="49.180956" lon="20.078697">
      <ele>1993</ele>
      <time>2026-05-07T18:40:11Z</time>
    </trkpt>
    <trkpt lat="49.180965" lon="20.078655">
      <ele>1990</ele>
      <time>2026-05-07T18:40:22Z</time>
    </trkpt>
    <trkpt lat="49.180983" lon="20.078664">
      <ele>1989</ele>
      <time>2026-05-07T18:40:29Z</time>
    </trkpt>
    <trkpt lat="49.180991" lon="20.078628">
      <ele>1987</ele>
      <time>2026-05-07T18:40:38Z</time>
    </trkpt>
    <trkpt lat="49.181015" lon="20.078622">
      <ele>1985</ele>
      <time>2026-05-07T18:40:48Z</time>
    </trkpt>
    <trkpt lat="49.181046" lon="20.078623">
      <ele>1983</ele>
      <time>2026-05-07T18:41:00Z</time>
    </trkpt>
    <trkpt lat="49.181055" lon="20.078589">
      <ele>1980</ele>
      <time>2026-05-07T18:41:10Z</time>
    </trkpt>
    <trkpt lat="49.181085" lon="20.078517">
      <ele>1975</ele>
      <time>2026-05-07T18:41:33Z</time>
    </trkpt>
    <trkpt lat="49.181115" lon="20.078437">
      <ele>1969</ele>
      <time>2026-05-07T18:41:59Z</time>
    </trkpt>
    <trkpt lat="49.181136" lon="20.078376">
      <ele>1964</ele>
      <time>2026-05-07T18:42:18Z</time>
    </trkpt>
    <trkpt lat="49.181194" lon="20.078303">
      <ele>1957</ele>
      <time>2026-05-07T18:42:50Z</time>
    </trkpt>
    <trkpt lat="49.181227" lon="20.078361">
      <ele>1955</ele>
      <time>2026-05-07T18:43:06Z</time>
    </trkpt>
    <trkpt lat="49.181237" lon="20.078363">
      <ele>1954</ele>
      <time>2026-05-07T18:43:10Z</time>
    </trkpt>
    <trkpt lat="49.181247" lon="20.07837">
      <ele>1954</ele>
      <time>2026-05-07T18:43:14Z</time>
    </trkpt>
    <trkpt lat="49.181269" lon="20.07837">
      <ele>1952</ele>
      <time>2026-05-07T18:43:23Z</time>
    </trkpt>
    <trkpt lat="49.18132" lon="20.078386">
      <ele>1948</ele>
      <time>2026-05-07T18:43:42Z</time>
    </trkpt>
    <trkpt lat="49.18134" lon="20.078378">
      <ele>1946</ele>
      <time>2026-05-07T18:43:52Z</time>
    </trkpt>
    <trkpt lat="49.181347" lon="20.07835">
      <ele>1943</ele>
      <time>2026-05-07T18:44:00Z</time>
    </trkpt>
    <trkpt lat="49.181346" lon="20.078298">
      <ele>1942</ele>
      <time>2026-05-07T18:44:11Z</time>
    </trkpt>
    <trkpt lat="49.181356" lon="20.078266">
      <ele>1941</ele>
      <time>2026-05-07T18:44:19Z</time>
    </trkpt>
    <trkpt lat="49.181377" lon="20.078258">
      <ele>1939</ele>
      <time>2026-05-07T18:44:28Z</time>
    </trkpt>
    <trkpt lat="49.181418" lon="20.078257">
      <ele>1935</ele>
      <time>2026-05-07T18:44:46Z</time>
    </trkpt>
    <trkpt lat="49.181434" lon="20.078265">
      <ele>1933</ele>
      <time>2026-05-07T18:44:52Z</time>
    </trkpt>
    <trkpt lat="49.181469" lon="20.078304">
      <ele>1930</ele>
      <time>2026-05-07T18:45:09Z</time>
    </trkpt>
    <trkpt lat="49.1815" lon="20.07826">
      <ele>1927</ele>
      <time>2026-05-07T18:45:25Z</time>
    </trkpt>
    <trkpt lat="49.181526" lon="20.078157">
      <ele>1923</ele>
      <time>2026-05-07T18:45:50Z</time>
    </trkpt>
    <trkpt lat="49.181569" lon="20.07806">
      <ele>1918</ele>
      <time>2026-05-07T18:46:19Z</time>
    </trkpt>
    <trkpt lat="49.181585" lon="20.078056">
      <ele>1916</ele>
      <time>2026-05-07T18:46:26Z</time>
    </trkpt>
    <trkpt lat="49.181633" lon="20.078114">
      <ele>1912</ele>
      <time>2026-05-07T18:46:48Z</time>
    </trkpt>
    <trkpt lat="49.181647" lon="20.078096">
      <ele>1910</ele>
      <time>2026-05-07T18:46:56Z</time>
    </trkpt>
    <trkpt lat="49.181685" lon="20.078003">
      <ele>1904</ele>
      <time>2026-05-07T18:47:23Z</time>
    </trkpt>
    <trkpt lat="49.181699" lon="20.077996">
      <ele>1903</ele>
      <time>2026-05-07T18:47:30Z</time>
    </trkpt>
    <trkpt lat="49.181722" lon="20.078012">
      <ele>1901</ele>
      <time>2026-05-07T18:47:39Z</time>
    </trkpt>
    <trkpt lat="49.181787" lon="20.078069">
      <ele>1895</ele>
      <time>2026-05-07T18:48:08Z</time>
    </trkpt>
    <trkpt lat="49.181791" lon="20.07805">
      <ele>1895</ele>
      <time>2026-05-07T18:48:12Z</time>
    </trkpt>
    <trkpt lat="49.181799" lon="20.077991">
      <ele>1892</ele>
      <time>2026-05-07T18:48:26Z</time>
    </trkpt>
    <trkpt lat="49.181815" lon="20.07793">
      <ele>1890</ele>
      <time>2026-05-07T18:48:42Z</time>
    </trkpt>
    <trkpt lat="49.181842" lon="20.077938">
      <ele>1887</ele>
      <time>2026-05-07T18:48:53Z</time>
    </trkpt>
    <trkpt lat="49.181876" lon="20.078009">
      <ele>1885</ele>
      <time>2026-05-07T18:49:12Z</time>
    </trkpt>
    <trkpt lat="49.181889" lon="20.078041">
      <ele>1884</ele>
      <time>2026-05-07T18:49:20Z</time>
    </trkpt>
    <trkpt lat="49.181933" lon="20.078025">
      <ele>1879</ele>
      <time>2026-05-07T18:49:40Z</time>
    </trkpt>
    <trkpt lat="49.18198" lon="20.078027">
      <ele>1874</ele>
      <time>2026-05-07T18:50:01Z</time>
    </trkpt>
    <trkpt lat="49.182068" lon="20.078083">
      <ele>1865</ele>
      <time>2026-05-07T18:50:40Z</time>
    </trkpt>
    <trkpt lat="49.182255" lon="20.078113">
      <ele>1845</ele>
      <time>2026-05-07T18:52:02Z</time>
    </trkpt>
    <trkpt lat="49.182362" lon="20.078114">
      <ele>1835</ele>
      <time>2026-05-07T18:52:46Z</time>
    </trkpt>
    <trkpt lat="49.182467" lon="20.078109">
      <ele>1826</ele>
      <time>2026-05-07T18:53:28Z</time>
    </trkpt>
    <trkpt lat="49.182525" lon="20.078106">
      <ele>1819</ele>
      <time>2026-05-07T18:53:53Z</time>
    </trkpt>
    <trkpt lat="49.182551" lon="20.078128">
      <ele>1816</ele>
      <time>2026-05-07T18:54:06Z</time>
    </trkpt>
    <trkpt lat="49.182573" lon="20.078147">
      <ele>1814</ele>
      <time>2026-05-07T18:54:17Z</time>
    </trkpt>
    <trkpt lat="49.182593" lon="20.078149">
      <ele>1812</ele>
      <time>2026-05-07T18:54:26Z</time>
    </trkpt>
    <trkpt lat="49.182624" lon="20.078129">
      <ele>1808</ele>
      <time>2026-05-07T18:54:41Z</time>
    </trkpt>
    <trkpt lat="49.182637" lon="20.078169">
      <ele>1807</ele>
      <time>2026-05-07T18:54:51Z</time>
    </trkpt>
    <trkpt lat="49.182657" lon="20.078183">
      <ele>1805</ele>
      <time>2026-05-07T18:55:00Z</time>
    </trkpt>
    <trkpt lat="49.18267" lon="20.078177">
      <ele>1803</ele>
      <time>2026-05-07T18:55:06Z</time>
    </trkpt>
    <trkpt lat="49.182689" lon="20.078201">
      <ele>1802</ele>
      <time>2026-05-07T18:55:15Z</time>
    </trkpt>
    <trkpt lat="49.182695" lon="20.078222">
      <ele>1801</ele>
      <time>2026-05-07T18:55:19Z</time>
    </trkpt>
    <trkpt lat="49.182719" lon="20.078224">
      <ele>1799</ele>
      <time>2026-05-07T18:55:30Z</time>
    </trkpt>
    <trkpt lat="49.182757" lon="20.078227">
      <ele>1795</ele>
      <time>2026-05-07T18:55:46Z</time>
    </trkpt>
    <trkpt lat="49.182771" lon="20.078237">
      <ele>1794</ele>
      <time>2026-05-07T18:55:52Z</time>
    </trkpt>
    <trkpt lat="49.182785" lon="20.078277">
      <ele>1794</ele>
      <time>2026-05-07T18:56:01Z</time>
    </trkpt>
    <trkpt lat="49.182824" lon="20.078316">
      <ele>1792</ele>
      <time>2026-05-07T18:56:17Z</time>
    </trkpt>
    <trkpt lat="49.182846" lon="20.078317">
      <ele>1790</ele>
      <time>2026-05-07T18:56:26Z</time>
    </trkpt>
    <trkpt lat="49.182862" lon="20.078329">
      <ele>1789</ele>
      <time>2026-05-07T18:56:32Z</time>
    </trkpt>
    <trkpt lat="49.182876" lon="20.078353">
      <ele>1788</ele>
      <time>2026-05-07T18:56:39Z</time>
    </trkpt>
    <trkpt lat="49.182891" lon="20.078373">
      <ele>1788</ele>
      <time>2026-05-07T18:56:46Z</time>
    </trkpt>
    <trkpt lat="49.182904" lon="20.078412">
      <ele>1788</ele>
      <time>2026-05-07T18:56:55Z</time>
    </trkpt>
    <trkpt lat="49.182922" lon="20.078416">
      <ele>1786</ele>
      <time>2026-05-07T18:57:02Z</time>
    </trkpt>
    <trkpt lat="49.182941" lon="20.078398">
      <ele>1784</ele>
      <time>2026-05-07T18:57:12Z</time>
    </trkpt>
    <trkpt lat="49.182954" lon="20.078373">
      <ele>1782</ele>
      <time>2026-05-07T18:57:21Z</time>
    </trkpt>
    <trkpt lat="49.182957" lon="20.078371">
      <ele>1781</ele>
      <time>2026-05-07T18:57:22Z</time>
    </trkpt>
    <trkpt lat="49.182972" lon="20.078368">
      <ele>1780</ele>
      <time>2026-05-07T18:57:29Z</time>
    </trkpt>
    <trkpt lat="49.183008" lon="20.078405">
      <ele>1778</ele>
      <time>2026-05-07T18:57:43Z</time>
    </trkpt>
    <trkpt lat="49.183041" lon="20.078445">
      <ele>1776</ele>
      <time>2026-05-07T18:57:58Z</time>
    </trkpt>
    <trkpt lat="49.183056" lon="20.078446">
      <ele>1775</ele>
      <time>2026-05-07T18:58:04Z</time>
    </trkpt>
    <trkpt lat="49.183073" lon="20.078458">
      <ele>1774</ele>
      <time>2026-05-07T18:58:10Z</time>
    </trkpt>
    <trkpt lat="49.183096" lon="20.078457">
      <ele>1771</ele>
      <time>2026-05-07T18:58:20Z</time>
    </trkpt>
    <trkpt lat="49.183114" lon="20.078473">
      <ele>1770</ele>
      <time>2026-05-07T18:58:27Z</time>
    </trkpt>
    <trkpt lat="49.183127" lon="20.078476">
      <ele>1769</ele>
      <time>2026-05-07T18:58:32Z</time>
    </trkpt>
    <trkpt lat="49.183148" lon="20.078466">
      <ele>1767</ele>
      <time>2026-05-07T18:58:42Z</time>
    </trkpt>
    <trkpt lat="49.183158" lon="20.078422">
      <ele>1765</ele>
      <time>2026-05-07T18:58:53Z</time>
    </trkpt>
    <trkpt lat="49.183164" lon="20.078411">
      <ele>1764</ele>
      <time>2026-05-07T18:58:57Z</time>
    </trkpt>
    <trkpt lat="49.183184" lon="20.078422">
      <ele>1762</ele>
      <time>2026-05-07T18:59:05Z</time>
    </trkpt>
    <trkpt lat="49.183197" lon="20.07845">
      <ele>1762</ele>
      <time>2026-05-07T18:59:12Z</time>
    </trkpt>
    <trkpt lat="49.18321" lon="20.078503">
      <ele>1762</ele>
      <time>2026-05-07T18:59:24Z</time>
    </trkpt>
    <trkpt lat="49.183221" lon="20.078524">
      <ele>1762</ele>
      <time>2026-05-07T18:59:30Z</time>
    </trkpt>
    <trkpt lat="49.183226" lon="20.078555">
      <ele>1762</ele>
      <time>2026-05-07T18:59:36Z</time>
    </trkpt>
    <trkpt lat="49.183229" lon="20.078592">
      <ele>1763</ele>
      <time>2026-05-07T18:59:44Z</time>
    </trkpt>
    <trkpt lat="49.183239" lon="20.07863">
      <ele>1763</ele>
      <time>2026-05-07T18:59:53Z</time>
    </trkpt>
    <trkpt lat="49.183256" lon="20.078666">
      <ele>1763</ele>
      <time>2026-05-07T19:00:02Z</time>
    </trkpt>
    <trkpt lat="49.183298" lon="20.078676">
      <ele>1759</ele>
      <time>2026-05-07T19:00:19Z</time>
    </trkpt>
    <trkpt lat="49.183332" lon="20.078689">
      <ele>1756</ele>
      <time>2026-05-07T19:00:32Z</time>
    </trkpt>
    <trkpt lat="49.183368" lon="20.078714">
      <ele>1754</ele>
      <time>2026-05-07T19:00:46Z</time>
    </trkpt>
    <trkpt lat="49.183417" lon="20.078769">
      <ele>1752</ele>
      <time>2026-05-07T19:01:06Z</time>
    </trkpt>
    <trkpt lat="49.183472" lon="20.078799">
      <ele>1748</ele>
      <time>2026-05-07T19:01:27Z</time>
    </trkpt>
    <trkpt lat="49.183494" lon="20.078809">
      <ele>1747</ele>
      <time>2026-05-07T19:01:36Z</time>
    </trkpt>
    <trkpt lat="49.183536" lon="20.078807">
      <ele>1743</ele>
      <time>2026-05-07T19:01:53Z</time>
    </trkpt>
    <trkpt lat="49.183571" lon="20.078835">
      <ele>1741</ele>
      <time>2026-05-07T19:02:06Z</time>
    </trkpt>
    <trkpt lat="49.183605" lon="20.078897">
      <ele>1741</ele>
      <time>2026-05-07T19:02:23Z</time>
    </trkpt>
    <trkpt lat="49.183625" lon="20.078924">
      <ele>1740</ele>
      <time>2026-05-07T19:02:32Z</time>
    </trkpt>
    <trkpt lat="49.183655" lon="20.078961">
      <ele>1739</ele>
      <time>2026-05-07T19:02:44Z</time>
    </trkpt>
    <trkpt lat="49.183684" lon="20.078994">
      <ele>1737</ele>
      <time>2026-05-07T19:02:56Z</time>
    </trkpt>
    <trkpt lat="49.183693" lon="20.079031">
      <ele>1738</ele>
      <time>2026-05-07T19:03:04Z</time>
    </trkpt>
    <trkpt lat="49.18373" lon="20.079118">
      <ele>1738</ele>
      <time>2026-05-07T19:03:26Z</time>
    </trkpt>
    <trkpt lat="49.183754" lon="20.079129">
      <ele>1737</ele>
      <time>2026-05-07T19:03:35Z</time>
    </trkpt>
    <trkpt lat="49.183801" lon="20.079143">
      <ele>1733</ele>
      <time>2026-05-07T19:03:52Z</time>
    </trkpt>
    <trkpt lat="49.183821" lon="20.079182">
      <ele>1733</ele>
      <time>2026-05-07T19:04:03Z</time>
    </trkpt>
    <trkpt lat="49.183841" lon="20.079193">
      <ele>1731</ele>
      <time>2026-05-07T19:04:10Z</time>
    </trkpt>
    <trkpt lat="49.183876" lon="20.079228">
      <ele>1729</ele>
      <time>2026-05-07T19:04:25Z</time>
    </trkpt>
    <trkpt lat="49.183899" lon="20.079241">
      <ele>1728</ele>
      <time>2026-05-07T19:04:33Z</time>
    </trkpt>
    <trkpt lat="49.183914" lon="20.079234">
      <ele>1727</ele>
      <time>2026-05-07T19:04:39Z</time>
    </trkpt>
    <trkpt lat="49.183932" lon="20.079258">
      <ele>1727</ele>
      <time>2026-05-07T19:04:47Z</time>
    </trkpt>
    <trkpt lat="49.18394" lon="20.079265">
      <ele>1726</ele>
      <time>2026-05-07T19:04:50Z</time>
    </trkpt>
    <trkpt lat="49.183948" lon="20.079258">
      <ele>1726</ele>
      <time>2026-05-07T19:04:53Z</time>
    </trkpt>
    <trkpt lat="49.18397" lon="20.07924">
      <ele>1724</ele>
      <time>2026-05-07T19:05:02Z</time>
    </trkpt>
    <trkpt lat="49.183993" lon="20.079239">
      <ele>1723</ele>
      <time>2026-05-07T19:05:10Z</time>
    </trkpt>
    <trkpt lat="49.184018" lon="20.079259">
      <ele>1722</ele>
      <time>2026-05-07T19:05:19Z</time>
    </trkpt>
    <trkpt lat="49.184022" lon="20.079265">
      <ele>1722</ele>
      <time>2026-05-07T19:05:21Z</time>
    </trkpt>
    <trkpt lat="49.184032" lon="20.079274">
      <ele>1721</ele>
      <time>2026-05-07T19:05:25Z</time>
    </trkpt>
    <trkpt lat="49.184038" lon="20.079249">
      <ele>1720</ele>
      <time>2026-05-07T19:05:31Z</time>
    </trkpt>
    <trkpt lat="49.184047" lon="20.079199">
      <ele>1719</ele>
      <time>2026-05-07T19:05:43Z</time>
    </trkpt>
    <trkpt lat="49.184047" lon="20.079169">
      <ele>1718</ele>
      <time>2026-05-07T19:05:50Z</time>
    </trkpt>
    <trkpt lat="49.184061" lon="20.079166">
      <ele>1717</ele>
      <time>2026-05-07T19:05:55Z</time>
    </trkpt>
    <trkpt lat="49.184119" lon="20.079199">
      <ele>1714</ele>
      <time>2026-05-07T19:06:15Z</time>
    </trkpt>
    <trkpt lat="49.184154" lon="20.079228">
      <ele>1713</ele>
      <time>2026-05-07T19:06:28Z</time>
    </trkpt>
    <trkpt lat="49.184192" lon="20.079279">
      <ele>1712</ele>
      <time>2026-05-07T19:06:44Z</time>
    </trkpt>
    <trkpt lat="49.184228" lon="20.079323">
      <ele>1712</ele>
      <time>2026-05-07T19:06:59Z</time>
    </trkpt>
    <trkpt lat="49.184233" lon="20.079318">
      <ele>1711</ele>
      <time>2026-05-07T19:07:01Z</time>
    </trkpt>
    <trkpt lat="49.184254" lon="20.079308">
      <ele>1710</ele>
      <time>2026-05-07T19:07:09Z</time>
    </trkpt>
    <trkpt lat="49.18426" lon="20.07934">
      <ele>1710</ele>
      <time>2026-05-07T19:07:16Z</time>
    </trkpt>
    <trkpt lat="49.184279" lon="20.079364">
      <ele>1710</ele>
      <time>2026-05-07T19:07:24Z</time>
    </trkpt>
    <trkpt lat="49.18429" lon="20.079391">
      <ele>1710</ele>
      <time>2026-05-07T19:07:31Z</time>
    </trkpt>
    <trkpt lat="49.184295" lon="20.079411">
      <ele>1711</ele>
      <time>2026-05-07T19:07:35Z</time>
    </trkpt>
    <trkpt lat="49.184314" lon="20.079427">
      <ele>1710</ele>
      <time>2026-05-07T19:07:42Z</time>
    </trkpt>
    <trkpt lat="49.184326" lon="20.07945">
      <ele>1710</ele>
      <time>2026-05-07T19:07:48Z</time>
    </trkpt>
    <trkpt lat="49.184334" lon="20.079477">
      <ele>1711</ele>
      <time>2026-05-07T19:07:55Z</time>
    </trkpt>
    <trkpt lat="49.18434" lon="20.079497">
      <ele>1711</ele>
      <time>2026-05-07T19:07:59Z</time>
    </trkpt>
    <trkpt lat="49.184362" lon="20.079482">
      <ele>1710</ele>
      <time>2026-05-07T19:08:08Z</time>
    </trkpt>
    <trkpt lat="49.184368" lon="20.079495">
      <ele>1710</ele>
      <time>2026-05-07T19:08:11Z</time>
    </trkpt>
    <trkpt lat="49.184375" lon="20.079516">
      <ele>1710</ele>
      <time>2026-05-07T19:08:16Z</time>
    </trkpt>
    <trkpt lat="49.18439" lon="20.079509">
      <ele>1709</ele>
      <time>2026-05-07T19:08:22Z</time>
    </trkpt>
    <trkpt lat="49.184396" lon="20.079506">
      <ele>1709</ele>
      <time>2026-05-07T19:08:24Z</time>
    </trkpt>
    <trkpt lat="49.184413" lon="20.079478">
      <ele>1707</ele>
      <time>2026-05-07T19:08:34Z</time>
    </trkpt>
    <trkpt lat="49.184432" lon="20.079494">
      <ele>1706</ele>
      <time>2026-05-07T19:08:41Z</time>
    </trkpt>
    <trkpt lat="49.184442" lon="20.079543">
      <ele>1708</ele>
      <time>2026-05-07T19:08:52Z</time>
    </trkpt>
    <trkpt lat="49.184455" lon="20.079539">
      <ele>1706</ele>
      <time>2026-05-07T19:08:58Z</time>
    </trkpt>
    <trkpt lat="49.184468" lon="20.079525">
      <ele>1704</ele>
      <time>2026-05-07T19:09:05Z</time>
    </trkpt>
    <trkpt lat="49.184471" lon="20.07955">
      <ele>1705</ele>
      <time>2026-05-07T19:09:11Z</time>
    </trkpt>
    <trkpt lat="49.184482" lon="20.079549">
      <ele>1704</ele>
      <time>2026-05-07T19:09:15Z</time>
    </trkpt>
    <trkpt lat="49.184492" lon="20.079531">
      <ele>1702</ele>
      <time>2026-05-07T19:09:23Z</time>
    </trkpt>
    <trkpt lat="49.184503" lon="20.079535">
      <ele>1701</ele>
      <time>2026-05-07T19:09:27Z</time>
    </trkpt>
    <trkpt lat="49.184505" lon="20.079562">
      <ele>1702</ele>
      <time>2026-05-07T19:09:33Z</time>
    </trkpt>
    <trkpt lat="49.184514" lon="20.079573">
      <ele>1702</ele>
      <time>2026-05-07T19:09:37Z</time>
    </trkpt>
    <trkpt lat="49.18454" lon="20.07959">
      <ele>1700</ele>
      <time>2026-05-07T19:09:47Z</time>
    </trkpt>
    <trkpt lat="49.184565" lon="20.079599">
      <ele>1698</ele>
      <time>2026-05-07T19:09:57Z</time>
    </trkpt>
    <trkpt lat="49.18459" lon="20.079577">
      <ele>1694</ele>
      <time>2026-05-07T19:10:11Z</time>
    </trkpt>
    <trkpt lat="49.184611" lon="20.079544">
      <ele>1691</ele>
      <time>2026-05-07T19:10:25Z</time>
    </trkpt>
    <trkpt lat="49.184619" lon="20.079525">
      <ele>1689</ele>
      <time>2026-05-07T19:10:32Z</time>
    </trkpt>
    <trkpt lat="49.184632" lon="20.079518">
      <ele>1687</ele>
      <time>2026-05-07T19:10:39Z</time>
    </trkpt>
    <trkpt lat="49.184641" lon="20.079528">
      <ele>1687</ele>
      <time>2026-05-07T19:10:43Z</time>
    </trkpt>
    <trkpt lat="49.184644" lon="20.079553">
      <ele>1688</ele>
      <time>2026-05-07T19:10:49Z</time>
    </trkpt>
    <trkpt lat="49.184652" lon="20.0796">
      <ele>1690</ele>
      <time>2026-05-07T19:11:00Z</time>
    </trkpt>
    <trkpt lat="49.184656" lon="20.079626">
      <ele>1691</ele>
      <time>2026-05-07T19:11:06Z</time>
    </trkpt>
    <trkpt lat="49.184668" lon="20.079638">
      <ele>1690</ele>
      <time>2026-05-07T19:11:11Z</time>
    </trkpt>
    <trkpt lat="49.184738" lon="20.079616">
      <ele>1682</ele>
      <time>2026-05-07T19:11:43Z</time>
    </trkpt>
    <trkpt lat="49.184835" lon="20.079528">
      <ele>1668</ele>
      <time>2026-05-07T19:12:37Z</time>
    </trkpt>
    <trkpt lat="49.184849" lon="20.079506">
      <ele>1666</ele>
      <time>2026-05-07T19:12:46Z</time>
    </trkpt>
    <trkpt lat="49.184879" lon="20.079435">
      <ele>1661</ele>
      <time>2026-05-07T19:13:08Z</time>
    </trkpt>
    <trkpt lat="49.184942" lon="20.079309">
      <ele>1655</ele>
      <time>2026-05-07T19:13:45Z</time>
    </trkpt>
    <trkpt lat="49.184973" lon="20.079273">
      <ele>1652</ele>
      <time>2026-05-07T19:13:59Z</time>
    </trkpt>
    <trkpt lat="49.184994" lon="20.079263">
      <ele>1651</ele>
      <time>2026-05-07T19:14:07Z</time>
    </trkpt>
    <trkpt lat="49.185008" lon="20.079266">
      <ele>1650</ele>
      <time>2026-05-07T19:14:12Z</time>
    </trkpt>
    <trkpt lat="49.185095" lon="20.079371">
      <ele>1644</ele>
      <time>2026-05-07T19:14:51Z</time>
    </trkpt>
    <trkpt lat="49.185116" lon="20.079366">
      <ele>1642</ele>
      <time>2026-05-07T19:14:59Z</time>
    </trkpt>
    <trkpt lat="49.185122" lon="20.079297">
      <ele>1642</ele>
      <time>2026-05-07T19:15:13Z</time>
    </trkpt>
    <trkpt lat="49.185143" lon="20.079247">
      <ele>1640</ele>
      <time>2026-05-07T19:15:26Z</time>
    </trkpt>
    <trkpt lat="49.185157" lon="20.079241">
      <ele>1639</ele>
      <time>2026-05-07T19:15:32Z</time>
    </trkpt>
    <trkpt lat="49.185201" lon="20.079261">
      <ele>1636</ele>
      <time>2026-05-07T19:15:49Z</time>
    </trkpt>
    <trkpt lat="49.185241" lon="20.079258">
      <ele>1633</ele>
      <time>2026-05-07T19:16:04Z</time>
    </trkpt>
    <trkpt lat="49.185273" lon="20.079289">
      <ele>1631</ele>
      <time>2026-05-07T19:16:17Z</time>
    </trkpt>
    <trkpt lat="49.185291" lon="20.079351">
      <ele>1629</ele>
      <time>2026-05-07T19:16:31Z</time>
    </trkpt>
    <trkpt lat="49.185311" lon="20.079368">
      <ele>1628</ele>
      <time>2026-05-07T19:16:40Z</time>
    </trkpt>
    <trkpt lat="49.185333" lon="20.079343">
      <ele>1627</ele>
      <time>2026-05-07T19:16:49Z</time>
    </trkpt>
    <trkpt lat="49.1854" lon="20.079228">
      <ele>1621</ele>
      <time>2026-05-07T19:17:24Z</time>
    </trkpt>
    <trkpt lat="49.185443" lon="20.079147">
      <ele>1618</ele>
      <time>2026-05-07T19:17:48Z</time>
    </trkpt>
    <trkpt lat="49.185473" lon="20.079089">
      <ele>1616</ele>
      <time>2026-05-07T19:18:04Z</time>
    </trkpt>
    <trkpt lat="49.185498" lon="20.079053">
      <ele>1614</ele>
      <time>2026-05-07T19:18:16Z</time>
    </trkpt>
    <trkpt lat="49.185525" lon="20.079062">
      <ele>1612</ele>
      <time>2026-05-07T19:18:26Z</time>
    </trkpt>
    <trkpt lat="49.185581" lon="20.079146">
      <ele>1609</ele>
      <time>2026-05-07T19:18:52Z</time>
    </trkpt>
    <trkpt lat="49.185597" lon="20.07917">
      <ele>1609</ele>
      <time>2026-05-07T19:18:59Z</time>
    </trkpt>
    <trkpt lat="49.185618" lon="20.079193">
      <ele>1609</ele>
      <time>2026-05-07T19:19:07Z</time>
    </trkpt>
    <trkpt lat="49.185637" lon="20.079199">
      <ele>1608</ele>
      <time>2026-05-07T19:19:13Z</time>
    </trkpt>
    <trkpt lat="49.185665" lon="20.079173">
      <ele>1607</ele>
      <time>2026-05-07T19:19:24Z</time>
    </trkpt>
    <trkpt lat="49.185754" lon="20.07909">
      <ele>1605</ele>
      <time>2026-05-07T19:19:58Z</time>
    </trkpt>
    <trkpt lat="49.185827" lon="20.079017">
      <ele>1602</ele>
      <time>2026-05-07T19:20:26Z</time>
    </trkpt>
    <trkpt lat="49.185908" lon="20.078959">
      <ele>1600</ele>
      <time>2026-05-07T19:20:55Z</time>
    </trkpt>
    <trkpt lat="49.185945" lon="20.078958">
      <ele>1600</ele>
      <time>2026-05-07T19:21:06Z</time>
    </trkpt>
    <trkpt lat="49.186044" lon="20.079003">
      <ele>1598</ele>
      <time>2026-05-07T19:21:39Z</time>
    </trkpt>
    <trkpt lat="49.186189" lon="20.079023">
      <ele>1597</ele>
      <time>2026-05-07T19:22:25Z</time>
    </trkpt>
    <trkpt lat="49.18627" lon="20.078997">
      <ele>1595</ele>
      <time>2026-05-07T19:22:51Z</time>
    </trkpt>
    <trkpt lat="49.186354" lon="20.078988">
      <ele>1594</ele>
      <time>2026-05-07T19:23:18Z</time>
    </trkpt>
    <trkpt lat="49.186389" lon="20.079012">
      <ele>1594</ele>
      <time>2026-05-07T19:23:30Z</time>
    </trkpt>
    <trkpt lat="49.186419" lon="20.078992">
      <ele>1593</ele>
      <time>2026-05-07T19:23:41Z</time>
    </trkpt>
    <trkpt lat="49.18644" lon="20.078984">
      <ele>1593</ele>
      <time>2026-05-07T19:23:48Z</time>
    </trkpt>
    <trkpt lat="49.186473" lon="20.078979">
      <ele>1592</ele>
      <time>2026-05-07T19:23:58Z</time>
    </trkpt>
    <trkpt lat="49.186522" lon="20.078972">
      <ele>1591</ele>
      <time>2026-05-07T19:24:14Z</time>
    </trkpt>
    <trkpt lat="49.186533" lon="20.078987">
      <ele>1591</ele>
      <time>2026-05-07T19:24:18Z</time>
    </trkpt>
    <trkpt lat="49.186558" lon="20.079031">
      <ele>1591</ele>
      <time>2026-05-07T19:24:30Z</time>
    </trkpt>
    <trkpt lat="49.186584" lon="20.07903">
      <ele>1591</ele>
      <time>2026-05-07T19:24:39Z</time>
    </trkpt>
    <trkpt lat="49.186616" lon="20.079008">
      <ele>1590</ele>
      <time>2026-05-07T19:24:50Z</time>
    </trkpt>
    <trkpt lat="49.186634" lon="20.078955">
      <ele>1588</ele>
      <time>2026-05-07T19:25:03Z</time>
    </trkpt>
    <trkpt lat="49.186648" lon="20.078924">
      <ele>1588</ele>
      <time>2026-05-07T19:25:11Z</time>
    </trkpt>
    <trkpt lat="49.186677" lon="20.078915">
      <ele>1587</ele>
      <time>2026-05-07T19:25:20Z</time>
    </trkpt>
    <trkpt lat="49.186708" lon="20.078915">
      <ele>1587</ele>
      <time>2026-05-07T19:25:30Z</time>
    </trkpt>
    <trkpt lat="49.186742" lon="20.078916">
      <ele>1586</ele>
      <time>2026-05-07T19:25:41Z</time>
    </trkpt>
    <trkpt lat="49.186767" lon="20.078934">
      <ele>1586</ele>
      <time>2026-05-07T19:25:50Z</time>
    </trkpt>
    <trkpt lat="49.186802" lon="20.078981">
      <ele>1586</ele>
      <time>2026-05-07T19:26:04Z</time>
    </trkpt>
    <trkpt lat="49.18683" lon="20.07901">
      <ele>1586</ele>
      <time>2026-05-07T19:26:15Z</time>
    </trkpt>
    <trkpt lat="49.186869" lon="20.079042">
      <ele>1586</ele>
      <time>2026-05-07T19:26:29Z</time>
    </trkpt>
    <trkpt lat="49.186996" lon="20.079104">
      <ele>1586</ele>
      <time>2026-05-07T19:27:11Z</time>
    </trkpt>
    <trkpt lat="49.187103" lon="20.079137">
      <ele>1586</ele>
      <time>2026-05-07T19:27:45Z</time>
    </trkpt>
    <trkpt lat="49.187194" lon="20.079138">
      <ele>1586</ele>
      <time>2026-05-07T19:28:14Z</time>
    </trkpt>
    <trkpt lat="49.187243" lon="20.079166">
      <ele>1586</ele>
      <time>2026-05-07T19:28:30Z</time>
    </trkpt>
    <trkpt lat="49.187399" lon="20.079248">
      <ele>1584</ele>
      <time>2026-05-07T19:29:22Z</time>
    </trkpt>
    <trkpt lat="49.187521" lon="20.079337">
      <ele>1585</ele>
      <time>2026-05-07T19:30:05Z</time>
    </trkpt>
    <trkpt lat="49.187594" lon="20.079375">
      <ele>1585</ele>
      <time>2026-05-07T19:30:29Z</time>
    </trkpt>
    <trkpt lat="49.187633" lon="20.079406">
      <ele>1584</ele>
      <time>2026-05-07T19:30:43Z</time>
    </trkpt>
    <trkpt lat="49.187679" lon="20.079467">
      <ele>1585</ele>
      <time>2026-05-07T19:31:02Z</time>
    </trkpt>
    <trkpt lat="49.187707" lon="20.079516">
      <ele>1586</ele>
      <time>2026-05-07T19:31:15Z</time>
    </trkpt>
    <trkpt lat="49.187719" lon="20.079585">
      <ele>1588</ele>
      <time>2026-05-07T19:31:31Z</time>
    </trkpt>
    <trkpt lat="49.187743" lon="20.079627">
      <ele>1588</ele>
      <time>2026-05-07T19:31:43Z</time>
    </trkpt>
    <trkpt lat="49.187784" lon="20.079636">
      <ele>1588</ele>
      <time>2026-05-07T19:31:56Z</time>
    </trkpt>
    <trkpt lat="49.187885" lon="20.079654">
      <ele>1588</ele>
      <time>2026-05-07T19:32:28Z</time>
    </trkpt>
    <trkpt lat="49.188051" lon="20.079579">
      <ele>1584</ele>
      <time>2026-05-07T19:33:24Z</time>
    </trkpt>
    <trkpt lat="49.188096" lon="20.079539">
      <ele>1583</ele>
      <time>2026-05-07T19:33:40Z</time>
    </trkpt>
    <trkpt lat="49.188144" lon="20.079503">
      <ele>1583</ele>
      <time>2026-05-07T19:33:57Z</time>
    </trkpt>
    <trkpt lat="49.188177" lon="20.079502">
      <ele>1584</ele>
      <time>2026-05-07T19:34:08Z</time>
    </trkpt>
    <trkpt lat="49.18821" lon="20.079502">
      <ele>1585</ele>
      <time>2026-05-07T19:34:18Z</time>
    </trkpt>
    <trkpt lat="49.188223" lon="20.079494">
      <ele>1585</ele>
      <time>2026-05-07T19:34:23Z</time>
    </trkpt>
    <trkpt lat="49.18826" lon="20.079469">
      <ele>1586</ele>
      <time>2026-05-07T19:34:36Z</time>
    </trkpt>
    <trkpt lat="49.188321" lon="20.079488">
      <ele>1588</ele>
      <time>2026-05-07T19:34:56Z</time>
    </trkpt>
    <trkpt lat="49.188367" lon="20.079452">
      <ele>1588</ele>
      <time>2026-05-07T19:35:13Z</time>
    </trkpt>
    <trkpt lat="49.188515" lon="20.079442">
      <ele>1589</ele>
      <time>2026-05-07T19:35:59Z</time>
    </trkpt>
    <trkpt lat="49.188564" lon="20.079424">
      <ele>1589</ele>
      <time>2026-05-07T19:36:15Z</time>
    </trkpt>
    <trkpt lat="49.188603" lon="20.079396">
      <ele>1588</ele>
      <time>2026-05-07T19:36:29Z</time>
    </trkpt>
    <trkpt lat="49.188642" lon="20.079382">
      <ele>1587</ele>
      <time>2026-05-07T19:36:41Z</time>
    </trkpt>
    <trkpt lat="49.188695" lon="20.079357">
      <ele>1586</ele>
      <time>2026-05-07T19:36:59Z</time>
    </trkpt>
    <trkpt lat="49.188787" lon="20.079306">
      <ele>1584</ele>
      <time>2026-05-07T19:37:30Z</time>
    </trkpt>
    <trkpt lat="49.188861" lon="20.079255">
      <ele>1582</ele>
      <time>2026-05-07T19:37:57Z</time>
    </trkpt>
    <trkpt lat="49.188984" lon="20.079225">
      <ele>1581</ele>
      <time>2026-05-07T19:38:36Z</time>
    </trkpt>
    <trkpt lat="49.189069" lon="20.079182">
      <ele>1579</ele>
      <time>2026-05-07T19:39:05Z</time>
    </trkpt>
    <trkpt lat="49.189179" lon="20.079108">
      <ele>1578</ele>
      <time>2026-05-07T19:39:42Z</time>
    </trkpt>
    <trkpt lat="49.189273" lon="20.079079">
      <ele>1580</ele>
      <time>2026-05-07T19:40:13Z</time>
    </trkpt>
    <trkpt lat="49.18937" lon="20.079058">
      <ele>1581</ele>
      <time>2026-05-07T19:40:44Z</time>
    </trkpt>
    <trkpt lat="49.189437" lon="20.078977">
      <ele>1580</ele>
      <time>2026-05-07T19:41:11Z</time>
    </trkpt>
    <trkpt lat="49.189556" lon="20.078886">
      <ele>1582</ele>
      <time>2026-05-07T19:41:53Z</time>
    </trkpt>
    <trkpt lat="49.189654" lon="20.078791">
      <ele>1583</ele>
      <time>2026-05-07T19:42:30Z</time>
    </trkpt>
    <trkpt lat="49.189715" lon="20.078733">
      <ele>1583</ele>
      <time>2026-05-07T19:42:52Z</time>
    </trkpt>
    <trkpt lat="49.189741" lon="20.078695">
      <ele>1582</ele>
      <time>2026-05-07T19:43:03Z</time>
    </trkpt>
    <trkpt lat="49.189782" lon="20.078623">
      <ele>1582</ele>
      <time>2026-05-07T19:43:23Z</time>
    </trkpt>
    <trkpt lat="49.189822" lon="20.078565">
      <ele>1584</ele>
      <time>2026-05-07T19:43:41Z</time>
    </trkpt>
    <trkpt lat="49.189893" lon="20.07846">
      <ele>1585</ele>
      <time>2026-05-07T19:44:12Z</time>
    </trkpt>
    <trkpt lat="49.189933" lon="20.078415">
      <ele>1585</ele>
      <time>2026-05-07T19:44:28Z</time>
    </trkpt>
    <trkpt lat="49.189949" lon="20.078399">
      <ele>1585</ele>
      <time>2026-05-07T19:44:34Z</time>
    </trkpt>
    <trkpt lat="49.189973" lon="20.078374">
      <ele>1585</ele>
      <time>2026-05-07T19:44:43Z</time>
    </trkpt>
    <trkpt lat="49.190061" lon="20.078368">
      <ele>1590</ele>
      <time>2026-05-07T19:45:13Z</time>
    </trkpt>
    <trkpt lat="49.190122" lon="20.078359">
      <ele>1593</ele>
      <time>2026-05-07T19:45:35Z</time>
    </trkpt>
    <trkpt lat="49.190159" lon="20.078327">
      <ele>1595</ele>
      <time>2026-05-07T19:45:49Z</time>
    </trkpt>
    <trkpt lat="49.190203" lon="20.07827">
      <ele>1594</ele>
      <time>2026-05-07T19:46:07Z</time>
    </trkpt>
    <trkpt lat="49.190242" lon="20.0782">
      <ele>1592</ele>
      <time>2026-05-07T19:46:27Z</time>
    </trkpt>
    <trkpt lat="49.190276" lon="20.078155">
      <ele>1590</ele>
      <time>2026-05-07T19:46:42Z</time>
    </trkpt>
    <trkpt lat="49.190323" lon="20.078065">
      <ele>1588</ele>
      <time>2026-05-07T19:47:07Z</time>
    </trkpt>
    <trkpt lat="49.190354" lon="20.077988">
      <ele>1587</ele>
      <time>2026-05-07T19:47:25Z</time>
    </trkpt>
    <trkpt lat="49.190382" lon="20.077915">
      <ele>1587</ele>
      <time>2026-05-07T19:47:43Z</time>
    </trkpt>
    <trkpt lat="49.190405" lon="20.077898">
      <ele>1587</ele>
      <time>2026-05-07T19:47:51Z</time>
    </trkpt>
    <trkpt lat="49.190463" lon="20.077802">
      <ele>1586</ele>
      <time>2026-05-07T19:48:18Z</time>
    </trkpt>
    <trkpt lat="49.190506" lon="20.077743">
      <ele>1585</ele>
      <time>2026-05-07T19:48:36Z</time>
    </trkpt>
    <trkpt lat="49.190524" lon="20.077729">
      <ele>1585</ele>
      <time>2026-05-07T19:48:43Z</time>
    </trkpt>
    <trkpt lat="49.190541" lon="20.077721">
      <ele>1585</ele>
      <time>2026-05-07T19:48:48Z</time>
    </trkpt>
    <trkpt lat="49.190559" lon="20.077735">
      <ele>1586</ele>
      <time>2026-05-07T19:48:55Z</time>
    </trkpt>
    <trkpt lat="49.190582" lon="20.077758">
      <ele>1588</ele>
      <time>2026-05-07T19:49:05Z</time>
    </trkpt>
    <trkpt lat="49.190618" lon="20.077735">
      <ele>1588</ele>
      <time>2026-05-07T19:49:17Z</time>
    </trkpt>
    <trkpt lat="49.190682" lon="20.077684">
      <ele>1588</ele>
      <time>2026-05-07T19:49:40Z</time>
    </trkpt>
    <trkpt lat="49.190768" lon="20.077554">
      <ele>1585</ele>
      <time>2026-05-07T19:50:18Z</time>
    </trkpt>
    <trkpt lat="49.190823" lon="20.077477">
      <ele>1584</ele>
      <time>2026-05-07T19:50:42Z</time>
    </trkpt>
    <trkpt lat="49.190865" lon="20.077434">
      <ele>1585</ele>
      <time>2026-05-07T19:50:58Z</time>
    </trkpt>
    <trkpt lat="49.1909" lon="20.077413">
      <ele>1586</ele>
      <time>2026-05-07T19:51:10Z</time>
    </trkpt>
    <trkpt lat="49.190999" lon="20.077295">
      <ele>1589</ele>
      <time>2026-05-07T19:51:50Z</time>
    </trkpt>
    <trkpt lat="49.191014" lon="20.077251">
      <ele>1588</ele>
      <time>2026-05-07T19:52:01Z</time>
    </trkpt>
    <trkpt lat="49.191037" lon="20.077204">
      <ele>1589</ele>
      <time>2026-05-07T19:52:13Z</time>
    </trkpt>
    <trkpt lat="49.191044" lon="20.077149">
      <ele>1589</ele>
      <time>2026-05-07T19:52:24Z</time>
    </trkpt>
    <trkpt lat="49.191042" lon="20.077095">
      <ele>1588</ele>
      <time>2026-05-07T19:52:35Z</time>
    </trkpt>
    <trkpt lat="49.191059" lon="20.077028">
      <ele>1588</ele>
      <time>2026-05-07T19:52:50Z</time>
    </trkpt>
    <trkpt lat="49.191084" lon="20.076944">
      <ele>1589</ele>
      <time>2026-05-07T19:53:09Z</time>
    </trkpt>
    <trkpt lat="49.191087" lon="20.076847">
      <ele>1588</ele>
      <time>2026-05-07T19:53:29Z</time>
    </trkpt>
    <trkpt lat="49.191086" lon="20.07681">
      <ele>1588</ele>
      <time>2026-05-07T19:53:37Z</time>
    </trkpt>
    <trkpt lat="49.191101" lon="20.07679">
      <ele>1588</ele>
      <time>2026-05-07T19:53:43Z</time>
    </trkpt>
    <trkpt lat="49.191121" lon="20.076703">
      <ele>1588</ele>
      <time>2026-05-07T19:54:02Z</time>
    </trkpt>
    <trkpt lat="49.191137" lon="20.076686">
      <ele>1589</ele>
      <time>2026-05-07T19:54:08Z</time>
    </trkpt>
    <trkpt lat="49.191169" lon="20.076638">
      <ele>1589</ele>
      <time>2026-05-07T19:54:22Z</time>
    </trkpt>
    <trkpt lat="49.191212" lon="20.076511">
      <ele>1588</ele>
      <time>2026-05-07T19:54:52Z</time>
    </trkpt>
    <trkpt lat="49.191241" lon="20.07635">
      <ele>1586</ele>
      <time>2026-05-07T19:55:26Z</time>
    </trkpt>
    <trkpt lat="49.191251" lon="20.076305">
      <ele>1586</ele>
      <time>2026-05-07T19:55:36Z</time>
    </trkpt>
    <trkpt lat="49.191234" lon="20.076236">
      <ele>1585</ele>
      <time>2026-05-07T19:55:52Z</time>
    </trkpt>
    <trkpt lat="49.191233" lon="20.07617">
      <ele>1585</ele>
      <time>2026-05-07T19:56:05Z</time>
    </trkpt>
    <trkpt lat="49.191232" lon="20.076054">
      <ele>1584</ele>
      <time>2026-05-07T19:56:29Z</time>
    </trkpt>
    <trkpt lat="49.191243" lon="20.075918">
      <ele>1584</ele>
      <time>2026-05-07T19:56:57Z</time>
    </trkpt>
    <trkpt lat="49.191204" lon="20.075733">
      <ele>1583</ele>
      <time>2026-05-07T19:57:37Z</time>
    </trkpt>
    <trkpt lat="49.191169" lon="20.075561">
      <ele>1583</ele>
      <time>2026-05-07T19:58:14Z</time>
    </trkpt>
    <trkpt lat="49.191142" lon="20.075425">
      <ele>1583</ele>
      <time>2026-05-07T19:58:43Z</time>
    </trkpt>
    <trkpt lat="49.191117" lon="20.075376">
      <ele>1583</ele>
      <time>2026-05-07T19:58:56Z</time>
    </trkpt>
    <trkpt lat="49.191053" lon="20.075301">
      <ele>1583</ele>
      <time>2026-05-07T19:59:21Z</time>
    </trkpt>
    <trkpt lat="49.190952" lon="20.075157">
      <ele>1583</ele>
      <time>2026-05-07T20:00:05Z</time>
    </trkpt>
    <trkpt lat="49.190879" lon="20.07506">
      <ele>1584</ele>
      <time>2026-05-07T20:00:35Z</time>
    </trkpt>
    <trkpt lat="49.190813" lon="20.074898">
      <ele>1583</ele>
      <time>2026-05-07T20:01:14Z</time>
    </trkpt>
    <trkpt lat="49.190738" lon="20.074771">
      <ele>1583</ele>
      <time>2026-05-07T20:01:49Z</time>
    </trkpt>
    <trkpt lat="49.190669" lon="20.074609">
      <ele>1582</ele>
      <time>2026-05-07T20:02:29Z</time>
    </trkpt>
    <trkpt lat="49.190586" lon="20.074361">
      <ele>1580</ele>
      <time>2026-05-07T20:03:27Z</time>
    </trkpt>
    <trkpt lat="49.190533" lon="20.074214">
      <ele>1578</ele>
      <time>2026-05-07T20:04:01Z</time>
    </trkpt>
    <trkpt lat="49.190512" lon="20.074172">
      <ele>1578</ele>
      <time>2026-05-07T20:04:12Z</time>
    </trkpt>
    <trkpt lat="49.1905" lon="20.074107">
      <ele>1578</ele>
      <time>2026-05-07T20:04:26Z</time>
    </trkpt>
    <trkpt lat="49.190485" lon="20.074062">
      <ele>1578</ele>
      <time>2026-05-07T20:04:37Z</time>
    </trkpt>
    <trkpt lat="49.190417" lon="20.073993">
      <ele>1578</ele>
      <time>2026-05-07T20:05:02Z</time>
    </trkpt>
    <trkpt lat="49.190394" lon="20.073944">
      <ele>1579</ele>
      <time>2026-05-07T20:05:15Z</time>
    </trkpt>
    <trkpt lat="49.190375" lon="20.073848">
      <ele>1580</ele>
      <time>2026-05-07T20:05:36Z</time>
    </trkpt>
    <trkpt lat="49.190375" lon="20.073777">
      <ele>1581</ele>
      <time>2026-05-07T20:05:51Z</time>
    </trkpt>
    <trkpt lat="49.190374" lon="20.0737">
      <ele>1583</ele>
      <time>2026-05-07T20:06:07Z</time>
    </trkpt>
    <trkpt lat="49.190378" lon="20.073625">
      <ele>1581</ele>
      <time>2026-05-07T20:06:19Z</time>
    </trkpt>
    <trkpt lat="49.190385" lon="20.073569">
      <ele>1579</ele>
      <time>2026-05-07T20:06:28Z</time>
    </trkpt>
    <trkpt lat="49.190389" lon="20.073534">
      <ele>1578</ele>
      <time>2026-05-07T20:06:33Z</time>
    </trkpt>
    <trkpt lat="49.190401" lon="20.073506">
      <ele>1577</ele>
      <time>2026-05-07T20:06:39Z</time>
    </trkpt>
    <trkpt lat="49.190419" lon="20.073502">
      <ele>1575</ele>
      <time>2026-05-07T20:06:44Z</time>
    </trkpt>
    <trkpt lat="49.190437" lon="20.073502">
      <ele>1574</ele>
      <time>2026-05-07T20:06:49Z</time>
    </trkpt>
    <trkpt lat="49.190458" lon="20.073512">
      <ele>1573</ele>
      <time>2026-05-07T20:06:55Z</time>
    </trkpt>
    <trkpt lat="49.190473" lon="20.073511">
      <ele>1572</ele>
      <time>2026-05-07T20:06:59Z</time>
    </trkpt>
    <trkpt lat="49.190482" lon="20.073484">
      <ele>1570</ele>
      <time>2026-05-07T20:07:04Z</time>
    </trkpt>
    <trkpt lat="49.190482" lon="20.073461">
      <ele>1570</ele>
      <time>2026-05-07T20:07:07Z</time>
    </trkpt>
    <trkpt lat="49.190473" lon="20.07344">
      <ele>1570</ele>
      <time>2026-05-07T20:07:11Z</time>
    </trkpt>
    <trkpt lat="49.190468" lon="20.073415">
      <ele>1570</ele>
      <time>2026-05-07T20:07:15Z</time>
    </trkpt>
    <trkpt lat="49.190489" lon="20.073336">
      <ele>1567</ele>
      <time>2026-05-07T20:07:29Z</time>
    </trkpt>
    <trkpt lat="49.190498" lon="20.073277">
      <ele>1565</ele>
      <time>2026-05-07T20:07:39Z</time>
    </trkpt>
    <trkpt lat="49.190511" lon="20.073183">
      <ele>1563</ele>
      <time>2026-05-07T20:07:54Z</time>
    </trkpt>
    <trkpt lat="49.190494" lon="20.073095">
      <ele>1563</ele>
      <time>2026-05-07T20:08:07Z</time>
    </trkpt>
    <trkpt lat="49.190496" lon="20.073051">
      <ele>1562</ele>
      <time>2026-05-07T20:08:14Z</time>
    </trkpt>
    <trkpt lat="49.190508" lon="20.073022">
      <ele>1560</ele>
      <time>2026-05-07T20:08:20Z</time>
    </trkpt>
    <trkpt lat="49.190527" lon="20.073018">
      <ele>1558</ele>
      <time>2026-05-07T20:08:26Z</time>
    </trkpt>
    <trkpt lat="49.190595" lon="20.073046">
      <ele>1554</ele>
      <time>2026-05-07T20:08:44Z</time>
    </trkpt>
    <trkpt lat="49.190657" lon="20.07309">
      <ele>1550</ele>
      <time>2026-05-07T20:09:01Z</time>
    </trkpt>
    <trkpt lat="49.190669" lon="20.073083">
      <ele>1549</ele>
      <time>2026-05-07T20:09:05Z</time>
    </trkpt>
    <trkpt lat="49.190674" lon="20.073062">
      <ele>1548</ele>
      <time>2026-05-07T20:09:08Z</time>
    </trkpt>
    <trkpt lat="49.190673" lon="20.072895">
      <ele>1544</ele>
      <time>2026-05-07T20:09:35Z</time>
    </trkpt>
    <trkpt lat="49.190697" lon="20.072762">
      <ele>1539</ele>
      <time>2026-05-07T20:09:57Z</time>
    </trkpt>
    <trkpt lat="49.19071" lon="20.072742">
      <ele>1538</ele>
      <time>2026-05-07T20:10:02Z</time>
    </trkpt>
    <trkpt lat="49.19073" lon="20.072746">
      <ele>1537</ele>
      <time>2026-05-07T20:10:07Z</time>
    </trkpt>
    <trkpt lat="49.190744" lon="20.072757">
      <ele>1536</ele>
      <time>2026-05-07T20:10:11Z</time>
    </trkpt>
    <trkpt lat="49.190762" lon="20.072761">
      <ele>1535</ele>
      <time>2026-05-07T20:10:16Z</time>
    </trkpt>
    <trkpt lat="49.190773" lon="20.072745">
      <ele>1534</ele>
      <time>2026-05-07T20:10:20Z</time>
    </trkpt>
    <trkpt lat="49.190776" lon="20.072711">
      <ele>1533</ele>
      <time>2026-05-07T20:10:25Z</time>
    </trkpt>
    <trkpt lat="49.190794" lon="20.072681">
      <ele>1531</ele>
      <time>2026-05-07T20:10:32Z</time>
    </trkpt>
    <trkpt lat="49.190814" lon="20.072663">
      <ele>1530</ele>
      <time>2026-05-07T20:10:38Z</time>
    </trkpt>
    <trkpt lat="49.190895" lon="20.07263">
      <ele>1525</ele>
      <time>2026-05-07T20:10:59Z</time>
    </trkpt>
    <trkpt lat="49.191022" lon="20.072606">
      <ele>1517</ele>
      <time>2026-05-07T20:11:32Z</time>
    </trkpt>
    <trkpt lat="49.191067" lon="20.072615">
      <ele>1515</ele>
      <time>2026-05-07T20:11:43Z</time>
    </trkpt>
    <trkpt lat="49.191103" lon="20.072639">
      <ele>1514</ele>
      <time>2026-05-07T20:11:52Z</time>
    </trkpt>
    <trkpt lat="49.191131" lon="20.072674">
      <ele>1513</ele>
      <time>2026-05-07T20:12:01Z</time>
    </trkpt>
    <trkpt lat="49.191145" lon="20.072667">
      <ele>1512</ele>
      <time>2026-05-07T20:12:04Z</time>
    </trkpt>
    <trkpt lat="49.19115" lon="20.072649">
      <ele>1512</ele>
      <time>2026-05-07T20:12:08Z</time>
    </trkpt>
    <trkpt lat="49.19115" lon="20.072627">
      <ele>1511</ele>
      <time>2026-05-07T20:12:11Z</time>
    </trkpt>
    <trkpt lat="49.19116" lon="20.072599">
      <ele>1510</ele>
      <time>2026-05-07T20:12:16Z</time>
    </trkpt>
    <trkpt lat="49.191177" lon="20.07259">
      <ele>1509</ele>
      <time>2026-05-07T20:12:21Z</time>
    </trkpt>
    <trkpt lat="49.19122" lon="20.072612">
      <ele>1507</ele>
      <time>2026-05-07T20:12:31Z</time>
    </trkpt>
    <trkpt lat="49.191243" lon="20.072613">
      <ele>1506</ele>
      <time>2026-05-07T20:12:37Z</time>
    </trkpt>
    <trkpt lat="49.191264" lon="20.072609">
      <ele>1505</ele>
      <time>2026-05-07T20:12:42Z</time>
    </trkpt>
    <trkpt lat="49.191284" lon="20.072604">
      <ele>1504</ele>
      <time>2026-05-07T20:12:47Z</time>
    </trkpt>
    <trkpt lat="49.191306" lon="20.072587">
      <ele>1503</ele>
      <time>2026-05-07T20:12:54Z</time>
    </trkpt>
    <trkpt lat="49.191322" lon="20.072565">
      <ele>1501</ele>
      <time>2026-05-07T20:12:59Z</time>
    </trkpt>
    <trkpt lat="49.191339" lon="20.072523">
      <ele>1500</ele>
      <time>2026-05-07T20:13:07Z</time>
    </trkpt>
    <trkpt lat="49.191345" lon="20.072472">
      <ele>1499</ele>
      <time>2026-05-07T20:13:15Z</time>
    </trkpt>
    <trkpt lat="49.191334" lon="20.072456">
      <ele>1499</ele>
      <time>2026-05-07T20:13:19Z</time>
    </trkpt>
    <trkpt lat="49.191332" lon="20.072422">
      <ele>1499</ele>
      <time>2026-05-07T20:13:24Z</time>
    </trkpt>
    <trkpt lat="49.191351" lon="20.072395">
      <ele>1498</ele>
      <time>2026-05-07T20:13:30Z</time>
    </trkpt>
    <trkpt lat="49.191354" lon="20.072358">
      <ele>1497</ele>
      <time>2026-05-07T20:13:36Z</time>
    </trkpt>
    <trkpt lat="49.191351" lon="20.072329">
      <ele>1497</ele>
      <time>2026-05-07T20:13:40Z</time>
    </trkpt>
    <trkpt lat="49.191354" lon="20.072297">
      <ele>1497</ele>
      <time>2026-05-07T20:13:45Z</time>
    </trkpt>
    <trkpt lat="49.19137" lon="20.072264">
      <ele>1496</ele>
      <time>2026-05-07T20:13:51Z</time>
    </trkpt>
    <trkpt lat="49.191372" lon="20.072224">
      <ele>1496</ele>
      <time>2026-05-07T20:13:57Z</time>
    </trkpt>
    <trkpt lat="49.191385" lon="20.072194">
      <ele>1494</ele>
      <time>2026-05-07T20:14:03Z</time>
    </trkpt>
    <trkpt lat="49.191402" lon="20.072096">
      <ele>1492</ele>
      <time>2026-05-07T20:14:19Z</time>
    </trkpt>
    <trkpt lat="49.191408" lon="20.072033">
      <ele>1490</ele>
      <time>2026-05-07T20:14:28Z</time>
    </trkpt>
    <trkpt lat="49.191418" lon="20.071997">
      <ele>1489</ele>
      <time>2026-05-07T20:14:35Z</time>
    </trkpt>
    <trkpt lat="49.191427" lon="20.07196">
      <ele>1488</ele>
      <time>2026-05-07T20:14:41Z</time>
    </trkpt>
    <trkpt lat="49.191424" lon="20.071934">
      <ele>1487</ele>
      <time>2026-05-07T20:14:45Z</time>
    </trkpt>
    <trkpt lat="49.191423" lon="20.071904">
      <ele>1487</ele>
      <time>2026-05-07T20:14:50Z</time>
    </trkpt>
    <trkpt lat="49.191435" lon="20.071851">
      <ele>1485</ele>
      <time>2026-05-07T20:14:59Z</time>
    </trkpt>
    <trkpt lat="49.191434" lon="20.07182">
      <ele>1484</ele>
      <time>2026-05-07T20:15:03Z</time>
    </trkpt>
    <trkpt lat="49.19143" lon="20.071789">
      <ele>1484</ele>
      <time>2026-05-07T20:15:08Z</time>
    </trkpt>
    <trkpt lat="49.19142" lon="20.071759">
      <ele>1484</ele>
      <time>2026-05-07T20:15:13Z</time>
    </trkpt>
    <trkpt lat="49.191411" lon="20.071735">
      <ele>1483</ele>
      <time>2026-05-07T20:15:17Z</time>
    </trkpt>
    <trkpt lat="49.191396" lon="20.071711">
      <ele>1484</ele>
      <time>2026-05-07T20:15:22Z</time>
    </trkpt>
    <trkpt lat="49.191373" lon="20.07168">
      <ele>1484</ele>
      <time>2026-05-07T20:15:29Z</time>
    </trkpt>
    <trkpt lat="49.191354" lon="20.071638">
      <ele>1484</ele>
      <time>2026-05-07T20:15:37Z</time>
    </trkpt>
    <trkpt lat="49.191349" lon="20.071614">
      <ele>1484</ele>
      <time>2026-05-07T20:15:41Z</time>
    </trkpt>
    <trkpt lat="49.191356" lon="20.071583">
      <ele>1483</ele>
      <time>2026-05-07T20:15:46Z</time>
    </trkpt>
    <trkpt lat="49.19137" lon="20.07158">
      <ele>1482</ele>
      <time>2026-05-07T20:15:50Z</time>
    </trkpt>
    <trkpt lat="49.19139" lon="20.071572">
      <ele>1480</ele>
      <time>2026-05-07T20:15:55Z</time>
    </trkpt>
    <trkpt lat="49.191437" lon="20.071532">
      <ele>1477</ele>
      <time>2026-05-07T20:16:09Z</time>
    </trkpt>
    <trkpt lat="49.191473" lon="20.071494">
      <ele>1475</ele>
      <time>2026-05-07T20:16:20Z</time>
    </trkpt>
    <trkpt lat="49.19148" lon="20.071459">
      <ele>1474</ele>
      <time>2026-05-07T20:16:25Z</time>
    </trkpt>
    <trkpt lat="49.191494" lon="20.071446">
      <ele>1473</ele>
      <time>2026-05-07T20:16:29Z</time>
    </trkpt>
    <trkpt lat="49.191527" lon="20.07144">
      <ele>1472</ele>
      <time>2026-05-07T20:16:37Z</time>
    </trkpt>
    <trkpt lat="49.191561" lon="20.071449">
      <ele>1471</ele>
      <time>2026-05-07T20:16:46Z</time>
    </trkpt>
    <trkpt lat="49.191609" lon="20.071482">
      <ele>1469</ele>
      <time>2026-05-07T20:16:58Z</time>
    </trkpt>
    <trkpt lat="49.191641" lon="20.071506">
      <ele>1468</ele>
      <time>2026-05-07T20:17:06Z</time>
    </trkpt>
    <trkpt lat="49.19167" lon="20.071495">
      <ele>1467</ele>
      <time>2026-05-07T20:17:13Z</time>
    </trkpt>
    <trkpt lat="49.191705" lon="20.071472">
      <ele>1466</ele>
      <time>2026-05-07T20:17:22Z</time>
    </trkpt>
    <trkpt lat="49.191754" lon="20.07148">
      <ele>1464</ele>
      <time>2026-05-07T20:17:34Z</time>
    </trkpt>
    <trkpt lat="49.191806" lon="20.071486">
      <ele>1463</ele>
      <time>2026-05-07T20:17:46Z</time>
    </trkpt>
    <trkpt lat="49.191853" lon="20.07152">
      <ele>1462</ele>
      <time>2026-05-07T20:17:58Z</time>
    </trkpt>
    <trkpt lat="49.191869" lon="20.071528">
      <ele>1462</ele>
      <time>2026-05-07T20:18:02Z</time>
    </trkpt>
    <trkpt lat="49.191884" lon="20.071521">
      <ele>1461</ele>
      <time>2026-05-07T20:18:05Z</time>
    </trkpt>
    <trkpt lat="49.191897" lon="20.071486">
      <ele>1460</ele>
      <time>2026-05-07T20:18:11Z</time>
    </trkpt>
    <trkpt lat="49.191889" lon="20.071436">
      <ele>1460</ele>
      <time>2026-05-07T20:18:19Z</time>
    </trkpt>
    <trkpt lat="49.191873" lon="20.071396">
      <ele>1460</ele>
      <time>2026-05-07T20:18:26Z</time>
    </trkpt>
    <trkpt lat="49.191829" lon="20.071317">
      <ele>1460</ele>
      <time>2026-05-07T20:18:41Z</time>
    </trkpt>
    <trkpt lat="49.191824" lon="20.071285">
      <ele>1460</ele>
      <time>2026-05-07T20:18:46Z</time>
    </trkpt>
    <trkpt lat="49.191836" lon="20.071252">
      <ele>1459</ele>
      <time>2026-05-07T20:18:52Z</time>
    </trkpt>
    <trkpt lat="49.191888" lon="20.071215">
      <ele>1456</ele>
      <time>2026-05-07T20:19:06Z</time>
    </trkpt>
    <trkpt lat="49.191974" lon="20.071168">
      <ele>1453</ele>
      <time>2026-05-07T20:19:27Z</time>
    </trkpt>
    <trkpt lat="49.191999" lon="20.071122">
      <ele>1452</ele>
      <time>2026-05-07T20:19:37Z</time>
    </trkpt>
    <trkpt lat="49.192071" lon="20.071095">
      <ele>1449</ele>
      <time>2026-05-07T20:19:54Z</time>
    </trkpt>
    <trkpt lat="49.192099" lon="20.071072">
      <ele>1448</ele>
      <time>2026-05-07T20:20:01Z</time>
    </trkpt>
    <trkpt lat="49.192183" lon="20.071034">
      <ele>1446</ele>
      <time>2026-05-07T20:20:22Z</time>
    </trkpt>
    <trkpt lat="49.192209" lon="20.071001">
      <ele>1445</ele>
      <time>2026-05-07T20:20:30Z</time>
    </trkpt>
    <trkpt lat="49.192242" lon="20.070969">
      <ele>1443</ele>
      <time>2026-05-07T20:20:39Z</time>
    </trkpt>
    <trkpt lat="49.192279" lon="20.070947">
      <ele>1441</ele>
      <time>2026-05-07T20:20:49Z</time>
    </trkpt>
    <trkpt lat="49.192439" lon="20.070883">
      <ele>1433</ele>
      <time>2026-05-07T20:21:29Z</time>
    </trkpt>
    <trkpt lat="49.192594" lon="20.070764">
      <ele>1426</ele>
      <time>2026-05-07T20:22:11Z</time>
    </trkpt>
    <trkpt lat="49.192723" lon="20.07071">
      <ele>1420</ele>
      <time>2026-05-07T20:22:43Z</time>
    </trkpt>
    <trkpt lat="49.192836" lon="20.070661">
      <ele>1416</ele>
      <time>2026-05-07T20:23:11Z</time>
    </trkpt>
    <trkpt lat="49.192886" lon="20.070613">
      <ele>1414</ele>
      <time>2026-05-07T20:23:25Z</time>
    </trkpt>
    <trkpt lat="49.192924" lon="20.070542">
      <ele>1413</ele>
      <time>2026-05-07T20:23:39Z</time>
    </trkpt>
    <trkpt lat="49.192961" lon="20.070519">
      <ele>1412</ele>
      <time>2026-05-07T20:23:48Z</time>
    </trkpt>
    <trkpt lat="49.193" lon="20.070534">
      <ele>1410</ele>
      <time>2026-05-07T20:23:57Z</time>
    </trkpt>
    <trkpt lat="49.193044" lon="20.070548">
      <ele>1409</ele>
      <time>2026-05-07T20:24:08Z</time>
    </trkpt>
    <trkpt lat="49.193097" lon="20.070539">
      <ele>1408</ele>
      <time>2026-05-07T20:24:20Z</time>
    </trkpt>
    <trkpt lat="49.193124" lon="20.070516">
      <ele>1407</ele>
      <time>2026-05-07T20:24:27Z</time>
    </trkpt>
    <trkpt lat="49.193156" lon="20.07049">
      <ele>1406</ele>
      <time>2026-05-07T20:24:36Z</time>
    </trkpt>
    <trkpt lat="49.193218" lon="20.070448">
      <ele>1404</ele>
      <time>2026-05-07T20:24:52Z</time>
    </trkpt>
    <trkpt lat="49.193259" lon="20.070426">
      <ele>1402</ele>
      <time>2026-05-07T20:25:02Z</time>
    </trkpt>
    <trkpt lat="49.193278" lon="20.070421">
      <ele>1402</ele>
      <time>2026-05-07T20:25:06Z</time>
    </trkpt>
    <trkpt lat="49.193297" lon="20.07042">
      <ele>1401</ele>
      <time>2026-05-07T20:25:11Z</time>
    </trkpt>
    <trkpt lat="49.193333" lon="20.070448">
      <ele>1400</ele>
      <time>2026-05-07T20:25:20Z</time>
    </trkpt>
    <trkpt lat="49.193358" lon="20.070458">
      <ele>1399</ele>
      <time>2026-05-07T20:25:26Z</time>
    </trkpt>
    <trkpt lat="49.193385" lon="20.070458">
      <ele>1399</ele>
      <time>2026-05-07T20:25:32Z</time>
    </trkpt>
    <trkpt lat="49.193432" lon="20.070455">
      <ele>1398</ele>
      <time>2026-05-07T20:25:43Z</time>
    </trkpt>
    <trkpt lat="49.193482" lon="20.070412">
      <ele>1397</ele>
      <time>2026-05-07T20:25:56Z</time>
    </trkpt>
    <trkpt lat="49.193521" lon="20.070379">
      <ele>1395</ele>
      <time>2026-05-07T20:26:07Z</time>
    </trkpt>
    <trkpt lat="49.193585" lon="20.070352">
      <ele>1394</ele>
      <time>2026-05-07T20:26:17Z</time>
    </trkpt>
    <trkpt lat="49.193641" lon="20.070215">
      <ele>1394</ele>
      <time>2026-05-07T20:26:33Z</time>
    </trkpt>
    <trkpt lat="49.193641" lon="20.070109">
      <ele>1394</ele>
      <time>2026-05-07T20:26:43Z</time>
    </trkpt>
    <trkpt lat="49.193635" lon="20.07005">
      <ele>1394</ele>
      <time>2026-05-07T20:26:49Z</time>
    </trkpt>
    <trkpt lat="49.193637" lon="20.069998">
      <ele>1394</ele>
      <time>2026-05-07T20:26:54Z</time>
    </trkpt>
    <trkpt lat="49.193639" lon="20.069928">
      <ele>1394</ele>
      <time>2026-05-07T20:27:01Z</time>
    </trkpt>
    <trkpt lat="49.193642" lon="20.069895">
      <ele>1395</ele>
      <time>2026-05-07T20:27:04Z</time>
    </trkpt>
    <trkpt lat="49.193631" lon="20.069864">
      <ele>1395</ele>
      <time>2026-05-07T20:27:08Z</time>
    </trkpt>
    <trkpt lat="49.193622" lon="20.069812">
      <ele>1396</ele>
      <time>2026-05-07T20:27:13Z</time>
    </trkpt>
    <trkpt lat="49.193616" lon="20.069738">
      <ele>1397</ele>
      <time>2026-05-07T20:27:21Z</time>
    </trkpt>
    <trkpt lat="49.193601" lon="20.069699">
      <ele>1397</ele>
      <time>2026-05-07T20:27:25Z</time>
    </trkpt>
    <trkpt lat="49.193592" lon="20.06964">
      <ele>1398</ele>
      <time>2026-05-07T20:27:31Z</time>
    </trkpt>
    <trkpt lat="49.193594" lon="20.069586">
      <ele>1398</ele>
      <time>2026-05-07T20:27:36Z</time>
    </trkpt>
    <trkpt lat="49.193606" lon="20.069524">
      <ele>1399</ele>
      <time>2026-05-07T20:27:43Z</time>
    </trkpt>
    <trkpt lat="49.19362" lon="20.069492">
      <ele>1399</ele>
      <time>2026-05-07T20:27:47Z</time>
    </trkpt>
    <trkpt lat="49.193632" lon="20.069459">
      <ele>1399</ele>
      <time>2026-05-07T20:27:50Z</time>
    </trkpt>
    <trkpt lat="49.193623" lon="20.069385">
      <ele>1400</ele>
      <time>2026-05-07T20:27:58Z</time>
    </trkpt>
    <trkpt lat="49.193609" lon="20.069316">
      <ele>1400</ele>
      <time>2026-05-07T20:28:05Z</time>
    </trkpt>
    <trkpt lat="49.193597" lon="20.069262">
      <ele>1400</ele>
      <time>2026-05-07T20:28:10Z</time>
    </trkpt>
    <trkpt lat="49.19359" lon="20.069216">
      <ele>1400</ele>
      <time>2026-05-07T20:28:15Z</time>
    </trkpt>
    <trkpt lat="49.19359" lon="20.069169">
      <ele>1400</ele>
      <time>2026-05-07T20:28:20Z</time>
    </trkpt>
    <trkpt lat="49.193595" lon="20.06912">
      <ele>1400</ele>
      <time>2026-05-07T20:28:25Z</time>
    </trkpt>
    <trkpt lat="49.193596" lon="20.06907">
      <ele>1400</ele>
      <time>2026-05-07T20:28:29Z</time>
    </trkpt>
    <trkpt lat="49.193592" lon="20.069018">
      <ele>1400</ele>
      <time>2026-05-07T20:28:35Z</time>
    </trkpt>
    <trkpt lat="49.19363" lon="20.068939">
      <ele>1400</ele>
      <time>2026-05-07T20:28:44Z</time>
    </trkpt>
    <trkpt lat="49.193652" lon="20.068866">
      <ele>1399</ele>
      <time>2026-05-07T20:28:52Z</time>
    </trkpt>
    <trkpt lat="49.193665" lon="20.068751">
      <ele>1400</ele>
      <time>2026-05-07T20:29:03Z</time>
    </trkpt>
    <trkpt lat="49.193675" lon="20.068672">
      <ele>1400</ele>
      <time>2026-05-07T20:29:11Z</time>
    </trkpt>
    <trkpt lat="49.193684" lon="20.06862">
      <ele>1400</ele>
      <time>2026-05-07T20:29:17Z</time>
    </trkpt>
    <trkpt lat="49.1937" lon="20.068559">
      <ele>1400</ele>
      <time>2026-05-07T20:29:23Z</time>
    </trkpt>
    <trkpt lat="49.193715" lon="20.068504">
      <ele>1399</ele>
      <time>2026-05-07T20:29:29Z</time>
    </trkpt>
    <trkpt lat="49.193733" lon="20.068454">
      <ele>1399</ele>
      <time>2026-05-07T20:29:35Z</time>
    </trkpt>
    <trkpt lat="49.193745" lon="20.068416">
      <ele>1399</ele>
      <time>2026-05-07T20:29:39Z</time>
    </trkpt>
    <trkpt lat="49.193759" lon="20.068385">
      <ele>1399</ele>
      <time>2026-05-07T20:29:42Z</time>
    </trkpt>
    <trkpt lat="49.193773" lon="20.068344">
      <ele>1399</ele>
      <time>2026-05-07T20:29:47Z</time>
    </trkpt>
    <trkpt lat="49.193787" lon="20.068314">
      <ele>1399</ele>
      <time>2026-05-07T20:29:51Z</time>
    </trkpt>
    <trkpt lat="49.193806" lon="20.068275">
      <ele>1399</ele>
      <time>2026-05-07T20:29:55Z</time>
    </trkpt>
    <trkpt lat="49.193829" lon="20.068247">
      <ele>1399</ele>
      <time>2026-05-07T20:30:00Z</time>
    </trkpt>
    <trkpt lat="49.193853" lon="20.068221">
      <ele>1398</ele>
      <time>2026-05-07T20:30:04Z</time>
    </trkpt>
    <trkpt lat="49.193885" lon="20.068173">
      <ele>1398</ele>
      <time>2026-05-07T20:30:11Z</time>
    </trkpt>
    <trkpt lat="49.193921" lon="20.068093">
      <ele>1398</ele>
      <time>2026-05-07T20:30:20Z</time>
    </trkpt>
    <trkpt lat="49.193961" lon="20.067999">
      <ele>1398</ele>
      <time>2026-05-07T20:30:31Z</time>
    </trkpt>
    <trkpt lat="49.193998" lon="20.067919">
      <ele>1398</ele>
      <time>2026-05-07T20:30:41Z</time>
    </trkpt>
    <trkpt lat="49.194015" lon="20.067859">
      <ele>1399</ele>
      <time>2026-05-07T20:30:47Z</time>
    </trkpt>
    <trkpt lat="49.194026" lon="20.067829">
      <ele>1399</ele>
      <time>2026-05-07T20:30:51Z</time>
    </trkpt>
    <trkpt lat="49.194036" lon="20.067787">
      <ele>1399</ele>
      <time>2026-05-07T20:30:55Z</time>
    </trkpt>
    <trkpt lat="49.194042" lon="20.067722">
      <ele>1400</ele>
      <time>2026-05-07T20:31:02Z</time>
    </trkpt>
    <trkpt lat="49.194058" lon="20.067641">
      <ele>1401</ele>
      <time>2026-05-07T20:31:10Z</time>
    </trkpt>
    <trkpt lat="49.194067" lon="20.06757">
      <ele>1402</ele>
      <time>2026-05-07T20:31:17Z</time>
    </trkpt>
    <trkpt lat="49.194081" lon="20.067525">
      <ele>1403</ele>
      <time>2026-05-07T20:31:22Z</time>
    </trkpt>
    <trkpt lat="49.194093" lon="20.067473">
      <ele>1404</ele>
      <time>2026-05-07T20:31:28Z</time>
    </trkpt>
    <trkpt lat="49.1941" lon="20.06742">
      <ele>1405</ele>
      <time>2026-05-07T20:31:34Z</time>
    </trkpt>
    <trkpt lat="49.194109" lon="20.067361">
      <ele>1407</ele>
      <time>2026-05-07T20:31:40Z</time>
    </trkpt>
    <trkpt lat="49.194119" lon="20.067316">
      <ele>1408</ele>
      <time>2026-05-07T20:31:45Z</time>
    </trkpt>
    <trkpt lat="49.194127" lon="20.067257">
      <ele>1409</ele>
      <time>2026-05-07T20:31:51Z</time>
    </trkpt>
    <trkpt lat="49.194133" lon="20.067194">
      <ele>1411</ele>
      <time>2026-05-07T20:31:58Z</time>
    </trkpt>
    <trkpt lat="49.194139" lon="20.067125">
      <ele>1412</ele>
      <time>2026-05-07T20:32:05Z</time>
    </trkpt>
    <trkpt lat="49.194143" lon="20.067064">
      <ele>1414</ele>
      <time>2026-05-07T20:32:11Z</time>
    </trkpt>
    <trkpt lat="49.194151" lon="20.067022">
      <ele>1414</ele>
      <time>2026-05-07T20:32:15Z</time>
    </trkpt>
    <trkpt lat="49.194171" lon="20.066979">
      <ele>1415</ele>
      <time>2026-05-07T20:32:20Z</time>
    </trkpt>
    <trkpt lat="49.194165" lon="20.06689">
      <ele>1416</ele>
      <time>2026-05-07T20:32:29Z</time>
    </trkpt>
    <trkpt lat="49.194166" lon="20.066776">
      <ele>1417</ele>
      <time>2026-05-07T20:32:41Z</time>
    </trkpt>
    <trkpt lat="49.194167" lon="20.066724">
      <ele>1417</ele>
      <time>2026-05-07T20:32:46Z</time>
    </trkpt>
    <trkpt lat="49.194194" lon="20.066687">
      <ele>1417</ele>
      <time>2026-05-07T20:32:51Z</time>
    </trkpt>
    <trkpt lat="49.194215" lon="20.066642">
      <ele>1416</ele>
      <time>2026-05-07T20:32:57Z</time>
    </trkpt>
    <trkpt lat="49.194238" lon="20.06659">
      <ele>1415</ele>
      <time>2026-05-07T20:33:03Z</time>
    </trkpt>
    <trkpt lat="49.194248" lon="20.066538">
      <ele>1415</ele>
      <time>2026-05-07T20:33:08Z</time>
    </trkpt>
    <trkpt lat="49.194257" lon="20.066489">
      <ele>1415</ele>
      <time>2026-05-07T20:33:13Z</time>
    </trkpt>
    <trkpt lat="49.194275" lon="20.066442">
      <ele>1415</ele>
      <time>2026-05-07T20:33:19Z</time>
    </trkpt>
    <trkpt lat="49.194289" lon="20.066393">
      <ele>1415</ele>
      <time>2026-05-07T20:33:24Z</time>
    </trkpt>
    <trkpt lat="49.194304" lon="20.066342">
      <ele>1414</ele>
      <time>2026-05-07T20:33:29Z</time>
    </trkpt>
    <trkpt lat="49.194319" lon="20.06627">
      <ele>1414</ele>
      <time>2026-05-07T20:33:37Z</time>
    </trkpt>
    <trkpt lat="49.194333" lon="20.066208">
      <ele>1414</ele>
      <time>2026-05-07T20:33:43Z</time>
    </trkpt>
    <trkpt lat="49.194356" lon="20.066169">
      <ele>1413</ele>
      <time>2026-05-07T20:33:48Z</time>
    </trkpt>
    <trkpt lat="49.194386" lon="20.066139">
      <ele>1412</ele>
      <time>2026-05-07T20:33:54Z</time>
    </trkpt>
    <trkpt lat="49.194411" lon="20.066097">
      <ele>1411</ele>
      <time>2026-05-07T20:34:00Z</time>
    </trkpt>
    <trkpt lat="49.194435" lon="20.066042">
      <ele>1410</ele>
      <time>2026-05-07T20:34:06Z</time>
    </trkpt>
    <trkpt lat="49.194456" lon="20.065985">
      <ele>1410</ele>
      <time>2026-05-07T20:34:13Z</time>
    </trkpt>
    <trkpt lat="49.194485" lon="20.065949">
      <ele>1408</ele>
      <time>2026-05-07T20:34:19Z</time>
    </trkpt>
    <trkpt lat="49.194517" lon="20.065927">
      <ele>1406</ele>
      <time>2026-05-07T20:34:24Z</time>
    </trkpt>
    <trkpt lat="49.194531" lon="20.065921">
      <ele>1406</ele>
      <time>2026-05-07T20:34:27Z</time>
    </trkpt>
    <trkpt lat="49.194549" lon="20.065912">
      <ele>1405</ele>
      <time>2026-05-07T20:34:30Z</time>
    </trkpt>
    <trkpt lat="49.194563" lon="20.065891">
      <ele>1404</ele>
      <time>2026-05-07T20:34:33Z</time>
    </trkpt>
    <trkpt lat="49.194588" lon="20.065826">
      <ele>1403</ele>
      <time>2026-05-07T20:34:41Z</time>
    </trkpt>
    <trkpt lat="49.194605" lon="20.065788">
      <ele>1402</ele>
      <time>2026-05-07T20:34:45Z</time>
    </trkpt>
    <trkpt lat="49.19462" lon="20.065736">
      <ele>1402</ele>
      <time>2026-05-07T20:34:51Z</time>
    </trkpt>
    <trkpt lat="49.194644" lon="20.065669">
      <ele>1402</ele>
      <time>2026-05-07T20:34:58Z</time>
    </trkpt>
    <trkpt lat="49.194659" lon="20.065631">
      <ele>1402</ele>
      <time>2026-05-07T20:35:03Z</time>
    </trkpt>
    <trkpt lat="49.194665" lon="20.065585">
      <ele>1402</ele>
      <time>2026-05-07T20:35:07Z</time>
    </trkpt>
    <trkpt lat="49.194686" lon="20.065496">
      <ele>1403</ele>
      <time>2026-05-07T20:35:17Z</time>
    </trkpt>
    <trkpt lat="49.194702" lon="20.065467">
      <ele>1403</ele>
      <time>2026-05-07T20:35:20Z</time>
    </trkpt>
    <trkpt lat="49.19472" lon="20.065459">
      <ele>1403</ele>
      <time>2026-05-07T20:35:23Z</time>
    </trkpt>
    <trkpt lat="49.194747" lon="20.065467">
      <ele>1402</ele>
      <time>2026-05-07T20:35:27Z</time>
    </trkpt>
    <trkpt lat="49.194762" lon="20.065463">
      <ele>1402</ele>
      <time>2026-05-07T20:35:30Z</time>
    </trkpt>
    <trkpt lat="49.194786" lon="20.065438">
      <ele>1402</ele>
      <time>2026-05-07T20:35:34Z</time>
    </trkpt>
    <trkpt lat="49.194812" lon="20.065397">
      <ele>1403</ele>
      <time>2026-05-07T20:35:40Z</time>
    </trkpt>
    <trkpt lat="49.194839" lon="20.065392">
      <ele>1402</ele>
      <time>2026-05-07T20:35:44Z</time>
    </trkpt>
    <trkpt lat="49.194858" lon="20.065365">
      <ele>1403</ele>
      <time>2026-05-07T20:35:48Z</time>
    </trkpt>
    <trkpt lat="49.194879" lon="20.065333">
      <ele>1404</ele>
      <time>2026-05-07T20:35:52Z</time>
    </trkpt>
    <trkpt lat="49.194899" lon="20.06531">
      <ele>1404</ele>
      <time>2026-05-07T20:35:56Z</time>
    </trkpt>
    <trkpt lat="49.194928" lon="20.065288">
      <ele>1404</ele>
      <time>2026-05-07T20:36:01Z</time>
    </trkpt>
    <trkpt lat="49.194967" lon="20.065277">
      <ele>1404</ele>
      <time>2026-05-07T20:36:07Z</time>
    </trkpt>
    <trkpt lat="49.194988" lon="20.065275">
      <ele>1404</ele>
      <time>2026-05-07T20:36:10Z</time>
    </trkpt>
    <trkpt lat="49.195017" lon="20.065274">
      <ele>1404</ele>
      <time>2026-05-07T20:36:15Z</time>
    </trkpt>
    <trkpt lat="49.195059" lon="20.065269">
      <ele>1404</ele>
      <time>2026-05-07T20:36:21Z</time>
    </trkpt>
    <trkpt lat="49.195077" lon="20.06526">
      <ele>1404</ele>
      <time>2026-05-07T20:36:24Z</time>
    </trkpt>
    <trkpt lat="49.195098" lon="20.065221">
      <ele>1406</ele>
      <time>2026-05-07T20:36:29Z</time>
    </trkpt>
    <trkpt lat="49.195119" lon="20.065213">
      <ele>1406</ele>
      <time>2026-05-07T20:36:32Z</time>
    </trkpt>
    <trkpt lat="49.195162" lon="20.065225">
      <ele>1406</ele>
      <time>2026-05-07T20:36:39Z</time>
    </trkpt>
    <trkpt lat="49.195191" lon="20.065214">
      <ele>1406</ele>
      <time>2026-05-07T20:36:43Z</time>
    </trkpt>
    <trkpt lat="49.195237" lon="20.065234">
      <ele>1405</ele>
      <time>2026-05-07T20:36:51Z</time>
    </trkpt>
    <trkpt lat="49.195268" lon="20.065258">
      <ele>1404</ele>
      <time>2026-05-07T20:36:56Z</time>
    </trkpt>
    <trkpt lat="49.19532" lon="20.065278">
      <ele>1404</ele>
      <time>2026-05-07T20:37:04Z</time>
    </trkpt>
    <trkpt lat="49.195369" lon="20.065293">
      <ele>1404</ele>
      <time>2026-05-07T20:37:12Z</time>
    </trkpt>
    <trkpt lat="49.195379" lon="20.065296">
      <ele>1404</ele>
      <time>2026-05-07T20:37:13Z</time>
    </trkpt>
    <trkpt lat="49.195427" lon="20.065298">
      <ele>1405</ele>
      <time>2026-05-07T20:37:20Z</time>
    </trkpt>
    <trkpt lat="49.195474" lon="20.065327">
      <ele>1404</ele>
      <time>2026-05-07T20:37:28Z</time>
    </trkpt>
    <trkpt lat="49.195542" lon="20.065347">
      <ele>1404</ele>
      <time>2026-05-07T20:37:38Z</time>
    </trkpt>
    <trkpt lat="49.195614" lon="20.065392">
      <ele>1404</ele>
      <time>2026-05-07T20:37:50Z</time>
    </trkpt>
    <trkpt lat="49.19569" lon="20.065429">
      <ele>1405</ele>
      <time>2026-05-07T20:38:02Z</time>
    </trkpt>
    <trkpt lat="49.195789" lon="20.065445">
      <ele>1408</ele>
      <time>2026-05-07T20:38:18Z</time>
    </trkpt>
    <trkpt lat="49.195803" lon="20.065447">
      <ele>1408</ele>
      <time>2026-05-07T20:38:20Z</time>
    </trkpt>
    <trkpt lat="49.195899" lon="20.065445">
      <ele>1411</ele>
      <time>2026-05-07T20:38:35Z</time>
    </trkpt>
    <trkpt lat="49.196017" lon="20.065458">
      <ele>1414</ele>
      <time>2026-05-07T20:38:53Z</time>
    </trkpt>
    <trkpt lat="49.196091" lon="20.065501">
      <ele>1414</ele>
      <time>2026-05-07T20:39:05Z</time>
    </trkpt>
    <trkpt lat="49.196133" lon="20.065567">
      <ele>1412</ele>
      <time>2026-05-07T20:39:14Z</time>
    </trkpt>
    <trkpt lat="49.196157" lon="20.065608">
      <ele>1411</ele>
      <time>2026-05-07T20:39:20Z</time>
    </trkpt>
    <trkpt lat="49.196189" lon="20.065637">
      <ele>1410</ele>
      <time>2026-05-07T20:39:25Z</time>
    </trkpt>
    <trkpt lat="49.196254" lon="20.065705">
      <ele>1409</ele>
      <time>2026-05-07T20:39:37Z</time>
    </trkpt>
    <trkpt lat="49.196289" lon="20.065792">
      <ele>1407</ele>
      <time>2026-05-07T20:39:47Z</time>
    </trkpt>
    <trkpt lat="49.196326" lon="20.065878">
      <ele>1406</ele>
      <time>2026-05-07T20:39:58Z</time>
    </trkpt>
    <trkpt lat="49.196422" lon="20.065905">
      <ele>1407</ele>
      <time>2026-05-07T20:40:12Z</time>
    </trkpt>
    <trkpt lat="49.196457" lon="20.065992">
      <ele>1406</ele>
      <time>2026-05-07T20:40:22Z</time>
    </trkpt>
    <trkpt lat="49.196521" lon="20.066127">
      <ele>1405</ele>
      <time>2026-05-07T20:40:39Z</time>
    </trkpt>
    <trkpt lat="49.19655" lon="20.066202">
      <ele>1404</ele>
      <time>2026-05-07T20:40:47Z</time>
    </trkpt>
    <trkpt lat="49.196572" lon="20.066232">
      <ele>1403</ele>
      <time>2026-05-07T20:40:52Z</time>
    </trkpt>
    <trkpt lat="49.196605" lon="20.066279">
      <ele>1403</ele>
      <time>2026-05-07T20:40:59Z</time>
    </trkpt>
    <trkpt lat="49.196627" lon="20.066365">
      <ele>1402</ele>
      <time>2026-05-07T20:41:08Z</time>
    </trkpt>
    <trkpt lat="49.196643" lon="20.066435">
      <ele>1401</ele>
      <time>2026-05-07T20:41:15Z</time>
    </trkpt>
    <trkpt lat="49.196673" lon="20.066486">
      <ele>1401</ele>
      <time>2026-05-07T20:41:22Z</time>
    </trkpt>
    <trkpt lat="49.196688" lon="20.066506">
      <ele>1401</ele>
      <time>2026-05-07T20:41:25Z</time>
    </trkpt>
    <trkpt lat="49.196711" lon="20.066536">
      <ele>1401</ele>
      <time>2026-05-07T20:41:29Z</time>
    </trkpt>
    <trkpt lat="49.196744" lon="20.066561">
      <ele>1401</ele>
      <time>2026-05-07T20:41:35Z</time>
    </trkpt>
    <trkpt lat="49.196776" lon="20.066579">
      <ele>1401</ele>
      <time>2026-05-07T20:41:40Z</time>
    </trkpt>
    <trkpt lat="49.196802" lon="20.066603">
      <ele>1401</ele>
      <time>2026-05-07T20:41:45Z</time>
    </trkpt>
    <trkpt lat="49.196834" lon="20.066643">
      <ele>1401</ele>
      <time>2026-05-07T20:41:51Z</time>
    </trkpt>
    <trkpt lat="49.19687" lon="20.066662">
      <ele>1401</ele>
      <time>2026-05-07T20:41:57Z</time>
    </trkpt>
    <trkpt lat="49.196907" lon="20.06668">
      <ele>1401</ele>
      <time>2026-05-07T20:42:02Z</time>
    </trkpt>
    <trkpt lat="49.196949" lon="20.066697">
      <ele>1401</ele>
      <time>2026-05-07T20:42:09Z</time>
    </trkpt>
    <trkpt lat="49.196985" lon="20.066699">
      <ele>1402</ele>
      <time>2026-05-07T20:42:14Z</time>
    </trkpt>
    <trkpt lat="49.197022" lon="20.066718">
      <ele>1402</ele>
      <time>2026-05-07T20:42:20Z</time>
    </trkpt>
    <trkpt lat="49.197056" lon="20.066747">
      <ele>1402</ele>
      <time>2026-05-07T20:42:26Z</time>
    </trkpt>
    <trkpt lat="49.197083" lon="20.066776">
      <ele>1402</ele>
      <time>2026-05-07T20:42:31Z</time>
    </trkpt>
    <trkpt lat="49.19711" lon="20.066804">
      <ele>1402</ele>
      <time>2026-05-07T20:42:36Z</time>
    </trkpt>
    <trkpt lat="49.197134" lon="20.066825">
      <ele>1401</ele>
      <time>2026-05-07T20:42:40Z</time>
    </trkpt>
    <trkpt lat="49.197198" lon="20.066866">
      <ele>1401</ele>
      <time>2026-05-07T20:42:50Z</time>
    </trkpt>
    <trkpt lat="49.197257" lon="20.066908">
      <ele>1401</ele>
      <time>2026-05-07T20:43:00Z</time>
    </trkpt>
    <trkpt lat="49.197305" lon="20.066943">
      <ele>1401</ele>
      <time>2026-05-07T20:43:08Z</time>
    </trkpt>
    <trkpt lat="49.197341" lon="20.066958">
      <ele>1401</ele>
      <time>2026-05-07T20:43:14Z</time>
    </trkpt>
    <trkpt lat="49.197379" lon="20.066972">
      <ele>1402</ele>
      <time>2026-05-07T20:43:20Z</time>
    </trkpt>
    <trkpt lat="49.197406" lon="20.066985">
      <ele>1402</ele>
      <time>2026-05-07T20:43:24Z</time>
    </trkpt>
    <trkpt lat="49.197431" lon="20.067016">
      <ele>1401</ele>
      <time>2026-05-07T20:43:29Z</time>
    </trkpt>
    <trkpt lat="49.197453" lon="20.067058">
      <ele>1401</ele>
      <time>2026-05-07T20:43:34Z</time>
    </trkpt>
    <trkpt lat="49.197475" lon="20.067078">
      <ele>1401</ele>
      <time>2026-05-07T20:43:38Z</time>
    </trkpt>
    <trkpt lat="49.197503" lon="20.067082">
      <ele>1401</ele>
      <time>2026-05-07T20:43:42Z</time>
    </trkpt>
    <trkpt lat="49.197564" lon="20.067111">
      <ele>1402</ele>
      <time>2026-05-07T20:43:52Z</time>
    </trkpt>
    <trkpt lat="49.197596" lon="20.067141">
      <ele>1402</ele>
      <time>2026-05-07T20:43:57Z</time>
    </trkpt>
    <trkpt lat="49.197623" lon="20.067165">
      <ele>1402</ele>
      <time>2026-05-07T20:44:02Z</time>
    </trkpt>
    <trkpt lat="49.19765" lon="20.06717">
      <ele>1402</ele>
      <time>2026-05-07T20:44:06Z</time>
    </trkpt>
    <trkpt lat="49.197684" lon="20.067174">
      <ele>1403</ele>
      <time>2026-05-07T20:44:11Z</time>
    </trkpt>
    <trkpt lat="49.197719" lon="20.067178">
      <ele>1403</ele>
      <time>2026-05-07T20:44:17Z</time>
    </trkpt>
    <trkpt lat="49.197752" lon="20.067185">
      <ele>1403</ele>
      <time>2026-05-07T20:44:22Z</time>
    </trkpt>
    <trkpt lat="49.197793" lon="20.06719">
      <ele>1404</ele>
      <time>2026-05-07T20:44:28Z</time>
    </trkpt>
    <trkpt lat="49.197823" lon="20.067198">
      <ele>1404</ele>
      <time>2026-05-07T20:44:32Z</time>
    </trkpt>
    <trkpt lat="49.197851" lon="20.06721">
      <ele>1405</ele>
      <time>2026-05-07T20:44:37Z</time>
    </trkpt>
    <trkpt lat="49.197881" lon="20.06722">
      <ele>1405</ele>
      <time>2026-05-07T20:44:41Z</time>
    </trkpt>
    <trkpt lat="49.197914" lon="20.067241">
      <ele>1405</ele>
      <time>2026-05-07T20:44:47Z</time>
    </trkpt>
    <trkpt lat="49.197936" lon="20.067268">
      <ele>1405</ele>
      <time>2026-05-07T20:44:51Z</time>
    </trkpt>
    <trkpt lat="49.197957" lon="20.067302">
      <ele>1405</ele>
      <time>2026-05-07T20:44:56Z</time>
    </trkpt>
    <trkpt lat="49.198001" lon="20.067344">
      <ele>1404</ele>
      <time>2026-05-07T20:45:03Z</time>
    </trkpt>
    <trkpt lat="49.19805" lon="20.067393">
      <ele>1404</ele>
      <time>2026-05-07T20:45:12Z</time>
    </trkpt>
    <trkpt lat="49.198094" lon="20.067432">
      <ele>1404</ele>
      <time>2026-05-07T20:45:20Z</time>
    </trkpt>
    <trkpt lat="49.198134" lon="20.067452">
      <ele>1404</ele>
      <time>2026-05-07T20:45:26Z</time>
    </trkpt>
    <trkpt lat="49.198186" lon="20.067488">
      <ele>1404</ele>
      <time>2026-05-07T20:45:35Z</time>
    </trkpt>
    <trkpt lat="49.198223" lon="20.067495">
      <ele>1404</ele>
      <time>2026-05-07T20:45:40Z</time>
    </trkpt>
    <trkpt lat="49.198248" lon="20.067516">
      <ele>1405</ele>
      <time>2026-05-07T20:45:45Z</time>
    </trkpt>
    <trkpt lat="49.198296" lon="20.067558">
      <ele>1405</ele>
      <time>2026-05-07T20:45:53Z</time>
    </trkpt>
    <trkpt lat="49.198348" lon="20.067568">
      <ele>1406</ele>
      <time>2026-05-07T20:46:01Z</time>
    </trkpt>
    <trkpt lat="49.198377" lon="20.067599">
      <ele>1405</ele>
      <time>2026-05-07T20:46:06Z</time>
    </trkpt>
    <trkpt lat="49.198411" lon="20.067616">
      <ele>1405</ele>
      <time>2026-05-07T20:46:12Z</time>
    </trkpt>
    <trkpt lat="49.198445" lon="20.06763">
      <ele>1406</ele>
      <time>2026-05-07T20:46:17Z</time>
    </trkpt>
    <trkpt lat="49.198477" lon="20.067633">
      <ele>1406</ele>
      <time>2026-05-07T20:46:22Z</time>
    </trkpt>
    <trkpt lat="49.198493" lon="20.067626">
      <ele>1406</ele>
      <time>2026-05-07T20:46:24Z</time>
    </trkpt>
    <trkpt lat="49.198531" lon="20.067648">
      <ele>1406</ele>
      <time>2026-05-07T20:46:30Z</time>
    </trkpt>
    <trkpt lat="49.198553" lon="20.067643">
      <ele>1407</ele>
      <time>2026-05-07T20:46:34Z</time>
    </trkpt>
    <trkpt lat="49.198577" lon="20.06765">
      <ele>1407</ele>
      <time>2026-05-07T20:46:37Z</time>
    </trkpt>
    <trkpt lat="49.198597" lon="20.067661">
      <ele>1407</ele>
      <time>2026-05-07T20:46:41Z</time>
    </trkpt>
    <trkpt lat="49.198626" lon="20.067675">
      <ele>1407</ele>
      <time>2026-05-07T20:46:45Z</time>
    </trkpt>
    <trkpt lat="49.198655" lon="20.06769">
      <ele>1406</ele>
      <time>2026-05-07T20:46:50Z</time>
    </trkpt>
    <trkpt lat="49.198719" lon="20.067703">
      <ele>1406</ele>
      <time>2026-05-07T20:46:59Z</time>
    </trkpt>
    <trkpt lat="49.198777" lon="20.067721">
      <ele>1406</ele>
      <time>2026-05-07T20:47:08Z</time>
    </trkpt>
    <trkpt lat="49.198911" lon="20.067757">
      <ele>1406</ele>
      <time>2026-05-07T20:47:29Z</time>
    </trkpt>
    <trkpt lat="49.198979" lon="20.067784">
      <ele>1405</ele>
      <time>2026-05-07T20:47:39Z</time>
    </trkpt>
    <trkpt lat="49.199044" lon="20.067835">
      <ele>1404</ele>
      <time>2026-05-07T20:47:50Z</time>
    </trkpt>
    <trkpt lat="49.199111" lon="20.067877">
      <ele>1403</ele>
      <time>2026-05-07T20:48:01Z</time>
    </trkpt>
    <trkpt lat="49.199172" lon="20.067906">
      <ele>1403</ele>
      <time>2026-05-07T20:48:11Z</time>
    </trkpt>
    <trkpt lat="49.199231" lon="20.067942">
      <ele>1402</ele>
      <time>2026-05-07T20:48:20Z</time>
    </trkpt>
    <trkpt lat="49.199303" lon="20.067983">
      <ele>1402</ele>
      <time>2026-05-07T20:48:32Z</time>
    </trkpt>
    <trkpt lat="49.19934" lon="20.067983">
      <ele>1403</ele>
      <time>2026-05-07T20:48:38Z</time>
    </trkpt>
    <trkpt lat="49.199357" lon="20.067987">
      <ele>1403</ele>
      <time>2026-05-07T20:48:40Z</time>
    </trkpt>
    <trkpt lat="49.199448" lon="20.068026">
      <ele>1404</ele>
      <time>2026-05-07T20:48:54Z</time>
    </trkpt>
    <trkpt lat="49.199485" lon="20.068013">
      <ele>1405</ele>
      <time>2026-05-07T20:49:00Z</time>
    </trkpt>
    <trkpt lat="49.199572" lon="20.068052">
      <ele>1406</ele>
      <time>2026-05-07T20:49:14Z</time>
    </trkpt>
    <trkpt lat="49.199613" lon="20.068123">
      <ele>1406</ele>
      <time>2026-05-07T20:49:23Z</time>
    </trkpt>
    <trkpt lat="49.199661" lon="20.068214">
      <ele>1405</ele>
      <time>2026-05-07T20:49:35Z</time>
    </trkpt>
    <trkpt lat="49.199695" lon="20.06824">
      <ele>1405</ele>
      <time>2026-05-07T20:49:40Z</time>
    </trkpt>
    <trkpt lat="49.199715" lon="20.068247">
      <ele>1405</ele>
      <time>2026-05-07T20:49:44Z</time>
    </trkpt>
    <trkpt lat="49.199774" lon="20.068224">
      <ele>1407</ele>
      <time>2026-05-07T20:49:53Z</time>
    </trkpt>
    <trkpt lat="49.199856" lon="20.06827">
      <ele>1408</ele>
      <time>2026-05-07T20:50:06Z</time>
    </trkpt>
    <trkpt lat="49.200021" lon="20.068375">
      <ele>1408</ele>
      <time>2026-05-07T20:50:33Z</time>
    </trkpt>
    <trkpt lat="49.200146" lon="20.068462">
      <ele>1408</ele>
      <time>2026-05-07T20:50:53Z</time>
    </trkpt>
    <trkpt lat="49.200211" lon="20.068498">
      <ele>1408</ele>
      <time>2026-05-07T20:51:04Z</time>
    </trkpt>
    <trkpt lat="49.200239" lon="20.068595">
      <ele>1407</ele>
      <time>2026-05-07T20:51:14Z</time>
    </trkpt>
    <trkpt lat="49.200236" lon="20.068634">
      <ele>1407</ele>
      <time>2026-05-07T20:51:18Z</time>
    </trkpt>
    <trkpt lat="49.200228" lon="20.068773">
      <ele>1404</ele>
      <time>2026-05-07T20:51:32Z</time>
    </trkpt>
    <trkpt lat="49.200231" lon="20.068899">
      <ele>1402</ele>
      <time>2026-05-07T20:51:45Z</time>
    </trkpt>
    <trkpt lat="49.200246" lon="20.068925">
      <ele>1401</ele>
      <time>2026-05-07T20:51:49Z</time>
    </trkpt>
    <trkpt lat="49.200244" lon="20.068953">
      <ele>1401</ele>
      <time>2026-05-07T20:51:51Z</time>
    </trkpt>
    <trkpt lat="49.200296" lon="20.069081">
      <ele>1399</ele>
      <time>2026-05-07T20:52:06Z</time>
    </trkpt>
    <trkpt lat="49.200347" lon="20.069199">
      <ele>1397</ele>
      <time>2026-05-07T20:52:20Z</time>
    </trkpt>
    <trkpt lat="49.200395" lon="20.069263">
      <ele>1397</ele>
      <time>2026-05-07T20:52:30Z</time>
    </trkpt>
    <trkpt lat="49.200462" lon="20.069323">
      <ele>1398</ele>
      <time>2026-05-07T20:52:42Z</time>
    </trkpt>
    <trkpt lat="49.20056" lon="20.069498">
      <ele>1397</ele>
      <time>2026-05-07T20:53:04Z</time>
    </trkpt>
    <trkpt lat="49.200658" lon="20.069644">
      <ele>1397</ele>
      <time>2026-05-07T20:53:25Z</time>
    </trkpt>
    <trkpt lat="49.20075" lon="20.069812">
      <ele>1396</ele>
      <time>2026-05-07T20:53:46Z</time>
    </trkpt>
    <trkpt lat="49.200811" lon="20.069939">
      <ele>1395</ele>
      <time>2026-05-07T20:54:02Z</time>
    </trkpt>
    <trkpt lat="49.200848" lon="20.06999">
      <ele>1395</ele>
      <time>2026-05-07T20:54:09Z</time>
    </trkpt>
    <trkpt lat="49.200884" lon="20.070005">
      <ele>1395</ele>
      <time>2026-05-07T20:54:15Z</time>
    </trkpt>
    <trkpt lat="49.200919" lon="20.069986">
      <ele>1396</ele>
      <time>2026-05-07T20:54:20Z</time>
    </trkpt>
    <trkpt lat="49.200975" lon="20.069965">
      <ele>1397</ele>
      <time>2026-05-07T20:54:29Z</time>
    </trkpt>
    <trkpt lat="49.201011" lon="20.069966">
      <ele>1398</ele>
      <time>2026-05-07T20:54:35Z</time>
    </trkpt>
    <trkpt lat="49.201037" lon="20.070012">
      <ele>1398</ele>
      <time>2026-05-07T20:54:41Z</time>
    </trkpt>
    <trkpt lat="49.201081" lon="20.070071">
      <ele>1398</ele>
      <time>2026-05-07T20:54:49Z</time>
    </trkpt>
    <trkpt lat="49.201132" lon="20.070212">
      <ele>1398</ele>
      <time>2026-05-07T20:55:05Z</time>
    </trkpt>
    <trkpt lat="49.201156" lon="20.070335">
      <ele>1399</ele>
      <time>2026-05-07T20:55:18Z</time>
    </trkpt>
    <trkpt lat="49.201162" lon="20.070407">
      <ele>1399</ele>
      <time>2026-05-07T20:55:25Z</time>
    </trkpt>
    <trkpt lat="49.201157" lon="20.0705">
      <ele>1399</ele>
      <time>2026-05-07T20:55:34Z</time>
    </trkpt>
    <trkpt lat="49.201154" lon="20.070575">
      <ele>1399</ele>
      <time>2026-05-07T20:55:41Z</time>
    </trkpt>
    <trkpt lat="49.20116" lon="20.070668">
      <ele>1399</ele>
      <time>2026-05-07T20:55:51Z</time>
    </trkpt>
    <trkpt lat="49.201172" lon="20.070766">
      <ele>1399</ele>
      <time>2026-05-07T20:56:00Z</time>
    </trkpt>
    <trkpt lat="49.201182" lon="20.070832">
      <ele>1399</ele>
      <time>2026-05-07T20:56:07Z</time>
    </trkpt>
    <trkpt lat="49.201229" lon="20.070882">
      <ele>1400</ele>
      <time>2026-05-07T20:56:20Z</time>
    </trkpt>
    <trkpt lat="49.20126" lon="20.070888">
      <ele>1400</ele>
      <time>2026-05-07T20:56:28Z</time>
    </trkpt>
    <trkpt lat="49.201313" lon="20.070838">
      <ele>1402</ele>
      <time>2026-05-07T20:56:43Z</time>
    </trkpt>
    <trkpt lat="49.201411" lon="20.07081">
      <ele>1406</ele>
      <time>2026-05-07T20:57:07Z</time>
    </trkpt>
    <trkpt lat="49.201464" lon="20.070908">
      <ele>1404</ele>
      <time>2026-05-07T20:57:19Z</time>
    </trkpt>
    <trkpt lat="49.201518" lon="20.07094">
      <ele>1403</ele>
      <time>2026-05-07T20:57:27Z</time>
    </trkpt>
    <trkpt lat="49.20158" lon="20.070957">
      <ele>1402</ele>
      <time>2026-05-07T20:57:37Z</time>
    </trkpt>
    <trkpt lat="49.201747" lon="20.070752">
      <ele>1402</ele>
      <time>2026-05-07T20:58:07Z</time>
    </trkpt>
    <trkpt lat="49.201829" lon="20.070654">
      <ele>1402</ele>
      <time>2026-05-07T20:58:18Z</time>
    </trkpt>
    <trkpt lat="49.201935" lon="20.070583">
      <ele>1402</ele>
      <time>2026-05-07T20:58:29Z</time>
    </trkpt>
    <trkpt lat="49.202276" lon="20.070407">
      <ele>1402</ele>
      <time>2026-05-07T20:59:06Z</time>
    </trkpt>
    <trkpt lat="49.202549" lon="20.070292">
      <ele>1401</ele>
      <time>2026-05-07T20:59:35Z</time>
    </trkpt>
    <trkpt lat="49.202835" lon="20.070168">
      <ele>1403</ele>
      <time>2026-05-07T21:00:05Z</time>
    </trkpt>
    <trkpt lat="49.20295" lon="20.070132">
      <ele>1404</ele>
      <time>2026-05-07T21:00:17Z</time>
    </trkpt>
    <trkpt lat="49.203033" lon="20.070119">
      <ele>1404</ele>
      <time>2026-05-07T21:00:25Z</time>
    </trkpt>
    <trkpt lat="49.2031" lon="20.07014">
      <ele>1404</ele>
      <time>2026-05-07T21:00:32Z</time>
    </trkpt>
    <trkpt lat="49.203179" lon="20.070186">
      <ele>1405</ele>
      <time>2026-05-07T21:00:41Z</time>
    </trkpt>
    <trkpt lat="49.203306" lon="20.07031">
      <ele>1406</ele>
      <time>2026-05-07T21:00:56Z</time>
    </trkpt>
    <trkpt lat="49.203553" lon="20.070624">
      <ele>1406</ele>
      <time>2026-05-07T21:01:29Z</time>
    </trkpt>
    <trkpt lat="49.203688" lon="20.070819">
      <ele>1406</ele>
      <time>2026-05-07T21:01:48Z</time>
    </trkpt>
    <trkpt lat="49.203817" lon="20.07103">
      <ele>1403</ele>
      <time>2026-05-07T21:02:07Z</time>
    </trkpt>
    <trkpt lat="49.203871" lon="20.071199">
      <ele>1400</ele>
      <time>2026-05-07T21:02:19Z</time>
    </trkpt>
    <trkpt lat="49.203913" lon="20.071367">
      <ele>1398</ele>
      <time>2026-05-07T21:02:30Z</time>
    </trkpt>
    <trkpt lat="49.203947" lon="20.071516">
      <ele>1398</ele>
      <time>2026-05-07T21:02:40Z</time>
    </trkpt>
    <trkpt lat="49.204013" lon="20.071912">
      <ele>1397</ele>
      <time>2026-05-07T21:03:05Z</time>
    </trkpt>
    <trkpt lat="49.204041" lon="20.072034">
      <ele>1397</ele>
      <time>2026-05-07T21:03:14Z</time>
    </trkpt>
    <trkpt lat="49.204077" lon="20.07213">
      <ele>1397</ele>
      <time>2026-05-07T21:03:20Z</time>
    </trkpt>
    <trkpt lat="49.204139" lon="20.072251">
      <ele>1396</ele>
      <time>2026-05-07T21:03:30Z</time>
    </trkpt>
    <trkpt lat="49.204205" lon="20.072332">
      <ele>1396</ele>
      <time>2026-05-07T21:03:38Z</time>
    </trkpt>
    <trkpt lat="49.204435" lon="20.072616">
      <ele>1395</ele>
      <time>2026-05-07T21:04:06Z</time>
    </trkpt>
    <trkpt lat="49.204638" lon="20.07282">
      <ele>1393</ele>
      <time>2026-05-07T21:04:29Z</time>
    </trkpt>
    <trkpt lat="49.204883" lon="20.073105">
      <ele>1390</ele>
      <time>2026-05-07T21:04:59Z</time>
    </trkpt>
    <trkpt lat="49.205016" lon="20.073251">
      <ele>1389</ele>
      <time>2026-05-07T21:05:14Z</time>
    </trkpt>
    <trkpt lat="49.205092" lon="20.073335">
      <ele>1388</ele>
      <time>2026-05-07T21:05:23Z</time>
    </trkpt>
    <trkpt lat="49.205251" lon="20.073495">
      <ele>1387</ele>
      <time>2026-05-07T21:05:41Z</time>
    </trkpt>
    <trkpt lat="49.205352" lon="20.073575">
      <ele>1387</ele>
      <time>2026-05-07T21:05:52Z</time>
    </trkpt>
    <trkpt lat="49.205463" lon="20.073643">
      <ele>1387</ele>
      <time>2026-05-07T21:06:04Z</time>
    </trkpt>
    <trkpt lat="49.205705" lon="20.073763">
      <ele>1389</ele>
      <time>2026-05-07T21:06:28Z</time>
    </trkpt>
    <trkpt lat="49.205827" lon="20.073803">
      <ele>1390</ele>
      <time>2026-05-07T21:06:40Z</time>
    </trkpt>
    <trkpt lat="49.205989" lon="20.073819">
      <ele>1392</ele>
      <time>2026-05-07T21:06:55Z</time>
    </trkpt>
    <trkpt lat="49.206513" lon="20.07385">
      <ele>1393</ele>
      <time>2026-05-07T21:07:45Z</time>
    </trkpt>
    <trkpt lat="49.206946" lon="20.073966">
      <ele>1389</ele>
      <time>2026-05-07T21:08:27Z</time>
    </trkpt>
    <trkpt lat="49.207137" lon="20.07403">
      <ele>1388</ele>
      <time>2026-05-07T21:08:46Z</time>
    </trkpt>
    <trkpt lat="49.207253" lon="20.074106">
      <ele>1388</ele>
      <time>2026-05-07T21:08:58Z</time>
    </trkpt>
    <trkpt lat="49.207802" lon="20.074665">
      <ele>1380</ele>
      <time>2026-05-07T21:10:01Z</time>
    </trkpt>
    <trkpt lat="49.207936" lon="20.074798">
      <ele>1378</ele>
      <time>2026-05-07T21:10:16Z</time>
    </trkpt>
    <trkpt lat="49.208208" lon="20.075231">
      <ele>1368</ele>
      <time>2026-05-07T21:10:54Z</time>
    </trkpt>
    <trkpt lat="49.208366" lon="20.075472">
      <ele>1365</ele>
      <time>2026-05-07T21:11:16Z</time>
    </trkpt>
    <trkpt lat="49.20846" lon="20.075553">
      <ele>1364</ele>
      <time>2026-05-07T21:11:26Z</time>
    </trkpt>
    <trkpt lat="49.208516" lon="20.075581">
      <ele>1364</ele>
      <time>2026-05-07T21:11:32Z</time>
    </trkpt>
    <trkpt lat="49.208605" lon="20.075602">
      <ele>1363</ele>
      <time>2026-05-07T21:11:40Z</time>
    </trkpt>
    <trkpt lat="49.20876" lon="20.075551">
      <ele>1362</ele>
      <time>2026-05-07T21:11:55Z</time>
    </trkpt>
    <trkpt lat="49.209128" lon="20.075379">
      <ele>1359</ele>
      <time>2026-05-07T21:12:32Z</time>
    </trkpt>
    <trkpt lat="49.209177" lon="20.075372">
      <ele>1358</ele>
      <time>2026-05-07T21:12:37Z</time>
    </trkpt>
    <trkpt lat="49.209263" lon="20.075387">
      <ele>1357</ele>
      <time>2026-05-07T21:12:45Z</time>
    </trkpt>
    <trkpt lat="49.209412" lon="20.075478">
      <ele>1355</ele>
      <time>2026-05-07T21:13:00Z</time>
    </trkpt>
    <trkpt lat="49.209547" lon="20.075577">
      <ele>1355</ele>
      <time>2026-05-07T21:13:15Z</time>
    </trkpt>
    <trkpt lat="49.209828" lon="20.075813">
      <ele>1354</ele>
      <time>2026-05-07T21:13:45Z</time>
    </trkpt>
    <trkpt lat="49.209954" lon="20.075953">
      <ele>1352</ele>
      <time>2026-05-07T21:14:00Z</time>
    </trkpt>
    <trkpt lat="49.210149" lon="20.07626">
      <ele>1348</ele>
      <time>2026-05-07T21:14:27Z</time>
    </trkpt>
    <trkpt lat="49.210296" lon="20.076537">
      <ele>1345</ele>
      <time>2026-05-07T21:14:49Z</time>
    </trkpt>
    <trkpt lat="49.210436" lon="20.076794">
      <ele>1343</ele>
      <time>2026-05-07T21:15:10Z</time>
    </trkpt>
    <trkpt lat="49.210509" lon="20.076909">
      <ele>1342</ele>
      <time>2026-05-07T21:15:20Z</time>
    </trkpt>
    <trkpt lat="49.210604" lon="20.077007">
      <ele>1342</ele>
      <time>2026-05-07T21:15:31Z</time>
    </trkpt>
    <trkpt lat="49.210765" lon="20.077108">
      <ele>1344</ele>
      <time>2026-05-07T21:15:48Z</time>
    </trkpt>
    <trkpt lat="49.211042" lon="20.077246">
      <ele>1347</ele>
      <time>2026-05-07T21:16:15Z</time>
    </trkpt>
    <trkpt lat="49.211562" lon="20.077554">
      <ele>1349</ele>
      <time>2026-05-07T21:17:08Z</time>
    </trkpt>
    <trkpt lat="49.21168" lon="20.077716">
      <ele>1348</ele>
      <time>2026-05-07T21:17:24Z</time>
    </trkpt>
    <trkpt lat="49.211771" lon="20.077871">
      <ele>1347</ele>
      <time>2026-05-07T21:17:37Z</time>
    </trkpt>
    <trkpt lat="49.211844" lon="20.078034">
      <ele>1345</ele>
      <time>2026-05-07T21:17:49Z</time>
    </trkpt>
    <trkpt lat="49.212193" lon="20.078896">
      <ele>1335</ele>
      <time>2026-05-07T21:18:53Z</time>
    </trkpt>
    <trkpt lat="49.21225" lon="20.079011">
      <ele>1335</ele>
      <time>2026-05-07T21:19:02Z</time>
    </trkpt>
    <trkpt lat="49.212303" lon="20.079087">
      <ele>1334</ele>
      <time>2026-05-07T21:19:08Z</time>
    </trkpt>
    <trkpt lat="49.212363" lon="20.079146">
      <ele>1333</ele>
      <time>2026-05-07T21:19:15Z</time>
    </trkpt>
    <trkpt lat="49.212433" lon="20.079193">
      <ele>1333</ele>
      <time>2026-05-07T21:19:23Z</time>
    </trkpt>
    <trkpt lat="49.212507" lon="20.079222">
      <ele>1333</ele>
      <time>2026-05-07T21:19:30Z</time>
    </trkpt>
    <trkpt lat="49.212607" lon="20.079248">
      <ele>1332</ele>
      <time>2026-05-07T21:19:39Z</time>
    </trkpt>
    <trkpt lat="49.212862" lon="20.079325">
      <ele>1331</ele>
      <time>2026-05-07T21:20:04Z</time>
    </trkpt>
    <trkpt lat="49.21303" lon="20.07938">
      <ele>1331</ele>
      <time>2026-05-07T21:20:21Z</time>
    </trkpt>
    <trkpt lat="49.213159" lon="20.079452">
      <ele>1331</ele>
      <time>2026-05-07T21:20:34Z</time>
    </trkpt>
    <trkpt lat="49.21324" lon="20.079511">
      <ele>1331</ele>
      <time>2026-05-07T21:20:42Z</time>
    </trkpt>
    <trkpt lat="49.213342" lon="20.07962">
      <ele>1329</ele>
      <time>2026-05-07T21:20:54Z</time>
    </trkpt>
    <trkpt lat="49.213466" lon="20.079835">
      <ele>1324</ele>
      <time>2026-05-07T21:21:12Z</time>
    </trkpt>
    <trkpt lat="49.213538" lon="20.079872">
      <ele>1323</ele>
      <time>2026-05-07T21:21:20Z</time>
    </trkpt>
    <trkpt lat="49.213633" lon="20.079905">
      <ele>1322</ele>
      <time>2026-05-07T21:21:29Z</time>
    </trkpt>
    <trkpt lat="49.2137" lon="20.079934">
      <ele>1322</ele>
      <time>2026-05-07T21:21:36Z</time>
    </trkpt>
    <trkpt lat="49.213774" lon="20.080011">
      <ele>1321</ele>
      <time>2026-05-07T21:21:44Z</time>
    </trkpt>
    <trkpt lat="49.214014" lon="20.080373">
      <ele>1316</ele>
      <time>2026-05-07T21:22:16Z</time>
    </trkpt>
    <trkpt lat="49.21426" lon="20.080735">
      <ele>1314</ele>
      <time>2026-05-07T21:22:49Z</time>
    </trkpt>
    <trkpt lat="49.21441" lon="20.081084">
      <ele>1309</ele>
      <time>2026-05-07T21:23:15Z</time>
    </trkpt>
    <trkpt lat="49.214459" lon="20.081165">
      <ele>1308</ele>
      <time>2026-05-07T21:23:22Z</time>
    </trkpt>
    <trkpt lat="49.214629" lon="20.081335">
      <ele>1308</ele>
      <time>2026-05-07T21:23:41Z</time>
    </trkpt>
    <trkpt lat="49.214768" lon="20.081469">
      <ele>1306</ele>
      <time>2026-05-07T21:23:57Z</time>
    </trkpt>
    <trkpt lat="49.215004" lon="20.081667">
      <ele>1304</ele>
      <time>2026-05-07T21:24:23Z</time>
    </trkpt>
    <trkpt lat="49.21536" lon="20.081891">
      <ele>1301</ele>
      <time>2026-05-07T21:25:00Z</time>
    </trkpt>
    <trkpt lat="49.215487" lon="20.082">
      <ele>1301</ele>
      <time>2026-05-07T21:25:13Z</time>
    </trkpt>
    <trkpt lat="49.215824" lon="20.082456">
      <ele>1300</ele>
      <time>2026-05-07T21:25:56Z</time>
    </trkpt>
    <trkpt lat="49.216133" lon="20.082887">
      <ele>1294</ele>
      <time>2026-05-07T21:26:36Z</time>
    </trkpt>
    <trkpt lat="49.216456" lon="20.083335">
      <ele>1291</ele>
      <time>2026-05-07T21:27:18Z</time>
    </trkpt>
    <trkpt lat="49.216702" lon="20.083696">
      <ele>1292</ele>
      <time>2026-05-07T21:27:50Z</time>
    </trkpt>
    <trkpt lat="49.217016" lon="20.084">
      <ele>1292</ele>
      <time>2026-05-07T21:28:26Z</time>
    </trkpt>
    <trkpt lat="49.217207" lon="20.084225">
      <ele>1290</ele>
      <time>2026-05-07T21:28:49Z</time>
    </trkpt>
    <trkpt lat="49.217303" lon="20.084376">
      <ele>1288</ele>
      <time>2026-05-07T21:29:02Z</time>
    </trkpt>
    <trkpt lat="49.21745" lon="20.084734">
      <ele>1283</ele>
      <time>2026-05-07T21:29:28Z</time>
    </trkpt>
    <trkpt lat="49.217496" lon="20.08483">
      <ele>1282</ele>
      <time>2026-05-07T21:29:36Z</time>
    </trkpt>
    <trkpt lat="49.21755" lon="20.084918">
      <ele>1282</ele>
      <time>2026-05-07T21:29:43Z</time>
    </trkpt>
    <trkpt lat="49.217619" lon="20.084987">
      <ele>1283</ele>
      <time>2026-05-07T21:29:51Z</time>
    </trkpt>
    <trkpt lat="49.217695" lon="20.085052">
      <ele>1283</ele>
      <time>2026-05-07T21:29:59Z</time>
    </trkpt>
    <trkpt lat="49.217782" lon="20.085118">
      <ele>1285</ele>
      <time>2026-05-07T21:30:09Z</time>
    </trkpt>
    <trkpt lat="49.217856" lon="20.085195">
      <ele>1286</ele>
      <time>2026-05-07T21:30:17Z</time>
    </trkpt>
    <trkpt lat="49.217921" lon="20.085283">
      <ele>1287</ele>
      <time>2026-05-07T21:30:26Z</time>
    </trkpt>
    <trkpt lat="49.217978" lon="20.085381">
      <ele>1286</ele>
      <time>2026-05-07T21:30:34Z</time>
    </trkpt>
    <trkpt lat="49.218089" lon="20.085569">
      <ele>1285</ele>
      <time>2026-05-07T21:30:50Z</time>
    </trkpt>
    <trkpt lat="49.218354" lon="20.085986">
      <ele>1282</ele>
      <time>2026-05-07T21:31:26Z</time>
    </trkpt>
    <trkpt lat="49.218426" lon="20.086115">
      <ele>1281</ele>
      <time>2026-05-07T21:31:36Z</time>
    </trkpt>
    <trkpt lat="49.218479" lon="20.086239">
      <ele>1279</ele>
      <time>2026-05-07T21:31:46Z</time>
    </trkpt>
    <trkpt lat="49.21852" lon="20.086354">
      <ele>1278</ele>
      <time>2026-05-07T21:31:54Z</time>
    </trkpt>
    <trkpt lat="49.218552" lon="20.086465">
      <ele>1276</ele>
      <time>2026-05-07T21:32:02Z</time>
    </trkpt>
    <trkpt lat="49.218727" lon="20.087162">
      <ele>1270</ele>
      <time>2026-05-07T21:32:48Z</time>
    </trkpt>
    <trkpt lat="49.218897" lon="20.087849">
      <ele>1267</ele>
      <time>2026-05-07T21:33:34Z</time>
    </trkpt>
    <trkpt lat="49.21894" lon="20.088">
      <ele>1268</ele>
      <time>2026-05-07T21:33:44Z</time>
    </trkpt>
    <trkpt lat="49.218964" lon="20.088076">
      <ele>1267</ele>
      <time>2026-05-07T21:33:50Z</time>
    </trkpt>
    <trkpt lat="49.21899" lon="20.088139">
      <ele>1266</ele>
      <time>2026-05-07T21:33:54Z</time>
    </trkpt>
    <trkpt lat="49.219055" lon="20.08827">
      <ele>1265</ele>
      <time>2026-05-07T21:34:04Z</time>
    </trkpt>
    <trkpt lat="49.219124" lon="20.088381">
      <ele>1264</ele>
      <time>2026-05-07T21:34:14Z</time>
    </trkpt>
    <trkpt lat="49.219342" lon="20.088663">
      <ele>1262</ele>
      <time>2026-05-07T21:34:41Z</time>
    </trkpt>
    <trkpt lat="49.219382" lon="20.088715">
      <ele>1262</ele>
      <time>2026-05-07T21:34:46Z</time>
    </trkpt>
    <trkpt lat="49.219412" lon="20.088763">
      <ele>1261</ele>
      <time>2026-05-07T21:34:50Z</time>
    </trkpt>
    <trkpt lat="49.219441" lon="20.088832">
      <ele>1260</ele>
      <time>2026-05-07T21:34:56Z</time>
    </trkpt>
    <trkpt lat="49.219457" lon="20.0889">
      <ele>1259</ele>
      <time>2026-05-07T21:35:00Z</time>
    </trkpt>
    <trkpt lat="49.219458" lon="20.088976">
      <ele>1258</ele>
      <time>2026-05-07T21:35:05Z</time>
    </trkpt>
    <trkpt lat="49.219448" lon="20.089051">
      <ele>1256</ele>
      <time>2026-05-07T21:35:10Z</time>
    </trkpt>
    <trkpt lat="49.219497" lon="20.089191">
      <ele>1255</ele>
      <time>2026-05-07T21:35:20Z</time>
    </trkpt>
    <trkpt lat="49.219509" lon="20.089464">
      <ele>1252</ele>
      <time>2026-05-07T21:35:37Z</time>
    </trkpt>
    <trkpt lat="49.21953" lon="20.089699">
      <ele>1251</ele>
      <time>2026-05-07T21:35:52Z</time>
    </trkpt>
    <trkpt lat="49.219612" lon="20.089925">
      <ele>1250</ele>
      <time>2026-05-07T21:36:08Z</time>
    </trkpt>
    <trkpt lat="49.219645" lon="20.090188">
      <ele>1249</ele>
      <time>2026-05-07T21:36:25Z</time>
    </trkpt>
    <trkpt lat="49.21968" lon="20.090258">
      <ele>1249</ele>
      <time>2026-05-07T21:36:30Z</time>
    </trkpt>
    <trkpt lat="49.219697" lon="20.090346">
      <ele>1248</ele>
      <time>2026-05-07T21:36:36Z</time>
    </trkpt>
    <trkpt lat="49.219699" lon="20.090451">
      <ele>1246</ele>
      <time>2026-05-07T21:36:42Z</time>
    </trkpt>
    <trkpt lat="49.219689" lon="20.090518">
      <ele>1245</ele>
      <time>2026-05-07T21:36:47Z</time>
    </trkpt>
    <trkpt lat="49.219689" lon="20.090543">
      <ele>1244</ele>
      <time>2026-05-07T21:36:49Z</time>
    </trkpt>
    <trkpt lat="49.219763" lon="20.090674">
      <ele>1243</ele>
      <time>2026-05-07T21:36:59Z</time>
    </trkpt>
    <trkpt lat="49.219832" lon="20.090914">
      <ele>1240</ele>
      <time>2026-05-07T21:37:16Z</time>
    </trkpt>
    <trkpt lat="49.219915" lon="20.091183">
      <ele>1237</ele>
      <time>2026-05-07T21:37:35Z</time>
    </trkpt>
    <trkpt lat="49.219928" lon="20.091316">
      <ele>1235</ele>
      <time>2026-05-07T21:37:43Z</time>
    </trkpt>
    <trkpt lat="49.219957" lon="20.091437">
      <ele>1234</ele>
      <time>2026-05-07T21:37:51Z</time>
    </trkpt>
    <trkpt lat="49.220116" lon="20.091667">
      <ele>1233</ele>
      <time>2026-05-07T21:38:12Z</time>
    </trkpt>
    <trkpt lat="49.220148" lon="20.09175">
      <ele>1231</ele>
      <time>2026-05-07T21:38:18Z</time>
    </trkpt>
    <trkpt lat="49.220158" lon="20.091907">
      <ele>1228</ele>
      <time>2026-05-07T21:38:28Z</time>
    </trkpt>
    <trkpt lat="49.220199" lon="20.091999">
      <ele>1226</ele>
      <time>2026-05-07T21:38:35Z</time>
    </trkpt>
    <trkpt lat="49.220172" lon="20.092184">
      <ele>1222</ele>
      <time>2026-05-07T21:38:48Z</time>
    </trkpt>
    <trkpt lat="49.220183" lon="20.092339">
      <ele>1220</ele>
      <time>2026-05-07T21:38:58Z</time>
    </trkpt>
    <trkpt lat="49.220271" lon="20.092508">
      <ele>1217</ele>
      <time>2026-05-07T21:39:11Z</time>
    </trkpt>
    <trkpt lat="49.220416" lon="20.092701">
      <ele>1214</ele>
      <time>2026-05-07T21:39:30Z</time>
    </trkpt>
    <trkpt lat="49.220667" lon="20.093137">
      <ele>1206</ele>
      <time>2026-05-07T21:40:06Z</time>
    </trkpt>
    <trkpt lat="49.220819" lon="20.093209">
      <ele>1206</ele>
      <time>2026-05-07T21:40:21Z</time>
    </trkpt>
    <trkpt lat="49.220871" lon="20.093422">
      <ele>1203</ele>
      <time>2026-05-07T21:40:36Z</time>
    </trkpt>
    <trkpt lat="49.220935" lon="20.093562">
      <ele>1201</ele>
      <time>2026-05-07T21:40:47Z</time>
    </trkpt>
    <trkpt lat="49.220991" lon="20.093821">
      <ele>1195</ele>
      <time>2026-05-07T21:41:04Z</time>
    </trkpt>
    <trkpt lat="49.221045" lon="20.09397">
      <ele>1192</ele>
      <time>2026-05-07T21:41:15Z</time>
    </trkpt>
    <trkpt lat="49.221194" lon="20.094296">
      <ele>1185</ele>
      <time>2026-05-07T21:41:41Z</time>
    </trkpt>
    <trkpt lat="49.221349" lon="20.094548">
      <ele>1182</ele>
      <time>2026-05-07T21:42:02Z</time>
    </trkpt>
    <trkpt lat="49.221508" lon="20.094904">
      <ele>1179</ele>
      <time>2026-05-07T21:42:29Z</time>
    </trkpt>
    <trkpt lat="49.221642" lon="20.095132">
      <ele>1175</ele>
      <time>2026-05-07T21:42:48Z</time>
    </trkpt>
    <trkpt lat="49.221728" lon="20.095328">
      <ele>1174</ele>
      <time>2026-05-07T21:43:03Z</time>
    </trkpt>
    <trkpt lat="49.221757" lon="20.095478">
      <ele>1174</ele>
      <time>2026-05-07T21:43:13Z</time>
    </trkpt>
    <trkpt lat="49.221817" lon="20.095576">
      <ele>1173</ele>
      <time>2026-05-07T21:43:21Z</time>
    </trkpt>
    <trkpt lat="49.221878" lon="20.095637">
      <ele>1172</ele>
      <time>2026-05-07T21:43:28Z</time>
    </trkpt>
    <trkpt lat="49.221939" lon="20.095737">
      <ele>1171</ele>
      <time>2026-05-07T21:43:37Z</time>
    </trkpt>
    <trkpt lat="49.222136" lon="20.095636">
      <ele>1169</ele>
      <time>2026-05-07T21:43:57Z</time>
    </trkpt>
    <trkpt lat="49.222237" lon="20.095606">
      <ele>1167</ele>
      <time>2026-05-07T21:44:06Z</time>
    </trkpt>
    <trkpt lat="49.222311" lon="20.095598">
      <ele>1167</ele>
      <time>2026-05-07T21:44:14Z</time>
    </trkpt>
    <trkpt lat="49.222563" lon="20.095643">
      <ele>1166</ele>
      <time>2026-05-07T21:44:38Z</time>
    </trkpt>
    <trkpt lat="49.222907" lon="20.095751">
      <ele>1165</ele>
      <time>2026-05-07T21:45:11Z</time>
    </trkpt>
    <trkpt lat="49.223063" lon="20.095759">
      <ele>1165</ele>
      <time>2026-05-07T21:45:26Z</time>
    </trkpt>
    <trkpt lat="49.223269" lon="20.095716">
      <ele>1165</ele>
      <time>2026-05-07T21:45:46Z</time>
    </trkpt>
    <trkpt lat="49.223569" lon="20.095647">
      <ele>1163</ele>
      <time>2026-05-07T21:46:15Z</time>
    </trkpt>
    <trkpt lat="49.223888" lon="20.095584">
      <ele>1160</ele>
      <time>2026-05-07T21:46:45Z</time>
    </trkpt>
    <trkpt lat="49.224321" lon="20.09549">
      <ele>1158</ele>
      <time>2026-05-07T21:47:27Z</time>
    </trkpt>
    <trkpt lat="49.224666" lon="20.095407">
      <ele>1157</ele>
      <time>2026-05-07T21:48:00Z</time>
    </trkpt>
    <trkpt lat="49.224812" lon="20.095411">
      <ele>1156</ele>
      <time>2026-05-07T21:48:14Z</time>
    </trkpt>
    <trkpt lat="49.224995" lon="20.095452">
      <ele>1153</ele>
      <time>2026-05-07T21:48:32Z</time>
    </trkpt>
    <trkpt lat="49.225241" lon="20.09554">
      <ele>1149</ele>
      <time>2026-05-07T21:48:56Z</time>
    </trkpt>
    <trkpt lat="49.225637" lon="20.095696">
      <ele>1148</ele>
      <time>2026-05-07T21:49:35Z</time>
    </trkpt>
    <trkpt lat="49.22589" lon="20.095832">
      <ele>1145</ele>
      <time>2026-05-07T21:50:01Z</time>
    </trkpt>
    <trkpt lat="49.226108" lon="20.095901">
      <ele>1143</ele>
      <time>2026-05-07T21:50:22Z</time>
    </trkpt>
    <trkpt lat="49.226869" lon="20.096003">
      <ele>1140</ele>
      <time>2026-05-07T21:51:35Z</time>
    </trkpt>
    <trkpt lat="49.227359" lon="20.096079">
      <ele>1134</ele>
      <time>2026-05-07T21:52:22Z</time>
    </trkpt>
    <trkpt lat="49.227525" lon="20.096084">
      <ele>1133</ele>
      <time>2026-05-07T21:52:38Z</time>
    </trkpt>
    <trkpt lat="49.227633" lon="20.096065">
      <ele>1133</ele>
      <time>2026-05-07T21:52:48Z</time>
    </trkpt>
    <trkpt lat="49.227916" lon="20.09595">
      <ele>1133</ele>
      <time>2026-05-07T21:53:16Z</time>
    </trkpt>
    <trkpt lat="49.228141" lon="20.09582">
      <ele>1133</ele>
      <time>2026-05-07T21:53:39Z</time>
    </trkpt>
    <trkpt lat="49.22837" lon="20.095706">
      <ele>1131</ele>
      <time>2026-05-07T21:54:02Z</time>
    </trkpt>
    <trkpt lat="49.228575" lon="20.09562">
      <ele>1135</ele>
      <time>2026-05-07T21:54:22Z</time>
    </trkpt>
    <trkpt lat="49.228843" lon="20.095554">
      <ele>1130</ele>
      <time>2026-05-07T21:54:48Z</time>
    </trkpt>
    <trkpt lat="49.229131" lon="20.095483">
      <ele>1131</ele>
      <time>2026-05-07T21:55:16Z</time>
    </trkpt>
    <trkpt lat="49.229298" lon="20.095506">
      <ele>1127</ele>
      <time>2026-05-07T21:55:32Z</time>
    </trkpt>
    <trkpt lat="49.229462" lon="20.095502">
      <ele>1125</ele>
      <time>2026-05-07T21:55:48Z</time>
    </trkpt>
    <trkpt lat="49.229676" lon="20.095406">
      <ele>1118</ele>
      <time>2026-05-07T21:56:10Z</time>
    </trkpt>
    <trkpt lat="49.229837" lon="20.095333">
      <ele>1114</ele>
      <time>2026-05-07T21:56:26Z</time>
    </trkpt>
    <trkpt lat="49.229973" lon="20.095246">
      <ele>1113</ele>
      <time>2026-05-07T21:56:40Z</time>
    </trkpt>
    <trkpt lat="49.23024" lon="20.095011">
      <ele>1118</ele>
      <time>2026-05-07T21:57:10Z</time>
    </trkpt>
    <trkpt lat="49.23057" lon="20.094667">
      <ele>1132</ele>
      <time>2026-05-07T21:57:50Z</time>
    </trkpt>
    <trkpt lat="49.230755" lon="20.094536">
      <ele>1129</ele>
      <time>2026-05-07T21:58:10Z</time>
    </trkpt>
    <trkpt lat="49.230997" lon="20.094399">
      <ele>1122</ele>
      <time>2026-05-07T21:58:35Z</time>
    </trkpt>
    <trkpt lat="49.231177" lon="20.094279">
      <ele>1120</ele>
      <time>2026-05-07T21:58:54Z</time>
    </trkpt>
    <trkpt lat="49.231489" lon="20.093884">
      <ele>1130</ele>
      <time>2026-05-07T21:59:33Z</time>
    </trkpt>
    <trkpt lat="49.231664" lon="20.093709">
      <ele>1129</ele>
      <time>2026-05-07T21:59:53Z</time>
    </trkpt>
    <trkpt lat="49.231754" lon="20.093642">
      <ele>1127</ele>
      <time>2026-05-07T22:00:03Z</time>
    </trkpt>
    <trkpt lat="49.231838" lon="20.093598">
      <ele>1125</ele>
      <time>2026-05-07T22:00:11Z</time>
    </trkpt>
    <trkpt lat="49.231948" lon="20.093564">
      <ele>1121</ele>
      <time>2026-05-07T22:00:22Z</time>
    </trkpt>
    <trkpt lat="49.232199" lon="20.09349">
      <ele>1115</ele>
      <time>2026-05-07T22:00:47Z</time>
    </trkpt>
    <trkpt lat="49.232349" lon="20.093423">
      <ele>1113</ele>
      <time>2026-05-07T22:01:02Z</time>
    </trkpt>
    <trkpt lat="49.23249" lon="20.093331">
      <ele>1112</ele>
      <time>2026-05-07T22:01:17Z</time>
    </trkpt>
    <trkpt lat="49.232634" lon="20.093205">
      <ele>1113</ele>
      <time>2026-05-07T22:01:33Z</time>
    </trkpt>
    <trkpt lat="49.232778" lon="20.093055">
      <ele>1113</ele>
      <time>2026-05-07T22:01:49Z</time>
    </trkpt>
    <trkpt lat="49.232931" lon="20.092838">
      <ele>1114</ele>
      <time>2026-05-07T22:02:09Z</time>
    </trkpt>
    <trkpt lat="49.233057" lon="20.092573">
      <ele>1116</ele>
      <time>2026-05-07T22:02:30Z</time>
    </trkpt>
    <trkpt lat="49.233198" lon="20.092283">
      <ele>1116</ele>
      <time>2026-05-07T22:02:52Z</time>
    </trkpt>
    <trkpt lat="49.233351" lon="20.091997">
      <ele>1117</ele>
      <time>2026-05-07T22:03:15Z</time>
    </trkpt>
    <trkpt lat="49.23351" lon="20.091758">
      <ele>1118</ele>
      <time>2026-05-07T22:03:36Z</time>
    </trkpt>
    <trkpt lat="49.233615" lon="20.091534">
      <ele>1119</ele>
      <time>2026-05-07T22:03:53Z</time>
    </trkpt>
    <trkpt lat="49.233658" lon="20.09131">
      <ele>1121</ele>
      <time>2026-05-07T22:04:08Z</time>
    </trkpt>
    <trkpt lat="49.233674" lon="20.090954">
      <ele>1122</ele>
      <time>2026-05-07T22:04:30Z</time>
    </trkpt>
    <trkpt lat="49.23369" lon="20.090441">
      <ele>1119</ele>
      <time>2026-05-07T22:05:02Z</time>
    </trkpt>
    <trkpt lat="49.233681" lon="20.090078">
      <ele>1114</ele>
      <time>2026-05-07T22:05:25Z</time>
    </trkpt>
    <trkpt lat="49.233659" lon="20.08979">
      <ele>1112</ele>
      <time>2026-05-07T22:05:43Z</time>
    </trkpt>
    <trkpt lat="49.233631" lon="20.089447">
      <ele>1109</ele>
      <time>2026-05-07T22:06:05Z</time>
    </trkpt>
    <trkpt lat="49.23362" lon="20.089231">
      <ele>1110</ele>
      <time>2026-05-07T22:06:18Z</time>
    </trkpt>
    <trkpt lat="49.233625" lon="20.089056">
      <ele>1109</ele>
      <time>2026-05-07T22:06:29Z</time>
    </trkpt>
    <trkpt lat="49.233653" lon="20.08891">
      <ele>1106</ele>
      <time>2026-05-07T22:06:39Z</time>
    </trkpt>
    <trkpt lat="49.233695" lon="20.088742">
      <ele>1103</ele>
      <time>2026-05-07T22:06:50Z</time>
    </trkpt>
    <trkpt lat="49.233762" lon="20.0885">
      <ele>1100</ele>
      <time>2026-05-07T22:07:07Z</time>
    </trkpt>
    <trkpt lat="49.233972" lon="20.08779">
      <ele>1100</ele>
      <time>2026-05-07T22:08:07Z</time>
    </trkpt>
    <trkpt lat="49.234019" lon="20.087622">
      <ele>1102</ele>
      <time>2026-05-07T22:08:20Z</time>
    </trkpt>
    <trkpt lat="49.234052" lon="20.08754">
      <ele>1103</ele>
      <time>2026-05-07T22:08:27Z</time>
    </trkpt>
    <trkpt lat="49.234099" lon="20.087448">
      <ele>1104</ele>
      <time>2026-05-07T22:08:35Z</time>
    </trkpt>
    <trkpt lat="49.23416" lon="20.087382">
      <ele>1104</ele>
      <time>2026-05-07T22:08:43Z</time>
    </trkpt>
    <trkpt lat="49.234321" lon="20.087283">
      <ele>1109</ele>
      <time>2026-05-07T22:09:02Z</time>
    </trkpt>
    <trkpt lat="49.234356" lon="20.087267">
      <ele>1110</ele>
      <time>2026-05-07T22:09:06Z</time>
    </trkpt>
    <trkpt lat="49.234384" lon="20.087259">
      <ele>1111</ele>
      <time>2026-05-07T22:09:09Z</time>
    </trkpt>
    <trkpt lat="49.234413" lon="20.087259">
      <ele>1111</ele>
      <time>2026-05-07T22:09:13Z</time>
    </trkpt>
    <trkpt lat="49.234442" lon="20.087269">
      <ele>1111</ele>
      <time>2026-05-07T22:09:16Z</time>
    </trkpt>
    <trkpt lat="49.234471" lon="20.087291">
      <ele>1111</ele>
      <time>2026-05-07T22:09:19Z</time>
    </trkpt>
    <trkpt lat="49.234497" lon="20.087329">
      <ele>1111</ele>
      <time>2026-05-07T22:09:23Z</time>
    </trkpt>
    <trkpt lat="49.234522" lon="20.087372">
      <ele>1111</ele>
      <time>2026-05-07T22:09:27Z</time>
    </trkpt>
    <trkpt lat="49.234545" lon="20.087439">
      <ele>1111</ele>
      <time>2026-05-07T22:09:32Z</time>
    </trkpt>
    <trkpt lat="49.234602" lon="20.087598">
      <ele>1110</ele>
      <time>2026-05-07T22:09:45Z</time>
    </trkpt>
    <trkpt lat="49.234636" lon="20.087711">
      <ele>1109</ele>
      <time>2026-05-07T22:09:54Z</time>
    </trkpt>
    <trkpt lat="49.234668" lon="20.08782">
      <ele>1108</ele>
      <time>2026-05-07T22:10:02Z</time>
    </trkpt>
    <trkpt lat="49.234756" lon="20.088134">
      <ele>1107</ele>
      <time>2026-05-07T22:10:26Z</time>
    </trkpt>
    <trkpt lat="49.234841" lon="20.088434">
      <ele>1107</ele>
      <time>2026-05-07T22:10:49Z</time>
    </trkpt>
    <trkpt lat="49.234886" lon="20.088582">
      <ele>1107</ele>
      <time>2026-05-07T22:11:01Z</time>
    </trkpt>
    <trkpt lat="49.234929" lon="20.088703">
      <ele>1106</ele>
      <time>2026-05-07T22:11:10Z</time>
    </trkpt>
    <trkpt lat="49.234962" lon="20.088791">
      <ele>1104</ele>
      <time>2026-05-07T22:11:17Z</time>
    </trkpt>
    <trkpt lat="49.235029" lon="20.088946">
      <ele>1102</ele>
      <time>2026-05-07T22:11:31Z</time>
    </trkpt>
    <trkpt lat="49.235073" lon="20.089052">
      <ele>1101</ele>
      <time>2026-05-07T22:11:39Z</time>
    </trkpt>
    <trkpt lat="49.235108" lon="20.089121">
      <ele>1101</ele>
      <time>2026-05-07T22:11:46Z</time>
    </trkpt>
    <trkpt lat="49.235207" lon="20.089285">
      <ele>1101</ele>
      <time>2026-05-07T22:12:01Z</time>
    </trkpt>
    <trkpt lat="49.235332" lon="20.089475">
      <ele>1102</ele>
      <time>2026-05-07T22:12:20Z</time>
    </trkpt>
    <trkpt lat="49.235401" lon="20.089571">
      <ele>1103</ele>
      <time>2026-05-07T22:12:30Z</time>
    </trkpt>
    <trkpt lat="49.235444" lon="20.089623">
      <ele>1104</ele>
      <time>2026-05-07T22:12:36Z</time>
    </trkpt>
    <trkpt lat="49.235481" lon="20.08966">
      <ele>1105</ele>
      <time>2026-05-07T22:12:41Z</time>
    </trkpt>
    <trkpt lat="49.235524" lon="20.089698">
      <ele>1105</ele>
      <time>2026-05-07T22:12:46Z</time>
    </trkpt>
    <trkpt lat="49.235593" lon="20.089745">
      <ele>1106</ele>
      <time>2026-05-07T22:12:54Z</time>
    </trkpt>
    <trkpt lat="49.235653" lon="20.08978">
      <ele>1106</ele>
      <time>2026-05-07T22:13:01Z</time>
    </trkpt>
    <trkpt lat="49.235717" lon="20.089812">
      <ele>1106</ele>
      <time>2026-05-07T22:13:08Z</time>
    </trkpt>
    <trkpt lat="49.235794" lon="20.089845">
      <ele>1106</ele>
      <time>2026-05-07T22:13:17Z</time>
    </trkpt>
    <trkpt lat="49.235927" lon="20.089905">
      <ele>1106</ele>
      <time>2026-05-07T22:13:32Z</time>
    </trkpt>
    <trkpt lat="49.23601" lon="20.089944">
      <ele>1105</ele>
      <time>2026-05-07T22:13:41Z</time>
    </trkpt>
    <trkpt lat="49.23608" lon="20.089979">
      <ele>1105</ele>
      <time>2026-05-07T22:13:49Z</time>
    </trkpt>
    <trkpt lat="49.236131" lon="20.090007">
      <ele>1105</ele>
      <time>2026-05-07T22:13:55Z</time>
    </trkpt>
    <trkpt lat="49.236167" lon="20.090029">
      <ele>1105</ele>
      <time>2026-05-07T22:13:59Z</time>
    </trkpt>
    <trkpt lat="49.236209" lon="20.090059">
      <ele>1105</ele>
      <time>2026-05-07T22:14:04Z</time>
    </trkpt>
    <trkpt lat="49.236244" lon="20.090091">
      <ele>1105</ele>
      <time>2026-05-07T22:14:08Z</time>
    </trkpt>
    <trkpt lat="49.236282" lon="20.090131">
      <ele>1105</ele>
      <time>2026-05-07T22:14:13Z</time>
    </trkpt>
    <trkpt lat="49.236327" lon="20.090186">
      <ele>1104</ele>
      <time>2026-05-07T22:14:20Z</time>
    </trkpt>
    <trkpt lat="49.23637" lon="20.090244">
      <ele>1103</ele>
      <time>2026-05-07T22:14:26Z</time>
    </trkpt>
    <trkpt lat="49.236441" lon="20.090353">
      <ele>1102</ele>
      <time>2026-05-07T22:14:37Z</time>
    </trkpt>
    <trkpt lat="49.23658" lon="20.090577">
      <ele>1101</ele>
      <time>2026-05-07T22:14:58Z</time>
    </trkpt>
    <trkpt lat="49.236639" lon="20.090665">
      <ele>1100</ele>
      <time>2026-05-07T22:15:07Z</time>
    </trkpt>
    <trkpt lat="49.236709" lon="20.09076">
      <ele>1100</ele>
      <time>2026-05-07T22:15:17Z</time>
    </trkpt>
    <trkpt lat="49.236762" lon="20.09083">
      <ele>1100</ele>
      <time>2026-05-07T22:15:25Z</time>
    </trkpt>
    <trkpt lat="49.236819" lon="20.090897">
      <ele>1099</ele>
      <time>2026-05-07T22:15:32Z</time>
    </trkpt>
    <trkpt lat="49.236965" lon="20.091049">
      <ele>1098</ele>
      <time>2026-05-07T22:15:51Z</time>
    </trkpt>
    <trkpt lat="49.237117" lon="20.0912">
      <ele>1098</ele>
      <time>2026-05-07T22:16:11Z</time>
    </trkpt>
    <trkpt lat="49.237322" lon="20.091419">
      <ele>1096</ele>
      <time>2026-05-07T22:16:38Z</time>
    </trkpt>
    <trkpt lat="49.23745" lon="20.091549">
      <ele>1096</ele>
      <time>2026-05-07T22:16:54Z</time>
    </trkpt>
    <trkpt lat="49.237528" lon="20.091625">
      <ele>1096</ele>
      <time>2026-05-07T22:17:04Z</time>
    </trkpt>
    <trkpt lat="49.237601" lon="20.09169">
      <ele>1095</ele>
      <time>2026-05-07T22:17:13Z</time>
    </trkpt>
    <trkpt lat="49.237665" lon="20.091744">
      <ele>1095</ele>
      <time>2026-05-07T22:17:21Z</time>
    </trkpt>
    <trkpt lat="49.237733" lon="20.091795">
      <ele>1094</ele>
      <time>2026-05-07T22:17:29Z</time>
    </trkpt>
    <trkpt lat="49.237822" lon="20.091858">
      <ele>1093</ele>
      <time>2026-05-07T22:17:40Z</time>
    </trkpt>
    <trkpt lat="49.237937" lon="20.091938">
      <ele>1092</ele>
      <time>2026-05-07T22:17:53Z</time>
    </trkpt>
    <trkpt lat="49.238054" lon="20.092022">
      <ele>1091</ele>
      <time>2026-05-07T22:18:07Z</time>
    </trkpt>
    <trkpt lat="49.238456" lon="20.092309">
      <ele>1082</ele>
      <time>2026-05-07T22:18:48Z</time>
    </trkpt>
    <trkpt lat="49.238509" lon="20.092347">
      <ele>1082</ele>
      <time>2026-05-07T22:18:53Z</time>
    </trkpt>
    <trkpt lat="49.238571" lon="20.092383">
      <ele>1081</ele>
      <time>2026-05-07T22:18:59Z</time>
    </trkpt>
    <trkpt lat="49.23861" lon="20.092405">
      <ele>1081</ele>
      <time>2026-05-07T22:19:03Z</time>
    </trkpt>
    <trkpt lat="49.238644" lon="20.092421">
      <ele>1081</ele>
      <time>2026-05-07T22:19:06Z</time>
    </trkpt>
    <trkpt lat="49.238684" lon="20.092436">
      <ele>1081</ele>
      <time>2026-05-07T22:19:10Z</time>
    </trkpt>
    <trkpt lat="49.238725" lon="20.092447">
      <ele>1081</ele>
      <time>2026-05-07T22:19:14Z</time>
    </trkpt>
    <trkpt lat="49.238776" lon="20.092458">
      <ele>1081</ele>
      <time>2026-05-07T22:19:19Z</time>
    </trkpt>
    <trkpt lat="49.238834" lon="20.092468">
      <ele>1081</ele>
      <time>2026-05-07T22:19:24Z</time>
    </trkpt>
    <trkpt lat="49.238883" lon="20.092473">
      <ele>1081</ele>
      <time>2026-05-07T22:19:28Z</time>
    </trkpt>
    <trkpt lat="49.238922" lon="20.092476">
      <ele>1081</ele>
      <time>2026-05-07T22:19:32Z</time>
    </trkpt>
    <trkpt lat="49.238985" lon="20.092478">
      <ele>1082</ele>
      <time>2026-05-07T22:19:38Z</time>
    </trkpt>
    <trkpt lat="49.239229" lon="20.092484">
      <ele>1083</ele>
      <time>2026-05-07T22:20:00Z</time>
    </trkpt>
    <trkpt lat="49.2394" lon="20.092488">
      <ele>1084</ele>
      <time>2026-05-07T22:20:16Z</time>
    </trkpt>
    <trkpt lat="49.239525" lon="20.092497">
      <ele>1084</ele>
      <time>2026-05-07T22:20:27Z</time>
    </trkpt>
    <trkpt lat="49.239599" lon="20.092502">
      <ele>1085</ele>
      <time>2026-05-07T22:20:34Z</time>
    </trkpt>
    <trkpt lat="49.239666" lon="20.092512">
      <ele>1085</ele>
      <time>2026-05-07T22:20:40Z</time>
    </trkpt>
    <trkpt lat="49.23972" lon="20.092523">
      <ele>1085</ele>
      <time>2026-05-07T22:20:45Z</time>
    </trkpt>
    <trkpt lat="49.239785" lon="20.092538">
      <ele>1084</ele>
      <time>2026-05-07T22:20:51Z</time>
    </trkpt>
    <trkpt lat="49.239865" lon="20.092561">
      <ele>1084</ele>
      <time>2026-05-07T22:20:58Z</time>
    </trkpt>
    <trkpt lat="49.239945" lon="20.092586">
      <ele>1083</ele>
      <time>2026-05-07T22:21:06Z</time>
    </trkpt>
    <trkpt lat="49.240173" lon="20.092666">
      <ele>1080</ele>
      <time>2026-05-07T22:21:27Z</time>
    </trkpt>
    <trkpt lat="49.240247" lon="20.092693">
      <ele>1079</ele>
      <time>2026-05-07T22:21:34Z</time>
    </trkpt>
    <trkpt lat="49.240314" lon="20.092716">
      <ele>1078</ele>
      <time>2026-05-07T22:21:40Z</time>
    </trkpt>
    <trkpt lat="49.240377" lon="20.092735">
      <ele>1078</ele>
      <time>2026-05-07T22:21:46Z</time>
    </trkpt>
    <trkpt lat="49.240437" lon="20.092751">
      <ele>1077</ele>
      <time>2026-05-07T22:21:52Z</time>
    </trkpt>
    <trkpt lat="49.240481" lon="20.09276">
      <ele>1076</ele>
      <time>2026-05-07T22:21:56Z</time>
    </trkpt>
    <trkpt lat="49.240533" lon="20.092768">
      <ele>1076</ele>
      <time>2026-05-07T22:22:01Z</time>
    </trkpt>
    <trkpt lat="49.240807" lon="20.092819">
      <ele>1073</ele>
      <time>2026-05-07T22:22:26Z</time>
    </trkpt>
    <trkpt lat="49.240981" lon="20.09285">
      <ele>1073</ele>
      <time>2026-05-07T22:22:42Z</time>
    </trkpt>
    <trkpt lat="49.241048" lon="20.092864">
      <ele>1073</ele>
      <time>2026-05-07T22:22:48Z</time>
    </trkpt>
    <trkpt lat="49.241116" lon="20.092884">
      <ele>1072</ele>
      <time>2026-05-07T22:22:54Z</time>
    </trkpt>
    <trkpt lat="49.24119" lon="20.092908">
      <ele>1072</ele>
      <time>2026-05-07T22:23:01Z</time>
    </trkpt>
    <trkpt lat="49.241256" lon="20.092939">
      <ele>1071</ele>
      <time>2026-05-07T22:23:08Z</time>
    </trkpt>
    <trkpt lat="49.241339" lon="20.092976">
      <ele>1071</ele>
      <time>2026-05-07T22:23:16Z</time>
    </trkpt>
    <trkpt lat="49.24163" lon="20.093099">
      <ele>1067</ele>
      <time>2026-05-07T22:23:43Z</time>
    </trkpt>
    <trkpt lat="49.242084" lon="20.093292">
      <ele>1065</ele>
      <time>2026-05-07T22:24:26Z</time>
    </trkpt>
    <trkpt lat="49.242313" lon="20.093387">
      <ele>1066</ele>
      <time>2026-05-07T22:24:48Z</time>
    </trkpt>
    <trkpt lat="49.242465" lon="20.09345">
      <ele>1066</ele>
      <time>2026-05-07T22:25:02Z</time>
    </trkpt>
    <trkpt lat="49.242595" lon="20.093485">
      <ele>1065</ele>
      <time>2026-05-07T22:25:14Z</time>
    </trkpt>
    <trkpt lat="49.242934" lon="20.093569">
      <ele>1063</ele>
      <time>2026-05-07T22:25:46Z</time>
    </trkpt>
    <trkpt lat="49.243464" lon="20.093675">
      <ele>1058</ele>
      <time>2026-05-07T22:26:34Z</time>
    </trkpt>
    <trkpt lat="49.243984" lon="20.093753">
      <ele>1055</ele>
      <time>2026-05-07T22:27:22Z</time>
    </trkpt>
    <trkpt lat="49.244063" lon="20.093763">
      <ele>1056</ele>
      <time>2026-05-07T22:27:29Z</time>
    </trkpt>
    <trkpt lat="49.244127" lon="20.093773">
      <ele>1056</ele>
      <time>2026-05-07T22:27:35Z</time>
    </trkpt>
    <trkpt lat="49.244196" lon="20.093787">
      <ele>1056</ele>
      <time>2026-05-07T22:27:42Z</time>
    </trkpt>
    <trkpt lat="49.244263" lon="20.093808">
      <ele>1056</ele>
      <time>2026-05-07T22:27:48Z</time>
    </trkpt>
    <trkpt lat="49.244321" lon="20.093829">
      <ele>1056</ele>
      <time>2026-05-07T22:27:53Z</time>
    </trkpt>
    <trkpt lat="49.244443" lon="20.09388">
      <ele>1055</ele>
      <time>2026-05-07T22:28:05Z</time>
    </trkpt>
    <trkpt lat="49.244694" lon="20.093973">
      <ele>1053</ele>
      <time>2026-05-07T22:28:28Z</time>
    </trkpt>
    <trkpt lat="49.244961" lon="20.094072">
      <ele>1051</ele>
      <time>2026-05-07T22:28:53Z</time>
    </trkpt>
    <trkpt lat="49.245234" lon="20.094173">
      <ele>1049</ele>
      <time>2026-05-07T22:29:19Z</time>
    </trkpt>
    <trkpt lat="49.245374" lon="20.094223">
      <ele>1048</ele>
      <time>2026-05-07T22:29:32Z</time>
    </trkpt>
    <trkpt lat="49.245545" lon="20.094284">
      <ele>1046</ele>
      <time>2026-05-07T22:29:48Z</time>
    </trkpt>
    <trkpt lat="49.245628" lon="20.094314">
      <ele>1046</ele>
      <time>2026-05-07T22:29:56Z</time>
    </trkpt>
    <trkpt lat="49.245685" lon="20.094333">
      <ele>1046</ele>
      <time>2026-05-07T22:30:01Z</time>
    </trkpt>
    <trkpt lat="49.245728" lon="20.094349">
      <ele>1046</ele>
      <time>2026-05-07T22:30:05Z</time>
    </trkpt>
    <trkpt lat="49.245766" lon="20.094365">
      <ele>1046</ele>
      <time>2026-05-07T22:30:09Z</time>
    </trkpt>
    <trkpt lat="49.245814" lon="20.094388">
      <ele>1046</ele>
      <time>2026-05-07T22:30:13Z</time>
    </trkpt>
    <trkpt lat="49.245866" lon="20.094419">
      <ele>1045</ele>
      <time>2026-05-07T22:30:19Z</time>
    </trkpt>
    <trkpt lat="49.245921" lon="20.094459">
      <ele>1045</ele>
      <time>2026-05-07T22:30:24Z</time>
    </trkpt>
    <trkpt lat="49.245993" lon="20.094517">
      <ele>1044</ele>
      <time>2026-05-07T22:30:32Z</time>
    </trkpt>
    <trkpt lat="49.246164" lon="20.094659">
      <ele>1042</ele>
      <time>2026-05-07T22:30:49Z</time>
    </trkpt>
    <trkpt lat="49.246359" lon="20.094823">
      <ele>1040</ele>
      <time>2026-05-07T22:31:10Z</time>
    </trkpt>
    <trkpt lat="49.246432" lon="20.094877">
      <ele>1039</ele>
      <time>2026-05-07T22:31:17Z</time>
    </trkpt>
    <trkpt lat="49.246477" lon="20.094904">
      <ele>1039</ele>
      <time>2026-05-07T22:31:22Z</time>
    </trkpt>
    <trkpt lat="49.246525" lon="20.094925">
      <ele>1038</ele>
      <time>2026-05-07T22:31:26Z</time>
    </trkpt>
    <trkpt lat="49.24656" lon="20.094936">
      <ele>1038</ele>
      <time>2026-05-07T22:31:29Z</time>
    </trkpt>
    <trkpt lat="49.246602" lon="20.094944">
      <ele>1038</ele>
      <time>2026-05-07T22:31:33Z</time>
    </trkpt>
    <trkpt lat="49.246645" lon="20.094949">
      <ele>1038</ele>
      <time>2026-05-07T22:31:37Z</time>
    </trkpt>
    <trkpt lat="49.246708" lon="20.094947">
      <ele>1037</ele>
      <time>2026-05-07T22:31:43Z</time>
    </trkpt>
    <trkpt lat="49.24684" lon="20.094933">
      <ele>1037</ele>
      <time>2026-05-07T22:31:55Z</time>
    </trkpt>
    <trkpt lat="49.246977" lon="20.09491">
      <ele>1038</ele>
      <time>2026-05-07T22:32:08Z</time>
    </trkpt>
    <trkpt lat="49.247187" lon="20.094882">
      <ele>1038</ele>
      <time>2026-05-07T22:32:27Z</time>
    </trkpt>
    <trkpt lat="49.247252" lon="20.094876">
      <ele>1038</ele>
      <time>2026-05-07T22:32:33Z</time>
    </trkpt>
    <trkpt lat="49.247308" lon="20.094877">
      <ele>1038</ele>
      <time>2026-05-07T22:32:38Z</time>
    </trkpt>
    <trkpt lat="49.247355" lon="20.094888">
      <ele>1037</ele>
      <time>2026-05-07T22:32:42Z</time>
    </trkpt>
    <trkpt lat="49.24741" lon="20.094904">
      <ele>1036</ele>
      <time>2026-05-07T22:32:47Z</time>
    </trkpt>
    <trkpt lat="49.247455" lon="20.094922">
      <ele>1036</ele>
      <time>2026-05-07T22:32:52Z</time>
    </trkpt>
    <trkpt lat="49.247631" lon="20.094984">
      <ele>1033</ele>
      <time>2026-05-07T22:33:08Z</time>
    </trkpt>
    <trkpt lat="49.247774" lon="20.095033">
      <ele>1030</ele>
      <time>2026-05-07T22:33:22Z</time>
    </trkpt>
    <trkpt lat="49.247826" lon="20.095051">
      <ele>1030</ele>
      <time>2026-05-07T22:33:27Z</time>
    </trkpt>
    <trkpt lat="49.247882" lon="20.095068">
      <ele>1030</ele>
      <time>2026-05-07T22:33:32Z</time>
    </trkpt>
    <trkpt lat="49.248074" lon="20.095112">
      <ele>1029</ele>
      <time>2026-05-07T22:33:49Z</time>
    </trkpt>
    <trkpt lat="49.248456" lon="20.095186">
      <ele>1025</ele>
      <time>2026-05-07T22:34:25Z</time>
    </trkpt>
    <trkpt lat="49.248662" lon="20.095225">
      <ele>1024</ele>
      <time>2026-05-07T22:34:44Z</time>
    </trkpt>
    <trkpt lat="49.248725" lon="20.095239">
      <ele>1023</ele>
      <time>2026-05-07T22:34:49Z</time>
    </trkpt>
    <trkpt lat="49.248777" lon="20.095257">
      <ele>1023</ele>
      <time>2026-05-07T22:34:54Z</time>
    </trkpt>
    <trkpt lat="49.248883" lon="20.095292">
      <ele>1022</ele>
      <time>2026-05-07T22:35:04Z</time>
    </trkpt>
    <trkpt lat="49.249002" lon="20.095337">
      <ele>1022</ele>
      <time>2026-05-07T22:35:15Z</time>
    </trkpt>
    <trkpt lat="49.249121" lon="20.095381">
      <ele>1022</ele>
      <time>2026-05-07T22:35:26Z</time>
    </trkpt>
    <trkpt lat="49.249315" lon="20.09545">
      <ele>1022</ele>
      <time>2026-05-07T22:35:45Z</time>
    </trkpt>
    <trkpt lat="49.24945" lon="20.095491">
      <ele>1022</ele>
      <time>2026-05-07T22:35:57Z</time>
    </trkpt>
    <trkpt lat="49.249509" lon="20.095514">
      <ele>1022</ele>
      <time>2026-05-07T22:36:03Z</time>
    </trkpt>
    <trkpt lat="49.24957" lon="20.095539">
      <ele>1022</ele>
      <time>2026-05-07T22:36:08Z</time>
    </trkpt>
    <trkpt lat="49.249613" lon="20.095564">
      <ele>1021</ele>
      <time>2026-05-07T22:36:13Z</time>
    </trkpt>
    <trkpt lat="49.249655" lon="20.095592">
      <ele>1021</ele>
      <time>2026-05-07T22:36:17Z</time>
    </trkpt>
    <trkpt lat="49.249695" lon="20.095626">
      <ele>1021</ele>
      <time>2026-05-07T22:36:21Z</time>
    </trkpt>
    <trkpt lat="49.249762" lon="20.095682">
      <ele>1020</ele>
      <time>2026-05-07T22:36:28Z</time>
    </trkpt>
    <trkpt lat="49.249889" lon="20.095797">
      <ele>1019</ele>
      <time>2026-05-07T22:36:41Z</time>
    </trkpt>
    <trkpt lat="49.249957" lon="20.095855">
      <ele>1018</ele>
      <time>2026-05-07T22:36:49Z</time>
    </trkpt>
    <trkpt lat="49.249998" lon="20.095888">
      <ele>1019</ele>
      <time>2026-05-07T22:36:53Z</time>
    </trkpt>
    <trkpt lat="49.250032" lon="20.095912">
      <ele>1019</ele>
      <time>2026-05-07T22:36:56Z</time>
    </trkpt>
    <trkpt lat="49.250088" lon="20.095949">
      <ele>1020</ele>
      <time>2026-05-07T22:37:02Z</time>
    </trkpt>
    <trkpt lat="49.250149" lon="20.095978">
      <ele>1021</ele>
      <time>2026-05-07T22:37:08Z</time>
    </trkpt>
    <trkpt lat="49.250218" lon="20.096011">
      <ele>1022</ele>
      <time>2026-05-07T22:37:14Z</time>
    </trkpt>
    <trkpt lat="49.250411" lon="20.096094">
      <ele>1022</ele>
      <time>2026-05-07T22:37:33Z</time>
    </trkpt>
    <trkpt lat="49.250476" lon="20.096124">
      <ele>1022</ele>
      <time>2026-05-07T22:37:39Z</time>
    </trkpt>
    <trkpt lat="49.250517" lon="20.096145">
      <ele>1022</ele>
      <time>2026-05-07T22:37:43Z</time>
    </trkpt>
    <trkpt lat="49.250543" lon="20.096163">
      <ele>1021</ele>
      <time>2026-05-07T22:37:45Z</time>
    </trkpt>
    <trkpt lat="49.250584" lon="20.096201">
      <ele>1021</ele>
      <time>2026-05-07T22:37:50Z</time>
    </trkpt>
    <trkpt lat="49.250615" lon="20.096238">
      <ele>1021</ele>
      <time>2026-05-07T22:37:53Z</time>
    </trkpt>
    <trkpt lat="49.250652" lon="20.096283">
      <ele>1020</ele>
      <time>2026-05-07T22:37:58Z</time>
    </trkpt>
    <trkpt lat="49.250682" lon="20.096332">
      <ele>1020</ele>
      <time>2026-05-07T22:38:02Z</time>
    </trkpt>
    <trkpt lat="49.250712" lon="20.096385">
      <ele>1019</ele>
      <time>2026-05-07T22:38:06Z</time>
    </trkpt>
    <trkpt lat="49.250743" lon="20.096458">
      <ele>1018</ele>
      <time>2026-05-07T22:38:11Z</time>
    </trkpt>
    <trkpt lat="49.250769" lon="20.096538">
      <ele>1018</ele>
      <time>2026-05-07T22:38:16Z</time>
    </trkpt>
    <trkpt lat="49.250789" lon="20.09661">
      <ele>1017</ele>
      <time>2026-05-07T22:38:21Z</time>
    </trkpt>
    <trkpt lat="49.250798" lon="20.096689">
      <ele>1016</ele>
      <time>2026-05-07T22:38:26Z</time>
    </trkpt>
    <trkpt lat="49.250802" lon="20.096757">
      <ele>1016</ele>
      <time>2026-05-07T22:38:30Z</time>
    </trkpt>
    <trkpt lat="49.250802" lon="20.096819">
      <ele>1015</ele>
      <time>2026-05-07T22:38:34Z</time>
    </trkpt>
    <trkpt lat="49.250798" lon="20.096892">
      <ele>1015</ele>
      <time>2026-05-07T22:38:38Z</time>
    </trkpt>
    <trkpt lat="49.250787" lon="20.096963">
      <ele>1015</ele>
      <time>2026-05-07T22:38:42Z</time>
    </trkpt>
    <trkpt lat="49.250764" lon="20.09705">
      <ele>1015</ele>
      <time>2026-05-07T22:38:48Z</time>
    </trkpt>
    <trkpt lat="49.250724" lon="20.097192">
      <ele>1015</ele>
      <time>2026-05-07T22:38:57Z</time>
    </trkpt>
    <trkpt lat="49.250612" lon="20.097535">
      <ele>1015</ele>
      <time>2026-05-07T22:39:20Z</time>
    </trkpt>
    <trkpt lat="49.25059" lon="20.097618">
      <ele>1015</ele>
      <time>2026-05-07T22:39:25Z</time>
    </trkpt>
    <trkpt lat="49.250573" lon="20.097691">
      <ele>1015</ele>
      <time>2026-05-07T22:39:30Z</time>
    </trkpt>
    <trkpt lat="49.250557" lon="20.097761">
      <ele>1015</ele>
      <time>2026-05-07T22:39:34Z</time>
    </trkpt>
    <trkpt lat="49.250547" lon="20.097829">
      <ele>1014</ele>
      <time>2026-05-07T22:39:38Z</time>
    </trkpt>
    <trkpt lat="49.25054" lon="20.0979">
      <ele>1014</ele>
      <time>2026-05-07T22:39:43Z</time>
    </trkpt>
    <trkpt lat="49.250537" lon="20.097959">
      <ele>1014</ele>
      <time>2026-05-07T22:39:46Z</time>
    </trkpt>
    <trkpt lat="49.250539" lon="20.098028">
      <ele>1014</ele>
      <time>2026-05-07T22:39:50Z</time>
    </trkpt>
    <trkpt lat="49.250545" lon="20.098145">
      <ele>1013</ele>
      <time>2026-05-07T22:39:57Z</time>
    </trkpt>
    <trkpt lat="49.250563" lon="20.098349">
      <ele>1012</ele>
      <time>2026-05-07T22:40:10Z</time>
    </trkpt>
    <trkpt lat="49.250612" lon="20.098801">
      <ele>1007</ele>
      <time>2026-05-07T22:40:37Z</time>
    </trkpt>
    <trkpt lat="49.25066" lon="20.099216">
      <ele>1003</ele>
      <time>2026-05-07T22:41:02Z</time>
    </trkpt>
    <trkpt lat="49.250677" lon="20.099318">
      <ele>1002</ele>
      <time>2026-05-07T22:41:09Z</time>
    </trkpt>
    <trkpt lat="49.250692" lon="20.099391">
      <ele>1001</ele>
      <time>2026-05-07T22:41:13Z</time>
    </trkpt>
    <trkpt lat="49.250709" lon="20.099451">
      <ele>1000</ele>
      <time>2026-05-07T22:41:17Z</time>
    </trkpt>
    <trkpt lat="49.25074" lon="20.09953">
      <ele>1000</ele>
      <time>2026-05-07T22:41:23Z</time>
    </trkpt>
    <trkpt lat="49.250772" lon="20.099595">
      <ele>999</ele>
      <time>2026-05-07T22:41:28Z</time>
    </trkpt>
    <trkpt lat="49.250812" lon="20.09965">
      <ele>999</ele>
      <time>2026-05-07T22:41:33Z</time>
    </trkpt>
    <trkpt lat="49.25086" lon="20.099708">
      <ele>998</ele>
      <time>2026-05-07T22:41:38Z</time>
    </trkpt>
    <trkpt lat="49.25093" lon="20.099766">
      <ele>999</ele>
      <time>2026-05-07T22:41:45Z</time>
    </trkpt>
    <trkpt lat="49.251002" lon="20.099828">
      <ele>999</ele>
      <time>2026-05-07T22:41:53Z</time>
    </trkpt>
    <trkpt lat="49.251179" lon="20.099996">
      <ele>1000</ele>
      <time>2026-05-07T22:42:12Z</time>
    </trkpt>
    <trkpt lat="49.252391" lon="20.101074">
      <ele>1001</ele>
      <time>2026-05-07T22:44:20Z</time>
    </trkpt>
    <trkpt lat="49.252717" lon="20.101358">
      <ele>998</ele>
      <time>2026-05-07T22:44:54Z</time>
    </trkpt>
    <trkpt lat="49.253161" lon="20.101749">
      <ele>993</ele>
      <time>2026-05-07T22:45:41Z</time>
    </trkpt>
    <trkpt lat="49.253433" lon="20.101983">
      <ele>993</ele>
      <time>2026-05-07T22:46:09Z</time>
    </trkpt>
    <trkpt lat="49.253638" lon="20.102167">
      <ele>994</ele>
      <time>2026-05-07T22:46:31Z</time>
    </trkpt>
    <trkpt lat="49.253905" lon="20.102398">
      <ele>994</ele>
      <time>2026-05-07T22:46:59Z</time>
    </trkpt>
    <trkpt lat="49.254005" lon="20.102482">
      <ele>993</ele>
      <time>2026-05-07T22:47:09Z</time>
    </trkpt>
    <trkpt lat="49.254066" lon="20.102538">
      <ele>993</ele>
      <time>2026-05-07T22:47:16Z</time>
    </trkpt>
    <trkpt lat="49.254164" lon="20.10262">
      <ele>992</ele>
      <time>2026-05-07T22:47:26Z</time>
    </trkpt>
    <trkpt lat="49.254544" lon="20.102976">
      <ele>984</ele>
      <time>2026-05-07T22:48:07Z</time>
    </trkpt>
  </trkseg>
</trk>
</gpx>