<?xml version="1.0" encoding="UTF-8"?><gpx creator="https://mapa-turystyczna.pl" xmlns="http://www.topografix.com/GPX/1/1" version="1.1" xmlns:xsi="http://www.w3.org/2001/XMLSchema-instance" xsi:schemaLocation="http://www.topografix.com/GPX/1/1 http://www.topografix.com/GPX/1/1/gpx.xsd">
  <metadata>
    <link href="https://mapa-turystyczna.pl">
      <text>mapa-turystyczna.pl</text>
    </link>
    <time>2026-05-07T08:43:07Z</time>
    <bounds maxlat="49.179432" maxlon="20.089615" minlat="49.154219" minlon="20.070845"/>
  </metadata>

<trk>
  <name>Horský hotel Popradské pleso – Horský hotel Popradské pleso</name>
  <link href="https://mapa-turystyczna.pl/route/a3ec">
    <text>Horský hotel Popradské pleso – Horský hotel Popradské pleso</text>
  </link>
  <trkseg>
    <trkpt lat="49.154777" lon="20.079517">
      <ele>1500</ele>
      <time>2026-05-07T08:43:07Z</time>
    </trkpt>
    <trkpt lat="49.154801" lon="20.079492">
      <ele>1502</ele>
      <time>2026-05-07T08:43:13Z</time>
    </trkpt>
    <trkpt lat="49.15486" lon="20.079448">
      <ele>1505</ele>
      <time>2026-05-07T08:43:27Z</time>
    </trkpt>
    <trkpt lat="49.154871" lon="20.079439">
      <ele>1506</ele>
      <time>2026-05-07T08:43:30Z</time>
    </trkpt>
    <trkpt lat="49.154877" lon="20.079249">
      <ele>1512</ele>
      <time>2026-05-07T08:43:56Z</time>
    </trkpt>
    <trkpt lat="49.154852" lon="20.079076">
      <ele>1518</ele>
      <time>2026-05-07T08:44:20Z</time>
    </trkpt>
    <trkpt lat="49.154771" lon="20.078738">
      <ele>1526</ele>
      <time>2026-05-07T08:45:07Z</time>
    </trkpt>
    <trkpt lat="49.154615" lon="20.078387">
      <ele>1518</ele>
      <time>2026-05-07T08:46:01Z</time>
    </trkpt>
    <trkpt lat="49.154293" lon="20.077869">
      <ele>1503</ele>
      <time>2026-05-07T08:47:34Z</time>
    </trkpt>
    <trkpt lat="49.154219" lon="20.077634">
      <ele>1500</ele>
      <time>2026-05-07T08:48:07Z</time>
    </trkpt>
    <trkpt lat="49.154301" lon="20.077547">
      <ele>1506</ele>
      <time>2026-05-07T08:48:29Z</time>
    </trkpt>
    <trkpt lat="49.154335" lon="20.077405">
      <ele>1509</ele>
      <time>2026-05-07T08:48:50Z</time>
    </trkpt>
    <trkpt lat="49.154403" lon="20.077287">
      <ele>1513</ele>
      <time>2026-05-07T08:49:11Z</time>
    </trkpt>
    <trkpt lat="49.154575" lon="20.077157">
      <ele>1520</ele>
      <time>2026-05-07T08:49:51Z</time>
    </trkpt>
    <trkpt lat="49.154762" lon="20.077026">
      <ele>1527</ele>
      <time>2026-05-07T08:50:33Z</time>
    </trkpt>
    <trkpt lat="49.15491" lon="20.076971">
      <ele>1533</ele>
      <time>2026-05-07T08:51:05Z</time>
    </trkpt>
    <trkpt lat="49.155077" lon="20.076925">
      <ele>1539</ele>
      <time>2026-05-07T08:51:40Z</time>
    </trkpt>
    <trkpt lat="49.155185" lon="20.076882">
      <ele>1540</ele>
      <time>2026-05-07T08:52:02Z</time>
    </trkpt>
    <trkpt lat="49.155261" lon="20.076769">
      <ele>1540</ele>
      <time>2026-05-07T08:52:23Z</time>
    </trkpt>
    <trkpt lat="49.155349" lon="20.076649">
      <ele>1540</ele>
      <time>2026-05-07T08:52:46Z</time>
    </trkpt>
    <trkpt lat="49.155363" lon="20.07661">
      <ele>1540</ele>
      <time>2026-05-07T08:52:52Z</time>
    </trkpt>
    <trkpt lat="49.15542" lon="20.076565">
      <ele>1540</ele>
      <time>2026-05-07T08:53:04Z</time>
    </trkpt>
    <trkpt lat="49.155526" lon="20.076432">
      <ele>1541</ele>
      <time>2026-05-07T08:53:31Z</time>
    </trkpt>
    <trkpt lat="49.155614" lon="20.076304">
      <ele>1541</ele>
      <time>2026-05-07T08:53:55Z</time>
    </trkpt>
    <trkpt lat="49.155761" lon="20.076112">
      <ele>1542</ele>
      <time>2026-05-07T08:54:33Z</time>
    </trkpt>
    <trkpt lat="49.155925" lon="20.076012">
      <ele>1543</ele>
      <time>2026-05-07T08:55:08Z</time>
    </trkpt>
    <trkpt lat="49.156094" lon="20.075974">
      <ele>1544</ele>
      <time>2026-05-07T08:55:42Z</time>
    </trkpt>
    <trkpt lat="49.156327" lon="20.075967">
      <ele>1547</ele>
      <time>2026-05-07T08:56:28Z</time>
    </trkpt>
    <trkpt lat="49.15648" lon="20.075944">
      <ele>1549</ele>
      <time>2026-05-07T08:56:59Z</time>
    </trkpt>
    <trkpt lat="49.156768" lon="20.075901">
      <ele>1553</ele>
      <time>2026-05-07T08:57:56Z</time>
    </trkpt>
    <trkpt lat="49.15702" lon="20.07585">
      <ele>1556</ele>
      <time>2026-05-07T08:58:46Z</time>
    </trkpt>
    <trkpt lat="49.157291" lon="20.075706">
      <ele>1557</ele>
      <time>2026-05-07T08:59:43Z</time>
    </trkpt>
    <trkpt lat="49.157469" lon="20.075652">
      <ele>1558</ele>
      <time>2026-05-07T09:00:19Z</time>
    </trkpt>
    <trkpt lat="49.157601" lon="20.075478">
      <ele>1557</ele>
      <time>2026-05-07T09:00:53Z</time>
    </trkpt>
    <trkpt lat="49.15779" lon="20.075369">
      <ele>1558</ele>
      <time>2026-05-07T09:01:33Z</time>
    </trkpt>
    <trkpt lat="49.158014" lon="20.075205">
      <ele>1559</ele>
      <time>2026-05-07T09:02:22Z</time>
    </trkpt>
    <trkpt lat="49.158274" lon="20.075004">
      <ele>1558</ele>
      <time>2026-05-07T09:03:19Z</time>
    </trkpt>
    <trkpt lat="49.158447" lon="20.074877">
      <ele>1559</ele>
      <time>2026-05-07T09:03:57Z</time>
    </trkpt>
    <trkpt lat="49.158734" lon="20.074696">
      <ele>1561</ele>
      <time>2026-05-07T09:04:58Z</time>
    </trkpt>
    <trkpt lat="49.158774" lon="20.074604">
      <ele>1561</ele>
      <time>2026-05-07T09:05:12Z</time>
    </trkpt>
    <trkpt lat="49.158888" lon="20.074517">
      <ele>1562</ele>
      <time>2026-05-07T09:05:38Z</time>
    </trkpt>
    <trkpt lat="49.158927" lon="20.074401">
      <ele>1561</ele>
      <time>2026-05-07T09:05:54Z</time>
    </trkpt>
    <trkpt lat="49.158936" lon="20.074242">
      <ele>1559</ele>
      <time>2026-05-07T09:06:15Z</time>
    </trkpt>
    <trkpt lat="49.158972" lon="20.074156">
      <ele>1558</ele>
      <time>2026-05-07T09:06:28Z</time>
    </trkpt>
    <trkpt lat="49.159162" lon="20.073998">
      <ele>1558</ele>
      <time>2026-05-07T09:07:11Z</time>
    </trkpt>
    <trkpt lat="49.159245" lon="20.073851">
      <ele>1557</ele>
      <time>2026-05-07T09:07:36Z</time>
    </trkpt>
    <trkpt lat="49.159293" lon="20.073679">
      <ele>1555</ele>
      <time>2026-05-07T09:08:00Z</time>
    </trkpt>
    <trkpt lat="49.15936" lon="20.073561">
      <ele>1555</ele>
      <time>2026-05-07T09:08:20Z</time>
    </trkpt>
    <trkpt lat="49.159448" lon="20.073507">
      <ele>1556</ele>
      <time>2026-05-07T09:08:39Z</time>
    </trkpt>
    <trkpt lat="49.159578" lon="20.07344">
      <ele>1557</ele>
      <time>2026-05-07T09:09:06Z</time>
    </trkpt>
    <trkpt lat="49.159648" lon="20.073371">
      <ele>1558</ele>
      <time>2026-05-07T09:09:23Z</time>
    </trkpt>
    <trkpt lat="49.159932" lon="20.073258">
      <ele>1561</ele>
      <time>2026-05-07T09:10:21Z</time>
    </trkpt>
    <trkpt lat="49.160125" lon="20.073292">
      <ele>1566</ele>
      <time>2026-05-07T09:11:00Z</time>
    </trkpt>
    <trkpt lat="49.160334" lon="20.073215">
      <ele>1571</ele>
      <time>2026-05-07T09:11:43Z</time>
    </trkpt>
    <trkpt lat="49.16056" lon="20.07303">
      <ele>1576</ele>
      <time>2026-05-07T09:12:34Z</time>
    </trkpt>
    <trkpt lat="49.160747" lon="20.072934">
      <ele>1578</ele>
      <time>2026-05-07T09:13:13Z</time>
    </trkpt>
    <trkpt lat="49.160849" lon="20.072778">
      <ele>1578</ele>
      <time>2026-05-07T09:13:42Z</time>
    </trkpt>
    <trkpt lat="49.160969" lon="20.072699">
      <ele>1580</ele>
      <time>2026-05-07T09:14:08Z</time>
    </trkpt>
    <trkpt lat="49.161266" lon="20.072434">
      <ele>1584</ele>
      <time>2026-05-07T09:15:16Z</time>
    </trkpt>
    <trkpt lat="49.161498" lon="20.07242">
      <ele>1589</ele>
      <time>2026-05-07T09:16:03Z</time>
    </trkpt>
    <trkpt lat="49.161635" lon="20.072249">
      <ele>1590</ele>
      <time>2026-05-07T09:16:37Z</time>
    </trkpt>
    <trkpt lat="49.161754" lon="20.072121">
      <ele>1591</ele>
      <time>2026-05-07T09:17:06Z</time>
    </trkpt>
    <trkpt lat="49.161858" lon="20.072114">
      <ele>1594</ele>
      <time>2026-05-07T09:17:27Z</time>
    </trkpt>
    <trkpt lat="49.161939" lon="20.072063">
      <ele>1596</ele>
      <time>2026-05-07T09:17:45Z</time>
    </trkpt>
    <trkpt lat="49.162028" lon="20.071979">
      <ele>1598</ele>
      <time>2026-05-07T09:18:06Z</time>
    </trkpt>
    <trkpt lat="49.162221" lon="20.071823">
      <ele>1604</ele>
      <time>2026-05-07T09:18:50Z</time>
    </trkpt>
    <trkpt lat="49.162281" lon="20.071841">
      <ele>1605</ele>
      <time>2026-05-07T09:19:02Z</time>
    </trkpt>
    <trkpt lat="49.162367" lon="20.071866">
      <ele>1608</ele>
      <time>2026-05-07T09:19:20Z</time>
    </trkpt>
    <trkpt lat="49.162442" lon="20.071858">
      <ele>1610</ele>
      <time>2026-05-07T09:19:35Z</time>
    </trkpt>
    <trkpt lat="49.162497" lon="20.071835">
      <ele>1612</ele>
      <time>2026-05-07T09:19:47Z</time>
    </trkpt>
    <trkpt lat="49.162521" lon="20.071695">
      <ele>1612</ele>
      <time>2026-05-07T09:20:05Z</time>
    </trkpt>
    <trkpt lat="49.162528" lon="20.071629">
      <ele>1611</ele>
      <time>2026-05-07T09:20:14Z</time>
    </trkpt>
    <trkpt lat="49.162601" lon="20.07158">
      <ele>1613</ele>
      <time>2026-05-07T09:20:30Z</time>
    </trkpt>
    <trkpt lat="49.162644" lon="20.07152">
      <ele>1614</ele>
      <time>2026-05-07T09:20:41Z</time>
    </trkpt>
    <trkpt lat="49.162683" lon="20.071449">
      <ele>1614</ele>
      <time>2026-05-07T09:20:53Z</time>
    </trkpt>
    <trkpt lat="49.162727" lon="20.07143">
      <ele>1615</ele>
      <time>2026-05-07T09:21:03Z</time>
    </trkpt>
    <trkpt lat="49.162781" lon="20.071387">
      <ele>1616</ele>
      <time>2026-05-07T09:21:15Z</time>
    </trkpt>
    <trkpt lat="49.162831" lon="20.07126">
      <ele>1617</ele>
      <time>2026-05-07T09:21:34Z</time>
    </trkpt>
    <trkpt lat="49.162866" lon="20.071238">
      <ele>1618</ele>
      <time>2026-05-07T09:21:42Z</time>
    </trkpt>
    <trkpt lat="49.162932" lon="20.071237">
      <ele>1620</ele>
      <time>2026-05-07T09:21:55Z</time>
    </trkpt>
    <trkpt lat="49.162972" lon="20.071159">
      <ele>1621</ele>
      <time>2026-05-07T09:22:08Z</time>
    </trkpt>
    <trkpt lat="49.163024" lon="20.071063">
      <ele>1622</ele>
      <time>2026-05-07T09:22:24Z</time>
    </trkpt>
    <trkpt lat="49.163063" lon="20.071023">
      <ele>1622</ele>
      <time>2026-05-07T09:22:33Z</time>
    </trkpt>
    <trkpt lat="49.16318" lon="20.070957">
      <ele>1620</ele>
      <time>2026-05-07T09:22:58Z</time>
    </trkpt>
    <trkpt lat="49.163224" lon="20.07097">
      <ele>1620</ele>
      <time>2026-05-07T09:23:07Z</time>
    </trkpt>
    <trkpt lat="49.163248" lon="20.071044">
      <ele>1623</ele>
      <time>2026-05-07T09:23:21Z</time>
    </trkpt>
    <trkpt lat="49.163285" lon="20.071064">
      <ele>1625</ele>
      <time>2026-05-07T09:23:31Z</time>
    </trkpt>
    <trkpt lat="49.163332" lon="20.071057">
      <ele>1627</ele>
      <time>2026-05-07T09:23:42Z</time>
    </trkpt>
    <trkpt lat="49.163378" lon="20.07108">
      <ele>1629</ele>
      <time>2026-05-07T09:23:54Z</time>
    </trkpt>
    <trkpt lat="49.163406" lon="20.07113">
      <ele>1632</ele>
      <time>2026-05-07T09:24:05Z</time>
    </trkpt>
    <trkpt lat="49.163458" lon="20.071135">
      <ele>1633</ele>
      <time>2026-05-07T09:24:17Z</time>
    </trkpt>
    <trkpt lat="49.163517" lon="20.071108">
      <ele>1633</ele>
      <time>2026-05-07T09:24:31Z</time>
    </trkpt>
    <trkpt lat="49.163596" lon="20.071109">
      <ele>1635</ele>
      <time>2026-05-07T09:24:50Z</time>
    </trkpt>
    <trkpt lat="49.163639" lon="20.071163">
      <ele>1636</ele>
      <time>2026-05-07T09:25:03Z</time>
    </trkpt>
    <trkpt lat="49.163685" lon="20.071272">
      <ele>1638</ele>
      <time>2026-05-07T09:25:22Z</time>
    </trkpt>
    <trkpt lat="49.163752" lon="20.071358">
      <ele>1639</ele>
      <time>2026-05-07T09:25:43Z</time>
    </trkpt>
    <trkpt lat="49.163772" lon="20.071431">
      <ele>1640</ele>
      <time>2026-05-07T09:25:55Z</time>
    </trkpt>
    <trkpt lat="49.163802" lon="20.071451">
      <ele>1641</ele>
      <time>2026-05-07T09:26:02Z</time>
    </trkpt>
    <trkpt lat="49.163849" lon="20.071418">
      <ele>1641</ele>
      <time>2026-05-07T09:26:14Z</time>
    </trkpt>
    <trkpt lat="49.163945" lon="20.071403">
      <ele>1642</ele>
      <time>2026-05-07T09:26:36Z</time>
    </trkpt>
    <trkpt lat="49.163987" lon="20.071352">
      <ele>1642</ele>
      <time>2026-05-07T09:26:48Z</time>
    </trkpt>
    <trkpt lat="49.164064" lon="20.071309">
      <ele>1643</ele>
      <time>2026-05-07T09:27:07Z</time>
    </trkpt>
    <trkpt lat="49.164142" lon="20.071308">
      <ele>1643</ele>
      <time>2026-05-07T09:27:25Z</time>
    </trkpt>
    <trkpt lat="49.164179" lon="20.071285">
      <ele>1644</ele>
      <time>2026-05-07T09:27:34Z</time>
    </trkpt>
    <trkpt lat="49.164255" lon="20.071252">
      <ele>1645</ele>
      <time>2026-05-07T09:27:53Z</time>
    </trkpt>
    <trkpt lat="49.164286" lon="20.071219">
      <ele>1645</ele>
      <time>2026-05-07T09:28:01Z</time>
    </trkpt>
    <trkpt lat="49.164302" lon="20.071138">
      <ele>1645</ele>
      <time>2026-05-07T09:28:14Z</time>
    </trkpt>
    <trkpt lat="49.164344" lon="20.071073">
      <ele>1645</ele>
      <time>2026-05-07T09:28:28Z</time>
    </trkpt>
    <trkpt lat="49.164409" lon="20.071024">
      <ele>1646</ele>
      <time>2026-05-07T09:28:44Z</time>
    </trkpt>
    <trkpt lat="49.164482" lon="20.070886">
      <ele>1646</ele>
      <time>2026-05-07T09:29:11Z</time>
    </trkpt>
    <trkpt lat="49.164565" lon="20.070845">
      <ele>1646</ele>
      <time>2026-05-07T09:29:31Z</time>
    </trkpt>
    <trkpt lat="49.164764" lon="20.070867">
      <ele>1648</ele>
      <time>2026-05-07T09:30:17Z</time>
    </trkpt>
    <trkpt lat="49.164836" lon="20.070894">
      <ele>1649</ele>
      <time>2026-05-07T09:30:34Z</time>
    </trkpt>
    <trkpt lat="49.164886" lon="20.070947">
      <ele>1651</ele>
      <time>2026-05-07T09:30:48Z</time>
    </trkpt>
    <trkpt lat="49.164918" lon="20.071002">
      <ele>1651</ele>
      <time>2026-05-07T09:30:59Z</time>
    </trkpt>
    <trkpt lat="49.164931" lon="20.071126">
      <ele>1652</ele>
      <time>2026-05-07T09:31:18Z</time>
    </trkpt>
    <trkpt lat="49.164973" lon="20.071268">
      <ele>1653</ele>
      <time>2026-05-07T09:31:41Z</time>
    </trkpt>
    <trkpt lat="49.165014" lon="20.071344">
      <ele>1653</ele>
      <time>2026-05-07T09:31:56Z</time>
    </trkpt>
    <trkpt lat="49.165087" lon="20.071401">
      <ele>1655</ele>
      <time>2026-05-07T09:32:15Z</time>
    </trkpt>
    <trkpt lat="49.165121" lon="20.071504">
      <ele>1656</ele>
      <time>2026-05-07T09:32:32Z</time>
    </trkpt>
    <trkpt lat="49.165197" lon="20.07158">
      <ele>1658</ele>
      <time>2026-05-07T09:32:53Z</time>
    </trkpt>
    <trkpt lat="49.165247" lon="20.071675">
      <ele>1659</ele>
      <time>2026-05-07T09:33:12Z</time>
    </trkpt>
    <trkpt lat="49.165304" lon="20.071713">
      <ele>1661</ele>
      <time>2026-05-07T09:33:27Z</time>
    </trkpt>
    <trkpt lat="49.165378" lon="20.071713">
      <ele>1662</ele>
      <time>2026-05-07T09:33:44Z</time>
    </trkpt>
    <trkpt lat="49.165503" lon="20.071777">
      <ele>1666</ele>
      <time>2026-05-07T09:34:15Z</time>
    </trkpt>
    <trkpt lat="49.165536" lon="20.07183">
      <ele>1667</ele>
      <time>2026-05-07T09:34:26Z</time>
    </trkpt>
    <trkpt lat="49.165534" lon="20.071887">
      <ele>1668</ele>
      <time>2026-05-07T09:34:35Z</time>
    </trkpt>
    <trkpt lat="49.165544" lon="20.071942">
      <ele>1669</ele>
      <time>2026-05-07T09:34:43Z</time>
    </trkpt>
    <trkpt lat="49.165593" lon="20.072017">
      <ele>1671</ele>
      <time>2026-05-07T09:35:00Z</time>
    </trkpt>
    <trkpt lat="49.1656" lon="20.072145">
      <ele>1673</ele>
      <time>2026-05-07T09:35:19Z</time>
    </trkpt>
    <trkpt lat="49.165571" lon="20.072218">
      <ele>1672</ele>
      <time>2026-05-07T09:35:32Z</time>
    </trkpt>
    <trkpt lat="49.16556" lon="20.072211">
      <ele>1672</ele>
      <time>2026-05-07T09:35:35Z</time>
    </trkpt>
    <trkpt lat="49.165527" lon="20.072291">
      <ele>1671</ele>
      <time>2026-05-07T09:35:49Z</time>
    </trkpt>
    <trkpt lat="49.165519" lon="20.072405">
      <ele>1671</ele>
      <time>2026-05-07T09:36:06Z</time>
    </trkpt>
    <trkpt lat="49.165545" lon="20.072498">
      <ele>1673</ele>
      <time>2026-05-07T09:36:22Z</time>
    </trkpt>
    <trkpt lat="49.165547" lon="20.072567">
      <ele>1673</ele>
      <time>2026-05-07T09:36:32Z</time>
    </trkpt>
    <trkpt lat="49.165507" lon="20.072691">
      <ele>1673</ele>
      <time>2026-05-07T09:36:53Z</time>
    </trkpt>
    <trkpt lat="49.165508" lon="20.072736">
      <ele>1673</ele>
      <time>2026-05-07T09:37:00Z</time>
    </trkpt>
    <trkpt lat="49.16553" lon="20.072759">
      <ele>1674</ele>
      <time>2026-05-07T09:37:06Z</time>
    </trkpt>
    <trkpt lat="49.16557" lon="20.072771">
      <ele>1676</ele>
      <time>2026-05-07T09:37:16Z</time>
    </trkpt>
    <trkpt lat="49.165603" lon="20.072889">
      <ele>1679</ele>
      <time>2026-05-07T09:37:36Z</time>
    </trkpt>
    <trkpt lat="49.165611" lon="20.072992">
      <ele>1681</ele>
      <time>2026-05-07T09:37:52Z</time>
    </trkpt>
    <trkpt lat="49.165598" lon="20.073115">
      <ele>1682</ele>
      <time>2026-05-07T09:38:11Z</time>
    </trkpt>
    <trkpt lat="49.165469" lon="20.073468">
      <ele>1683</ele>
      <time>2026-05-07T09:39:12Z</time>
    </trkpt>
    <trkpt lat="49.1654" lon="20.073605">
      <ele>1683</ele>
      <time>2026-05-07T09:39:37Z</time>
    </trkpt>
    <trkpt lat="49.165312" lon="20.073753">
      <ele>1683</ele>
      <time>2026-05-07T09:40:07Z</time>
    </trkpt>
    <trkpt lat="49.16531" lon="20.073793">
      <ele>1684</ele>
      <time>2026-05-07T09:40:14Z</time>
    </trkpt>
    <trkpt lat="49.165411" lon="20.07377">
      <ele>1689</ele>
      <time>2026-05-07T09:40:39Z</time>
    </trkpt>
    <trkpt lat="49.165458" lon="20.073734">
      <ele>1690</ele>
      <time>2026-05-07T09:40:51Z</time>
    </trkpt>
    <trkpt lat="49.165549" lon="20.073621">
      <ele>1690</ele>
      <time>2026-05-07T09:41:18Z</time>
    </trkpt>
    <trkpt lat="49.165658" lon="20.07352">
      <ele>1694</ele>
      <time>2026-05-07T09:41:49Z</time>
    </trkpt>
    <trkpt lat="49.165738" lon="20.073415">
      <ele>1697</ele>
      <time>2026-05-07T09:42:13Z</time>
    </trkpt>
    <trkpt lat="49.165825" lon="20.073278">
      <ele>1699</ele>
      <time>2026-05-07T09:42:42Z</time>
    </trkpt>
    <trkpt lat="49.165912" lon="20.073127">
      <ele>1701</ele>
      <time>2026-05-07T09:43:13Z</time>
    </trkpt>
    <trkpt lat="49.166032" lon="20.072909">
      <ele>1705</ele>
      <time>2026-05-07T09:43:56Z</time>
    </trkpt>
    <trkpt lat="49.166104" lon="20.072813">
      <ele>1709</ele>
      <time>2026-05-07T09:44:19Z</time>
    </trkpt>
    <trkpt lat="49.166178" lon="20.072732">
      <ele>1709</ele>
      <time>2026-05-07T09:44:40Z</time>
    </trkpt>
    <trkpt lat="49.166218" lon="20.072636">
      <ele>1708</ele>
      <time>2026-05-07T09:44:57Z</time>
    </trkpt>
    <trkpt lat="49.166288" lon="20.072535">
      <ele>1708</ele>
      <time>2026-05-07T09:45:19Z</time>
    </trkpt>
    <trkpt lat="49.166307" lon="20.072547">
      <ele>1709</ele>
      <time>2026-05-07T09:45:24Z</time>
    </trkpt>
    <trkpt lat="49.16632" lon="20.072664">
      <ele>1711</ele>
      <time>2026-05-07T09:45:43Z</time>
    </trkpt>
    <trkpt lat="49.166338" lon="20.072669">
      <ele>1712</ele>
      <time>2026-05-07T09:45:47Z</time>
    </trkpt>
    <trkpt lat="49.166369" lon="20.072609">
      <ele>1712</ele>
      <time>2026-05-07T09:45:59Z</time>
    </trkpt>
    <trkpt lat="49.166426" lon="20.072583">
      <ele>1714</ele>
      <time>2026-05-07T09:46:13Z</time>
    </trkpt>
    <trkpt lat="49.166447" lon="20.072555">
      <ele>1714</ele>
      <time>2026-05-07T09:46:19Z</time>
    </trkpt>
    <trkpt lat="49.166475" lon="20.072495">
      <ele>1714</ele>
      <time>2026-05-07T09:46:30Z</time>
    </trkpt>
    <trkpt lat="49.166518" lon="20.072397">
      <ele>1714</ele>
      <time>2026-05-07T09:46:48Z</time>
    </trkpt>
    <trkpt lat="49.166555" lon="20.072343">
      <ele>1715</ele>
      <time>2026-05-07T09:46:59Z</time>
    </trkpt>
    <trkpt lat="49.166609" lon="20.072279">
      <ele>1716</ele>
      <time>2026-05-07T09:47:15Z</time>
    </trkpt>
    <trkpt lat="49.166672" lon="20.072279">
      <ele>1718</ele>
      <time>2026-05-07T09:47:30Z</time>
    </trkpt>
    <trkpt lat="49.166699" lon="20.072335">
      <ele>1720</ele>
      <time>2026-05-07T09:47:42Z</time>
    </trkpt>
    <trkpt lat="49.166723" lon="20.072376">
      <ele>1722</ele>
      <time>2026-05-07T09:47:50Z</time>
    </trkpt>
    <trkpt lat="49.166771" lon="20.072426">
      <ele>1724</ele>
      <time>2026-05-07T09:48:05Z</time>
    </trkpt>
    <trkpt lat="49.166805" lon="20.072448">
      <ele>1726</ele>
      <time>2026-05-07T09:48:14Z</time>
    </trkpt>
    <trkpt lat="49.16688" lon="20.07246">
      <ele>1729</ele>
      <time>2026-05-07T09:48:32Z</time>
    </trkpt>
    <trkpt lat="49.166938" lon="20.072546">
      <ele>1732</ele>
      <time>2026-05-07T09:48:52Z</time>
    </trkpt>
    <trkpt lat="49.166979" lon="20.072566">
      <ele>1734</ele>
      <time>2026-05-07T09:49:02Z</time>
    </trkpt>
    <trkpt lat="49.167033" lon="20.072566">
      <ele>1736</ele>
      <time>2026-05-07T09:49:15Z</time>
    </trkpt>
    <trkpt lat="49.167065" lon="20.072583">
      <ele>1737</ele>
      <time>2026-05-07T09:49:23Z</time>
    </trkpt>
    <trkpt lat="49.167065" lon="20.072616">
      <ele>1737</ele>
      <time>2026-05-07T09:49:28Z</time>
    </trkpt>
    <trkpt lat="49.167018" lon="20.072697">
      <ele>1737</ele>
      <time>2026-05-07T09:49:44Z</time>
    </trkpt>
    <trkpt lat="49.166991" lon="20.072795">
      <ele>1738</ele>
      <time>2026-05-07T09:50:00Z</time>
    </trkpt>
    <trkpt lat="49.16697" lon="20.072864">
      <ele>1738</ele>
      <time>2026-05-07T09:50:12Z</time>
    </trkpt>
    <trkpt lat="49.166988" lon="20.072919">
      <ele>1740</ele>
      <time>2026-05-07T09:50:22Z</time>
    </trkpt>
    <trkpt lat="49.167006" lon="20.072936">
      <ele>1741</ele>
      <time>2026-05-07T09:50:27Z</time>
    </trkpt>
    <trkpt lat="49.167124" lon="20.072744">
      <ele>1741</ele>
      <time>2026-05-07T09:51:06Z</time>
    </trkpt>
    <trkpt lat="49.167171" lon="20.072713">
      <ele>1742</ele>
      <time>2026-05-07T09:51:18Z</time>
    </trkpt>
    <trkpt lat="49.16722" lon="20.072683">
      <ele>1743</ele>
      <time>2026-05-07T09:51:30Z</time>
    </trkpt>
    <trkpt lat="49.167233" lon="20.072705">
      <ele>1743</ele>
      <time>2026-05-07T09:51:35Z</time>
    </trkpt>
    <trkpt lat="49.167191" lon="20.072811">
      <ele>1744</ele>
      <time>2026-05-07T09:51:54Z</time>
    </trkpt>
    <trkpt lat="49.167174" lon="20.07287">
      <ele>1745</ele>
      <time>2026-05-07T09:52:03Z</time>
    </trkpt>
    <trkpt lat="49.167184" lon="20.072917">
      <ele>1746</ele>
      <time>2026-05-07T09:52:11Z</time>
    </trkpt>
    <trkpt lat="49.167207" lon="20.072925">
      <ele>1747</ele>
      <time>2026-05-07T09:52:17Z</time>
    </trkpt>
    <trkpt lat="49.167238" lon="20.072872">
      <ele>1747</ele>
      <time>2026-05-07T09:52:28Z</time>
    </trkpt>
    <trkpt lat="49.16728" lon="20.072835">
      <ele>1747</ele>
      <time>2026-05-07T09:52:39Z</time>
    </trkpt>
    <trkpt lat="49.167323" lon="20.072817">
      <ele>1748</ele>
      <time>2026-05-07T09:52:49Z</time>
    </trkpt>
    <trkpt lat="49.167321" lon="20.072857">
      <ele>1749</ele>
      <time>2026-05-07T09:52:55Z</time>
    </trkpt>
    <trkpt lat="49.167292" lon="20.072931">
      <ele>1750</ele>
      <time>2026-05-07T09:53:08Z</time>
    </trkpt>
    <trkpt lat="49.167277" lon="20.073004">
      <ele>1751</ele>
      <time>2026-05-07T09:53:20Z</time>
    </trkpt>
    <trkpt lat="49.167249" lon="20.073069">
      <ele>1751</ele>
      <time>2026-05-07T09:53:32Z</time>
    </trkpt>
    <trkpt lat="49.167235" lon="20.073115">
      <ele>1752</ele>
      <time>2026-05-07T09:53:39Z</time>
    </trkpt>
    <trkpt lat="49.167242" lon="20.073141">
      <ele>1753</ele>
      <time>2026-05-07T09:53:44Z</time>
    </trkpt>
    <trkpt lat="49.167269" lon="20.073155">
      <ele>1754</ele>
      <time>2026-05-07T09:53:51Z</time>
    </trkpt>
    <trkpt lat="49.167304" lon="20.07312">
      <ele>1754</ele>
      <time>2026-05-07T09:54:00Z</time>
    </trkpt>
    <trkpt lat="49.167353" lon="20.073098">
      <ele>1755</ele>
      <time>2026-05-07T09:54:12Z</time>
    </trkpt>
    <trkpt lat="49.16742" lon="20.073066">
      <ele>1757</ele>
      <time>2026-05-07T09:54:29Z</time>
    </trkpt>
    <trkpt lat="49.167461" lon="20.073075">
      <ele>1758</ele>
      <time>2026-05-07T09:54:39Z</time>
    </trkpt>
    <trkpt lat="49.167518" lon="20.073098">
      <ele>1760</ele>
      <time>2026-05-07T09:54:53Z</time>
    </trkpt>
    <trkpt lat="49.167506" lon="20.073141">
      <ele>1761</ele>
      <time>2026-05-07T09:55:00Z</time>
    </trkpt>
    <trkpt lat="49.16746" lon="20.073165">
      <ele>1760</ele>
      <time>2026-05-07T09:55:11Z</time>
    </trkpt>
    <trkpt lat="49.167416" lon="20.07321">
      <ele>1760</ele>
      <time>2026-05-07T09:55:23Z</time>
    </trkpt>
    <trkpt lat="49.167396" lon="20.073261">
      <ele>1760</ele>
      <time>2026-05-07T09:55:32Z</time>
    </trkpt>
    <trkpt lat="49.167402" lon="20.073302">
      <ele>1761</ele>
      <time>2026-05-07T09:55:39Z</time>
    </trkpt>
    <trkpt lat="49.167427" lon="20.073354">
      <ele>1764</ele>
      <time>2026-05-07T09:55:50Z</time>
    </trkpt>
    <trkpt lat="49.167451" lon="20.073371">
      <ele>1765</ele>
      <time>2026-05-07T09:55:56Z</time>
    </trkpt>
    <trkpt lat="49.167492" lon="20.073354">
      <ele>1765</ele>
      <time>2026-05-07T09:56:06Z</time>
    </trkpt>
    <trkpt lat="49.167521" lon="20.07334">
      <ele>1766</ele>
      <time>2026-05-07T09:56:13Z</time>
    </trkpt>
    <trkpt lat="49.167569" lon="20.073341">
      <ele>1767</ele>
      <time>2026-05-07T09:56:24Z</time>
    </trkpt>
    <trkpt lat="49.167617" lon="20.073304">
      <ele>1767</ele>
      <time>2026-05-07T09:56:36Z</time>
    </trkpt>
    <trkpt lat="49.167678" lon="20.073323">
      <ele>1768</ele>
      <time>2026-05-07T09:56:51Z</time>
    </trkpt>
    <trkpt lat="49.16777" lon="20.073393">
      <ele>1772</ele>
      <time>2026-05-07T09:57:16Z</time>
    </trkpt>
    <trkpt lat="49.16784" lon="20.073402">
      <ele>1774</ele>
      <time>2026-05-07T09:57:32Z</time>
    </trkpt>
    <trkpt lat="49.167911" lon="20.073349">
      <ele>1774</ele>
      <time>2026-05-07T09:57:50Z</time>
    </trkpt>
    <trkpt lat="49.167944" lon="20.073343">
      <ele>1775</ele>
      <time>2026-05-07T09:57:58Z</time>
    </trkpt>
    <trkpt lat="49.167975" lon="20.073369">
      <ele>1777</ele>
      <time>2026-05-07T09:58:07Z</time>
    </trkpt>
    <trkpt lat="49.167999" lon="20.073399">
      <ele>1778</ele>
      <time>2026-05-07T09:58:14Z</time>
    </trkpt>
    <trkpt lat="49.168019" lon="20.073445">
      <ele>1779</ele>
      <time>2026-05-07T09:58:23Z</time>
    </trkpt>
    <trkpt lat="49.16805" lon="20.073552">
      <ele>1782</ele>
      <time>2026-05-07T09:58:41Z</time>
    </trkpt>
    <trkpt lat="49.168067" lon="20.073593">
      <ele>1783</ele>
      <time>2026-05-07T09:58:49Z</time>
    </trkpt>
    <trkpt lat="49.168101" lon="20.073638">
      <ele>1784</ele>
      <time>2026-05-07T09:59:00Z</time>
    </trkpt>
    <trkpt lat="49.168129" lon="20.073679">
      <ele>1785</ele>
      <time>2026-05-07T09:59:09Z</time>
    </trkpt>
    <trkpt lat="49.16817" lon="20.073745">
      <ele>1787</ele>
      <time>2026-05-07T09:59:23Z</time>
    </trkpt>
    <trkpt lat="49.168204" lon="20.073805">
      <ele>1788</ele>
      <time>2026-05-07T09:59:35Z</time>
    </trkpt>
    <trkpt lat="49.168255" lon="20.07384">
      <ele>1789</ele>
      <time>2026-05-07T09:59:48Z</time>
    </trkpt>
    <trkpt lat="49.168285" lon="20.073886">
      <ele>1789</ele>
      <time>2026-05-07T09:59:58Z</time>
    </trkpt>
    <trkpt lat="49.168299" lon="20.073911">
      <ele>1790</ele>
      <time>2026-05-07T10:00:03Z</time>
    </trkpt>
    <trkpt lat="49.168202" lon="20.073975">
      <ele>1792</ele>
      <time>2026-05-07T10:00:27Z</time>
    </trkpt>
    <trkpt lat="49.168194" lon="20.074001">
      <ele>1793</ele>
      <time>2026-05-07T10:00:32Z</time>
    </trkpt>
    <trkpt lat="49.168198" lon="20.074024">
      <ele>1793</ele>
      <time>2026-05-07T10:00:35Z</time>
    </trkpt>
    <trkpt lat="49.168222" lon="20.074045">
      <ele>1793</ele>
      <time>2026-05-07T10:00:42Z</time>
    </trkpt>
    <trkpt lat="49.168254" lon="20.074075">
      <ele>1793</ele>
      <time>2026-05-07T10:00:50Z</time>
    </trkpt>
    <trkpt lat="49.16825" lon="20.07411">
      <ele>1794</ele>
      <time>2026-05-07T10:00:56Z</time>
    </trkpt>
    <trkpt lat="49.16822" lon="20.074134">
      <ele>1795</ele>
      <time>2026-05-07T10:01:04Z</time>
    </trkpt>
    <trkpt lat="49.168186" lon="20.074134">
      <ele>1796</ele>
      <time>2026-05-07T10:01:12Z</time>
    </trkpt>
    <trkpt lat="49.168134" lon="20.074123">
      <ele>1797</ele>
      <time>2026-05-07T10:01:24Z</time>
    </trkpt>
    <trkpt lat="49.168082" lon="20.074095">
      <ele>1797</ele>
      <time>2026-05-07T10:01:37Z</time>
    </trkpt>
    <trkpt lat="49.168026" lon="20.074064">
      <ele>1797</ele>
      <time>2026-05-07T10:01:50Z</time>
    </trkpt>
    <trkpt lat="49.16792" lon="20.074068">
      <ele>1796</ele>
      <time>2026-05-07T10:02:15Z</time>
    </trkpt>
    <trkpt lat="49.16785" lon="20.074103">
      <ele>1797</ele>
      <time>2026-05-07T10:02:32Z</time>
    </trkpt>
    <trkpt lat="49.167779" lon="20.074119">
      <ele>1797</ele>
      <time>2026-05-07T10:02:48Z</time>
    </trkpt>
    <trkpt lat="49.167699" lon="20.074177">
      <ele>1798</ele>
      <time>2026-05-07T10:03:08Z</time>
    </trkpt>
    <trkpt lat="49.167702" lon="20.074199">
      <ele>1799</ele>
      <time>2026-05-07T10:03:12Z</time>
    </trkpt>
    <trkpt lat="49.16773" lon="20.074215">
      <ele>1800</ele>
      <time>2026-05-07T10:03:19Z</time>
    </trkpt>
    <trkpt lat="49.167754" lon="20.074232">
      <ele>1801</ele>
      <time>2026-05-07T10:03:25Z</time>
    </trkpt>
    <trkpt lat="49.167748" lon="20.074279">
      <ele>1802</ele>
      <time>2026-05-07T10:03:33Z</time>
    </trkpt>
    <trkpt lat="49.167711" lon="20.074327">
      <ele>1802</ele>
      <time>2026-05-07T10:03:44Z</time>
    </trkpt>
    <trkpt lat="49.167678" lon="20.074364">
      <ele>1803</ele>
      <time>2026-05-07T10:03:53Z</time>
    </trkpt>
    <trkpt lat="49.167633" lon="20.074394">
      <ele>1803</ele>
      <time>2026-05-07T10:04:05Z</time>
    </trkpt>
    <trkpt lat="49.167567" lon="20.074484">
      <ele>1803</ele>
      <time>2026-05-07T10:04:25Z</time>
    </trkpt>
    <trkpt lat="49.16751" lon="20.074523">
      <ele>1803</ele>
      <time>2026-05-07T10:04:39Z</time>
    </trkpt>
    <trkpt lat="49.16749" lon="20.074571">
      <ele>1804</ele>
      <time>2026-05-07T10:04:48Z</time>
    </trkpt>
    <trkpt lat="49.167567" lon="20.074627">
      <ele>1807</ele>
      <time>2026-05-07T10:05:08Z</time>
    </trkpt>
    <trkpt lat="49.167691" lon="20.0746">
      <ele>1809</ele>
      <time>2026-05-07T10:05:37Z</time>
    </trkpt>
    <trkpt lat="49.167701" lon="20.074618">
      <ele>1810</ele>
      <time>2026-05-07T10:05:41Z</time>
    </trkpt>
    <trkpt lat="49.167672" lon="20.074666">
      <ele>1810</ele>
      <time>2026-05-07T10:05:51Z</time>
    </trkpt>
    <trkpt lat="49.167689" lon="20.074671">
      <ele>1811</ele>
      <time>2026-05-07T10:05:55Z</time>
    </trkpt>
    <trkpt lat="49.167723" lon="20.07468">
      <ele>1812</ele>
      <time>2026-05-07T10:06:04Z</time>
    </trkpt>
    <trkpt lat="49.167777" lon="20.074704">
      <ele>1814</ele>
      <time>2026-05-07T10:06:17Z</time>
    </trkpt>
    <trkpt lat="49.16784" lon="20.074702">
      <ele>1815</ele>
      <time>2026-05-07T10:06:32Z</time>
    </trkpt>
    <trkpt lat="49.167898" lon="20.074748">
      <ele>1818</ele>
      <time>2026-05-07T10:06:48Z</time>
    </trkpt>
    <trkpt lat="49.167967" lon="20.074777">
      <ele>1821</ele>
      <time>2026-05-07T10:07:05Z</time>
    </trkpt>
    <trkpt lat="49.168042" lon="20.074837">
      <ele>1826</ele>
      <time>2026-05-07T10:07:27Z</time>
    </trkpt>
    <trkpt lat="49.168056" lon="20.074863">
      <ele>1827</ele>
      <time>2026-05-07T10:07:33Z</time>
    </trkpt>
    <trkpt lat="49.168008" lon="20.07489">
      <ele>1827</ele>
      <time>2026-05-07T10:07:44Z</time>
    </trkpt>
    <trkpt lat="49.167962" lon="20.074887">
      <ele>1826</ele>
      <time>2026-05-07T10:07:55Z</time>
    </trkpt>
    <trkpt lat="49.167927" lon="20.074893">
      <ele>1826</ele>
      <time>2026-05-07T10:08:03Z</time>
    </trkpt>
    <trkpt lat="49.16786" lon="20.074916">
      <ele>1825</ele>
      <time>2026-05-07T10:08:19Z</time>
    </trkpt>
    <trkpt lat="49.167843" lon="20.07495">
      <ele>1826</ele>
      <time>2026-05-07T10:08:26Z</time>
    </trkpt>
    <trkpt lat="49.167824" lon="20.074945">
      <ele>1826</ele>
      <time>2026-05-07T10:08:30Z</time>
    </trkpt>
    <trkpt lat="49.167789" lon="20.074968">
      <ele>1826</ele>
      <time>2026-05-07T10:08:39Z</time>
    </trkpt>
    <trkpt lat="49.167756" lon="20.074993">
      <ele>1826</ele>
      <time>2026-05-07T10:08:47Z</time>
    </trkpt>
    <trkpt lat="49.167716" lon="20.075019">
      <ele>1826</ele>
      <time>2026-05-07T10:08:57Z</time>
    </trkpt>
    <trkpt lat="49.167689" lon="20.075042">
      <ele>1827</ele>
      <time>2026-05-07T10:09:05Z</time>
    </trkpt>
    <trkpt lat="49.167661" lon="20.075043">
      <ele>1826</ele>
      <time>2026-05-07T10:09:11Z</time>
    </trkpt>
    <trkpt lat="49.167605" lon="20.075046">
      <ele>1824</ele>
      <time>2026-05-07T10:09:24Z</time>
    </trkpt>
    <trkpt lat="49.167547" lon="20.075047">
      <ele>1823</ele>
      <time>2026-05-07T10:09:38Z</time>
    </trkpt>
    <trkpt lat="49.167524" lon="20.075058">
      <ele>1822</ele>
      <time>2026-05-07T10:09:44Z</time>
    </trkpt>
    <trkpt lat="49.167465" lon="20.075103">
      <ele>1823</ele>
      <time>2026-05-07T10:09:59Z</time>
    </trkpt>
    <trkpt lat="49.167404" lon="20.075182">
      <ele>1825</ele>
      <time>2026-05-07T10:10:18Z</time>
    </trkpt>
    <trkpt lat="49.167406" lon="20.075223">
      <ele>1827</ele>
      <time>2026-05-07T10:10:25Z</time>
    </trkpt>
    <trkpt lat="49.167531" lon="20.075239">
      <ele>1831</ele>
      <time>2026-05-07T10:10:55Z</time>
    </trkpt>
    <trkpt lat="49.167602" lon="20.075276">
      <ele>1836</ele>
      <time>2026-05-07T10:11:14Z</time>
    </trkpt>
    <trkpt lat="49.167587" lon="20.075318">
      <ele>1837</ele>
      <time>2026-05-07T10:11:22Z</time>
    </trkpt>
    <trkpt lat="49.167543" lon="20.075315">
      <ele>1835</ele>
      <time>2026-05-07T10:11:32Z</time>
    </trkpt>
    <trkpt lat="49.167491" lon="20.075343">
      <ele>1835</ele>
      <time>2026-05-07T10:11:45Z</time>
    </trkpt>
    <trkpt lat="49.167459" lon="20.07539">
      <ele>1836</ele>
      <time>2026-05-07T10:11:56Z</time>
    </trkpt>
    <trkpt lat="49.167465" lon="20.075414">
      <ele>1838</ele>
      <time>2026-05-07T10:12:00Z</time>
    </trkpt>
    <trkpt lat="49.167681" lon="20.075468">
      <ele>1847</ele>
      <time>2026-05-07T10:12:54Z</time>
    </trkpt>
    <trkpt lat="49.16769" lon="20.075494">
      <ele>1848</ele>
      <time>2026-05-07T10:12:59Z</time>
    </trkpt>
    <trkpt lat="49.167524" lon="20.075614">
      <ele>1848</ele>
      <time>2026-05-07T10:13:41Z</time>
    </trkpt>
    <trkpt lat="49.167514" lon="20.075657">
      <ele>1849</ele>
      <time>2026-05-07T10:13:48Z</time>
    </trkpt>
    <trkpt lat="49.167535" lon="20.075667">
      <ele>1850</ele>
      <time>2026-05-07T10:13:53Z</time>
    </trkpt>
    <trkpt lat="49.167601" lon="20.075653">
      <ele>1851</ele>
      <time>2026-05-07T10:14:09Z</time>
    </trkpt>
    <trkpt lat="49.167684" lon="20.075676">
      <ele>1854</ele>
      <time>2026-05-07T10:14:29Z</time>
    </trkpt>
    <trkpt lat="49.167758" lon="20.075721">
      <ele>1857</ele>
      <time>2026-05-07T10:14:48Z</time>
    </trkpt>
    <trkpt lat="49.167811" lon="20.075745">
      <ele>1859</ele>
      <time>2026-05-07T10:15:01Z</time>
    </trkpt>
    <trkpt lat="49.167837" lon="20.075724">
      <ele>1859</ele>
      <time>2026-05-07T10:15:08Z</time>
    </trkpt>
    <trkpt lat="49.167861" lon="20.075704">
      <ele>1859</ele>
      <time>2026-05-07T10:15:14Z</time>
    </trkpt>
    <trkpt lat="49.167911" lon="20.075687">
      <ele>1860</ele>
      <time>2026-05-07T10:15:26Z</time>
    </trkpt>
    <trkpt lat="49.167961" lon="20.075676">
      <ele>1861</ele>
      <time>2026-05-07T10:15:38Z</time>
    </trkpt>
    <trkpt lat="49.167989" lon="20.075706">
      <ele>1862</ele>
      <time>2026-05-07T10:15:46Z</time>
    </trkpt>
    <trkpt lat="49.168032" lon="20.075736">
      <ele>1864</ele>
      <time>2026-05-07T10:15:57Z</time>
    </trkpt>
    <trkpt lat="49.168076" lon="20.075751">
      <ele>1865</ele>
      <time>2026-05-07T10:16:08Z</time>
    </trkpt>
    <trkpt lat="49.16812" lon="20.07575">
      <ele>1867</ele>
      <time>2026-05-07T10:16:19Z</time>
    </trkpt>
    <trkpt lat="49.168154" lon="20.075744">
      <ele>1868</ele>
      <time>2026-05-07T10:16:27Z</time>
    </trkpt>
    <trkpt lat="49.168187" lon="20.075769">
      <ele>1869</ele>
      <time>2026-05-07T10:16:36Z</time>
    </trkpt>
    <trkpt lat="49.168249" lon="20.075814">
      <ele>1873</ele>
      <time>2026-05-07T10:16:53Z</time>
    </trkpt>
    <trkpt lat="49.168299" lon="20.075844">
      <ele>1876</ele>
      <time>2026-05-07T10:17:07Z</time>
    </trkpt>
    <trkpt lat="49.16833" lon="20.075864">
      <ele>1878</ele>
      <time>2026-05-07T10:17:16Z</time>
    </trkpt>
    <trkpt lat="49.168377" lon="20.075894">
      <ele>1881</ele>
      <time>2026-05-07T10:17:29Z</time>
    </trkpt>
    <trkpt lat="49.168436" lon="20.075877">
      <ele>1881</ele>
      <time>2026-05-07T10:17:42Z</time>
    </trkpt>
    <trkpt lat="49.168493" lon="20.075862">
      <ele>1882</ele>
      <time>2026-05-07T10:17:56Z</time>
    </trkpt>
    <trkpt lat="49.168502" lon="20.075893">
      <ele>1884</ele>
      <time>2026-05-07T10:18:02Z</time>
    </trkpt>
    <trkpt lat="49.168458" lon="20.07598">
      <ele>1886</ele>
      <time>2026-05-07T10:18:19Z</time>
    </trkpt>
    <trkpt lat="49.168412" lon="20.076074">
      <ele>1889</ele>
      <time>2026-05-07T10:18:37Z</time>
    </trkpt>
    <trkpt lat="49.168326" lon="20.076176">
      <ele>1890</ele>
      <time>2026-05-07T10:19:02Z</time>
    </trkpt>
    <trkpt lat="49.168307" lon="20.076216">
      <ele>1889</ele>
      <time>2026-05-07T10:19:10Z</time>
    </trkpt>
    <trkpt lat="49.168322" lon="20.076245">
      <ele>1891</ele>
      <time>2026-05-07T10:19:17Z</time>
    </trkpt>
    <trkpt lat="49.168502" lon="20.076285">
      <ele>1898</ele>
      <time>2026-05-07T10:20:00Z</time>
    </trkpt>
    <trkpt lat="49.168525" lon="20.076302">
      <ele>1899</ele>
      <time>2026-05-07T10:20:07Z</time>
    </trkpt>
    <trkpt lat="49.168529" lon="20.076327">
      <ele>1900</ele>
      <time>2026-05-07T10:20:11Z</time>
    </trkpt>
    <trkpt lat="49.168414" lon="20.076479">
      <ele>1901</ele>
      <time>2026-05-07T10:20:46Z</time>
    </trkpt>
    <trkpt lat="49.168428" lon="20.076521">
      <ele>1902</ele>
      <time>2026-05-07T10:20:54Z</time>
    </trkpt>
    <trkpt lat="49.168578" lon="20.076568">
      <ele>1909</ele>
      <time>2026-05-07T10:21:32Z</time>
    </trkpt>
    <trkpt lat="49.168893" lon="20.076628">
      <ele>1914</ele>
      <time>2026-05-07T10:22:45Z</time>
    </trkpt>
    <trkpt lat="49.169013" lon="20.076593">
      <ele>1914</ele>
      <time>2026-05-07T10:23:13Z</time>
    </trkpt>
    <trkpt lat="49.169152" lon="20.07656">
      <ele>1915</ele>
      <time>2026-05-07T10:23:45Z</time>
    </trkpt>
    <trkpt lat="49.16922" lon="20.076541">
      <ele>1915</ele>
      <time>2026-05-07T10:24:01Z</time>
    </trkpt>
    <trkpt lat="49.169274" lon="20.076541">
      <ele>1916</ele>
      <time>2026-05-07T10:24:13Z</time>
    </trkpt>
    <trkpt lat="49.169323" lon="20.076565">
      <ele>1917</ele>
      <time>2026-05-07T10:24:26Z</time>
    </trkpt>
    <trkpt lat="49.169366" lon="20.076609">
      <ele>1919</ele>
      <time>2026-05-07T10:24:38Z</time>
    </trkpt>
    <trkpt lat="49.169416" lon="20.076716">
      <ele>1921</ele>
      <time>2026-05-07T10:24:58Z</time>
    </trkpt>
    <trkpt lat="49.169454" lon="20.076793">
      <ele>1923</ele>
      <time>2026-05-07T10:25:13Z</time>
    </trkpt>
    <trkpt lat="49.169494" lon="20.076823">
      <ele>1924</ele>
      <time>2026-05-07T10:25:23Z</time>
    </trkpt>
    <trkpt lat="49.169558" lon="20.076832">
      <ele>1924</ele>
      <time>2026-05-07T10:25:38Z</time>
    </trkpt>
    <trkpt lat="49.169615" lon="20.076846">
      <ele>1925</ele>
      <time>2026-05-07T10:25:51Z</time>
    </trkpt>
    <trkpt lat="49.169629" lon="20.076871">
      <ele>1925</ele>
      <time>2026-05-07T10:25:56Z</time>
    </trkpt>
    <trkpt lat="49.16967" lon="20.076912">
      <ele>1926</ele>
      <time>2026-05-07T10:26:07Z</time>
    </trkpt>
    <trkpt lat="49.169711" lon="20.076961">
      <ele>1926</ele>
      <time>2026-05-07T10:26:19Z</time>
    </trkpt>
    <trkpt lat="49.169805" lon="20.077012">
      <ele>1927</ele>
      <time>2026-05-07T10:26:42Z</time>
    </trkpt>
    <trkpt lat="49.169833" lon="20.077099">
      <ele>1928</ele>
      <time>2026-05-07T10:26:57Z</time>
    </trkpt>
    <trkpt lat="49.169893" lon="20.077155">
      <ele>1928</ele>
      <time>2026-05-07T10:27:13Z</time>
    </trkpt>
    <trkpt lat="49.170014" lon="20.07721">
      <ele>1928</ele>
      <time>2026-05-07T10:27:42Z</time>
    </trkpt>
    <trkpt lat="49.170076" lon="20.077198">
      <ele>1928</ele>
      <time>2026-05-07T10:27:56Z</time>
    </trkpt>
    <trkpt lat="49.170137" lon="20.077216">
      <ele>1928</ele>
      <time>2026-05-07T10:28:10Z</time>
    </trkpt>
    <trkpt lat="49.170305" lon="20.077393">
      <ele>1930</ele>
      <time>2026-05-07T10:28:57Z</time>
    </trkpt>
    <trkpt lat="49.170393" lon="20.077478">
      <ele>1930</ele>
      <time>2026-05-07T10:29:21Z</time>
    </trkpt>
    <trkpt lat="49.170435" lon="20.077574">
      <ele>1931</ele>
      <time>2026-05-07T10:29:38Z</time>
    </trkpt>
    <trkpt lat="49.170457" lon="20.077726">
      <ele>1933</ele>
      <time>2026-05-07T10:30:02Z</time>
    </trkpt>
    <trkpt lat="49.170473" lon="20.077836">
      <ele>1935</ele>
      <time>2026-05-07T10:30:19Z</time>
    </trkpt>
    <trkpt lat="49.170518" lon="20.07787">
      <ele>1935</ele>
      <time>2026-05-07T10:30:31Z</time>
    </trkpt>
    <trkpt lat="49.170558" lon="20.077917">
      <ele>1935</ele>
      <time>2026-05-07T10:30:42Z</time>
    </trkpt>
    <trkpt lat="49.170621" lon="20.077959">
      <ele>1935</ele>
      <time>2026-05-07T10:30:58Z</time>
    </trkpt>
    <trkpt lat="49.170661" lon="20.078005">
      <ele>1935</ele>
      <time>2026-05-07T10:31:09Z</time>
    </trkpt>
    <trkpt lat="49.170695" lon="20.07805">
      <ele>1936</ele>
      <time>2026-05-07T10:31:20Z</time>
    </trkpt>
    <trkpt lat="49.170763" lon="20.078085">
      <ele>1936</ele>
      <time>2026-05-07T10:31:36Z</time>
    </trkpt>
    <trkpt lat="49.170834" lon="20.07812">
      <ele>1936</ele>
      <time>2026-05-07T10:31:53Z</time>
    </trkpt>
    <trkpt lat="49.170868" lon="20.078139">
      <ele>1936</ele>
      <time>2026-05-07T10:32:01Z</time>
    </trkpt>
    <trkpt lat="49.170908" lon="20.07816">
      <ele>1935</ele>
      <time>2026-05-07T10:32:11Z</time>
    </trkpt>
    <trkpt lat="49.170963" lon="20.078251">
      <ele>1937</ele>
      <time>2026-05-07T10:32:30Z</time>
    </trkpt>
    <trkpt lat="49.171007" lon="20.078337">
      <ele>1938</ele>
      <time>2026-05-07T10:32:46Z</time>
    </trkpt>
    <trkpt lat="49.171048" lon="20.078403">
      <ele>1939</ele>
      <time>2026-05-07T10:33:00Z</time>
    </trkpt>
    <trkpt lat="49.171079" lon="20.078449">
      <ele>1940</ele>
      <time>2026-05-07T10:33:10Z</time>
    </trkpt>
    <trkpt lat="49.171137" lon="20.078514">
      <ele>1941</ele>
      <time>2026-05-07T10:33:27Z</time>
    </trkpt>
    <trkpt lat="49.171171" lon="20.07857">
      <ele>1941</ele>
      <time>2026-05-07T10:33:38Z</time>
    </trkpt>
    <trkpt lat="49.171205" lon="20.078703">
      <ele>1944</ele>
      <time>2026-05-07T10:34:00Z</time>
    </trkpt>
    <trkpt lat="49.171249" lon="20.078738">
      <ele>1943</ele>
      <time>2026-05-07T10:34:11Z</time>
    </trkpt>
    <trkpt lat="49.171291" lon="20.078765">
      <ele>1942</ele>
      <time>2026-05-07T10:34:22Z</time>
    </trkpt>
    <trkpt lat="49.17131" lon="20.078778">
      <ele>1942</ele>
      <time>2026-05-07T10:34:27Z</time>
    </trkpt>
    <trkpt lat="49.171361" lon="20.078823">
      <ele>1941</ele>
      <time>2026-05-07T10:34:40Z</time>
    </trkpt>
    <trkpt lat="49.171395" lon="20.078853">
      <ele>1940</ele>
      <time>2026-05-07T10:34:50Z</time>
    </trkpt>
    <trkpt lat="49.171424" lon="20.078903">
      <ele>1940</ele>
      <time>2026-05-07T10:35:00Z</time>
    </trkpt>
    <trkpt lat="49.171473" lon="20.07896">
      <ele>1940</ele>
      <time>2026-05-07T10:35:14Z</time>
    </trkpt>
    <trkpt lat="49.17151" lon="20.078995">
      <ele>1940</ele>
      <time>2026-05-07T10:35:24Z</time>
    </trkpt>
    <trkpt lat="49.171523" lon="20.07901">
      <ele>1940</ele>
      <time>2026-05-07T10:35:27Z</time>
    </trkpt>
    <trkpt lat="49.171555" lon="20.079041">
      <ele>1939</ele>
      <time>2026-05-07T10:35:36Z</time>
    </trkpt>
    <trkpt lat="49.171577" lon="20.079109">
      <ele>1940</ele>
      <time>2026-05-07T10:35:47Z</time>
    </trkpt>
    <trkpt lat="49.17163" lon="20.079213">
      <ele>1941</ele>
      <time>2026-05-07T10:36:07Z</time>
    </trkpt>
    <trkpt lat="49.171651" lon="20.079236">
      <ele>1941</ele>
      <time>2026-05-07T10:36:13Z</time>
    </trkpt>
    <trkpt lat="49.171657" lon="20.079243">
      <ele>1941</ele>
      <time>2026-05-07T10:36:15Z</time>
    </trkpt>
    <trkpt lat="49.171687" lon="20.079247">
      <ele>1941</ele>
      <time>2026-05-07T10:36:22Z</time>
    </trkpt>
    <trkpt lat="49.171714" lon="20.079257">
      <ele>1941</ele>
      <time>2026-05-07T10:36:28Z</time>
    </trkpt>
    <trkpt lat="49.171749" lon="20.079262">
      <ele>1941</ele>
      <time>2026-05-07T10:36:36Z</time>
    </trkpt>
    <trkpt lat="49.171779" lon="20.079297">
      <ele>1942</ele>
      <time>2026-05-07T10:36:45Z</time>
    </trkpt>
    <trkpt lat="49.171802" lon="20.079317">
      <ele>1942</ele>
      <time>2026-05-07T10:36:51Z</time>
    </trkpt>
    <trkpt lat="49.171836" lon="20.079322">
      <ele>1942</ele>
      <time>2026-05-07T10:36:59Z</time>
    </trkpt>
    <trkpt lat="49.17188" lon="20.079382">
      <ele>1944</ele>
      <time>2026-05-07T10:37:13Z</time>
    </trkpt>
    <trkpt lat="49.171904" lon="20.079423">
      <ele>1945</ele>
      <time>2026-05-07T10:37:22Z</time>
    </trkpt>
    <trkpt lat="49.171926" lon="20.079471">
      <ele>1947</ele>
      <time>2026-05-07T10:37:31Z</time>
    </trkpt>
    <trkpt lat="49.17194" lon="20.07952">
      <ele>1949</ele>
      <time>2026-05-07T10:37:40Z</time>
    </trkpt>
    <trkpt lat="49.171989" lon="20.079585">
      <ele>1951</ele>
      <time>2026-05-07T10:37:55Z</time>
    </trkpt>
    <trkpt lat="49.17204" lon="20.079615">
      <ele>1952</ele>
      <time>2026-05-07T10:38:08Z</time>
    </trkpt>
    <trkpt lat="49.172092" lon="20.079638">
      <ele>1952</ele>
      <time>2026-05-07T10:38:20Z</time>
    </trkpt>
    <trkpt lat="49.172209" lon="20.079703">
      <ele>1954</ele>
      <time>2026-05-07T10:38:49Z</time>
    </trkpt>
    <trkpt lat="49.172264" lon="20.079752">
      <ele>1955</ele>
      <time>2026-05-07T10:39:04Z</time>
    </trkpt>
    <trkpt lat="49.172313" lon="20.079824">
      <ele>1957</ele>
      <time>2026-05-07T10:39:20Z</time>
    </trkpt>
    <trkpt lat="49.172386" lon="20.079871">
      <ele>1958</ele>
      <time>2026-05-07T10:39:38Z</time>
    </trkpt>
    <trkpt lat="49.172427" lon="20.079906">
      <ele>1958</ele>
      <time>2026-05-07T10:39:49Z</time>
    </trkpt>
    <trkpt lat="49.172514" lon="20.079967">
      <ele>1958</ele>
      <time>2026-05-07T10:40:11Z</time>
    </trkpt>
    <trkpt lat="49.172565" lon="20.080022">
      <ele>1959</ele>
      <time>2026-05-07T10:40:25Z</time>
    </trkpt>
    <trkpt lat="49.172607" lon="20.08009">
      <ele>1961</ele>
      <time>2026-05-07T10:40:39Z</time>
    </trkpt>
    <trkpt lat="49.172684" lon="20.080181">
      <ele>1962</ele>
      <time>2026-05-07T10:41:02Z</time>
    </trkpt>
    <trkpt lat="49.172789" lon="20.080292">
      <ele>1963</ele>
      <time>2026-05-07T10:41:31Z</time>
    </trkpt>
    <trkpt lat="49.172898" lon="20.080444">
      <ele>1968</ele>
      <time>2026-05-07T10:42:06Z</time>
    </trkpt>
    <trkpt lat="49.172976" lon="20.080564">
      <ele>1971</ele>
      <time>2026-05-07T10:42:32Z</time>
    </trkpt>
    <trkpt lat="49.173048" lon="20.080703">
      <ele>1975</ele>
      <time>2026-05-07T10:43:00Z</time>
    </trkpt>
    <trkpt lat="49.173114" lon="20.080779">
      <ele>1977</ele>
      <time>2026-05-07T10:43:19Z</time>
    </trkpt>
    <trkpt lat="49.173174" lon="20.080832">
      <ele>1979</ele>
      <time>2026-05-07T10:43:36Z</time>
    </trkpt>
    <trkpt lat="49.173265" lon="20.080825">
      <ele>1977</ele>
      <time>2026-05-07T10:43:57Z</time>
    </trkpt>
    <trkpt lat="49.173315" lon="20.080819">
      <ele>1977</ele>
      <time>2026-05-07T10:44:08Z</time>
    </trkpt>
    <trkpt lat="49.173377" lon="20.080838">
      <ele>1977</ele>
      <time>2026-05-07T10:44:23Z</time>
    </trkpt>
    <trkpt lat="49.17344" lon="20.080853">
      <ele>1977</ele>
      <time>2026-05-07T10:44:37Z</time>
    </trkpt>
    <trkpt lat="49.173493" lon="20.080896">
      <ele>1978</ele>
      <time>2026-05-07T10:44:51Z</time>
    </trkpt>
    <trkpt lat="49.173526" lon="20.08092">
      <ele>1978</ele>
      <time>2026-05-07T10:44:59Z</time>
    </trkpt>
    <trkpt lat="49.173579" lon="20.080964">
      <ele>1979</ele>
      <time>2026-05-07T10:45:13Z</time>
    </trkpt>
    <trkpt lat="49.17363" lon="20.081022">
      <ele>1981</ele>
      <time>2026-05-07T10:45:28Z</time>
    </trkpt>
    <trkpt lat="49.173675" lon="20.081068">
      <ele>1983</ele>
      <time>2026-05-07T10:45:41Z</time>
    </trkpt>
    <trkpt lat="49.173725" lon="20.081123">
      <ele>1985</ele>
      <time>2026-05-07T10:45:56Z</time>
    </trkpt>
    <trkpt lat="49.173803" lon="20.081218">
      <ele>1988</ele>
      <time>2026-05-07T10:46:20Z</time>
    </trkpt>
    <trkpt lat="49.17387" lon="20.081276">
      <ele>1991</ele>
      <time>2026-05-07T10:46:38Z</time>
    </trkpt>
    <trkpt lat="49.173941" lon="20.081282">
      <ele>1992</ele>
      <time>2026-05-07T10:46:55Z</time>
    </trkpt>
    <trkpt lat="49.173971" lon="20.081266">
      <ele>1992</ele>
      <time>2026-05-07T10:47:02Z</time>
    </trkpt>
    <trkpt lat="49.174035" lon="20.081217">
      <ele>1992</ele>
      <time>2026-05-07T10:47:18Z</time>
    </trkpt>
    <trkpt lat="49.174148" lon="20.08121">
      <ele>1994</ele>
      <time>2026-05-07T10:47:44Z</time>
    </trkpt>
    <trkpt lat="49.17421" lon="20.081245">
      <ele>1994</ele>
      <time>2026-05-07T10:48:00Z</time>
    </trkpt>
    <trkpt lat="49.174237" lon="20.081279">
      <ele>1995</ele>
      <time>2026-05-07T10:48:08Z</time>
    </trkpt>
    <trkpt lat="49.174279" lon="20.081338">
      <ele>1997</ele>
      <time>2026-05-07T10:48:21Z</time>
    </trkpt>
    <trkpt lat="49.174315" lon="20.081357">
      <ele>1997</ele>
      <time>2026-05-07T10:48:30Z</time>
    </trkpt>
    <trkpt lat="49.174353" lon="20.08139">
      <ele>1998</ele>
      <time>2026-05-07T10:48:40Z</time>
    </trkpt>
    <trkpt lat="49.174407" lon="20.081409">
      <ele>1999</ele>
      <time>2026-05-07T10:48:53Z</time>
    </trkpt>
    <trkpt lat="49.174443" lon="20.081431">
      <ele>1999</ele>
      <time>2026-05-07T10:49:02Z</time>
    </trkpt>
    <trkpt lat="49.174472" lon="20.081471">
      <ele>2000</ele>
      <time>2026-05-07T10:49:11Z</time>
    </trkpt>
    <trkpt lat="49.174522" lon="20.081467">
      <ele>2001</ele>
      <time>2026-05-07T10:49:23Z</time>
    </trkpt>
    <trkpt lat="49.174574" lon="20.081468">
      <ele>2001</ele>
      <time>2026-05-07T10:49:35Z</time>
    </trkpt>
    <trkpt lat="49.174578" lon="20.081515">
      <ele>2002</ele>
      <time>2026-05-07T10:49:42Z</time>
    </trkpt>
    <trkpt lat="49.174574" lon="20.081561">
      <ele>2002</ele>
      <time>2026-05-07T10:49:49Z</time>
    </trkpt>
    <trkpt lat="49.174612" lon="20.081589">
      <ele>2003</ele>
      <time>2026-05-07T10:49:59Z</time>
    </trkpt>
    <trkpt lat="49.174644" lon="20.081589">
      <ele>2003</ele>
      <time>2026-05-07T10:50:06Z</time>
    </trkpt>
    <trkpt lat="49.174703" lon="20.081578">
      <ele>2003</ele>
      <time>2026-05-07T10:50:20Z</time>
    </trkpt>
    <trkpt lat="49.174739" lon="20.081587">
      <ele>2003</ele>
      <time>2026-05-07T10:50:28Z</time>
    </trkpt>
    <trkpt lat="49.174771" lon="20.081591">
      <ele>2004</ele>
      <time>2026-05-07T10:50:35Z</time>
    </trkpt>
    <trkpt lat="49.174826" lon="20.081615">
      <ele>2005</ele>
      <time>2026-05-07T10:50:49Z</time>
    </trkpt>
    <trkpt lat="49.174898" lon="20.081643">
      <ele>2006</ele>
      <time>2026-05-07T10:51:06Z</time>
    </trkpt>
    <trkpt lat="49.174856" lon="20.081708">
      <ele>2007</ele>
      <time>2026-05-07T10:51:20Z</time>
    </trkpt>
    <trkpt lat="49.174824" lon="20.081758">
      <ele>2009</ele>
      <time>2026-05-07T10:51:31Z</time>
    </trkpt>
    <trkpt lat="49.174812" lon="20.081813">
      <ele>2011</ele>
      <time>2026-05-07T10:51:41Z</time>
    </trkpt>
    <trkpt lat="49.17488" lon="20.081797">
      <ele>2011</ele>
      <time>2026-05-07T10:51:57Z</time>
    </trkpt>
    <trkpt lat="49.174932" lon="20.081786">
      <ele>2011</ele>
      <time>2026-05-07T10:52:09Z</time>
    </trkpt>
    <trkpt lat="49.174983" lon="20.081785">
      <ele>2011</ele>
      <time>2026-05-07T10:52:20Z</time>
    </trkpt>
    <trkpt lat="49.175111" lon="20.081746">
      <ele>2015</ele>
      <time>2026-05-07T10:52:51Z</time>
    </trkpt>
    <trkpt lat="49.175055" lon="20.081818">
      <ele>2015</ele>
      <time>2026-05-07T10:53:08Z</time>
    </trkpt>
    <trkpt lat="49.17501" lon="20.081884">
      <ele>2015</ele>
      <time>2026-05-07T10:53:22Z</time>
    </trkpt>
    <trkpt lat="49.174946" lon="20.082003">
      <ele>2020</ele>
      <time>2026-05-07T10:53:47Z</time>
    </trkpt>
    <trkpt lat="49.174927" lon="20.082068">
      <ele>2022</ele>
      <time>2026-05-07T10:53:58Z</time>
    </trkpt>
    <trkpt lat="49.17495" lon="20.082078">
      <ele>2023</ele>
      <time>2026-05-07T10:54:04Z</time>
    </trkpt>
    <trkpt lat="49.175002" lon="20.082077">
      <ele>2024</ele>
      <time>2026-05-07T10:54:17Z</time>
    </trkpt>
    <trkpt lat="49.175054" lon="20.082076">
      <ele>2026</ele>
      <time>2026-05-07T10:54:29Z</time>
    </trkpt>
    <trkpt lat="49.175135" lon="20.082069">
      <ele>2029</ele>
      <time>2026-05-07T10:54:49Z</time>
    </trkpt>
    <trkpt lat="49.175186" lon="20.082073">
      <ele>2031</ele>
      <time>2026-05-07T10:55:01Z</time>
    </trkpt>
    <trkpt lat="49.175152" lon="20.082118">
      <ele>2032</ele>
      <time>2026-05-07T10:55:12Z</time>
    </trkpt>
    <trkpt lat="49.175056" lon="20.082208">
      <ele>2033</ele>
      <time>2026-05-07T10:55:37Z</time>
    </trkpt>
    <trkpt lat="49.17502" lon="20.082269">
      <ele>2036</ele>
      <time>2026-05-07T10:55:51Z</time>
    </trkpt>
    <trkpt lat="49.17497" lon="20.082337">
      <ele>2038</ele>
      <time>2026-05-07T10:56:06Z</time>
    </trkpt>
    <trkpt lat="49.174913" lon="20.082387">
      <ele>2039</ele>
      <time>2026-05-07T10:56:22Z</time>
    </trkpt>
    <trkpt lat="49.174843" lon="20.082461">
      <ele>2042</ele>
      <time>2026-05-07T10:56:42Z</time>
    </trkpt>
    <trkpt lat="49.174795" lon="20.082536">
      <ele>2048</ele>
      <time>2026-05-07T10:57:02Z</time>
    </trkpt>
    <trkpt lat="49.174974" lon="20.082582">
      <ele>2057</ele>
      <time>2026-05-07T10:57:47Z</time>
    </trkpt>
    <trkpt lat="49.174851" lon="20.082673">
      <ele>2062</ele>
      <time>2026-05-07T10:58:20Z</time>
    </trkpt>
    <trkpt lat="49.1748" lon="20.082714">
      <ele>2063</ele>
      <time>2026-05-07T10:58:34Z</time>
    </trkpt>
    <trkpt lat="49.174822" lon="20.08274">
      <ele>2066</ele>
      <time>2026-05-07T10:58:43Z</time>
    </trkpt>
    <trkpt lat="49.174972" lon="20.082789">
      <ele>2078</ele>
      <time>2026-05-07T10:59:25Z</time>
    </trkpt>
    <trkpt lat="49.174896" lon="20.082867">
      <ele>2081</ele>
      <time>2026-05-07T10:59:47Z</time>
    </trkpt>
    <trkpt lat="49.174887" lon="20.082905">
      <ele>2084</ele>
      <time>2026-05-07T10:59:56Z</time>
    </trkpt>
    <trkpt lat="49.174979" lon="20.082921">
      <ele>2089</ele>
      <time>2026-05-07T11:00:19Z</time>
    </trkpt>
    <trkpt lat="49.174916" lon="20.082957">
      <ele>2090</ele>
      <time>2026-05-07T11:00:35Z</time>
    </trkpt>
    <trkpt lat="49.17483" lon="20.082985">
      <ele>2089</ele>
      <time>2026-05-07T11:00:55Z</time>
    </trkpt>
    <trkpt lat="49.174674" lon="20.083014">
      <ele>2088</ele>
      <time>2026-05-07T11:01:31Z</time>
    </trkpt>
    <trkpt lat="49.174599" lon="20.082998">
      <ele>2084</ele>
      <time>2026-05-07T11:01:50Z</time>
    </trkpt>
    <trkpt lat="49.17452" lon="20.082965">
      <ele>2079</ele>
      <time>2026-05-07T11:02:11Z</time>
    </trkpt>
    <trkpt lat="49.174468" lon="20.082921">
      <ele>2073</ele>
      <time>2026-05-07T11:02:29Z</time>
    </trkpt>
    <trkpt lat="49.174393" lon="20.082897">
      <ele>2070</ele>
      <time>2026-05-07T11:02:48Z</time>
    </trkpt>
    <trkpt lat="49.174347" lon="20.082897">
      <ele>2069</ele>
      <time>2026-05-07T11:02:59Z</time>
    </trkpt>
    <trkpt lat="49.174277" lon="20.082881">
      <ele>2066</ele>
      <time>2026-05-07T11:03:16Z</time>
    </trkpt>
    <trkpt lat="49.174142" lon="20.08283">
      <ele>2061</ele>
      <time>2026-05-07T11:03:49Z</time>
    </trkpt>
    <trkpt lat="49.174069" lon="20.082803">
      <ele>2060</ele>
      <time>2026-05-07T11:04:07Z</time>
    </trkpt>
    <trkpt lat="49.173977" lon="20.082773">
      <ele>2059</ele>
      <time>2026-05-07T11:04:28Z</time>
    </trkpt>
    <trkpt lat="49.173861" lon="20.082721">
      <ele>2057</ele>
      <time>2026-05-07T11:04:56Z</time>
    </trkpt>
    <trkpt lat="49.173727" lon="20.082742">
      <ele>2059</ele>
      <time>2026-05-07T11:05:27Z</time>
    </trkpt>
    <trkpt lat="49.173633" lon="20.082778">
      <ele>2061</ele>
      <time>2026-05-07T11:05:50Z</time>
    </trkpt>
    <trkpt lat="49.173472" lon="20.08287">
      <ele>2063</ele>
      <time>2026-05-07T11:06:30Z</time>
    </trkpt>
    <trkpt lat="49.173441" lon="20.082942">
      <ele>2066</ele>
      <time>2026-05-07T11:06:43Z</time>
    </trkpt>
    <trkpt lat="49.173394" lon="20.083031">
      <ele>2068</ele>
      <time>2026-05-07T11:07:01Z</time>
    </trkpt>
    <trkpt lat="49.173408" lon="20.083124">
      <ele>2072</ele>
      <time>2026-05-07T11:07:17Z</time>
    </trkpt>
    <trkpt lat="49.173335" lon="20.083232">
      <ele>2075</ele>
      <time>2026-05-07T11:07:42Z</time>
    </trkpt>
    <trkpt lat="49.173399" lon="20.083296">
      <ele>2079</ele>
      <time>2026-05-07T11:08:01Z</time>
    </trkpt>
    <trkpt lat="49.173422" lon="20.083378">
      <ele>2084</ele>
      <time>2026-05-07T11:08:18Z</time>
    </trkpt>
    <trkpt lat="49.173336" lon="20.083483">
      <ele>2087</ele>
      <time>2026-05-07T11:08:44Z</time>
    </trkpt>
    <trkpt lat="49.173285" lon="20.083575">
      <ele>2094</ele>
      <time>2026-05-07T11:09:06Z</time>
    </trkpt>
    <trkpt lat="49.173276" lon="20.083668">
      <ele>2097</ele>
      <time>2026-05-07T11:09:22Z</time>
    </trkpt>
    <trkpt lat="49.173298" lon="20.083737">
      <ele>2098</ele>
      <time>2026-05-07T11:09:34Z</time>
    </trkpt>
    <trkpt lat="49.173351" lon="20.083846">
      <ele>2101</ele>
      <time>2026-05-07T11:09:55Z</time>
    </trkpt>
    <trkpt lat="49.173334" lon="20.083943">
      <ele>2104</ele>
      <time>2026-05-07T11:10:11Z</time>
    </trkpt>
    <trkpt lat="49.173411" lon="20.083977">
      <ele>2106</ele>
      <time>2026-05-07T11:10:29Z</time>
    </trkpt>
    <trkpt lat="49.17342" lon="20.08407">
      <ele>2109</ele>
      <time>2026-05-07T11:10:45Z</time>
    </trkpt>
    <trkpt lat="49.173456" lon="20.08412">
      <ele>2110</ele>
      <time>2026-05-07T11:10:56Z</time>
    </trkpt>
    <trkpt lat="49.173464" lon="20.084179">
      <ele>2112</ele>
      <time>2026-05-07T11:11:06Z</time>
    </trkpt>
    <trkpt lat="49.173476" lon="20.084273">
      <ele>2115</ele>
      <time>2026-05-07T11:11:21Z</time>
    </trkpt>
    <trkpt lat="49.173493" lon="20.084365">
      <ele>2118</ele>
      <time>2026-05-07T11:11:37Z</time>
    </trkpt>
    <trkpt lat="49.17349" lon="20.084472">
      <ele>2122</ele>
      <time>2026-05-07T11:11:55Z</time>
    </trkpt>
    <trkpt lat="49.173472" lon="20.084588">
      <ele>2131</ele>
      <time>2026-05-07T11:12:20Z</time>
    </trkpt>
    <trkpt lat="49.173444" lon="20.084696">
      <ele>2139</ele>
      <time>2026-05-07T11:12:44Z</time>
    </trkpt>
    <trkpt lat="49.173423" lon="20.084785">
      <ele>2146</ele>
      <time>2026-05-07T11:13:05Z</time>
    </trkpt>
    <trkpt lat="49.173405" lon="20.08493">
      <ele>2159</ele>
      <time>2026-05-07T11:13:39Z</time>
    </trkpt>
    <trkpt lat="49.173406" lon="20.085036">
      <ele>2165</ele>
      <time>2026-05-07T11:14:00Z</time>
    </trkpt>
    <trkpt lat="49.173426" lon="20.085198">
      <ele>2169</ele>
      <time>2026-05-07T11:14:26Z</time>
    </trkpt>
    <trkpt lat="49.173432" lon="20.08532">
      <ele>2171</ele>
      <time>2026-05-07T11:14:45Z</time>
    </trkpt>
    <trkpt lat="49.173427" lon="20.085451">
      <ele>2173</ele>
      <time>2026-05-07T11:15:05Z</time>
    </trkpt>
    <trkpt lat="49.173418" lon="20.085533">
      <ele>2173</ele>
      <time>2026-05-07T11:15:17Z</time>
    </trkpt>
    <trkpt lat="49.173384" lon="20.085622">
      <ele>2173</ele>
      <time>2026-05-07T11:15:33Z</time>
    </trkpt>
    <trkpt lat="49.173384" lon="20.085681">
      <ele>2174</ele>
      <time>2026-05-07T11:15:42Z</time>
    </trkpt>
    <trkpt lat="49.17343" lon="20.085762">
      <ele>2177</ele>
      <time>2026-05-07T11:15:59Z</time>
    </trkpt>
    <trkpt lat="49.173536" lon="20.085851">
      <ele>2183</ele>
      <time>2026-05-07T11:16:29Z</time>
    </trkpt>
    <trkpt lat="49.173618" lon="20.085881">
      <ele>2186</ele>
      <time>2026-05-07T11:16:49Z</time>
    </trkpt>
    <trkpt lat="49.173688" lon="20.085886">
      <ele>2190</ele>
      <time>2026-05-07T11:17:07Z</time>
    </trkpt>
    <trkpt lat="49.173823" lon="20.085911">
      <ele>2196</ele>
      <time>2026-05-07T11:17:41Z</time>
    </trkpt>
    <trkpt lat="49.173881" lon="20.085886">
      <ele>2199</ele>
      <time>2026-05-07T11:17:55Z</time>
    </trkpt>
    <trkpt lat="49.173921" lon="20.085851">
      <ele>2200</ele>
      <time>2026-05-07T11:18:06Z</time>
    </trkpt>
    <trkpt lat="49.17396" lon="20.085874">
      <ele>2203</ele>
      <time>2026-05-07T11:18:17Z</time>
    </trkpt>
    <trkpt lat="49.173977" lon="20.085959">
      <ele>2205</ele>
      <time>2026-05-07T11:18:32Z</time>
    </trkpt>
    <trkpt lat="49.173965" lon="20.086086">
      <ele>2207</ele>
      <time>2026-05-07T11:18:51Z</time>
    </trkpt>
    <trkpt lat="49.173977" lon="20.086204">
      <ele>2210</ele>
      <time>2026-05-07T11:19:10Z</time>
    </trkpt>
    <trkpt lat="49.173972" lon="20.086311">
      <ele>2211</ele>
      <time>2026-05-07T11:19:26Z</time>
    </trkpt>
    <trkpt lat="49.173995" lon="20.086405">
      <ele>2213</ele>
      <time>2026-05-07T11:19:42Z</time>
    </trkpt>
    <trkpt lat="49.17405" lon="20.086496">
      <ele>2216</ele>
      <time>2026-05-07T11:20:01Z</time>
    </trkpt>
    <trkpt lat="49.17412" lon="20.086578">
      <ele>2219</ele>
      <time>2026-05-07T11:20:22Z</time>
    </trkpt>
    <trkpt lat="49.174185" lon="20.086688">
      <ele>2222</ele>
      <time>2026-05-07T11:20:45Z</time>
    </trkpt>
    <trkpt lat="49.174211" lon="20.086842">
      <ele>2224</ele>
      <time>2026-05-07T11:21:09Z</time>
    </trkpt>
    <trkpt lat="49.174237" lon="20.086933">
      <ele>2226</ele>
      <time>2026-05-07T11:21:25Z</time>
    </trkpt>
    <trkpt lat="49.174283" lon="20.087">
      <ele>2230</ele>
      <time>2026-05-07T11:21:41Z</time>
    </trkpt>
    <trkpt lat="49.174314" lon="20.087039">
      <ele>2232</ele>
      <time>2026-05-07T11:21:51Z</time>
    </trkpt>
    <trkpt lat="49.17441" lon="20.087066">
      <ele>2238</ele>
      <time>2026-05-07T11:22:17Z</time>
    </trkpt>
    <trkpt lat="49.174479" lon="20.087082">
      <ele>2243</ele>
      <time>2026-05-07T11:22:36Z</time>
    </trkpt>
    <trkpt lat="49.174566" lon="20.087209">
      <ele>2250</ele>
      <time>2026-05-07T11:23:07Z</time>
    </trkpt>
    <trkpt lat="49.174572" lon="20.087216">
      <ele>2250</ele>
      <time>2026-05-07T11:23:10Z</time>
    </trkpt>
    <trkpt lat="49.174603" lon="20.087256">
      <ele>2251</ele>
      <time>2026-05-07T11:23:23Z</time>
    </trkpt>
    <trkpt lat="49.174705" lon="20.087285">
      <ele>2253</ele>
      <time>2026-05-07T11:23:58Z</time>
    </trkpt>
    <trkpt lat="49.17482" lon="20.08725">
      <ele>2258</ele>
      <time>2026-05-07T11:24:40Z</time>
    </trkpt>
    <trkpt lat="49.174899" lon="20.087298">
      <ele>2262</ele>
      <time>2026-05-07T11:25:10Z</time>
    </trkpt>
    <trkpt lat="49.174986" lon="20.087345">
      <ele>2265</ele>
      <time>2026-05-07T11:25:43Z</time>
    </trkpt>
    <trkpt lat="49.175052" lon="20.087431">
      <ele>2268</ele>
      <time>2026-05-07T11:26:13Z</time>
    </trkpt>
    <trkpt lat="49.175106" lon="20.08751">
      <ele>2272</ele>
      <time>2026-05-07T11:26:40Z</time>
    </trkpt>
    <trkpt lat="49.175174" lon="20.087605">
      <ele>2277</ele>
      <time>2026-05-07T11:27:14Z</time>
    </trkpt>
    <trkpt lat="49.175221" lon="20.087714">
      <ele>2280</ele>
      <time>2026-05-07T11:27:44Z</time>
    </trkpt>
    <trkpt lat="49.17527" lon="20.087811">
      <ele>2283</ele>
      <time>2026-05-07T11:28:12Z</time>
    </trkpt>
    <trkpt lat="49.175307" lon="20.087911">
      <ele>2282</ele>
      <time>2026-05-07T11:28:37Z</time>
    </trkpt>
    <trkpt lat="49.175332" lon="20.088015">
      <ele>2280</ele>
      <time>2026-05-07T11:29:01Z</time>
    </trkpt>
    <trkpt lat="49.175371" lon="20.088111">
      <ele>2281</ele>
      <time>2026-05-07T11:29:26Z</time>
    </trkpt>
    <trkpt lat="49.175409" lon="20.088218">
      <ele>2282</ele>
      <time>2026-05-07T11:29:52Z</time>
    </trkpt>
    <trkpt lat="49.175446" lon="20.088332">
      <ele>2282</ele>
      <time>2026-05-07T11:30:20Z</time>
    </trkpt>
    <trkpt lat="49.175487" lon="20.088429">
      <ele>2284</ele>
      <time>2026-05-07T11:30:46Z</time>
    </trkpt>
    <trkpt lat="49.175525" lon="20.088514">
      <ele>2286</ele>
      <time>2026-05-07T11:31:09Z</time>
    </trkpt>
    <trkpt lat="49.175562" lon="20.088631">
      <ele>2287</ele>
      <time>2026-05-07T11:31:37Z</time>
    </trkpt>
    <trkpt lat="49.175579" lon="20.088789">
      <ele>2289</ele>
      <time>2026-05-07T11:32:12Z</time>
    </trkpt>
    <trkpt lat="49.175582" lon="20.089029">
      <ele>2289</ele>
      <time>2026-05-07T11:33:04Z</time>
    </trkpt>
    <trkpt lat="49.175574" lon="20.089197">
      <ele>2290</ele>
      <time>2026-05-07T11:33:41Z</time>
    </trkpt>
    <trkpt lat="49.175563" lon="20.089369">
      <ele>2291</ele>
      <time>2026-05-07T11:34:18Z</time>
    </trkpt>
    <trkpt lat="49.175565" lon="20.0895">
      <ele>2293</ele>
      <time>2026-05-07T11:34:47Z</time>
    </trkpt>
    <trkpt lat="49.175608" lon="20.089516">
      <ele>2295</ele>
      <time>2026-05-07T11:35:03Z</time>
    </trkpt>
    <trkpt lat="49.175663" lon="20.089493">
      <ele>2297</ele>
      <time>2026-05-07T11:35:23Z</time>
    </trkpt>
    <trkpt lat="49.175726" lon="20.089432">
      <ele>2300</ele>
      <time>2026-05-07T11:35:49Z</time>
    </trkpt>
    <trkpt lat="49.175813" lon="20.089361">
      <ele>2304</ele>
      <time>2026-05-07T11:36:24Z</time>
    </trkpt>
    <trkpt lat="49.1759" lon="20.089287">
      <ele>2310</ele>
      <time>2026-05-07T11:37:01Z</time>
    </trkpt>
    <trkpt lat="49.175948" lon="20.089252">
      <ele>2313</ele>
      <time>2026-05-07T11:37:21Z</time>
    </trkpt>
    <trkpt lat="49.175994" lon="20.089235">
      <ele>2316</ele>
      <time>2026-05-07T11:37:40Z</time>
    </trkpt>
    <trkpt lat="49.176032" lon="20.089245">
      <ele>2319</ele>
      <time>2026-05-07T11:37:55Z</time>
    </trkpt>
    <trkpt lat="49.176053" lon="20.089286">
      <ele>2321</ele>
      <time>2026-05-07T11:38:07Z</time>
    </trkpt>
    <trkpt lat="49.176066" lon="20.089348">
      <ele>2322</ele>
      <time>2026-05-07T11:38:22Z</time>
    </trkpt>
    <trkpt lat="49.176098" lon="20.089434">
      <ele>2325</ele>
      <time>2026-05-07T11:38:45Z</time>
    </trkpt>
    <trkpt lat="49.176115" lon="20.089516">
      <ele>2327</ele>
      <time>2026-05-07T11:39:05Z</time>
    </trkpt>
    <trkpt lat="49.176153" lon="20.089589">
      <ele>2331</ele>
      <time>2026-05-07T11:39:28Z</time>
    </trkpt>
    <trkpt lat="49.176182" lon="20.089608">
      <ele>2333</ele>
      <time>2026-05-07T11:39:40Z</time>
    </trkpt>
    <trkpt lat="49.176218" lon="20.089615">
      <ele>2334</ele>
      <time>2026-05-07T11:39:53Z</time>
    </trkpt>
    <trkpt lat="49.176269" lon="20.089611">
      <ele>2337</ele>
      <time>2026-05-07T11:40:11Z</time>
    </trkpt>
    <trkpt lat="49.176326" lon="20.089613">
      <ele>2340</ele>
      <time>2026-05-07T11:40:32Z</time>
    </trkpt>
    <trkpt lat="49.17638" lon="20.089615">
      <ele>2343</ele>
      <time>2026-05-07T11:40:52Z</time>
    </trkpt>
    <trkpt lat="49.176451" lon="20.089615">
      <ele>2344</ele>
      <time>2026-05-07T11:41:16Z</time>
    </trkpt>
    <trkpt lat="49.176469" lon="20.089576">
      <ele>2345</ele>
      <time>2026-05-07T11:41:26Z</time>
    </trkpt>
    <trkpt lat="49.176467" lon="20.089525">
      <ele>2345</ele>
      <time>2026-05-07T11:41:38Z</time>
    </trkpt>
    <trkpt lat="49.176461" lon="20.089445">
      <ele>2345</ele>
      <time>2026-05-07T11:41:55Z</time>
    </trkpt>
    <trkpt lat="49.176466" lon="20.089409">
      <ele>2346</ele>
      <time>2026-05-07T11:42:03Z</time>
    </trkpt>
    <trkpt lat="49.176493" lon="20.089376">
      <ele>2347</ele>
      <time>2026-05-07T11:42:15Z</time>
    </trkpt>
    <trkpt lat="49.176539" lon="20.089405">
      <ele>2349</ele>
      <time>2026-05-07T11:42:33Z</time>
    </trkpt>
    <trkpt lat="49.176606" lon="20.08944">
      <ele>2352</ele>
      <time>2026-05-07T11:42:58Z</time>
    </trkpt>
    <trkpt lat="49.176658" lon="20.089432">
      <ele>2355</ele>
      <time>2026-05-07T11:43:17Z</time>
    </trkpt>
    <trkpt lat="49.176684" lon="20.089411">
      <ele>2356</ele>
      <time>2026-05-07T11:43:27Z</time>
    </trkpt>
    <trkpt lat="49.176736" lon="20.089315">
      <ele>2359</ele>
      <time>2026-05-07T11:43:56Z</time>
    </trkpt>
    <trkpt lat="49.176757" lon="20.089217">
      <ele>2361</ele>
      <time>2026-05-07T11:44:19Z</time>
    </trkpt>
    <trkpt lat="49.176753" lon="20.089148">
      <ele>2362</ele>
      <time>2026-05-07T11:44:34Z</time>
    </trkpt>
    <trkpt lat="49.176753" lon="20.089097">
      <ele>2363</ele>
      <time>2026-05-07T11:44:46Z</time>
    </trkpt>
    <trkpt lat="49.176764" lon="20.089056">
      <ele>2364</ele>
      <time>2026-05-07T11:44:56Z</time>
    </trkpt>
    <trkpt lat="49.176792" lon="20.088997">
      <ele>2367</ele>
      <time>2026-05-07T11:45:14Z</time>
    </trkpt>
    <trkpt lat="49.176832" lon="20.088966">
      <ele>2369</ele>
      <time>2026-05-07T11:45:30Z</time>
    </trkpt>
    <trkpt lat="49.176866" lon="20.08899">
      <ele>2370</ele>
      <time>2026-05-07T11:45:43Z</time>
    </trkpt>
    <trkpt lat="49.176926" lon="20.089041">
      <ele>2372</ele>
      <time>2026-05-07T11:46:07Z</time>
    </trkpt>
    <trkpt lat="49.176977" lon="20.089093">
      <ele>2373</ele>
      <time>2026-05-07T11:46:27Z</time>
    </trkpt>
    <trkpt lat="49.177037" lon="20.089118">
      <ele>2374</ele>
      <time>2026-05-07T11:46:48Z</time>
    </trkpt>
    <trkpt lat="49.177097" lon="20.089162">
      <ele>2375</ele>
      <time>2026-05-07T11:47:10Z</time>
    </trkpt>
    <trkpt lat="49.177143" lon="20.089165">
      <ele>2376</ele>
      <time>2026-05-07T11:47:26Z</time>
    </trkpt>
    <trkpt lat="49.177156" lon="20.089133">
      <ele>2378</ele>
      <time>2026-05-07T11:47:35Z</time>
    </trkpt>
    <trkpt lat="49.177163" lon="20.089072">
      <ele>2379</ele>
      <time>2026-05-07T11:47:49Z</time>
    </trkpt>
    <trkpt lat="49.177169" lon="20.089031">
      <ele>2380</ele>
      <time>2026-05-07T11:47:59Z</time>
    </trkpt>
    <trkpt lat="49.177181" lon="20.088989">
      <ele>2382</ele>
      <time>2026-05-07T11:48:09Z</time>
    </trkpt>
    <trkpt lat="49.177202" lon="20.088985">
      <ele>2382</ele>
      <time>2026-05-07T11:48:17Z</time>
    </trkpt>
    <trkpt lat="49.17722" lon="20.088998">
      <ele>2383</ele>
      <time>2026-05-07T11:48:23Z</time>
    </trkpt>
    <trkpt lat="49.177251" lon="20.088999">
      <ele>2383</ele>
      <time>2026-05-07T11:48:34Z</time>
    </trkpt>
    <trkpt lat="49.177289" lon="20.088984">
      <ele>2384</ele>
      <time>2026-05-07T11:48:47Z</time>
    </trkpt>
    <trkpt lat="49.177298" lon="20.088944">
      <ele>2386</ele>
      <time>2026-05-07T11:48:57Z</time>
    </trkpt>
    <trkpt lat="49.177283" lon="20.088861">
      <ele>2387</ele>
      <time>2026-05-07T11:49:17Z</time>
    </trkpt>
    <trkpt lat="49.177259" lon="20.088757">
      <ele>2389</ele>
      <time>2026-05-07T11:49:41Z</time>
    </trkpt>
    <trkpt lat="49.177257" lon="20.088686">
      <ele>2390</ele>
      <time>2026-05-07T11:49:57Z</time>
    </trkpt>
    <trkpt lat="49.177267" lon="20.088638">
      <ele>2392</ele>
      <time>2026-05-07T11:50:09Z</time>
    </trkpt>
    <trkpt lat="49.177291" lon="20.088552">
      <ele>2395</ele>
      <time>2026-05-07T11:50:31Z</time>
    </trkpt>
    <trkpt lat="49.177352" lon="20.088442">
      <ele>2401</ele>
      <time>2026-05-07T11:51:07Z</time>
    </trkpt>
    <trkpt lat="49.177389" lon="20.088384">
      <ele>2404</ele>
      <time>2026-05-07T11:51:27Z</time>
    </trkpt>
    <trkpt lat="49.177433" lon="20.088313">
      <ele>2407</ele>
      <time>2026-05-07T11:51:51Z</time>
    </trkpt>
    <trkpt lat="49.177462" lon="20.088273">
      <ele>2409</ele>
      <time>2026-05-07T11:52:04Z</time>
    </trkpt>
    <trkpt lat="49.177492" lon="20.088234">
      <ele>2411</ele>
      <time>2026-05-07T11:52:19Z</time>
    </trkpt>
    <trkpt lat="49.177526" lon="20.088226">
      <ele>2412</ele>
      <time>2026-05-07T11:52:31Z</time>
    </trkpt>
    <trkpt lat="49.177561" lon="20.088222">
      <ele>2414</ele>
      <time>2026-05-07T11:52:43Z</time>
    </trkpt>
    <trkpt lat="49.17761" lon="20.088233">
      <ele>2416</ele>
      <time>2026-05-07T11:53:01Z</time>
    </trkpt>
    <trkpt lat="49.177631" lon="20.088233">
      <ele>2417</ele>
      <time>2026-05-07T11:53:08Z</time>
    </trkpt>
    <trkpt lat="49.177673" lon="20.088234">
      <ele>2419</ele>
      <time>2026-05-07T11:53:23Z</time>
    </trkpt>
    <trkpt lat="49.177719" lon="20.088238">
      <ele>2420</ele>
      <time>2026-05-07T11:53:39Z</time>
    </trkpt>
    <trkpt lat="49.17774" lon="20.088208">
      <ele>2421</ele>
      <time>2026-05-07T11:53:49Z</time>
    </trkpt>
    <trkpt lat="49.177743" lon="20.088166">
      <ele>2420</ele>
      <time>2026-05-07T11:53:58Z</time>
    </trkpt>
    <trkpt lat="49.177761" lon="20.088133">
      <ele>2420</ele>
      <time>2026-05-07T11:54:08Z</time>
    </trkpt>
    <trkpt lat="49.177783" lon="20.088139">
      <ele>2421</ele>
      <time>2026-05-07T11:54:15Z</time>
    </trkpt>
    <trkpt lat="49.177815" lon="20.088135">
      <ele>2423</ele>
      <time>2026-05-07T11:54:27Z</time>
    </trkpt>
    <trkpt lat="49.177832" lon="20.088103">
      <ele>2423</ele>
      <time>2026-05-07T11:54:36Z</time>
    </trkpt>
    <trkpt lat="49.177825" lon="20.088045">
      <ele>2422</ele>
      <time>2026-05-07T11:54:49Z</time>
    </trkpt>
    <trkpt lat="49.177821" lon="20.088003">
      <ele>2421</ele>
      <time>2026-05-07T11:54:59Z</time>
    </trkpt>
    <trkpt lat="49.177832" lon="20.087998">
      <ele>2421</ele>
      <time>2026-05-07T11:55:03Z</time>
    </trkpt>
    <trkpt lat="49.177847" lon="20.088009">
      <ele>2422</ele>
      <time>2026-05-07T11:55:09Z</time>
    </trkpt>
    <trkpt lat="49.177888" lon="20.088028">
      <ele>2425</ele>
      <time>2026-05-07T11:55:26Z</time>
    </trkpt>
    <trkpt lat="49.177934" lon="20.088029">
      <ele>2428</ele>
      <time>2026-05-07T11:55:43Z</time>
    </trkpt>
    <trkpt lat="49.178011" lon="20.08804">
      <ele>2433</ele>
      <time>2026-05-07T11:56:12Z</time>
    </trkpt>
    <trkpt lat="49.178046" lon="20.088028">
      <ele>2434</ele>
      <time>2026-05-07T11:56:25Z</time>
    </trkpt>
    <trkpt lat="49.178077" lon="20.088006">
      <ele>2433</ele>
      <time>2026-05-07T11:56:37Z</time>
    </trkpt>
    <trkpt lat="49.178113" lon="20.087973">
      <ele>2431</ele>
      <time>2026-05-07T11:56:52Z</time>
    </trkpt>
    <trkpt lat="49.178214" lon="20.087987">
      <ele>2431</ele>
      <time>2026-05-07T11:57:25Z</time>
    </trkpt>
    <trkpt lat="49.178235" lon="20.087982">
      <ele>2430</ele>
      <time>2026-05-07T11:57:32Z</time>
    </trkpt>
    <trkpt lat="49.178267" lon="20.087978">
      <ele>2430</ele>
      <time>2026-05-07T11:57:43Z</time>
    </trkpt>
    <trkpt lat="49.178309" lon="20.087976">
      <ele>2430</ele>
      <time>2026-05-07T11:57:57Z</time>
    </trkpt>
    <trkpt lat="49.178331" lon="20.08796">
      <ele>2430</ele>
      <time>2026-05-07T11:58:05Z</time>
    </trkpt>
    <trkpt lat="49.178361" lon="20.087973">
      <ele>2431</ele>
      <time>2026-05-07T11:58:16Z</time>
    </trkpt>
    <trkpt lat="49.178384" lon="20.087976">
      <ele>2432</ele>
      <time>2026-05-07T11:58:24Z</time>
    </trkpt>
    <trkpt lat="49.178421" lon="20.087968">
      <ele>2434</ele>
      <time>2026-05-07T11:58:38Z</time>
    </trkpt>
    <trkpt lat="49.178458" lon="20.087956">
      <ele>2436</ele>
      <time>2026-05-07T11:58:52Z</time>
    </trkpt>
    <trkpt lat="49.178477" lon="20.087929">
      <ele>2437</ele>
      <time>2026-05-07T11:59:01Z</time>
    </trkpt>
    <trkpt lat="49.178523" lon="20.087898">
      <ele>2439</ele>
      <time>2026-05-07T11:59:19Z</time>
    </trkpt>
    <trkpt lat="49.178567" lon="20.08789">
      <ele>2440</ele>
      <time>2026-05-07T11:59:34Z</time>
    </trkpt>
    <trkpt lat="49.178587" lon="20.087873">
      <ele>2441</ele>
      <time>2026-05-07T11:59:42Z</time>
    </trkpt>
    <trkpt lat="49.178625" lon="20.087838">
      <ele>2441</ele>
      <time>2026-05-07T11:59:56Z</time>
    </trkpt>
    <trkpt lat="49.178659" lon="20.087822">
      <ele>2441</ele>
      <time>2026-05-07T12:00:08Z</time>
    </trkpt>
    <trkpt lat="49.178698" lon="20.087829">
      <ele>2442</ele>
      <time>2026-05-07T12:00:22Z</time>
    </trkpt>
    <trkpt lat="49.178733" lon="20.087836">
      <ele>2443</ele>
      <time>2026-05-07T12:00:34Z</time>
    </trkpt>
    <trkpt lat="49.178762" lon="20.087817">
      <ele>2443</ele>
      <time>2026-05-07T12:00:44Z</time>
    </trkpt>
    <trkpt lat="49.178785" lon="20.087822">
      <ele>2444</ele>
      <time>2026-05-07T12:00:52Z</time>
    </trkpt>
    <trkpt lat="49.178785" lon="20.087843">
      <ele>2445</ele>
      <time>2026-05-07T12:00:58Z</time>
    </trkpt>
    <trkpt lat="49.178792" lon="20.087863">
      <ele>2446</ele>
      <time>2026-05-07T12:01:03Z</time>
    </trkpt>
    <trkpt lat="49.178806" lon="20.087867">
      <ele>2446</ele>
      <time>2026-05-07T12:01:08Z</time>
    </trkpt>
    <trkpt lat="49.178829" lon="20.087855">
      <ele>2446</ele>
      <time>2026-05-07T12:01:17Z</time>
    </trkpt>
    <trkpt lat="49.178861" lon="20.087852">
      <ele>2447</ele>
      <time>2026-05-07T12:01:27Z</time>
    </trkpt>
    <trkpt lat="49.178887" lon="20.087843">
      <ele>2448</ele>
      <time>2026-05-07T12:01:36Z</time>
    </trkpt>
    <trkpt lat="49.178896" lon="20.08787">
      <ele>2449</ele>
      <time>2026-05-07T12:01:45Z</time>
    </trkpt>
    <trkpt lat="49.178908" lon="20.087884">
      <ele>2451</ele>
      <time>2026-05-07T12:01:52Z</time>
    </trkpt>
    <trkpt lat="49.178935" lon="20.087877">
      <ele>2452</ele>
      <time>2026-05-07T12:02:02Z</time>
    </trkpt>
    <trkpt lat="49.178971" lon="20.08785">
      <ele>2453</ele>
      <time>2026-05-07T12:02:15Z</time>
    </trkpt>
    <trkpt lat="49.179019" lon="20.087834">
      <ele>2455</ele>
      <time>2026-05-07T12:02:33Z</time>
    </trkpt>
    <trkpt lat="49.179039" lon="20.08781">
      <ele>2455</ele>
      <time>2026-05-07T12:02:41Z</time>
    </trkpt>
    <trkpt lat="49.179056" lon="20.087815">
      <ele>2457</ele>
      <time>2026-05-07T12:02:48Z</time>
    </trkpt>
    <trkpt lat="49.179074" lon="20.087822">
      <ele>2458</ele>
      <time>2026-05-07T12:02:56Z</time>
    </trkpt>
    <trkpt lat="49.179105" lon="20.08782">
      <ele>2460</ele>
      <time>2026-05-07T12:03:07Z</time>
    </trkpt>
    <trkpt lat="49.179124" lon="20.087799">
      <ele>2460</ele>
      <time>2026-05-07T12:03:15Z</time>
    </trkpt>
    <trkpt lat="49.179147" lon="20.087826">
      <ele>2463</ele>
      <time>2026-05-07T12:03:28Z</time>
    </trkpt>
    <trkpt lat="49.179159" lon="20.087847">
      <ele>2465</ele>
      <time>2026-05-07T12:03:36Z</time>
    </trkpt>
    <trkpt lat="49.179173" lon="20.08786">
      <ele>2466</ele>
      <time>2026-05-07T12:03:43Z</time>
    </trkpt>
    <trkpt lat="49.179193" lon="20.08785">
      <ele>2468</ele>
      <time>2026-05-07T12:03:51Z</time>
    </trkpt>
    <trkpt lat="49.179208" lon="20.087842">
      <ele>2469</ele>
      <time>2026-05-07T12:03:57Z</time>
    </trkpt>
    <trkpt lat="49.179206" lon="20.087872">
      <ele>2470</ele>
      <time>2026-05-07T12:04:04Z</time>
    </trkpt>
    <trkpt lat="49.179211" lon="20.087902">
      <ele>2471</ele>
      <time>2026-05-07T12:04:12Z</time>
    </trkpt>
    <trkpt lat="49.179225" lon="20.087913">
      <ele>2473</ele>
      <time>2026-05-07T12:04:19Z</time>
    </trkpt>
    <trkpt lat="49.179228" lon="20.087947">
      <ele>2474</ele>
      <time>2026-05-07T12:04:28Z</time>
    </trkpt>
    <trkpt lat="49.179229" lon="20.087991">
      <ele>2476</ele>
      <time>2026-05-07T12:04:38Z</time>
    </trkpt>
    <trkpt lat="49.179233" lon="20.088026">
      <ele>2477</ele>
      <time>2026-05-07T12:04:47Z</time>
    </trkpt>
    <trkpt lat="49.179245" lon="20.088049">
      <ele>2479</ele>
      <time>2026-05-07T12:04:55Z</time>
    </trkpt>
    <trkpt lat="49.17925" lon="20.088075">
      <ele>2479</ele>
      <time>2026-05-07T12:05:01Z</time>
    </trkpt>
    <trkpt lat="49.17926" lon="20.088084">
      <ele>2480</ele>
      <time>2026-05-07T12:05:06Z</time>
    </trkpt>
    <trkpt lat="49.17927" lon="20.088077">
      <ele>2481</ele>
      <time>2026-05-07T12:05:10Z</time>
    </trkpt>
    <trkpt lat="49.179277" lon="20.088052">
      <ele>2481</ele>
      <time>2026-05-07T12:05:16Z</time>
    </trkpt>
    <trkpt lat="49.179292" lon="20.088021">
      <ele>2481</ele>
      <time>2026-05-07T12:05:24Z</time>
    </trkpt>
    <trkpt lat="49.179311" lon="20.087991">
      <ele>2482</ele>
      <time>2026-05-07T12:05:33Z</time>
    </trkpt>
    <trkpt lat="49.179329" lon="20.087991">
      <ele>2483</ele>
      <time>2026-05-07T12:05:40Z</time>
    </trkpt>
    <trkpt lat="49.179341" lon="20.088009">
      <ele>2484</ele>
      <time>2026-05-07T12:05:47Z</time>
    </trkpt>
    <trkpt lat="49.179347" lon="20.088038">
      <ele>2485</ele>
      <time>2026-05-07T12:05:54Z</time>
    </trkpt>
    <trkpt lat="49.179351" lon="20.088064">
      <ele>2486</ele>
      <time>2026-05-07T12:06:01Z</time>
    </trkpt>
    <trkpt lat="49.179337" lon="20.088112">
      <ele>2486</ele>
      <time>2026-05-07T12:06:12Z</time>
    </trkpt>
    <trkpt lat="49.179337" lon="20.088174">
      <ele>2487</ele>
      <time>2026-05-07T12:06:26Z</time>
    </trkpt>
    <trkpt lat="49.179358" lon="20.088186">
      <ele>2489</ele>
      <time>2026-05-07T12:06:35Z</time>
    </trkpt>
    <trkpt lat="49.179392" lon="20.08818">
      <ele>2491</ele>
      <time>2026-05-07T12:06:49Z</time>
    </trkpt>
    <trkpt lat="49.179432" lon="20.088132">
      <ele>2494</ele>
      <time>2026-05-07T12:07:07Z</time>
    </trkpt>
    <trkpt lat="49.179392" lon="20.08818">
      <ele>2491</ele>
      <time>2026-05-07T12:07:21Z</time>
    </trkpt>
    <trkpt lat="49.179358" lon="20.088186">
      <ele>2489</ele>
      <time>2026-05-07T12:07:32Z</time>
    </trkpt>
    <trkpt lat="49.179337" lon="20.088174">
      <ele>2487</ele>
      <time>2026-05-07T12:07:39Z</time>
    </trkpt>
    <trkpt lat="49.179337" lon="20.088112">
      <ele>2486</ele>
      <time>2026-05-07T12:07:49Z</time>
    </trkpt>
    <trkpt lat="49.179351" lon="20.088064">
      <ele>2486</ele>
      <time>2026-05-07T12:07:58Z</time>
    </trkpt>
    <trkpt lat="49.179347" lon="20.088038">
      <ele>2485</ele>
      <time>2026-05-07T12:08:03Z</time>
    </trkpt>
    <trkpt lat="49.179341" lon="20.088009">
      <ele>2484</ele>
      <time>2026-05-07T12:08:09Z</time>
    </trkpt>
    <trkpt lat="49.179329" lon="20.087991">
      <ele>2483</ele>
      <time>2026-05-07T12:08:14Z</time>
    </trkpt>
    <trkpt lat="49.179311" lon="20.087991">
      <ele>2482</ele>
      <time>2026-05-07T12:08:19Z</time>
    </trkpt>
    <trkpt lat="49.179292" lon="20.088021">
      <ele>2481</ele>
      <time>2026-05-07T12:08:27Z</time>
    </trkpt>
    <trkpt lat="49.179277" lon="20.088052">
      <ele>2481</ele>
      <time>2026-05-07T12:08:33Z</time>
    </trkpt>
    <trkpt lat="49.17927" lon="20.088077">
      <ele>2481</ele>
      <time>2026-05-07T12:08:38Z</time>
    </trkpt>
    <trkpt lat="49.17926" lon="20.088084">
      <ele>2480</ele>
      <time>2026-05-07T12:08:41Z</time>
    </trkpt>
    <trkpt lat="49.17925" lon="20.088075">
      <ele>2479</ele>
      <time>2026-05-07T12:08:44Z</time>
    </trkpt>
    <trkpt lat="49.179245" lon="20.088049">
      <ele>2479</ele>
      <time>2026-05-07T12:08:49Z</time>
    </trkpt>
    <trkpt lat="49.179233" lon="20.088026">
      <ele>2477</ele>
      <time>2026-05-07T12:08:55Z</time>
    </trkpt>
    <trkpt lat="49.179229" lon="20.087991">
      <ele>2476</ele>
      <time>2026-05-07T12:09:02Z</time>
    </trkpt>
    <trkpt lat="49.179228" lon="20.087947">
      <ele>2474</ele>
      <time>2026-05-07T12:09:10Z</time>
    </trkpt>
    <trkpt lat="49.179225" lon="20.087913">
      <ele>2473</ele>
      <time>2026-05-07T12:09:17Z</time>
    </trkpt>
    <trkpt lat="49.179211" lon="20.087902">
      <ele>2471</ele>
      <time>2026-05-07T12:09:22Z</time>
    </trkpt>
    <trkpt lat="49.179206" lon="20.087872">
      <ele>2470</ele>
      <time>2026-05-07T12:09:28Z</time>
    </trkpt>
    <trkpt lat="49.179208" lon="20.087842">
      <ele>2469</ele>
      <time>2026-05-07T12:09:34Z</time>
    </trkpt>
    <trkpt lat="49.179193" lon="20.08785">
      <ele>2468</ele>
      <time>2026-05-07T12:09:39Z</time>
    </trkpt>
    <trkpt lat="49.179173" lon="20.08786">
      <ele>2466</ele>
      <time>2026-05-07T12:09:45Z</time>
    </trkpt>
    <trkpt lat="49.179159" lon="20.087847">
      <ele>2465</ele>
      <time>2026-05-07T12:09:50Z</time>
    </trkpt>
    <trkpt lat="49.179147" lon="20.087826">
      <ele>2463</ele>
      <time>2026-05-07T12:09:56Z</time>
    </trkpt>
    <trkpt lat="49.179124" lon="20.087799">
      <ele>2460</ele>
      <time>2026-05-07T12:10:06Z</time>
    </trkpt>
    <trkpt lat="49.179105" lon="20.08782">
      <ele>2460</ele>
      <time>2026-05-07T12:10:12Z</time>
    </trkpt>
    <trkpt lat="49.179074" lon="20.087822">
      <ele>2458</ele>
      <time>2026-05-07T12:10:21Z</time>
    </trkpt>
    <trkpt lat="49.179056" lon="20.087815">
      <ele>2457</ele>
      <time>2026-05-07T12:10:27Z</time>
    </trkpt>
    <trkpt lat="49.179039" lon="20.08781">
      <ele>2455</ele>
      <time>2026-05-07T12:10:32Z</time>
    </trkpt>
    <trkpt lat="49.179019" lon="20.087834">
      <ele>2455</ele>
      <time>2026-05-07T12:10:39Z</time>
    </trkpt>
    <trkpt lat="49.178971" lon="20.08785">
      <ele>2453</ele>
      <time>2026-05-07T12:10:52Z</time>
    </trkpt>
    <trkpt lat="49.178935" lon="20.087877">
      <ele>2452</ele>
      <time>2026-05-07T12:11:03Z</time>
    </trkpt>
    <trkpt lat="49.178908" lon="20.087884">
      <ele>2451</ele>
      <time>2026-05-07T12:11:11Z</time>
    </trkpt>
    <trkpt lat="49.178896" lon="20.08787">
      <ele>2449</ele>
      <time>2026-05-07T12:11:16Z</time>
    </trkpt>
    <trkpt lat="49.178887" lon="20.087843">
      <ele>2448</ele>
      <time>2026-05-07T12:11:23Z</time>
    </trkpt>
    <trkpt lat="49.178861" lon="20.087852">
      <ele>2447</ele>
      <time>2026-05-07T12:11:29Z</time>
    </trkpt>
    <trkpt lat="49.178829" lon="20.087855">
      <ele>2446</ele>
      <time>2026-05-07T12:11:38Z</time>
    </trkpt>
    <trkpt lat="49.178806" lon="20.087867">
      <ele>2446</ele>
      <time>2026-05-07T12:11:44Z</time>
    </trkpt>
    <trkpt lat="49.178792" lon="20.087863">
      <ele>2446</ele>
      <time>2026-05-07T12:11:48Z</time>
    </trkpt>
    <trkpt lat="49.178785" lon="20.087843">
      <ele>2445</ele>
      <time>2026-05-07T12:11:52Z</time>
    </trkpt>
    <trkpt lat="49.178785" lon="20.087822">
      <ele>2444</ele>
      <time>2026-05-07T12:11:56Z</time>
    </trkpt>
    <trkpt lat="49.178762" lon="20.087817">
      <ele>2443</ele>
      <time>2026-05-07T12:12:03Z</time>
    </trkpt>
    <trkpt lat="49.178733" lon="20.087836">
      <ele>2443</ele>
      <time>2026-05-07T12:12:11Z</time>
    </trkpt>
    <trkpt lat="49.178698" lon="20.087829">
      <ele>2442</ele>
      <time>2026-05-07T12:12:20Z</time>
    </trkpt>
    <trkpt lat="49.178659" lon="20.087822">
      <ele>2441</ele>
      <time>2026-05-07T12:12:31Z</time>
    </trkpt>
    <trkpt lat="49.178625" lon="20.087838">
      <ele>2441</ele>
      <time>2026-05-07T12:12:40Z</time>
    </trkpt>
    <trkpt lat="49.178587" lon="20.087873">
      <ele>2441</ele>
      <time>2026-05-07T12:12:51Z</time>
    </trkpt>
    <trkpt lat="49.178567" lon="20.08789">
      <ele>2440</ele>
      <time>2026-05-07T12:12:57Z</time>
    </trkpt>
    <trkpt lat="49.178523" lon="20.087898">
      <ele>2439</ele>
      <time>2026-05-07T12:13:09Z</time>
    </trkpt>
    <trkpt lat="49.178477" lon="20.087929">
      <ele>2437</ele>
      <time>2026-05-07T12:13:23Z</time>
    </trkpt>
    <trkpt lat="49.178458" lon="20.087956">
      <ele>2436</ele>
      <time>2026-05-07T12:13:30Z</time>
    </trkpt>
    <trkpt lat="49.178421" lon="20.087968">
      <ele>2434</ele>
      <time>2026-05-07T12:13:40Z</time>
    </trkpt>
    <trkpt lat="49.178384" lon="20.087976">
      <ele>2432</ele>
      <time>2026-05-07T12:13:51Z</time>
    </trkpt>
    <trkpt lat="49.178361" lon="20.087973">
      <ele>2431</ele>
      <time>2026-05-07T12:13:57Z</time>
    </trkpt>
    <trkpt lat="49.178331" lon="20.08796">
      <ele>2430</ele>
      <time>2026-05-07T12:14:06Z</time>
    </trkpt>
    <trkpt lat="49.178309" lon="20.087976">
      <ele>2430</ele>
      <time>2026-05-07T12:14:12Z</time>
    </trkpt>
    <trkpt lat="49.178267" lon="20.087978">
      <ele>2430</ele>
      <time>2026-05-07T12:14:23Z</time>
    </trkpt>
    <trkpt lat="49.178235" lon="20.087982">
      <ele>2430</ele>
      <time>2026-05-07T12:14:31Z</time>
    </trkpt>
    <trkpt lat="49.178214" lon="20.087987">
      <ele>2431</ele>
      <time>2026-05-07T12:14:36Z</time>
    </trkpt>
    <trkpt lat="49.178113" lon="20.087973">
      <ele>2431</ele>
      <time>2026-05-07T12:15:02Z</time>
    </trkpt>
    <trkpt lat="49.178077" lon="20.088006">
      <ele>2433</ele>
      <time>2026-05-07T12:15:14Z</time>
    </trkpt>
    <trkpt lat="49.178046" lon="20.088028">
      <ele>2434</ele>
      <time>2026-05-07T12:15:23Z</time>
    </trkpt>
    <trkpt lat="49.178011" lon="20.08804">
      <ele>2433</ele>
      <time>2026-05-07T12:15:33Z</time>
    </trkpt>
    <trkpt lat="49.177934" lon="20.088029">
      <ele>2428</ele>
      <time>2026-05-07T12:15:56Z</time>
    </trkpt>
    <trkpt lat="49.177888" lon="20.088028">
      <ele>2425</ele>
      <time>2026-05-07T12:16:09Z</time>
    </trkpt>
    <trkpt lat="49.177847" lon="20.088009">
      <ele>2422</ele>
      <time>2026-05-07T12:16:22Z</time>
    </trkpt>
    <trkpt lat="49.177832" lon="20.087998">
      <ele>2421</ele>
      <time>2026-05-07T12:16:26Z</time>
    </trkpt>
    <trkpt lat="49.177821" lon="20.088003">
      <ele>2421</ele>
      <time>2026-05-07T12:16:30Z</time>
    </trkpt>
    <trkpt lat="49.177825" lon="20.088045">
      <ele>2422</ele>
      <time>2026-05-07T12:16:37Z</time>
    </trkpt>
    <trkpt lat="49.177832" lon="20.088103">
      <ele>2423</ele>
      <time>2026-05-07T12:16:47Z</time>
    </trkpt>
    <trkpt lat="49.177815" lon="20.088135">
      <ele>2423</ele>
      <time>2026-05-07T12:16:54Z</time>
    </trkpt>
    <trkpt lat="49.177783" lon="20.088139">
      <ele>2421</ele>
      <time>2026-05-07T12:17:03Z</time>
    </trkpt>
    <trkpt lat="49.177761" lon="20.088133">
      <ele>2420</ele>
      <time>2026-05-07T12:17:09Z</time>
    </trkpt>
    <trkpt lat="49.177743" lon="20.088166">
      <ele>2420</ele>
      <time>2026-05-07T12:17:16Z</time>
    </trkpt>
    <trkpt lat="49.17774" lon="20.088208">
      <ele>2421</ele>
      <time>2026-05-07T12:17:24Z</time>
    </trkpt>
    <trkpt lat="49.177719" lon="20.088238">
      <ele>2420</ele>
      <time>2026-05-07T12:17:31Z</time>
    </trkpt>
    <trkpt lat="49.177673" lon="20.088234">
      <ele>2419</ele>
      <time>2026-05-07T12:17:44Z</time>
    </trkpt>
    <trkpt lat="49.177631" lon="20.088233">
      <ele>2417</ele>
      <time>2026-05-07T12:17:55Z</time>
    </trkpt>
    <trkpt lat="49.17761" lon="20.088233">
      <ele>2416</ele>
      <time>2026-05-07T12:18:01Z</time>
    </trkpt>
    <trkpt lat="49.177561" lon="20.088222">
      <ele>2414</ele>
      <time>2026-05-07T12:18:15Z</time>
    </trkpt>
    <trkpt lat="49.177526" lon="20.088226">
      <ele>2412</ele>
      <time>2026-05-07T12:18:24Z</time>
    </trkpt>
    <trkpt lat="49.177492" lon="20.088234">
      <ele>2411</ele>
      <time>2026-05-07T12:18:34Z</time>
    </trkpt>
    <trkpt lat="49.177462" lon="20.088273">
      <ele>2409</ele>
      <time>2026-05-07T12:18:44Z</time>
    </trkpt>
    <trkpt lat="49.177433" lon="20.088313">
      <ele>2407</ele>
      <time>2026-05-07T12:18:55Z</time>
    </trkpt>
    <trkpt lat="49.177389" lon="20.088384">
      <ele>2404</ele>
      <time>2026-05-07T12:19:13Z</time>
    </trkpt>
    <trkpt lat="49.177352" lon="20.088442">
      <ele>2401</ele>
      <time>2026-05-07T12:19:29Z</time>
    </trkpt>
    <trkpt lat="49.177291" lon="20.088552">
      <ele>2395</ele>
      <time>2026-05-07T12:19:56Z</time>
    </trkpt>
    <trkpt lat="49.177267" lon="20.088638">
      <ele>2392</ele>
      <time>2026-05-07T12:20:14Z</time>
    </trkpt>
    <trkpt lat="49.177257" lon="20.088686">
      <ele>2390</ele>
      <time>2026-05-07T12:20:23Z</time>
    </trkpt>
    <trkpt lat="49.177259" lon="20.088757">
      <ele>2389</ele>
      <time>2026-05-07T12:20:35Z</time>
    </trkpt>
    <trkpt lat="49.177283" lon="20.088861">
      <ele>2387</ele>
      <time>2026-05-07T12:20:54Z</time>
    </trkpt>
    <trkpt lat="49.177298" lon="20.088944">
      <ele>2386</ele>
      <time>2026-05-07T12:21:09Z</time>
    </trkpt>
    <trkpt lat="49.177289" lon="20.088984">
      <ele>2384</ele>
      <time>2026-05-07T12:21:17Z</time>
    </trkpt>
    <trkpt lat="49.177251" lon="20.088999">
      <ele>2383</ele>
      <time>2026-05-07T12:21:27Z</time>
    </trkpt>
    <trkpt lat="49.17722" lon="20.088998">
      <ele>2383</ele>
      <time>2026-05-07T12:21:35Z</time>
    </trkpt>
    <trkpt lat="49.177202" lon="20.088985">
      <ele>2382</ele>
      <time>2026-05-07T12:21:40Z</time>
    </trkpt>
    <trkpt lat="49.177181" lon="20.088989">
      <ele>2382</ele>
      <time>2026-05-07T12:21:46Z</time>
    </trkpt>
    <trkpt lat="49.177169" lon="20.089031">
      <ele>2380</ele>
      <time>2026-05-07T12:21:54Z</time>
    </trkpt>
    <trkpt lat="49.177163" lon="20.089072">
      <ele>2379</ele>
      <time>2026-05-07T12:22:02Z</time>
    </trkpt>
    <trkpt lat="49.177156" lon="20.089133">
      <ele>2378</ele>
      <time>2026-05-07T12:22:13Z</time>
    </trkpt>
    <trkpt lat="49.177143" lon="20.089165">
      <ele>2376</ele>
      <time>2026-05-07T12:22:20Z</time>
    </trkpt>
    <trkpt lat="49.177097" lon="20.089162">
      <ele>2375</ele>
      <time>2026-05-07T12:22:32Z</time>
    </trkpt>
    <trkpt lat="49.177037" lon="20.089118">
      <ele>2374</ele>
      <time>2026-05-07T12:22:49Z</time>
    </trkpt>
    <trkpt lat="49.176977" lon="20.089093">
      <ele>2373</ele>
      <time>2026-05-07T12:23:05Z</time>
    </trkpt>
    <trkpt lat="49.176926" lon="20.089041">
      <ele>2372</ele>
      <time>2026-05-07T12:23:21Z</time>
    </trkpt>
    <trkpt lat="49.176866" lon="20.08899">
      <ele>2370</ele>
      <time>2026-05-07T12:23:39Z</time>
    </trkpt>
    <trkpt lat="49.176832" lon="20.088966">
      <ele>2369</ele>
      <time>2026-05-07T12:23:49Z</time>
    </trkpt>
    <trkpt lat="49.176792" lon="20.088997">
      <ele>2367</ele>
      <time>2026-05-07T12:24:02Z</time>
    </trkpt>
    <trkpt lat="49.176764" lon="20.089056">
      <ele>2364</ele>
      <time>2026-05-07T12:24:15Z</time>
    </trkpt>
    <trkpt lat="49.176753" lon="20.089097">
      <ele>2363</ele>
      <time>2026-05-07T12:24:23Z</time>
    </trkpt>
    <trkpt lat="49.176753" lon="20.089148">
      <ele>2362</ele>
      <time>2026-05-07T12:24:32Z</time>
    </trkpt>
    <trkpt lat="49.176757" lon="20.089217">
      <ele>2361</ele>
      <time>2026-05-07T12:24:44Z</time>
    </trkpt>
    <trkpt lat="49.176736" lon="20.089315">
      <ele>2359</ele>
      <time>2026-05-07T12:25:02Z</time>
    </trkpt>
    <trkpt lat="49.176684" lon="20.089411">
      <ele>2356</ele>
      <time>2026-05-07T12:25:24Z</time>
    </trkpt>
    <trkpt lat="49.176658" lon="20.089432">
      <ele>2355</ele>
      <time>2026-05-07T12:25:32Z</time>
    </trkpt>
    <trkpt lat="49.176606" lon="20.08944">
      <ele>2352</ele>
      <time>2026-05-07T12:25:47Z</time>
    </trkpt>
    <trkpt lat="49.176539" lon="20.089405">
      <ele>2349</ele>
      <time>2026-05-07T12:26:06Z</time>
    </trkpt>
    <trkpt lat="49.176493" lon="20.089376">
      <ele>2347</ele>
      <time>2026-05-07T12:26:20Z</time>
    </trkpt>
    <trkpt lat="49.176466" lon="20.089409">
      <ele>2346</ele>
      <time>2026-05-07T12:26:29Z</time>
    </trkpt>
    <trkpt lat="49.176461" lon="20.089445">
      <ele>2345</ele>
      <time>2026-05-07T12:26:35Z</time>
    </trkpt>
    <trkpt lat="49.176467" lon="20.089525">
      <ele>2345</ele>
      <time>2026-05-07T12:26:49Z</time>
    </trkpt>
    <trkpt lat="49.176469" lon="20.089576">
      <ele>2345</ele>
      <time>2026-05-07T12:26:57Z</time>
    </trkpt>
    <trkpt lat="49.176451" lon="20.089615">
      <ele>2344</ele>
      <time>2026-05-07T12:27:05Z</time>
    </trkpt>
    <trkpt lat="49.17638" lon="20.089615">
      <ele>2343</ele>
      <time>2026-05-07T12:27:24Z</time>
    </trkpt>
    <trkpt lat="49.176326" lon="20.089613">
      <ele>2340</ele>
      <time>2026-05-07T12:27:39Z</time>
    </trkpt>
    <trkpt lat="49.176269" lon="20.089611">
      <ele>2337</ele>
      <time>2026-05-07T12:27:55Z</time>
    </trkpt>
    <trkpt lat="49.176218" lon="20.089615">
      <ele>2334</ele>
      <time>2026-05-07T12:28:10Z</time>
    </trkpt>
    <trkpt lat="49.176182" lon="20.089608">
      <ele>2333</ele>
      <time>2026-05-07T12:28:20Z</time>
    </trkpt>
    <trkpt lat="49.176153" lon="20.089589">
      <ele>2331</ele>
      <time>2026-05-07T12:28:29Z</time>
    </trkpt>
    <trkpt lat="49.176115" lon="20.089516">
      <ele>2327</ele>
      <time>2026-05-07T12:28:46Z</time>
    </trkpt>
    <trkpt lat="49.176098" lon="20.089434">
      <ele>2325</ele>
      <time>2026-05-07T12:29:02Z</time>
    </trkpt>
    <trkpt lat="49.176066" lon="20.089348">
      <ele>2322</ele>
      <time>2026-05-07T12:29:20Z</time>
    </trkpt>
    <trkpt lat="49.176053" lon="20.089286">
      <ele>2321</ele>
      <time>2026-05-07T12:29:31Z</time>
    </trkpt>
    <trkpt lat="49.176032" lon="20.089245">
      <ele>2319</ele>
      <time>2026-05-07T12:29:41Z</time>
    </trkpt>
    <trkpt lat="49.175994" lon="20.089235">
      <ele>2316</ele>
      <time>2026-05-07T12:29:53Z</time>
    </trkpt>
    <trkpt lat="49.175948" lon="20.089252">
      <ele>2313</ele>
      <time>2026-05-07T12:30:07Z</time>
    </trkpt>
    <trkpt lat="49.1759" lon="20.089287">
      <ele>2310</ele>
      <time>2026-05-07T12:30:22Z</time>
    </trkpt>
    <trkpt lat="49.175813" lon="20.089361">
      <ele>2304</ele>
      <time>2026-05-07T12:30:51Z</time>
    </trkpt>
    <trkpt lat="49.175726" lon="20.089432">
      <ele>2300</ele>
      <time>2026-05-07T12:31:18Z</time>
    </trkpt>
    <trkpt lat="49.175663" lon="20.089493">
      <ele>2297</ele>
      <time>2026-05-07T12:31:38Z</time>
    </trkpt>
    <trkpt lat="49.175608" lon="20.089516">
      <ele>2295</ele>
      <time>2026-05-07T12:31:54Z</time>
    </trkpt>
    <trkpt lat="49.175565" lon="20.0895">
      <ele>2293</ele>
      <time>2026-05-07T12:32:06Z</time>
    </trkpt>
    <trkpt lat="49.175563" lon="20.089369">
      <ele>2291</ele>
      <time>2026-05-07T12:32:28Z</time>
    </trkpt>
    <trkpt lat="49.175574" lon="20.089197">
      <ele>2290</ele>
      <time>2026-05-07T12:32:57Z</time>
    </trkpt>
    <trkpt lat="49.175582" lon="20.089029">
      <ele>2289</ele>
      <time>2026-05-07T12:33:26Z</time>
    </trkpt>
    <trkpt lat="49.175579" lon="20.088789">
      <ele>2289</ele>
      <time>2026-05-07T12:34:06Z</time>
    </trkpt>
    <trkpt lat="49.175562" lon="20.088631">
      <ele>2287</ele>
      <time>2026-05-07T12:34:33Z</time>
    </trkpt>
    <trkpt lat="49.175525" lon="20.088514">
      <ele>2286</ele>
      <time>2026-05-07T12:34:55Z</time>
    </trkpt>
    <trkpt lat="49.175487" lon="20.088429">
      <ele>2284</ele>
      <time>2026-05-07T12:35:12Z</time>
    </trkpt>
    <trkpt lat="49.175446" lon="20.088332">
      <ele>2282</ele>
      <time>2026-05-07T12:35:32Z</time>
    </trkpt>
    <trkpt lat="49.175409" lon="20.088218">
      <ele>2282</ele>
      <time>2026-05-07T12:35:54Z</time>
    </trkpt>
    <trkpt lat="49.175371" lon="20.088111">
      <ele>2281</ele>
      <time>2026-05-07T12:36:14Z</time>
    </trkpt>
    <trkpt lat="49.175332" lon="20.088015">
      <ele>2280</ele>
      <time>2026-05-07T12:36:33Z</time>
    </trkpt>
    <trkpt lat="49.175307" lon="20.087911">
      <ele>2282</ele>
      <time>2026-05-07T12:36:52Z</time>
    </trkpt>
    <trkpt lat="49.17527" lon="20.087811">
      <ele>2283</ele>
      <time>2026-05-07T12:37:12Z</time>
    </trkpt>
    <trkpt lat="49.175221" lon="20.087714">
      <ele>2280</ele>
      <time>2026-05-07T12:37:33Z</time>
    </trkpt>
    <trkpt lat="49.175174" lon="20.087605">
      <ele>2277</ele>
      <time>2026-05-07T12:37:56Z</time>
    </trkpt>
    <trkpt lat="49.175106" lon="20.08751">
      <ele>2272</ele>
      <time>2026-05-07T12:38:23Z</time>
    </trkpt>
    <trkpt lat="49.175052" lon="20.087431">
      <ele>2268</ele>
      <time>2026-05-07T12:38:44Z</time>
    </trkpt>
    <trkpt lat="49.174986" lon="20.087345">
      <ele>2265</ele>
      <time>2026-05-07T12:39:07Z</time>
    </trkpt>
    <trkpt lat="49.174899" lon="20.087298">
      <ele>2262</ele>
      <time>2026-05-07T12:39:32Z</time>
    </trkpt>
    <trkpt lat="49.17482" lon="20.08725">
      <ele>2258</ele>
      <time>2026-05-07T12:39:55Z</time>
    </trkpt>
    <trkpt lat="49.174705" lon="20.087285">
      <ele>2253</ele>
      <time>2026-05-07T12:40:27Z</time>
    </trkpt>
    <trkpt lat="49.174603" lon="20.087256">
      <ele>2251</ele>
      <time>2026-05-07T12:40:55Z</time>
    </trkpt>
    <trkpt lat="49.174572" lon="20.087216">
      <ele>2250</ele>
      <time>2026-05-07T12:41:05Z</time>
    </trkpt>
    <trkpt lat="49.174566" lon="20.087209">
      <ele>2250</ele>
      <time>2026-05-07T12:41:07Z</time>
    </trkpt>
    <trkpt lat="49.174479" lon="20.087082">
      <ele>2243</ele>
      <time>2026-05-07T12:41:34Z</time>
    </trkpt>
    <trkpt lat="49.17441" lon="20.087066">
      <ele>2238</ele>
      <time>2026-05-07T12:41:51Z</time>
    </trkpt>
    <trkpt lat="49.174314" lon="20.087039">
      <ele>2232</ele>
      <time>2026-05-07T12:42:13Z</time>
    </trkpt>
    <trkpt lat="49.174283" lon="20.087">
      <ele>2230</ele>
      <time>2026-05-07T12:42:22Z</time>
    </trkpt>
    <trkpt lat="49.174237" lon="20.086933">
      <ele>2226</ele>
      <time>2026-05-07T12:42:36Z</time>
    </trkpt>
    <trkpt lat="49.174211" lon="20.086842">
      <ele>2224</ele>
      <time>2026-05-07T12:42:50Z</time>
    </trkpt>
    <trkpt lat="49.174185" lon="20.086688">
      <ele>2222</ele>
      <time>2026-05-07T12:43:11Z</time>
    </trkpt>
    <trkpt lat="49.17412" lon="20.086578">
      <ele>2219</ele>
      <time>2026-05-07T12:43:31Z</time>
    </trkpt>
    <trkpt lat="49.17405" lon="20.086496">
      <ele>2216</ele>
      <time>2026-05-07T12:43:50Z</time>
    </trkpt>
    <trkpt lat="49.173995" lon="20.086405">
      <ele>2213</ele>
      <time>2026-05-07T12:44:06Z</time>
    </trkpt>
    <trkpt lat="49.173972" lon="20.086311">
      <ele>2211</ele>
      <time>2026-05-07T12:44:20Z</time>
    </trkpt>
    <trkpt lat="49.173977" lon="20.086204">
      <ele>2210</ele>
      <time>2026-05-07T12:44:35Z</time>
    </trkpt>
    <trkpt lat="49.173965" lon="20.086086">
      <ele>2207</ele>
      <time>2026-05-07T12:44:51Z</time>
    </trkpt>
    <trkpt lat="49.173977" lon="20.085959">
      <ele>2205</ele>
      <time>2026-05-07T12:45:08Z</time>
    </trkpt>
    <trkpt lat="49.17396" lon="20.085874">
      <ele>2203</ele>
      <time>2026-05-07T12:45:20Z</time>
    </trkpt>
    <trkpt lat="49.173921" lon="20.085851">
      <ele>2200</ele>
      <time>2026-05-07T12:45:30Z</time>
    </trkpt>
    <trkpt lat="49.173881" lon="20.085886">
      <ele>2199</ele>
      <time>2026-05-07T12:45:40Z</time>
    </trkpt>
    <trkpt lat="49.173823" lon="20.085911">
      <ele>2196</ele>
      <time>2026-05-07T12:45:52Z</time>
    </trkpt>
    <trkpt lat="49.173688" lon="20.085886">
      <ele>2190</ele>
      <time>2026-05-07T12:46:22Z</time>
    </trkpt>
    <trkpt lat="49.173618" lon="20.085881">
      <ele>2186</ele>
      <time>2026-05-07T12:46:37Z</time>
    </trkpt>
    <trkpt lat="49.173536" lon="20.085851">
      <ele>2183</ele>
      <time>2026-05-07T12:46:56Z</time>
    </trkpt>
    <trkpt lat="49.17343" lon="20.085762">
      <ele>2177</ele>
      <time>2026-05-07T12:47:22Z</time>
    </trkpt>
    <trkpt lat="49.173384" lon="20.085681">
      <ele>2174</ele>
      <time>2026-05-07T12:47:37Z</time>
    </trkpt>
    <trkpt lat="49.173384" lon="20.085622">
      <ele>2173</ele>
      <time>2026-05-07T12:47:45Z</time>
    </trkpt>
    <trkpt lat="49.173418" lon="20.085533">
      <ele>2173</ele>
      <time>2026-05-07T12:47:58Z</time>
    </trkpt>
    <trkpt lat="49.173427" lon="20.085451">
      <ele>2173</ele>
      <time>2026-05-07T12:48:09Z</time>
    </trkpt>
    <trkpt lat="49.173432" lon="20.08532">
      <ele>2171</ele>
      <time>2026-05-07T12:48:26Z</time>
    </trkpt>
    <trkpt lat="49.173426" lon="20.085198">
      <ele>2169</ele>
      <time>2026-05-07T12:48:43Z</time>
    </trkpt>
    <trkpt lat="49.173406" lon="20.085036">
      <ele>2165</ele>
      <time>2026-05-07T12:49:05Z</time>
    </trkpt>
    <trkpt lat="49.173405" lon="20.08493">
      <ele>2159</ele>
      <time>2026-05-07T12:49:24Z</time>
    </trkpt>
    <trkpt lat="49.173423" lon="20.084785">
      <ele>2146</ele>
      <time>2026-05-07T12:49:54Z</time>
    </trkpt>
    <trkpt lat="49.173444" lon="20.084696">
      <ele>2139</ele>
      <time>2026-05-07T12:50:12Z</time>
    </trkpt>
    <trkpt lat="49.173472" lon="20.084588">
      <ele>2131</ele>
      <time>2026-05-07T12:50:33Z</time>
    </trkpt>
    <trkpt lat="49.17349" lon="20.084472">
      <ele>2122</ele>
      <time>2026-05-07T12:50:55Z</time>
    </trkpt>
    <trkpt lat="49.173493" lon="20.084365">
      <ele>2118</ele>
      <time>2026-05-07T12:51:11Z</time>
    </trkpt>
    <trkpt lat="49.173476" lon="20.084273">
      <ele>2115</ele>
      <time>2026-05-07T12:51:24Z</time>
    </trkpt>
    <trkpt lat="49.173464" lon="20.084179">
      <ele>2112</ele>
      <time>2026-05-07T12:51:38Z</time>
    </trkpt>
    <trkpt lat="49.173456" lon="20.08412">
      <ele>2110</ele>
      <time>2026-05-07T12:51:46Z</time>
    </trkpt>
    <trkpt lat="49.17342" lon="20.08407">
      <ele>2109</ele>
      <time>2026-05-07T12:51:57Z</time>
    </trkpt>
    <trkpt lat="49.173411" lon="20.083977">
      <ele>2106</ele>
      <time>2026-05-07T12:52:10Z</time>
    </trkpt>
    <trkpt lat="49.173334" lon="20.083943">
      <ele>2104</ele>
      <time>2026-05-07T12:52:26Z</time>
    </trkpt>
    <trkpt lat="49.173351" lon="20.083846">
      <ele>2101</ele>
      <time>2026-05-07T12:52:40Z</time>
    </trkpt>
    <trkpt lat="49.173298" lon="20.083737">
      <ele>2098</ele>
      <time>2026-05-07T12:52:59Z</time>
    </trkpt>
    <trkpt lat="49.173276" lon="20.083668">
      <ele>2097</ele>
      <time>2026-05-07T12:53:09Z</time>
    </trkpt>
    <trkpt lat="49.173285" lon="20.083575">
      <ele>2094</ele>
      <time>2026-05-07T12:53:23Z</time>
    </trkpt>
    <trkpt lat="49.173336" lon="20.083483">
      <ele>2087</ele>
      <time>2026-05-07T12:53:42Z</time>
    </trkpt>
    <trkpt lat="49.173422" lon="20.083378">
      <ele>2084</ele>
      <time>2026-05-07T12:54:05Z</time>
    </trkpt>
    <trkpt lat="49.173399" lon="20.083296">
      <ele>2079</ele>
      <time>2026-05-07T12:54:20Z</time>
    </trkpt>
    <trkpt lat="49.173335" lon="20.083232">
      <ele>2075</ele>
      <time>2026-05-07T12:54:37Z</time>
    </trkpt>
    <trkpt lat="49.173408" lon="20.083124">
      <ele>2072</ele>
      <time>2026-05-07T12:54:58Z</time>
    </trkpt>
    <trkpt lat="49.173394" lon="20.083031">
      <ele>2068</ele>
      <time>2026-05-07T12:55:12Z</time>
    </trkpt>
    <trkpt lat="49.173441" lon="20.082942">
      <ele>2066</ele>
      <time>2026-05-07T12:55:28Z</time>
    </trkpt>
    <trkpt lat="49.173472" lon="20.08287">
      <ele>2063</ele>
      <time>2026-05-07T12:55:40Z</time>
    </trkpt>
    <trkpt lat="49.173633" lon="20.082778">
      <ele>2061</ele>
      <time>2026-05-07T12:56:14Z</time>
    </trkpt>
    <trkpt lat="49.173727" lon="20.082742">
      <ele>2059</ele>
      <time>2026-05-07T12:56:34Z</time>
    </trkpt>
    <trkpt lat="49.173861" lon="20.082721">
      <ele>2057</ele>
      <time>2026-05-07T12:57:01Z</time>
    </trkpt>
    <trkpt lat="49.173977" lon="20.082773">
      <ele>2059</ele>
      <time>2026-05-07T12:57:26Z</time>
    </trkpt>
    <trkpt lat="49.174069" lon="20.082803">
      <ele>2060</ele>
      <time>2026-05-07T12:57:45Z</time>
    </trkpt>
    <trkpt lat="49.174142" lon="20.08283">
      <ele>2061</ele>
      <time>2026-05-07T12:58:00Z</time>
    </trkpt>
    <trkpt lat="49.174277" lon="20.082881">
      <ele>2066</ele>
      <time>2026-05-07T12:58:29Z</time>
    </trkpt>
    <trkpt lat="49.174347" lon="20.082897">
      <ele>2069</ele>
      <time>2026-05-07T12:58:44Z</time>
    </trkpt>
    <trkpt lat="49.174393" lon="20.082897">
      <ele>2070</ele>
      <time>2026-05-07T12:58:54Z</time>
    </trkpt>
    <trkpt lat="49.174468" lon="20.082921">
      <ele>2073</ele>
      <time>2026-05-07T12:59:10Z</time>
    </trkpt>
    <trkpt lat="49.17452" lon="20.082965">
      <ele>2079</ele>
      <time>2026-05-07T12:59:26Z</time>
    </trkpt>
    <trkpt lat="49.174599" lon="20.082998">
      <ele>2084</ele>
      <time>2026-05-07T12:59:45Z</time>
    </trkpt>
    <trkpt lat="49.174674" lon="20.083014">
      <ele>2088</ele>
      <time>2026-05-07T13:00:01Z</time>
    </trkpt>
    <trkpt lat="49.17483" lon="20.082985">
      <ele>2089</ele>
      <time>2026-05-07T13:00:33Z</time>
    </trkpt>
    <trkpt lat="49.174916" lon="20.082957">
      <ele>2090</ele>
      <time>2026-05-07T13:00:50Z</time>
    </trkpt>
    <trkpt lat="49.174979" lon="20.082921">
      <ele>2089</ele>
      <time>2026-05-07T13:01:04Z</time>
    </trkpt>
    <trkpt lat="49.174887" lon="20.082905">
      <ele>2084</ele>
      <time>2026-05-07T13:01:24Z</time>
    </trkpt>
    <trkpt lat="49.174896" lon="20.082867">
      <ele>2081</ele>
      <time>2026-05-07T13:01:32Z</time>
    </trkpt>
    <trkpt lat="49.174972" lon="20.082789">
      <ele>2078</ele>
      <time>2026-05-07T13:01:51Z</time>
    </trkpt>
    <trkpt lat="49.174822" lon="20.08274">
      <ele>2066</ele>
      <time>2026-05-07T13:02:28Z</time>
    </trkpt>
    <trkpt lat="49.1748" lon="20.082714">
      <ele>2063</ele>
      <time>2026-05-07T13:02:36Z</time>
    </trkpt>
    <trkpt lat="49.174851" lon="20.082673">
      <ele>2062</ele>
      <time>2026-05-07T13:02:48Z</time>
    </trkpt>
    <trkpt lat="49.174974" lon="20.082582">
      <ele>2057</ele>
      <time>2026-05-07T13:03:17Z</time>
    </trkpt>
    <trkpt lat="49.174795" lon="20.082536">
      <ele>2048</ele>
      <time>2026-05-07T13:03:57Z</time>
    </trkpt>
    <trkpt lat="49.174843" lon="20.082461">
      <ele>2042</ele>
      <time>2026-05-07T13:04:13Z</time>
    </trkpt>
    <trkpt lat="49.174913" lon="20.082387">
      <ele>2039</ele>
      <time>2026-05-07T13:04:32Z</time>
    </trkpt>
    <trkpt lat="49.17497" lon="20.082337">
      <ele>2038</ele>
      <time>2026-05-07T13:04:45Z</time>
    </trkpt>
    <trkpt lat="49.17502" lon="20.082269">
      <ele>2036</ele>
      <time>2026-05-07T13:04:59Z</time>
    </trkpt>
    <trkpt lat="49.175056" lon="20.082208">
      <ele>2033</ele>
      <time>2026-05-07T13:05:10Z</time>
    </trkpt>
    <trkpt lat="49.175152" lon="20.082118">
      <ele>2032</ele>
      <time>2026-05-07T13:05:33Z</time>
    </trkpt>
    <trkpt lat="49.175186" lon="20.082073">
      <ele>2031</ele>
      <time>2026-05-07T13:05:42Z</time>
    </trkpt>
    <trkpt lat="49.175135" lon="20.082069">
      <ele>2029</ele>
      <time>2026-05-07T13:05:53Z</time>
    </trkpt>
    <trkpt lat="49.175054" lon="20.082076">
      <ele>2026</ele>
      <time>2026-05-07T13:06:10Z</time>
    </trkpt>
    <trkpt lat="49.175002" lon="20.082077">
      <ele>2024</ele>
      <time>2026-05-07T13:06:21Z</time>
    </trkpt>
    <trkpt lat="49.17495" lon="20.082078">
      <ele>2023</ele>
      <time>2026-05-07T13:06:32Z</time>
    </trkpt>
    <trkpt lat="49.174927" lon="20.082068">
      <ele>2022</ele>
      <time>2026-05-07T13:06:37Z</time>
    </trkpt>
    <trkpt lat="49.174946" lon="20.082003">
      <ele>2020</ele>
      <time>2026-05-07T13:06:47Z</time>
    </trkpt>
    <trkpt lat="49.17501" lon="20.081884">
      <ele>2015</ele>
      <time>2026-05-07T13:07:09Z</time>
    </trkpt>
    <trkpt lat="49.175055" lon="20.081818">
      <ele>2015</ele>
      <time>2026-05-07T13:07:21Z</time>
    </trkpt>
    <trkpt lat="49.175111" lon="20.081746">
      <ele>2015</ele>
      <time>2026-05-07T13:07:36Z</time>
    </trkpt>
    <trkpt lat="49.174983" lon="20.081785">
      <ele>2011</ele>
      <time>2026-05-07T13:08:03Z</time>
    </trkpt>
    <trkpt lat="49.174932" lon="20.081786">
      <ele>2011</ele>
      <time>2026-05-07T13:08:13Z</time>
    </trkpt>
    <trkpt lat="49.17488" lon="20.081797">
      <ele>2011</ele>
      <time>2026-05-07T13:08:24Z</time>
    </trkpt>
    <trkpt lat="49.174812" lon="20.081813">
      <ele>2011</ele>
      <time>2026-05-07T13:08:37Z</time>
    </trkpt>
    <trkpt lat="49.174824" lon="20.081758">
      <ele>2009</ele>
      <time>2026-05-07T13:08:46Z</time>
    </trkpt>
    <trkpt lat="49.174856" lon="20.081708">
      <ele>2007</ele>
      <time>2026-05-07T13:08:56Z</time>
    </trkpt>
    <trkpt lat="49.174898" lon="20.081643">
      <ele>2006</ele>
      <time>2026-05-07T13:09:08Z</time>
    </trkpt>
    <trkpt lat="49.174826" lon="20.081615">
      <ele>2005</ele>
      <time>2026-05-07T13:09:23Z</time>
    </trkpt>
    <trkpt lat="49.174771" lon="20.081591">
      <ele>2004</ele>
      <time>2026-05-07T13:09:35Z</time>
    </trkpt>
    <trkpt lat="49.174739" lon="20.081587">
      <ele>2003</ele>
      <time>2026-05-07T13:09:41Z</time>
    </trkpt>
    <trkpt lat="49.174703" lon="20.081578">
      <ele>2003</ele>
      <time>2026-05-07T13:09:49Z</time>
    </trkpt>
    <trkpt lat="49.174644" lon="20.081589">
      <ele>2003</ele>
      <time>2026-05-07T13:10:00Z</time>
    </trkpt>
    <trkpt lat="49.174612" lon="20.081589">
      <ele>2003</ele>
      <time>2026-05-07T13:10:07Z</time>
    </trkpt>
    <trkpt lat="49.174574" lon="20.081561">
      <ele>2002</ele>
      <time>2026-05-07T13:10:15Z</time>
    </trkpt>
    <trkpt lat="49.174578" lon="20.081515">
      <ele>2002</ele>
      <time>2026-05-07T13:10:22Z</time>
    </trkpt>
    <trkpt lat="49.174574" lon="20.081468">
      <ele>2001</ele>
      <time>2026-05-07T13:10:28Z</time>
    </trkpt>
    <trkpt lat="49.174522" lon="20.081467">
      <ele>2001</ele>
      <time>2026-05-07T13:10:38Z</time>
    </trkpt>
    <trkpt lat="49.174472" lon="20.081471">
      <ele>2000</ele>
      <time>2026-05-07T13:10:48Z</time>
    </trkpt>
    <trkpt lat="49.174443" lon="20.081431">
      <ele>1999</ele>
      <time>2026-05-07T13:10:56Z</time>
    </trkpt>
    <trkpt lat="49.174407" lon="20.081409">
      <ele>1999</ele>
      <time>2026-05-07T13:11:04Z</time>
    </trkpt>
    <trkpt lat="49.174353" lon="20.08139">
      <ele>1998</ele>
      <time>2026-05-07T13:11:15Z</time>
    </trkpt>
    <trkpt lat="49.174315" lon="20.081357">
      <ele>1997</ele>
      <time>2026-05-07T13:11:24Z</time>
    </trkpt>
    <trkpt lat="49.174279" lon="20.081338">
      <ele>1997</ele>
      <time>2026-05-07T13:11:32Z</time>
    </trkpt>
    <trkpt lat="49.174237" lon="20.081279">
      <ele>1995</ele>
      <time>2026-05-07T13:11:44Z</time>
    </trkpt>
    <trkpt lat="49.17421" lon="20.081245">
      <ele>1994</ele>
      <time>2026-05-07T13:11:51Z</time>
    </trkpt>
    <trkpt lat="49.174148" lon="20.08121">
      <ele>1994</ele>
      <time>2026-05-07T13:12:04Z</time>
    </trkpt>
    <trkpt lat="49.174035" lon="20.081217">
      <ele>1992</ele>
      <time>2026-05-07T13:12:27Z</time>
    </trkpt>
    <trkpt lat="49.173971" lon="20.081266">
      <ele>1992</ele>
      <time>2026-05-07T13:12:41Z</time>
    </trkpt>
    <trkpt lat="49.173941" lon="20.081282">
      <ele>1992</ele>
      <time>2026-05-07T13:12:48Z</time>
    </trkpt>
    <trkpt lat="49.17387" lon="20.081276">
      <ele>1991</ele>
      <time>2026-05-07T13:13:02Z</time>
    </trkpt>
    <trkpt lat="49.173803" lon="20.081218">
      <ele>1988</ele>
      <time>2026-05-07T13:13:18Z</time>
    </trkpt>
    <trkpt lat="49.173725" lon="20.081123">
      <ele>1985</ele>
      <time>2026-05-07T13:13:39Z</time>
    </trkpt>
    <trkpt lat="49.173675" lon="20.081068">
      <ele>1983</ele>
      <time>2026-05-07T13:13:52Z</time>
    </trkpt>
    <trkpt lat="49.17363" lon="20.081022">
      <ele>1981</ele>
      <time>2026-05-07T13:14:03Z</time>
    </trkpt>
    <trkpt lat="49.173579" lon="20.080964">
      <ele>1979</ele>
      <time>2026-05-07T13:14:17Z</time>
    </trkpt>
    <trkpt lat="49.173526" lon="20.08092">
      <ele>1978</ele>
      <time>2026-05-07T13:14:29Z</time>
    </trkpt>
    <trkpt lat="49.173493" lon="20.080896">
      <ele>1978</ele>
      <time>2026-05-07T13:14:36Z</time>
    </trkpt>
    <trkpt lat="49.17344" lon="20.080853">
      <ele>1977</ele>
      <time>2026-05-07T13:14:48Z</time>
    </trkpt>
    <trkpt lat="49.173377" lon="20.080838">
      <ele>1977</ele>
      <time>2026-05-07T13:15:01Z</time>
    </trkpt>
    <trkpt lat="49.173315" lon="20.080819">
      <ele>1977</ele>
      <time>2026-05-07T13:15:14Z</time>
    </trkpt>
    <trkpt lat="49.173265" lon="20.080825">
      <ele>1977</ele>
      <time>2026-05-07T13:15:24Z</time>
    </trkpt>
    <trkpt lat="49.173174" lon="20.080832">
      <ele>1979</ele>
      <time>2026-05-07T13:15:42Z</time>
    </trkpt>
    <trkpt lat="49.173114" lon="20.080779">
      <ele>1977</ele>
      <time>2026-05-07T13:15:56Z</time>
    </trkpt>
    <trkpt lat="49.173048" lon="20.080703">
      <ele>1975</ele>
      <time>2026-05-07T13:16:13Z</time>
    </trkpt>
    <trkpt lat="49.172976" lon="20.080564">
      <ele>1971</ele>
      <time>2026-05-07T13:16:37Z</time>
    </trkpt>
    <trkpt lat="49.172898" lon="20.080444">
      <ele>1968</ele>
      <time>2026-05-07T13:17:00Z</time>
    </trkpt>
    <trkpt lat="49.172789" lon="20.080292">
      <ele>1963</ele>
      <time>2026-05-07T13:17:31Z</time>
    </trkpt>
    <trkpt lat="49.172684" lon="20.080181">
      <ele>1962</ele>
      <time>2026-05-07T13:17:57Z</time>
    </trkpt>
    <trkpt lat="49.172607" lon="20.08009">
      <ele>1961</ele>
      <time>2026-05-07T13:18:16Z</time>
    </trkpt>
    <trkpt lat="49.172565" lon="20.080022">
      <ele>1959</ele>
      <time>2026-05-07T13:18:29Z</time>
    </trkpt>
    <trkpt lat="49.172514" lon="20.079967">
      <ele>1958</ele>
      <time>2026-05-07T13:18:41Z</time>
    </trkpt>
    <trkpt lat="49.172427" lon="20.079906">
      <ele>1958</ele>
      <time>2026-05-07T13:19:01Z</time>
    </trkpt>
    <trkpt lat="49.172386" lon="20.079871">
      <ele>1958</ele>
      <time>2026-05-07T13:19:10Z</time>
    </trkpt>
    <trkpt lat="49.172313" lon="20.079824">
      <ele>1957</ele>
      <time>2026-05-07T13:19:26Z</time>
    </trkpt>
    <trkpt lat="49.172264" lon="20.079752">
      <ele>1955</ele>
      <time>2026-05-07T13:19:40Z</time>
    </trkpt>
    <trkpt lat="49.172209" lon="20.079703">
      <ele>1954</ele>
      <time>2026-05-07T13:19:53Z</time>
    </trkpt>
    <trkpt lat="49.172092" lon="20.079638">
      <ele>1952</ele>
      <time>2026-05-07T13:20:18Z</time>
    </trkpt>
    <trkpt lat="49.17204" lon="20.079615">
      <ele>1952</ele>
      <time>2026-05-07T13:20:29Z</time>
    </trkpt>
    <trkpt lat="49.171989" lon="20.079585">
      <ele>1951</ele>
      <time>2026-05-07T13:20:40Z</time>
    </trkpt>
    <trkpt lat="49.17194" lon="20.07952">
      <ele>1949</ele>
      <time>2026-05-07T13:20:53Z</time>
    </trkpt>
    <trkpt lat="49.171926" lon="20.079471">
      <ele>1947</ele>
      <time>2026-05-07T13:21:01Z</time>
    </trkpt>
    <trkpt lat="49.171904" lon="20.079423">
      <ele>1945</ele>
      <time>2026-05-07T13:21:09Z</time>
    </trkpt>
    <trkpt lat="49.17188" lon="20.079382">
      <ele>1944</ele>
      <time>2026-05-07T13:21:17Z</time>
    </trkpt>
    <trkpt lat="49.171836" lon="20.079322">
      <ele>1942</ele>
      <time>2026-05-07T13:21:29Z</time>
    </trkpt>
    <trkpt lat="49.171802" lon="20.079317">
      <ele>1942</ele>
      <time>2026-05-07T13:21:36Z</time>
    </trkpt>
    <trkpt lat="49.171779" lon="20.079297">
      <ele>1942</ele>
      <time>2026-05-07T13:21:41Z</time>
    </trkpt>
    <trkpt lat="49.171749" lon="20.079262">
      <ele>1941</ele>
      <time>2026-05-07T13:21:49Z</time>
    </trkpt>
    <trkpt lat="49.171714" lon="20.079257">
      <ele>1941</ele>
      <time>2026-05-07T13:21:56Z</time>
    </trkpt>
    <trkpt lat="49.171687" lon="20.079247">
      <ele>1941</ele>
      <time>2026-05-07T13:22:02Z</time>
    </trkpt>
    <trkpt lat="49.171657" lon="20.079243">
      <ele>1941</ele>
      <time>2026-05-07T13:22:08Z</time>
    </trkpt>
    <trkpt lat="49.171651" lon="20.079236">
      <ele>1941</ele>
      <time>2026-05-07T13:22:09Z</time>
    </trkpt>
    <trkpt lat="49.17163" lon="20.079213">
      <ele>1941</ele>
      <time>2026-05-07T13:22:14Z</time>
    </trkpt>
    <trkpt lat="49.171577" lon="20.079109">
      <ele>1940</ele>
      <time>2026-05-07T13:22:32Z</time>
    </trkpt>
    <trkpt lat="49.171555" lon="20.079041">
      <ele>1939</ele>
      <time>2026-05-07T13:22:42Z</time>
    </trkpt>
    <trkpt lat="49.171523" lon="20.07901">
      <ele>1940</ele>
      <time>2026-05-07T13:22:49Z</time>
    </trkpt>
    <trkpt lat="49.17151" lon="20.078995">
      <ele>1940</ele>
      <time>2026-05-07T13:22:52Z</time>
    </trkpt>
    <trkpt lat="49.171473" lon="20.07896">
      <ele>1940</ele>
      <time>2026-05-07T13:23:01Z</time>
    </trkpt>
    <trkpt lat="49.171424" lon="20.078903">
      <ele>1940</ele>
      <time>2026-05-07T13:23:14Z</time>
    </trkpt>
    <trkpt lat="49.171395" lon="20.078853">
      <ele>1940</ele>
      <time>2026-05-07T13:23:22Z</time>
    </trkpt>
    <trkpt lat="49.171361" lon="20.078823">
      <ele>1941</ele>
      <time>2026-05-07T13:23:30Z</time>
    </trkpt>
    <trkpt lat="49.17131" lon="20.078778">
      <ele>1942</ele>
      <time>2026-05-07T13:23:42Z</time>
    </trkpt>
    <trkpt lat="49.171291" lon="20.078765">
      <ele>1942</ele>
      <time>2026-05-07T13:23:46Z</time>
    </trkpt>
    <trkpt lat="49.171249" lon="20.078738">
      <ele>1943</ele>
      <time>2026-05-07T13:23:56Z</time>
    </trkpt>
    <trkpt lat="49.171205" lon="20.078703">
      <ele>1944</ele>
      <time>2026-05-07T13:24:06Z</time>
    </trkpt>
    <trkpt lat="49.171171" lon="20.07857">
      <ele>1941</ele>
      <time>2026-05-07T13:24:25Z</time>
    </trkpt>
    <trkpt lat="49.171137" lon="20.078514">
      <ele>1941</ele>
      <time>2026-05-07T13:24:35Z</time>
    </trkpt>
    <trkpt lat="49.171079" lon="20.078449">
      <ele>1940</ele>
      <time>2026-05-07T13:24:49Z</time>
    </trkpt>
    <trkpt lat="49.171048" lon="20.078403">
      <ele>1939</ele>
      <time>2026-05-07T13:24:58Z</time>
    </trkpt>
    <trkpt lat="49.171007" lon="20.078337">
      <ele>1938</ele>
      <time>2026-05-07T13:25:10Z</time>
    </trkpt>
    <trkpt lat="49.170963" lon="20.078251">
      <ele>1937</ele>
      <time>2026-05-07T13:25:25Z</time>
    </trkpt>
    <trkpt lat="49.170908" lon="20.07816">
      <ele>1935</ele>
      <time>2026-05-07T13:25:41Z</time>
    </trkpt>
    <trkpt lat="49.170868" lon="20.078139">
      <ele>1936</ele>
      <time>2026-05-07T13:25:49Z</time>
    </trkpt>
    <trkpt lat="49.170834" lon="20.07812">
      <ele>1936</ele>
      <time>2026-05-07T13:25:57Z</time>
    </trkpt>
    <trkpt lat="49.170763" lon="20.078085">
      <ele>1936</ele>
      <time>2026-05-07T13:26:12Z</time>
    </trkpt>
    <trkpt lat="49.170695" lon="20.07805">
      <ele>1936</ele>
      <time>2026-05-07T13:26:26Z</time>
    </trkpt>
    <trkpt lat="49.170661" lon="20.078005">
      <ele>1935</ele>
      <time>2026-05-07T13:26:35Z</time>
    </trkpt>
    <trkpt lat="49.170621" lon="20.077959">
      <ele>1935</ele>
      <time>2026-05-07T13:26:45Z</time>
    </trkpt>
    <trkpt lat="49.170558" lon="20.077917">
      <ele>1935</ele>
      <time>2026-05-07T13:26:59Z</time>
    </trkpt>
    <trkpt lat="49.170518" lon="20.07787">
      <ele>1935</ele>
      <time>2026-05-07T13:27:09Z</time>
    </trkpt>
    <trkpt lat="49.170473" lon="20.077836">
      <ele>1935</ele>
      <time>2026-05-07T13:27:19Z</time>
    </trkpt>
    <trkpt lat="49.170457" lon="20.077726">
      <ele>1933</ele>
      <time>2026-05-07T13:27:34Z</time>
    </trkpt>
    <trkpt lat="49.170435" lon="20.077574">
      <ele>1931</ele>
      <time>2026-05-07T13:27:55Z</time>
    </trkpt>
    <trkpt lat="49.170393" lon="20.077478">
      <ele>1930</ele>
      <time>2026-05-07T13:28:10Z</time>
    </trkpt>
    <trkpt lat="49.170305" lon="20.077393">
      <ele>1930</ele>
      <time>2026-05-07T13:28:31Z</time>
    </trkpt>
    <trkpt lat="49.170137" lon="20.077216">
      <ele>1928</ele>
      <time>2026-05-07T13:29:12Z</time>
    </trkpt>
    <trkpt lat="49.170076" lon="20.077198">
      <ele>1928</ele>
      <time>2026-05-07T13:29:24Z</time>
    </trkpt>
    <trkpt lat="49.170014" lon="20.07721">
      <ele>1928</ele>
      <time>2026-05-07T13:29:37Z</time>
    </trkpt>
    <trkpt lat="49.169893" lon="20.077155">
      <ele>1928</ele>
      <time>2026-05-07T13:30:02Z</time>
    </trkpt>
    <trkpt lat="49.169833" lon="20.077099">
      <ele>1928</ele>
      <time>2026-05-07T13:30:16Z</time>
    </trkpt>
    <trkpt lat="49.169805" lon="20.077012">
      <ele>1927</ele>
      <time>2026-05-07T13:30:29Z</time>
    </trkpt>
    <trkpt lat="49.169711" lon="20.076961">
      <ele>1926</ele>
      <time>2026-05-07T13:30:49Z</time>
    </trkpt>
    <trkpt lat="49.16967" lon="20.076912">
      <ele>1926</ele>
      <time>2026-05-07T13:30:59Z</time>
    </trkpt>
    <trkpt lat="49.169629" lon="20.076871">
      <ele>1925</ele>
      <time>2026-05-07T13:31:09Z</time>
    </trkpt>
    <trkpt lat="49.169615" lon="20.076846">
      <ele>1925</ele>
      <time>2026-05-07T13:31:13Z</time>
    </trkpt>
    <trkpt lat="49.169558" lon="20.076832">
      <ele>1924</ele>
      <time>2026-05-07T13:31:25Z</time>
    </trkpt>
    <trkpt lat="49.169494" lon="20.076823">
      <ele>1924</ele>
      <time>2026-05-07T13:31:38Z</time>
    </trkpt>
    <trkpt lat="49.169454" lon="20.076793">
      <ele>1923</ele>
      <time>2026-05-07T13:31:47Z</time>
    </trkpt>
    <trkpt lat="49.169416" lon="20.076716">
      <ele>1921</ele>
      <time>2026-05-07T13:32:00Z</time>
    </trkpt>
    <trkpt lat="49.169366" lon="20.076609">
      <ele>1919</ele>
      <time>2026-05-07T13:32:18Z</time>
    </trkpt>
    <trkpt lat="49.169323" lon="20.076565">
      <ele>1917</ele>
      <time>2026-05-07T13:32:28Z</time>
    </trkpt>
    <trkpt lat="49.169274" lon="20.076541">
      <ele>1916</ele>
      <time>2026-05-07T13:32:39Z</time>
    </trkpt>
    <trkpt lat="49.16922" lon="20.076541">
      <ele>1915</ele>
      <time>2026-05-07T13:32:50Z</time>
    </trkpt>
    <trkpt lat="49.169152" lon="20.07656">
      <ele>1915</ele>
      <time>2026-05-07T13:33:04Z</time>
    </trkpt>
    <trkpt lat="49.169013" lon="20.076593">
      <ele>1914</ele>
      <time>2026-05-07T13:33:32Z</time>
    </trkpt>
    <trkpt lat="49.168893" lon="20.076628">
      <ele>1914</ele>
      <time>2026-05-07T13:33:56Z</time>
    </trkpt>
    <trkpt lat="49.168578" lon="20.076568">
      <ele>1909</ele>
      <time>2026-05-07T13:35:00Z</time>
    </trkpt>
    <trkpt lat="49.168428" lon="20.076521">
      <ele>1902</ele>
      <time>2026-05-07T13:35:34Z</time>
    </trkpt>
    <trkpt lat="49.168414" lon="20.076479">
      <ele>1901</ele>
      <time>2026-05-07T13:35:40Z</time>
    </trkpt>
    <trkpt lat="49.168529" lon="20.076327">
      <ele>1900</ele>
      <time>2026-05-07T13:36:11Z</time>
    </trkpt>
    <trkpt lat="49.168525" lon="20.076302">
      <ele>1899</ele>
      <time>2026-05-07T13:36:15Z</time>
    </trkpt>
    <trkpt lat="49.168502" lon="20.076285">
      <ele>1898</ele>
      <time>2026-05-07T13:36:20Z</time>
    </trkpt>
    <trkpt lat="49.168322" lon="20.076245">
      <ele>1891</ele>
      <time>2026-05-07T13:36:59Z</time>
    </trkpt>
    <trkpt lat="49.168307" lon="20.076216">
      <ele>1889</ele>
      <time>2026-05-07T13:37:05Z</time>
    </trkpt>
    <trkpt lat="49.168326" lon="20.076176">
      <ele>1890</ele>
      <time>2026-05-07T13:37:11Z</time>
    </trkpt>
    <trkpt lat="49.168412" lon="20.076074">
      <ele>1889</ele>
      <time>2026-05-07T13:37:33Z</time>
    </trkpt>
    <trkpt lat="49.168458" lon="20.07598">
      <ele>1886</ele>
      <time>2026-05-07T13:37:49Z</time>
    </trkpt>
    <trkpt lat="49.168502" lon="20.075893">
      <ele>1884</ele>
      <time>2026-05-07T13:38:04Z</time>
    </trkpt>
    <trkpt lat="49.168493" lon="20.075862">
      <ele>1882</ele>
      <time>2026-05-07T13:38:09Z</time>
    </trkpt>
    <trkpt lat="49.168436" lon="20.075877">
      <ele>1881</ele>
      <time>2026-05-07T13:38:21Z</time>
    </trkpt>
    <trkpt lat="49.168377" lon="20.075894">
      <ele>1881</ele>
      <time>2026-05-07T13:38:33Z</time>
    </trkpt>
    <trkpt lat="49.16833" lon="20.075864">
      <ele>1878</ele>
      <time>2026-05-07T13:38:44Z</time>
    </trkpt>
    <trkpt lat="49.168299" lon="20.075844">
      <ele>1876</ele>
      <time>2026-05-07T13:38:52Z</time>
    </trkpt>
    <trkpt lat="49.168249" lon="20.075814">
      <ele>1873</ele>
      <time>2026-05-07T13:39:04Z</time>
    </trkpt>
    <trkpt lat="49.168187" lon="20.075769">
      <ele>1869</ele>
      <time>2026-05-07T13:39:19Z</time>
    </trkpt>
    <trkpt lat="49.168154" lon="20.075744">
      <ele>1868</ele>
      <time>2026-05-07T13:39:27Z</time>
    </trkpt>
    <trkpt lat="49.16812" lon="20.07575">
      <ele>1867</ele>
      <time>2026-05-07T13:39:34Z</time>
    </trkpt>
    <trkpt lat="49.168076" lon="20.075751">
      <ele>1865</ele>
      <time>2026-05-07T13:39:43Z</time>
    </trkpt>
    <trkpt lat="49.168032" lon="20.075736">
      <ele>1864</ele>
      <time>2026-05-07T13:39:53Z</time>
    </trkpt>
    <trkpt lat="49.167989" lon="20.075706">
      <ele>1862</ele>
      <time>2026-05-07T13:40:03Z</time>
    </trkpt>
    <trkpt lat="49.167961" lon="20.075676">
      <ele>1861</ele>
      <time>2026-05-07T13:40:10Z</time>
    </trkpt>
    <trkpt lat="49.167911" lon="20.075687">
      <ele>1860</ele>
      <time>2026-05-07T13:40:20Z</time>
    </trkpt>
    <trkpt lat="49.167861" lon="20.075704">
      <ele>1859</ele>
      <time>2026-05-07T13:40:31Z</time>
    </trkpt>
    <trkpt lat="49.167837" lon="20.075724">
      <ele>1859</ele>
      <time>2026-05-07T13:40:36Z</time>
    </trkpt>
    <trkpt lat="49.167811" lon="20.075745">
      <ele>1859</ele>
      <time>2026-05-07T13:40:42Z</time>
    </trkpt>
    <trkpt lat="49.167758" lon="20.075721">
      <ele>1857</ele>
      <time>2026-05-07T13:40:53Z</time>
    </trkpt>
    <trkpt lat="49.167684" lon="20.075676">
      <ele>1854</ele>
      <time>2026-05-07T13:41:10Z</time>
    </trkpt>
    <trkpt lat="49.167601" lon="20.075653">
      <ele>1851</ele>
      <time>2026-05-07T13:41:28Z</time>
    </trkpt>
    <trkpt lat="49.167535" lon="20.075667">
      <ele>1850</ele>
      <time>2026-05-07T13:41:41Z</time>
    </trkpt>
    <trkpt lat="49.167514" lon="20.075657">
      <ele>1849</ele>
      <time>2026-05-07T13:41:46Z</time>
    </trkpt>
    <trkpt lat="49.167524" lon="20.075614">
      <ele>1848</ele>
      <time>2026-05-07T13:41:52Z</time>
    </trkpt>
    <trkpt lat="49.16769" lon="20.075494">
      <ele>1848</ele>
      <time>2026-05-07T13:42:29Z</time>
    </trkpt>
    <trkpt lat="49.167681" lon="20.075468">
      <ele>1847</ele>
      <time>2026-05-07T13:42:34Z</time>
    </trkpt>
    <trkpt lat="49.167465" lon="20.075414">
      <ele>1838</ele>
      <time>2026-05-07T13:43:20Z</time>
    </trkpt>
    <trkpt lat="49.167459" lon="20.07539">
      <ele>1836</ele>
      <time>2026-05-07T13:43:24Z</time>
    </trkpt>
    <trkpt lat="49.167491" lon="20.075343">
      <ele>1835</ele>
      <time>2026-05-07T13:43:34Z</time>
    </trkpt>
    <trkpt lat="49.167543" lon="20.075315">
      <ele>1835</ele>
      <time>2026-05-07T13:43:45Z</time>
    </trkpt>
    <trkpt lat="49.167587" lon="20.075318">
      <ele>1837</ele>
      <time>2026-05-07T13:43:54Z</time>
    </trkpt>
    <trkpt lat="49.167602" lon="20.075276">
      <ele>1836</ele>
      <time>2026-05-07T13:44:01Z</time>
    </trkpt>
    <trkpt lat="49.167531" lon="20.075239">
      <ele>1831</ele>
      <time>2026-05-07T13:44:18Z</time>
    </trkpt>
    <trkpt lat="49.167406" lon="20.075223">
      <ele>1827</ele>
      <time>2026-05-07T13:44:44Z</time>
    </trkpt>
    <trkpt lat="49.167404" lon="20.075182">
      <ele>1825</ele>
      <time>2026-05-07T13:44:50Z</time>
    </trkpt>
    <trkpt lat="49.167465" lon="20.075103">
      <ele>1823</ele>
      <time>2026-05-07T13:45:07Z</time>
    </trkpt>
    <trkpt lat="49.167524" lon="20.075058">
      <ele>1822</ele>
      <time>2026-05-07T13:45:20Z</time>
    </trkpt>
    <trkpt lat="49.167547" lon="20.075047">
      <ele>1823</ele>
      <time>2026-05-07T13:45:25Z</time>
    </trkpt>
    <trkpt lat="49.167605" lon="20.075046">
      <ele>1824</ele>
      <time>2026-05-07T13:45:37Z</time>
    </trkpt>
    <trkpt lat="49.167661" lon="20.075043">
      <ele>1826</ele>
      <time>2026-05-07T13:45:48Z</time>
    </trkpt>
    <trkpt lat="49.167689" lon="20.075042">
      <ele>1827</ele>
      <time>2026-05-07T13:45:54Z</time>
    </trkpt>
    <trkpt lat="49.167716" lon="20.075019">
      <ele>1826</ele>
      <time>2026-05-07T13:46:00Z</time>
    </trkpt>
    <trkpt lat="49.167756" lon="20.074993">
      <ele>1826</ele>
      <time>2026-05-07T13:46:09Z</time>
    </trkpt>
    <trkpt lat="49.167789" lon="20.074968">
      <ele>1826</ele>
      <time>2026-05-07T13:46:16Z</time>
    </trkpt>
    <trkpt lat="49.167824" lon="20.074945">
      <ele>1826</ele>
      <time>2026-05-07T13:46:24Z</time>
    </trkpt>
    <trkpt lat="49.167843" lon="20.07495">
      <ele>1826</ele>
      <time>2026-05-07T13:46:28Z</time>
    </trkpt>
    <trkpt lat="49.16786" lon="20.074916">
      <ele>1825</ele>
      <time>2026-05-07T13:46:34Z</time>
    </trkpt>
    <trkpt lat="49.167927" lon="20.074893">
      <ele>1826</ele>
      <time>2026-05-07T13:46:48Z</time>
    </trkpt>
    <trkpt lat="49.167962" lon="20.074887">
      <ele>1826</ele>
      <time>2026-05-07T13:46:55Z</time>
    </trkpt>
    <trkpt lat="49.168008" lon="20.07489">
      <ele>1827</ele>
      <time>2026-05-07T13:47:04Z</time>
    </trkpt>
    <trkpt lat="49.168056" lon="20.074863">
      <ele>1827</ele>
      <time>2026-05-07T13:47:15Z</time>
    </trkpt>
    <trkpt lat="49.168042" lon="20.074837">
      <ele>1826</ele>
      <time>2026-05-07T13:47:20Z</time>
    </trkpt>
    <trkpt lat="49.167967" lon="20.074777">
      <ele>1821</ele>
      <time>2026-05-07T13:47:39Z</time>
    </trkpt>
    <trkpt lat="49.167898" lon="20.074748">
      <ele>1818</ele>
      <time>2026-05-07T13:47:54Z</time>
    </trkpt>
    <trkpt lat="49.16784" lon="20.074702">
      <ele>1815</ele>
      <time>2026-05-07T13:48:08Z</time>
    </trkpt>
    <trkpt lat="49.167777" lon="20.074704">
      <ele>1814</ele>
      <time>2026-05-07T13:48:21Z</time>
    </trkpt>
    <trkpt lat="49.167723" lon="20.07468">
      <ele>1812</ele>
      <time>2026-05-07T13:48:33Z</time>
    </trkpt>
    <trkpt lat="49.167689" lon="20.074671">
      <ele>1811</ele>
      <time>2026-05-07T13:48:40Z</time>
    </trkpt>
    <trkpt lat="49.167672" lon="20.074666">
      <ele>1810</ele>
      <time>2026-05-07T13:48:43Z</time>
    </trkpt>
    <trkpt lat="49.167701" lon="20.074618">
      <ele>1810</ele>
      <time>2026-05-07T13:48:52Z</time>
    </trkpt>
    <trkpt lat="49.167691" lon="20.0746">
      <ele>1809</ele>
      <time>2026-05-07T13:48:55Z</time>
    </trkpt>
    <trkpt lat="49.167567" lon="20.074627">
      <ele>1807</ele>
      <time>2026-05-07T13:49:21Z</time>
    </trkpt>
    <trkpt lat="49.16749" lon="20.074571">
      <ele>1804</ele>
      <time>2026-05-07T13:49:39Z</time>
    </trkpt>
    <trkpt lat="49.16751" lon="20.074523">
      <ele>1803</ele>
      <time>2026-05-07T13:49:46Z</time>
    </trkpt>
    <trkpt lat="49.167567" lon="20.074484">
      <ele>1803</ele>
      <time>2026-05-07T13:49:59Z</time>
    </trkpt>
    <trkpt lat="49.167633" lon="20.074394">
      <ele>1803</ele>
      <time>2026-05-07T13:50:17Z</time>
    </trkpt>
    <trkpt lat="49.167678" lon="20.074364">
      <ele>1803</ele>
      <time>2026-05-07T13:50:26Z</time>
    </trkpt>
    <trkpt lat="49.167711" lon="20.074327">
      <ele>1802</ele>
      <time>2026-05-07T13:50:35Z</time>
    </trkpt>
    <trkpt lat="49.167748" lon="20.074279">
      <ele>1802</ele>
      <time>2026-05-07T13:50:44Z</time>
    </trkpt>
    <trkpt lat="49.167754" lon="20.074232">
      <ele>1801</ele>
      <time>2026-05-07T13:50:51Z</time>
    </trkpt>
    <trkpt lat="49.16773" lon="20.074215">
      <ele>1800</ele>
      <time>2026-05-07T13:50:57Z</time>
    </trkpt>
    <trkpt lat="49.167702" lon="20.074199">
      <ele>1799</ele>
      <time>2026-05-07T13:51:03Z</time>
    </trkpt>
    <trkpt lat="49.167699" lon="20.074177">
      <ele>1798</ele>
      <time>2026-05-07T13:51:06Z</time>
    </trkpt>
    <trkpt lat="49.167779" lon="20.074119">
      <ele>1797</ele>
      <time>2026-05-07T13:51:24Z</time>
    </trkpt>
    <trkpt lat="49.16785" lon="20.074103">
      <ele>1797</ele>
      <time>2026-05-07T13:51:38Z</time>
    </trkpt>
    <trkpt lat="49.16792" lon="20.074068">
      <ele>1796</ele>
      <time>2026-05-07T13:51:53Z</time>
    </trkpt>
    <trkpt lat="49.168026" lon="20.074064">
      <ele>1797</ele>
      <time>2026-05-07T13:52:14Z</time>
    </trkpt>
    <trkpt lat="49.168082" lon="20.074095">
      <ele>1797</ele>
      <time>2026-05-07T13:52:26Z</time>
    </trkpt>
    <trkpt lat="49.168134" lon="20.074123">
      <ele>1797</ele>
      <time>2026-05-07T13:52:37Z</time>
    </trkpt>
    <trkpt lat="49.168186" lon="20.074134">
      <ele>1796</ele>
      <time>2026-05-07T13:52:48Z</time>
    </trkpt>
    <trkpt lat="49.16822" lon="20.074134">
      <ele>1795</ele>
      <time>2026-05-07T13:52:55Z</time>
    </trkpt>
    <trkpt lat="49.16825" lon="20.07411">
      <ele>1794</ele>
      <time>2026-05-07T13:53:02Z</time>
    </trkpt>
    <trkpt lat="49.168254" lon="20.074075">
      <ele>1793</ele>
      <time>2026-05-07T13:53:07Z</time>
    </trkpt>
    <trkpt lat="49.168222" lon="20.074045">
      <ele>1793</ele>
      <time>2026-05-07T13:53:14Z</time>
    </trkpt>
    <trkpt lat="49.168198" lon="20.074024">
      <ele>1793</ele>
      <time>2026-05-07T13:53:20Z</time>
    </trkpt>
    <trkpt lat="49.168194" lon="20.074001">
      <ele>1793</ele>
      <time>2026-05-07T13:53:23Z</time>
    </trkpt>
    <trkpt lat="49.168202" lon="20.073975">
      <ele>1792</ele>
      <time>2026-05-07T13:53:27Z</time>
    </trkpt>
    <trkpt lat="49.168299" lon="20.073911">
      <ele>1790</ele>
      <time>2026-05-07T13:53:48Z</time>
    </trkpt>
    <trkpt lat="49.168285" lon="20.073886">
      <ele>1789</ele>
      <time>2026-05-07T13:53:53Z</time>
    </trkpt>
    <trkpt lat="49.168255" lon="20.07384">
      <ele>1789</ele>
      <time>2026-05-07T13:54:01Z</time>
    </trkpt>
    <trkpt lat="49.168204" lon="20.073805">
      <ele>1788</ele>
      <time>2026-05-07T13:54:13Z</time>
    </trkpt>
    <trkpt lat="49.16817" lon="20.073745">
      <ele>1787</ele>
      <time>2026-05-07T13:54:23Z</time>
    </trkpt>
    <trkpt lat="49.168129" lon="20.073679">
      <ele>1785</ele>
      <time>2026-05-07T13:54:35Z</time>
    </trkpt>
    <trkpt lat="49.168101" lon="20.073638">
      <ele>1784</ele>
      <time>2026-05-07T13:54:43Z</time>
    </trkpt>
    <trkpt lat="49.168067" lon="20.073593">
      <ele>1783</ele>
      <time>2026-05-07T13:54:53Z</time>
    </trkpt>
    <trkpt lat="49.16805" lon="20.073552">
      <ele>1782</ele>
      <time>2026-05-07T13:54:59Z</time>
    </trkpt>
    <trkpt lat="49.168019" lon="20.073445">
      <ele>1779</ele>
      <time>2026-05-07T13:55:15Z</time>
    </trkpt>
    <trkpt lat="49.167999" lon="20.073399">
      <ele>1778</ele>
      <time>2026-05-07T13:55:23Z</time>
    </trkpt>
    <trkpt lat="49.167975" lon="20.073369">
      <ele>1777</ele>
      <time>2026-05-07T13:55:30Z</time>
    </trkpt>
    <trkpt lat="49.167944" lon="20.073343">
      <ele>1775</ele>
      <time>2026-05-07T13:55:37Z</time>
    </trkpt>
    <trkpt lat="49.167911" lon="20.073349">
      <ele>1774</ele>
      <time>2026-05-07T13:55:44Z</time>
    </trkpt>
    <trkpt lat="49.16784" lon="20.073402">
      <ele>1774</ele>
      <time>2026-05-07T13:56:00Z</time>
    </trkpt>
    <trkpt lat="49.16777" lon="20.073393">
      <ele>1772</ele>
      <time>2026-05-07T13:56:14Z</time>
    </trkpt>
    <trkpt lat="49.167678" lon="20.073323">
      <ele>1768</ele>
      <time>2026-05-07T13:56:36Z</time>
    </trkpt>
    <trkpt lat="49.167617" lon="20.073304">
      <ele>1767</ele>
      <time>2026-05-07T13:56:49Z</time>
    </trkpt>
    <trkpt lat="49.167569" lon="20.073341">
      <ele>1767</ele>
      <time>2026-05-07T13:57:00Z</time>
    </trkpt>
    <trkpt lat="49.167521" lon="20.07334">
      <ele>1766</ele>
      <time>2026-05-07T13:57:09Z</time>
    </trkpt>
    <trkpt lat="49.167492" lon="20.073354">
      <ele>1765</ele>
      <time>2026-05-07T13:57:15Z</time>
    </trkpt>
    <trkpt lat="49.167451" lon="20.073371">
      <ele>1765</ele>
      <time>2026-05-07T13:57:24Z</time>
    </trkpt>
    <trkpt lat="49.167427" lon="20.073354">
      <ele>1764</ele>
      <time>2026-05-07T13:57:30Z</time>
    </trkpt>
    <trkpt lat="49.167402" lon="20.073302">
      <ele>1761</ele>
      <time>2026-05-07T13:57:39Z</time>
    </trkpt>
    <trkpt lat="49.167396" lon="20.073261">
      <ele>1760</ele>
      <time>2026-05-07T13:57:45Z</time>
    </trkpt>
    <trkpt lat="49.167416" lon="20.07321">
      <ele>1760</ele>
      <time>2026-05-07T13:57:53Z</time>
    </trkpt>
    <trkpt lat="49.16746" lon="20.073165">
      <ele>1760</ele>
      <time>2026-05-07T13:58:03Z</time>
    </trkpt>
    <trkpt lat="49.167506" lon="20.073141">
      <ele>1761</ele>
      <time>2026-05-07T13:58:13Z</time>
    </trkpt>
    <trkpt lat="49.167518" lon="20.073098">
      <ele>1760</ele>
      <time>2026-05-07T13:58:19Z</time>
    </trkpt>
    <trkpt lat="49.167461" lon="20.073075">
      <ele>1758</ele>
      <time>2026-05-07T13:58:32Z</time>
    </trkpt>
    <trkpt lat="49.16742" lon="20.073066">
      <ele>1757</ele>
      <time>2026-05-07T13:58:41Z</time>
    </trkpt>
    <trkpt lat="49.167353" lon="20.073098">
      <ele>1755</ele>
      <time>2026-05-07T13:58:55Z</time>
    </trkpt>
    <trkpt lat="49.167304" lon="20.07312">
      <ele>1754</ele>
      <time>2026-05-07T13:59:05Z</time>
    </trkpt>
    <trkpt lat="49.167269" lon="20.073155">
      <ele>1754</ele>
      <time>2026-05-07T13:59:14Z</time>
    </trkpt>
    <trkpt lat="49.167242" lon="20.073141">
      <ele>1753</ele>
      <time>2026-05-07T13:59:20Z</time>
    </trkpt>
    <trkpt lat="49.167235" lon="20.073115">
      <ele>1752</ele>
      <time>2026-05-07T13:59:24Z</time>
    </trkpt>
    <trkpt lat="49.167249" lon="20.073069">
      <ele>1751</ele>
      <time>2026-05-07T13:59:30Z</time>
    </trkpt>
    <trkpt lat="49.167277" lon="20.073004">
      <ele>1751</ele>
      <time>2026-05-07T13:59:41Z</time>
    </trkpt>
    <trkpt lat="49.167292" lon="20.072931">
      <ele>1750</ele>
      <time>2026-05-07T13:59:51Z</time>
    </trkpt>
    <trkpt lat="49.167321" lon="20.072857">
      <ele>1749</ele>
      <time>2026-05-07T14:00:02Z</time>
    </trkpt>
    <trkpt lat="49.167323" lon="20.072817">
      <ele>1748</ele>
      <time>2026-05-07T14:00:08Z</time>
    </trkpt>
    <trkpt lat="49.16728" lon="20.072835">
      <ele>1747</ele>
      <time>2026-05-07T14:00:17Z</time>
    </trkpt>
    <trkpt lat="49.167238" lon="20.072872">
      <ele>1747</ele>
      <time>2026-05-07T14:00:27Z</time>
    </trkpt>
    <trkpt lat="49.167207" lon="20.072925">
      <ele>1747</ele>
      <time>2026-05-07T14:00:36Z</time>
    </trkpt>
    <trkpt lat="49.167184" lon="20.072917">
      <ele>1746</ele>
      <time>2026-05-07T14:00:41Z</time>
    </trkpt>
    <trkpt lat="49.167174" lon="20.07287">
      <ele>1745</ele>
      <time>2026-05-07T14:00:48Z</time>
    </trkpt>
    <trkpt lat="49.167191" lon="20.072811">
      <ele>1744</ele>
      <time>2026-05-07T14:00:56Z</time>
    </trkpt>
    <trkpt lat="49.167233" lon="20.072705">
      <ele>1743</ele>
      <time>2026-05-07T14:01:12Z</time>
    </trkpt>
    <trkpt lat="49.16722" lon="20.072683">
      <ele>1743</ele>
      <time>2026-05-07T14:01:17Z</time>
    </trkpt>
    <trkpt lat="49.167171" lon="20.072713">
      <ele>1742</ele>
      <time>2026-05-07T14:01:27Z</time>
    </trkpt>
    <trkpt lat="49.167124" lon="20.072744">
      <ele>1741</ele>
      <time>2026-05-07T14:01:38Z</time>
    </trkpt>
    <trkpt lat="49.167006" lon="20.072936">
      <ele>1741</ele>
      <time>2026-05-07T14:02:12Z</time>
    </trkpt>
    <trkpt lat="49.166988" lon="20.072919">
      <ele>1740</ele>
      <time>2026-05-07T14:02:17Z</time>
    </trkpt>
    <trkpt lat="49.16697" lon="20.072864">
      <ele>1738</ele>
      <time>2026-05-07T14:02:25Z</time>
    </trkpt>
    <trkpt lat="49.166991" lon="20.072795">
      <ele>1738</ele>
      <time>2026-05-07T14:02:35Z</time>
    </trkpt>
    <trkpt lat="49.167018" lon="20.072697">
      <ele>1737</ele>
      <time>2026-05-07T14:02:49Z</time>
    </trkpt>
    <trkpt lat="49.167065" lon="20.072616">
      <ele>1737</ele>
      <time>2026-05-07T14:03:03Z</time>
    </trkpt>
    <trkpt lat="49.167065" lon="20.072583">
      <ele>1737</ele>
      <time>2026-05-07T14:03:08Z</time>
    </trkpt>
    <trkpt lat="49.167033" lon="20.072566">
      <ele>1736</ele>
      <time>2026-05-07T14:03:15Z</time>
    </trkpt>
    <trkpt lat="49.166979" lon="20.072566">
      <ele>1734</ele>
      <time>2026-05-07T14:03:26Z</time>
    </trkpt>
    <trkpt lat="49.166938" lon="20.072546">
      <ele>1732</ele>
      <time>2026-05-07T14:03:35Z</time>
    </trkpt>
    <trkpt lat="49.16688" lon="20.07246">
      <ele>1729</ele>
      <time>2026-05-07T14:03:52Z</time>
    </trkpt>
    <trkpt lat="49.166805" lon="20.072448">
      <ele>1726</ele>
      <time>2026-05-07T14:04:08Z</time>
    </trkpt>
    <trkpt lat="49.166771" lon="20.072426">
      <ele>1724</ele>
      <time>2026-05-07T14:04:16Z</time>
    </trkpt>
    <trkpt lat="49.166723" lon="20.072376">
      <ele>1722</ele>
      <time>2026-05-07T14:04:29Z</time>
    </trkpt>
    <trkpt lat="49.166699" lon="20.072335">
      <ele>1720</ele>
      <time>2026-05-07T14:04:37Z</time>
    </trkpt>
    <trkpt lat="49.166672" lon="20.072279">
      <ele>1718</ele>
      <time>2026-05-07T14:04:47Z</time>
    </trkpt>
    <trkpt lat="49.166609" lon="20.072279">
      <ele>1716</ele>
      <time>2026-05-07T14:05:00Z</time>
    </trkpt>
    <trkpt lat="49.166555" lon="20.072343">
      <ele>1715</ele>
      <time>2026-05-07T14:05:14Z</time>
    </trkpt>
    <trkpt lat="49.166518" lon="20.072397">
      <ele>1714</ele>
      <time>2026-05-07T14:05:24Z</time>
    </trkpt>
    <trkpt lat="49.166475" lon="20.072495">
      <ele>1714</ele>
      <time>2026-05-07T14:05:39Z</time>
    </trkpt>
    <trkpt lat="49.166447" lon="20.072555">
      <ele>1714</ele>
      <time>2026-05-07T14:05:49Z</time>
    </trkpt>
    <trkpt lat="49.166426" lon="20.072583">
      <ele>1714</ele>
      <time>2026-05-07T14:05:55Z</time>
    </trkpt>
    <trkpt lat="49.166369" lon="20.072609">
      <ele>1712</ele>
      <time>2026-05-07T14:06:07Z</time>
    </trkpt>
    <trkpt lat="49.166338" lon="20.072669">
      <ele>1712</ele>
      <time>2026-05-07T14:06:17Z</time>
    </trkpt>
    <trkpt lat="49.16632" lon="20.072664">
      <ele>1711</ele>
      <time>2026-05-07T14:06:21Z</time>
    </trkpt>
    <trkpt lat="49.166307" lon="20.072547">
      <ele>1709</ele>
      <time>2026-05-07T14:06:37Z</time>
    </trkpt>
    <trkpt lat="49.166288" lon="20.072535">
      <ele>1708</ele>
      <time>2026-05-07T14:06:41Z</time>
    </trkpt>
    <trkpt lat="49.166218" lon="20.072636">
      <ele>1708</ele>
      <time>2026-05-07T14:07:01Z</time>
    </trkpt>
    <trkpt lat="49.166178" lon="20.072732">
      <ele>1709</ele>
      <time>2026-05-07T14:07:16Z</time>
    </trkpt>
    <trkpt lat="49.166104" lon="20.072813">
      <ele>1709</ele>
      <time>2026-05-07T14:07:34Z</time>
    </trkpt>
    <trkpt lat="49.166032" lon="20.072909">
      <ele>1705</ele>
      <time>2026-05-07T14:07:54Z</time>
    </trkpt>
    <trkpt lat="49.165912" lon="20.073127">
      <ele>1701</ele>
      <time>2026-05-07T14:08:32Z</time>
    </trkpt>
    <trkpt lat="49.165825" lon="20.073278">
      <ele>1699</ele>
      <time>2026-05-07T14:08:59Z</time>
    </trkpt>
    <trkpt lat="49.165738" lon="20.073415">
      <ele>1697</ele>
      <time>2026-05-07T14:09:24Z</time>
    </trkpt>
    <trkpt lat="49.165658" lon="20.07352">
      <ele>1694</ele>
      <time>2026-05-07T14:09:46Z</time>
    </trkpt>
    <trkpt lat="49.165549" lon="20.073621">
      <ele>1690</ele>
      <time>2026-05-07T14:10:12Z</time>
    </trkpt>
    <trkpt lat="49.165458" lon="20.073734">
      <ele>1690</ele>
      <time>2026-05-07T14:10:36Z</time>
    </trkpt>
    <trkpt lat="49.165411" lon="20.07377">
      <ele>1689</ele>
      <time>2026-05-07T14:10:46Z</time>
    </trkpt>
    <trkpt lat="49.16531" lon="20.073793">
      <ele>1684</ele>
      <time>2026-05-07T14:11:09Z</time>
    </trkpt>
    <trkpt lat="49.165312" lon="20.073753">
      <ele>1683</ele>
      <time>2026-05-07T14:11:14Z</time>
    </trkpt>
    <trkpt lat="49.1654" lon="20.073605">
      <ele>1683</ele>
      <time>2026-05-07T14:11:40Z</time>
    </trkpt>
    <trkpt lat="49.165469" lon="20.073468">
      <ele>1683</ele>
      <time>2026-05-07T14:12:03Z</time>
    </trkpt>
    <trkpt lat="49.165598" lon="20.073115">
      <ele>1682</ele>
      <time>2026-05-07T14:12:56Z</time>
    </trkpt>
    <trkpt lat="49.165611" lon="20.072992">
      <ele>1681</ele>
      <time>2026-05-07T14:13:12Z</time>
    </trkpt>
    <trkpt lat="49.165603" lon="20.072889">
      <ele>1679</ele>
      <time>2026-05-07T14:13:26Z</time>
    </trkpt>
    <trkpt lat="49.16557" lon="20.072771">
      <ele>1676</ele>
      <time>2026-05-07T14:13:44Z</time>
    </trkpt>
    <trkpt lat="49.16553" lon="20.072759">
      <ele>1674</ele>
      <time>2026-05-07T14:13:53Z</time>
    </trkpt>
    <trkpt lat="49.165508" lon="20.072736">
      <ele>1673</ele>
      <time>2026-05-07T14:13:58Z</time>
    </trkpt>
    <trkpt lat="49.165507" lon="20.072691">
      <ele>1673</ele>
      <time>2026-05-07T14:14:04Z</time>
    </trkpt>
    <trkpt lat="49.165547" lon="20.072567">
      <ele>1673</ele>
      <time>2026-05-07T14:14:22Z</time>
    </trkpt>
    <trkpt lat="49.165545" lon="20.072498">
      <ele>1673</ele>
      <time>2026-05-07T14:14:32Z</time>
    </trkpt>
    <trkpt lat="49.165519" lon="20.072405">
      <ele>1671</ele>
      <time>2026-05-07T14:14:45Z</time>
    </trkpt>
    <trkpt lat="49.165527" lon="20.072291">
      <ele>1671</ele>
      <time>2026-05-07T14:15:00Z</time>
    </trkpt>
    <trkpt lat="49.16556" lon="20.072211">
      <ele>1672</ele>
      <time>2026-05-07T14:15:12Z</time>
    </trkpt>
    <trkpt lat="49.165571" lon="20.072218">
      <ele>1672</ele>
      <time>2026-05-07T14:15:15Z</time>
    </trkpt>
    <trkpt lat="49.1656" lon="20.072145">
      <ele>1673</ele>
      <time>2026-05-07T14:15:26Z</time>
    </trkpt>
    <trkpt lat="49.165593" lon="20.072017">
      <ele>1671</ele>
      <time>2026-05-07T14:15:43Z</time>
    </trkpt>
    <trkpt lat="49.165544" lon="20.071942">
      <ele>1669</ele>
      <time>2026-05-07T14:15:58Z</time>
    </trkpt>
    <trkpt lat="49.165534" lon="20.071887">
      <ele>1668</ele>
      <time>2026-05-07T14:16:05Z</time>
    </trkpt>
    <trkpt lat="49.165536" lon="20.07183">
      <ele>1667</ele>
      <time>2026-05-07T14:16:13Z</time>
    </trkpt>
    <trkpt lat="49.165503" lon="20.071777">
      <ele>1666</ele>
      <time>2026-05-07T14:16:23Z</time>
    </trkpt>
    <trkpt lat="49.165378" lon="20.071713">
      <ele>1662</ele>
      <time>2026-05-07T14:16:50Z</time>
    </trkpt>
    <trkpt lat="49.165304" lon="20.071713">
      <ele>1661</ele>
      <time>2026-05-07T14:17:05Z</time>
    </trkpt>
    <trkpt lat="49.165247" lon="20.071675">
      <ele>1659</ele>
      <time>2026-05-07T14:17:18Z</time>
    </trkpt>
    <trkpt lat="49.165197" lon="20.07158">
      <ele>1658</ele>
      <time>2026-05-07T14:17:34Z</time>
    </trkpt>
    <trkpt lat="49.165121" lon="20.071504">
      <ele>1656</ele>
      <time>2026-05-07T14:17:52Z</time>
    </trkpt>
    <trkpt lat="49.165087" lon="20.071401">
      <ele>1655</ele>
      <time>2026-05-07T14:18:08Z</time>
    </trkpt>
    <trkpt lat="49.165014" lon="20.071344">
      <ele>1653</ele>
      <time>2026-05-07T14:18:24Z</time>
    </trkpt>
    <trkpt lat="49.164973" lon="20.071268">
      <ele>1653</ele>
      <time>2026-05-07T14:18:37Z</time>
    </trkpt>
    <trkpt lat="49.164931" lon="20.071126">
      <ele>1652</ele>
      <time>2026-05-07T14:18:58Z</time>
    </trkpt>
    <trkpt lat="49.164918" lon="20.071002">
      <ele>1651</ele>
      <time>2026-05-07T14:19:14Z</time>
    </trkpt>
    <trkpt lat="49.164886" lon="20.070947">
      <ele>1651</ele>
      <time>2026-05-07T14:19:24Z</time>
    </trkpt>
    <trkpt lat="49.164836" lon="20.070894">
      <ele>1649</ele>
      <time>2026-05-07T14:19:36Z</time>
    </trkpt>
    <trkpt lat="49.164764" lon="20.070867">
      <ele>1648</ele>
      <time>2026-05-07T14:19:51Z</time>
    </trkpt>
    <trkpt lat="49.164565" lon="20.070845">
      <ele>1646</ele>
      <time>2026-05-07T14:20:31Z</time>
    </trkpt>
    <trkpt lat="49.164482" lon="20.070886">
      <ele>1646</ele>
      <time>2026-05-07T14:20:49Z</time>
    </trkpt>
    <trkpt lat="49.164409" lon="20.071024">
      <ele>1646</ele>
      <time>2026-05-07T14:21:12Z</time>
    </trkpt>
    <trkpt lat="49.164344" lon="20.071073">
      <ele>1645</ele>
      <time>2026-05-07T14:21:27Z</time>
    </trkpt>
    <trkpt lat="49.164302" lon="20.071138">
      <ele>1645</ele>
      <time>2026-05-07T14:21:38Z</time>
    </trkpt>
    <trkpt lat="49.164286" lon="20.071219">
      <ele>1645</ele>
      <time>2026-05-07T14:21:50Z</time>
    </trkpt>
    <trkpt lat="49.164255" lon="20.071252">
      <ele>1645</ele>
      <time>2026-05-07T14:21:57Z</time>
    </trkpt>
    <trkpt lat="49.164179" lon="20.071285">
      <ele>1644</ele>
      <time>2026-05-07T14:22:13Z</time>
    </trkpt>
    <trkpt lat="49.164142" lon="20.071308">
      <ele>1643</ele>
      <time>2026-05-07T14:22:21Z</time>
    </trkpt>
    <trkpt lat="49.164064" lon="20.071309">
      <ele>1643</ele>
      <time>2026-05-07T14:22:37Z</time>
    </trkpt>
    <trkpt lat="49.163987" lon="20.071352">
      <ele>1642</ele>
      <time>2026-05-07T14:22:53Z</time>
    </trkpt>
    <trkpt lat="49.163945" lon="20.071403">
      <ele>1642</ele>
      <time>2026-05-07T14:23:04Z</time>
    </trkpt>
    <trkpt lat="49.163849" lon="20.071418">
      <ele>1641</ele>
      <time>2026-05-07T14:23:23Z</time>
    </trkpt>
    <trkpt lat="49.163802" lon="20.071451">
      <ele>1641</ele>
      <time>2026-05-07T14:23:34Z</time>
    </trkpt>
    <trkpt lat="49.163772" lon="20.071431">
      <ele>1640</ele>
      <time>2026-05-07T14:23:40Z</time>
    </trkpt>
    <trkpt lat="49.163752" lon="20.071358">
      <ele>1639</ele>
      <time>2026-05-07T14:23:51Z</time>
    </trkpt>
    <trkpt lat="49.163685" lon="20.071272">
      <ele>1638</ele>
      <time>2026-05-07T14:24:08Z</time>
    </trkpt>
    <trkpt lat="49.163639" lon="20.071163">
      <ele>1636</ele>
      <time>2026-05-07T14:24:26Z</time>
    </trkpt>
    <trkpt lat="49.163596" lon="20.071109">
      <ele>1635</ele>
      <time>2026-05-07T14:24:37Z</time>
    </trkpt>
    <trkpt lat="49.163517" lon="20.071108">
      <ele>1633</ele>
      <time>2026-05-07T14:24:53Z</time>
    </trkpt>
    <trkpt lat="49.163458" lon="20.071135">
      <ele>1633</ele>
      <time>2026-05-07T14:25:06Z</time>
    </trkpt>
    <trkpt lat="49.163406" lon="20.07113">
      <ele>1632</ele>
      <time>2026-05-07T14:25:16Z</time>
    </trkpt>
    <trkpt lat="49.163378" lon="20.07108">
      <ele>1629</ele>
      <time>2026-05-07T14:25:25Z</time>
    </trkpt>
    <trkpt lat="49.163332" lon="20.071057">
      <ele>1627</ele>
      <time>2026-05-07T14:25:36Z</time>
    </trkpt>
    <trkpt lat="49.163285" lon="20.071064">
      <ele>1625</ele>
      <time>2026-05-07T14:25:46Z</time>
    </trkpt>
    <trkpt lat="49.163248" lon="20.071044">
      <ele>1623</ele>
      <time>2026-05-07T14:25:55Z</time>
    </trkpt>
    <trkpt lat="49.163224" lon="20.07097">
      <ele>1620</ele>
      <time>2026-05-07T14:26:07Z</time>
    </trkpt>
    <trkpt lat="49.16318" lon="20.070957">
      <ele>1620</ele>
      <time>2026-05-07T14:26:13Z</time>
    </trkpt>
    <trkpt lat="49.163063" lon="20.071023">
      <ele>1622</ele>
      <time>2026-05-07T14:26:31Z</time>
    </trkpt>
    <trkpt lat="49.163024" lon="20.071063">
      <ele>1622</ele>
      <time>2026-05-07T14:26:38Z</time>
    </trkpt>
    <trkpt lat="49.162972" lon="20.071159">
      <ele>1621</ele>
      <time>2026-05-07T14:26:49Z</time>
    </trkpt>
    <trkpt lat="49.162932" lon="20.071237">
      <ele>1620</ele>
      <time>2026-05-07T14:26:58Z</time>
    </trkpt>
    <trkpt lat="49.162866" lon="20.071238">
      <ele>1618</ele>
      <time>2026-05-07T14:27:08Z</time>
    </trkpt>
    <trkpt lat="49.162831" lon="20.07126">
      <ele>1617</ele>
      <time>2026-05-07T14:27:14Z</time>
    </trkpt>
    <trkpt lat="49.162781" lon="20.071387">
      <ele>1616</ele>
      <time>2026-05-07T14:27:27Z</time>
    </trkpt>
    <trkpt lat="49.162727" lon="20.07143">
      <ele>1615</ele>
      <time>2026-05-07T14:27:36Z</time>
    </trkpt>
    <trkpt lat="49.162683" lon="20.071449">
      <ele>1614</ele>
      <time>2026-05-07T14:27:42Z</time>
    </trkpt>
    <trkpt lat="49.162644" lon="20.07152">
      <ele>1614</ele>
      <time>2026-05-07T14:27:51Z</time>
    </trkpt>
    <trkpt lat="49.162601" lon="20.07158">
      <ele>1613</ele>
      <time>2026-05-07T14:27:59Z</time>
    </trkpt>
    <trkpt lat="49.162528" lon="20.071629">
      <ele>1611</ele>
      <time>2026-05-07T14:28:11Z</time>
    </trkpt>
    <trkpt lat="49.162521" lon="20.071695">
      <ele>1612</ele>
      <time>2026-05-07T14:28:17Z</time>
    </trkpt>
    <trkpt lat="49.162497" lon="20.071835">
      <ele>1612</ele>
      <time>2026-05-07T14:28:30Z</time>
    </trkpt>
    <trkpt lat="49.162442" lon="20.071858">
      <ele>1610</ele>
      <time>2026-05-07T14:28:38Z</time>
    </trkpt>
    <trkpt lat="49.162367" lon="20.071866">
      <ele>1608</ele>
      <time>2026-05-07T14:28:49Z</time>
    </trkpt>
    <trkpt lat="49.162281" lon="20.071841">
      <ele>1605</ele>
      <time>2026-05-07T14:29:02Z</time>
    </trkpt>
    <trkpt lat="49.162221" lon="20.071823">
      <ele>1604</ele>
      <time>2026-05-07T14:29:11Z</time>
    </trkpt>
    <trkpt lat="49.162028" lon="20.071979">
      <ele>1598</ele>
      <time>2026-05-07T14:29:42Z</time>
    </trkpt>
    <trkpt lat="49.161939" lon="20.072063">
      <ele>1596</ele>
      <time>2026-05-07T14:29:57Z</time>
    </trkpt>
    <trkpt lat="49.161858" lon="20.072114">
      <ele>1594</ele>
      <time>2026-05-07T14:30:10Z</time>
    </trkpt>
    <trkpt lat="49.161754" lon="20.072121">
      <ele>1591</ele>
      <time>2026-05-07T14:30:25Z</time>
    </trkpt>
    <trkpt lat="49.161635" lon="20.072249">
      <ele>1590</ele>
      <time>2026-05-07T14:30:45Z</time>
    </trkpt>
    <trkpt lat="49.161498" lon="20.07242">
      <ele>1589</ele>
      <time>2026-05-07T14:31:10Z</time>
    </trkpt>
    <trkpt lat="49.161266" lon="20.072434">
      <ele>1584</ele>
      <time>2026-05-07T14:31:44Z</time>
    </trkpt>
    <trkpt lat="49.160969" lon="20.072699">
      <ele>1580</ele>
      <time>2026-05-07T14:32:32Z</time>
    </trkpt>
    <trkpt lat="49.160849" lon="20.072778">
      <ele>1578</ele>
      <time>2026-05-07T14:32:51Z</time>
    </trkpt>
    <trkpt lat="49.160747" lon="20.072934">
      <ele>1578</ele>
      <time>2026-05-07T14:33:11Z</time>
    </trkpt>
    <trkpt lat="49.16056" lon="20.07303">
      <ele>1576</ele>
      <time>2026-05-07T14:33:39Z</time>
    </trkpt>
    <trkpt lat="49.160334" lon="20.073215">
      <ele>1571</ele>
      <time>2026-05-07T14:34:16Z</time>
    </trkpt>
    <trkpt lat="49.160125" lon="20.073292">
      <ele>1566</ele>
      <time>2026-05-07T14:34:46Z</time>
    </trkpt>
    <trkpt lat="49.159932" lon="20.073258">
      <ele>1561</ele>
      <time>2026-05-07T14:35:14Z</time>
    </trkpt>
    <trkpt lat="49.159648" lon="20.073371">
      <ele>1558</ele>
      <time>2026-05-07T14:35:56Z</time>
    </trkpt>
    <trkpt lat="49.159578" lon="20.07344">
      <ele>1557</ele>
      <time>2026-05-07T14:36:07Z</time>
    </trkpt>
    <trkpt lat="49.159448" lon="20.073507">
      <ele>1556</ele>
      <time>2026-05-07T14:36:27Z</time>
    </trkpt>
    <trkpt lat="49.15936" lon="20.073561">
      <ele>1555</ele>
      <time>2026-05-07T14:36:40Z</time>
    </trkpt>
    <trkpt lat="49.159293" lon="20.073679">
      <ele>1555</ele>
      <time>2026-05-07T14:36:55Z</time>
    </trkpt>
    <trkpt lat="49.159245" lon="20.073851">
      <ele>1557</ele>
      <time>2026-05-07T14:37:12Z</time>
    </trkpt>
    <trkpt lat="49.159162" lon="20.073998">
      <ele>1558</ele>
      <time>2026-05-07T14:37:30Z</time>
    </trkpt>
    <trkpt lat="49.158972" lon="20.074156">
      <ele>1558</ele>
      <time>2026-05-07T14:38:00Z</time>
    </trkpt>
    <trkpt lat="49.158936" lon="20.074242">
      <ele>1559</ele>
      <time>2026-05-07T14:38:10Z</time>
    </trkpt>
    <trkpt lat="49.158927" lon="20.074401">
      <ele>1561</ele>
      <time>2026-05-07T14:38:25Z</time>
    </trkpt>
    <trkpt lat="49.158888" lon="20.074517">
      <ele>1562</ele>
      <time>2026-05-07T14:38:37Z</time>
    </trkpt>
    <trkpt lat="49.158774" lon="20.074604">
      <ele>1561</ele>
      <time>2026-05-07T14:38:55Z</time>
    </trkpt>
    <trkpt lat="49.158734" lon="20.074696">
      <ele>1561</ele>
      <time>2026-05-07T14:39:05Z</time>
    </trkpt>
    <trkpt lat="49.158447" lon="20.074877">
      <ele>1559</ele>
      <time>2026-05-07T14:39:48Z</time>
    </trkpt>
    <trkpt lat="49.158274" lon="20.075004">
      <ele>1558</ele>
      <time>2026-05-07T14:40:15Z</time>
    </trkpt>
    <trkpt lat="49.158014" lon="20.075205">
      <ele>1559</ele>
      <time>2026-05-07T14:40:56Z</time>
    </trkpt>
    <trkpt lat="49.15779" lon="20.075369">
      <ele>1558</ele>
      <time>2026-05-07T14:41:31Z</time>
    </trkpt>
    <trkpt lat="49.157601" lon="20.075478">
      <ele>1557</ele>
      <time>2026-05-07T14:42:00Z</time>
    </trkpt>
    <trkpt lat="49.157469" lon="20.075652">
      <ele>1558</ele>
      <time>2026-05-07T14:42:24Z</time>
    </trkpt>
    <trkpt lat="49.157291" lon="20.075706">
      <ele>1557</ele>
      <time>2026-05-07T14:42:50Z</time>
    </trkpt>
    <trkpt lat="49.15702" lon="20.07585">
      <ele>1556</ele>
      <time>2026-05-07T14:43:30Z</time>
    </trkpt>
    <trkpt lat="49.156768" lon="20.075901">
      <ele>1553</ele>
      <time>2026-05-07T14:44:06Z</time>
    </trkpt>
    <trkpt lat="49.15648" lon="20.075944">
      <ele>1549</ele>
      <time>2026-05-07T14:44:47Z</time>
    </trkpt>
    <trkpt lat="49.156327" lon="20.075967">
      <ele>1547</ele>
      <time>2026-05-07T14:45:09Z</time>
    </trkpt>
    <trkpt lat="49.156094" lon="20.075974">
      <ele>1544</ele>
      <time>2026-05-07T14:45:42Z</time>
    </trkpt>
    <trkpt lat="49.155925" lon="20.076012">
      <ele>1543</ele>
      <time>2026-05-07T14:46:06Z</time>
    </trkpt>
    <trkpt lat="49.155761" lon="20.076112">
      <ele>1542</ele>
      <time>2026-05-07T14:46:31Z</time>
    </trkpt>
    <trkpt lat="49.155614" lon="20.076304">
      <ele>1541</ele>
      <time>2026-05-07T14:46:58Z</time>
    </trkpt>
    <trkpt lat="49.155526" lon="20.076432">
      <ele>1541</ele>
      <time>2026-05-07T14:47:15Z</time>
    </trkpt>
    <trkpt lat="49.15542" lon="20.076565">
      <ele>1540</ele>
      <time>2026-05-07T14:47:35Z</time>
    </trkpt>
    <trkpt lat="49.155363" lon="20.07661">
      <ele>1540</ele>
      <time>2026-05-07T14:47:44Z</time>
    </trkpt>
    <trkpt lat="49.155349" lon="20.076649">
      <ele>1540</ele>
      <time>2026-05-07T14:47:48Z</time>
    </trkpt>
    <trkpt lat="49.155261" lon="20.076769">
      <ele>1540</ele>
      <time>2026-05-07T14:48:04Z</time>
    </trkpt>
    <trkpt lat="49.155185" lon="20.076882">
      <ele>1540</ele>
      <time>2026-05-07T14:48:19Z</time>
    </trkpt>
    <trkpt lat="49.155077" lon="20.076925">
      <ele>1539</ele>
      <time>2026-05-07T14:48:35Z</time>
    </trkpt>
    <trkpt lat="49.15491" lon="20.076971">
      <ele>1533</ele>
      <time>2026-05-07T14:49:00Z</time>
    </trkpt>
    <trkpt lat="49.154762" lon="20.077026">
      <ele>1527</ele>
      <time>2026-05-07T14:49:23Z</time>
    </trkpt>
    <trkpt lat="49.154575" lon="20.077157">
      <ele>1520</ele>
      <time>2026-05-07T14:49:53Z</time>
    </trkpt>
    <trkpt lat="49.154403" lon="20.077287">
      <ele>1513</ele>
      <time>2026-05-07T14:50:21Z</time>
    </trkpt>
    <trkpt lat="49.154335" lon="20.077405">
      <ele>1509</ele>
      <time>2026-05-07T14:50:37Z</time>
    </trkpt>
    <trkpt lat="49.154301" lon="20.077547">
      <ele>1506</ele>
      <time>2026-05-07T14:50:51Z</time>
    </trkpt>
    <trkpt lat="49.154219" lon="20.077634">
      <ele>1500</ele>
      <time>2026-05-07T14:51:07Z</time>
    </trkpt>
    <trkpt lat="49.154293" lon="20.077869">
      <ele>1503</ele>
      <time>2026-05-07T14:51:40Z</time>
    </trkpt>
    <trkpt lat="49.154615" lon="20.078387">
      <ele>1518</ele>
      <time>2026-05-07T14:53:13Z</time>
    </trkpt>
    <trkpt lat="49.154771" lon="20.078738">
      <ele>1526</ele>
      <time>2026-05-07T14:54:07Z</time>
    </trkpt>
    <trkpt lat="49.154852" lon="20.079076">
      <ele>1518</ele>
      <time>2026-05-07T14:54:54Z</time>
    </trkpt>
    <trkpt lat="49.154877" lon="20.079249">
      <ele>1512</ele>
      <time>2026-05-07T14:55:18Z</time>
    </trkpt>
    <trkpt lat="49.154871" lon="20.079439">
      <ele>1506</ele>
      <time>2026-05-07T14:55:44Z</time>
    </trkpt>
    <trkpt lat="49.15486" lon="20.079448">
      <ele>1505</ele>
      <time>2026-05-07T14:55:47Z</time>
    </trkpt>
    <trkpt lat="49.154801" lon="20.079492">
      <ele>1502</ele>
      <time>2026-05-07T14:56:01Z</time>
    </trkpt>
    <trkpt lat="49.154777" lon="20.079517">
      <ele>1500</ele>
      <time>2026-05-07T14:56:07Z</time>
    </trkpt>
  </trkseg>
</trk>
</gpx>