<?xml version="1.0" encoding="UTF-8"?><gpx creator="https://mapa-turystyczna.pl" xmlns="http://www.topografix.com/GPX/1/1" version="1.1" xmlns:xsi="http://www.w3.org/2001/XMLSchema-instance" xsi:schemaLocation="http://www.topografix.com/GPX/1/1 http://www.topografix.com/GPX/1/1/gpx.xsd">
  <metadata>
    <link href="https://mapa-turystyczna.pl">
      <text>mapa-turystyczna.pl</text>
    </link>
    <time>2026-05-07T08:43:14Z</time>
    <bounds maxlat="49.4492388" maxlon="20.616894" minlat="49.376839" minlon="20.547227"/>
  </metadata>

<trk>
  <name>Trasa przez: Jaworki</name>
  <link href="https://mapa-turystyczna.pl/route/slrm">
    <text>Trasa przez: Jaworki</text>
  </link>
  <trkseg>
    <trkpt lat="49.406615" lon="20.552783">
      <ele>566</ele>
      <time>2026-05-07T08:43:14Z</time>
    </trkpt>
    <trkpt lat="49.406602" lon="20.553061">
      <ele>567</ele>
      <time>2026-05-07T08:43:44Z</time>
    </trkpt>
    <trkpt lat="49.406596" lon="20.553405">
      <ele>568</ele>
      <time>2026-05-07T08:44:20Z</time>
    </trkpt>
    <trkpt lat="49.406605" lon="20.553484">
      <ele>568</ele>
      <time>2026-05-07T08:44:28Z</time>
    </trkpt>
    <trkpt lat="49.406622" lon="20.553545">
      <ele>568</ele>
      <time>2026-05-07T08:44:35Z</time>
    </trkpt>
    <trkpt lat="49.406663" lon="20.553641">
      <ele>568</ele>
      <time>2026-05-07T08:44:48Z</time>
    </trkpt>
    <trkpt lat="49.406721" lon="20.553729">
      <ele>568</ele>
      <time>2026-05-07T08:45:01Z</time>
    </trkpt>
    <trkpt lat="49.406793" lon="20.553785">
      <ele>568</ele>
      <time>2026-05-07T08:45:14Z</time>
    </trkpt>
    <trkpt lat="49.406866" lon="20.553947">
      <ele>568</ele>
      <time>2026-05-07T08:45:28Z</time>
    </trkpt>
    <trkpt lat="49.406908" lon="20.554256">
      <ele>568</ele>
      <time>2026-05-07T08:45:51Z</time>
    </trkpt>
    <trkpt lat="49.406932" lon="20.554469">
      <ele>568</ele>
      <time>2026-05-07T08:46:06Z</time>
    </trkpt>
    <trkpt lat="49.406977" lon="20.554704">
      <ele>570</ele>
      <time>2026-05-07T08:46:24Z</time>
    </trkpt>
    <trkpt lat="49.407001" lon="20.554836">
      <ele>571</ele>
      <time>2026-05-07T08:46:34Z</time>
    </trkpt>
    <trkpt lat="49.406991" lon="20.555264">
      <ele>574</ele>
      <time>2026-05-07T08:47:05Z</time>
    </trkpt>
    <trkpt lat="49.40691" lon="20.555629">
      <ele>576</ele>
      <time>2026-05-07T08:47:32Z</time>
    </trkpt>
    <trkpt lat="49.406723" lon="20.556111">
      <ele>579</ele>
      <time>2026-05-07T08:48:13Z</time>
    </trkpt>
    <trkpt lat="49.406845" lon="20.556422">
      <ele>581</ele>
      <time>2026-05-07T08:48:39Z</time>
    </trkpt>
    <trkpt lat="49.40702" lon="20.55665">
      <ele>581</ele>
      <time>2026-05-07T08:49:04Z</time>
    </trkpt>
    <trkpt lat="49.407537" lon="20.556916">
      <ele>579</ele>
      <time>2026-05-07T08:50:04Z</time>
    </trkpt>
    <trkpt lat="49.40766" lon="20.55698">
      <ele>579</ele>
      <time>2026-05-07T08:50:19Z</time>
    </trkpt>
    <trkpt lat="49.407957" lon="20.557174">
      <ele>579</ele>
      <time>2026-05-07T08:50:54Z</time>
    </trkpt>
    <trkpt lat="49.408199" lon="20.557502">
      <ele>579</ele>
      <time>2026-05-07T08:51:30Z</time>
    </trkpt>
    <trkpt lat="49.408373" lon="20.557738">
      <ele>580</ele>
      <time>2026-05-07T08:51:55Z</time>
    </trkpt>
    <trkpt lat="49.408546" lon="20.557995">
      <ele>580</ele>
      <time>2026-05-07T08:52:22Z</time>
    </trkpt>
    <trkpt lat="49.408784" lon="20.558342">
      <ele>583</ele>
      <time>2026-05-07T08:52:58Z</time>
    </trkpt>
    <trkpt lat="49.408808" lon="20.558571">
      <ele>583</ele>
      <time>2026-05-07T08:53:15Z</time>
    </trkpt>
    <trkpt lat="49.408812" lon="20.558732">
      <ele>583</ele>
      <time>2026-05-07T08:53:26Z</time>
    </trkpt>
    <trkpt lat="49.408884" lon="20.558967">
      <ele>583</ele>
      <time>2026-05-07T08:53:45Z</time>
    </trkpt>
    <trkpt lat="49.408979" lon="20.559364">
      <ele>585</ele>
      <time>2026-05-07T08:54:16Z</time>
    </trkpt>
    <trkpt lat="49.409006" lon="20.559661">
      <ele>584</ele>
      <time>2026-05-07T08:54:37Z</time>
    </trkpt>
    <trkpt lat="49.408982" lon="20.559877">
      <ele>584</ele>
      <time>2026-05-07T08:54:53Z</time>
    </trkpt>
    <trkpt lat="49.40898" lon="20.559983">
      <ele>584</ele>
      <time>2026-05-07T08:55:00Z</time>
    </trkpt>
    <trkpt lat="49.409121" lon="20.560603">
      <ele>584</ele>
      <time>2026-05-07T08:55:47Z</time>
    </trkpt>
    <trkpt lat="49.409173" lon="20.560981">
      <ele>585</ele>
      <time>2026-05-07T08:56:15Z</time>
    </trkpt>
    <trkpt lat="49.409209" lon="20.5614">
      <ele>586</ele>
      <time>2026-05-07T08:56:46Z</time>
    </trkpt>
    <trkpt lat="49.409257" lon="20.561594">
      <ele>586</ele>
      <time>2026-05-07T08:57:00Z</time>
    </trkpt>
    <trkpt lat="49.409326" lon="20.561786">
      <ele>587</ele>
      <time>2026-05-07T08:57:16Z</time>
    </trkpt>
    <trkpt lat="49.409359" lon="20.561976">
      <ele>588</ele>
      <time>2026-05-07T08:57:30Z</time>
    </trkpt>
    <trkpt lat="49.409347" lon="20.562133">
      <ele>589</ele>
      <time>2026-05-07T08:57:42Z</time>
    </trkpt>
    <trkpt lat="49.409286" lon="20.562294">
      <ele>590</ele>
      <time>2026-05-07T08:57:55Z</time>
    </trkpt>
    <trkpt lat="49.409219" lon="20.562377">
      <ele>590</ele>
      <time>2026-05-07T08:58:05Z</time>
    </trkpt>
    <trkpt lat="49.409128" lon="20.562489">
      <ele>590</ele>
      <time>2026-05-07T08:58:18Z</time>
    </trkpt>
    <trkpt lat="49.408997" lon="20.562636">
      <ele>589</ele>
      <time>2026-05-07T08:58:35Z</time>
    </trkpt>
    <trkpt lat="49.408862" lon="20.562795">
      <ele>589</ele>
      <time>2026-05-07T08:58:54Z</time>
    </trkpt>
    <trkpt lat="49.408756" lon="20.563032">
      <ele>589</ele>
      <time>2026-05-07T08:59:15Z</time>
    </trkpt>
    <trkpt lat="49.408625" lon="20.563423">
      <ele>592</ele>
      <time>2026-05-07T08:59:46Z</time>
    </trkpt>
    <trkpt lat="49.408537" lon="20.563602">
      <ele>593</ele>
      <time>2026-05-07T09:00:03Z</time>
    </trkpt>
    <trkpt lat="49.408459" lon="20.563715">
      <ele>594</ele>
      <time>2026-05-07T09:00:14Z</time>
    </trkpt>
    <trkpt lat="49.408275" lon="20.563933">
      <ele>595</ele>
      <time>2026-05-07T09:00:40Z</time>
    </trkpt>
    <trkpt lat="49.407856" lon="20.564381">
      <ele>597</ele>
      <time>2026-05-07T09:01:36Z</time>
    </trkpt>
    <trkpt lat="49.407687" lon="20.564658">
      <ele>597</ele>
      <time>2026-05-07T09:02:04Z</time>
    </trkpt>
    <trkpt lat="49.407444" lon="20.565146">
      <ele>596</ele>
      <time>2026-05-07T09:02:48Z</time>
    </trkpt>
    <trkpt lat="49.407312" lon="20.565305">
      <ele>595</ele>
      <time>2026-05-07T09:03:06Z</time>
    </trkpt>
    <trkpt lat="49.40686" lon="20.56565">
      <ele>597</ele>
      <time>2026-05-07T09:04:02Z</time>
    </trkpt>
    <trkpt lat="49.406825" lon="20.565685">
      <ele>597</ele>
      <time>2026-05-07T09:04:07Z</time>
    </trkpt>
    <trkpt lat="49.406601" lon="20.565904">
      <ele>598</ele>
      <time>2026-05-07T09:04:36Z</time>
    </trkpt>
    <trkpt lat="49.406399" lon="20.566281">
      <ele>601</ele>
      <time>2026-05-07T09:05:11Z</time>
    </trkpt>
    <trkpt lat="49.406196" lon="20.566442">
      <ele>601</ele>
      <time>2026-05-07T09:05:36Z</time>
    </trkpt>
    <trkpt lat="49.40579" lon="20.566513">
      <ele>601</ele>
      <time>2026-05-07T09:06:21Z</time>
    </trkpt>
    <trkpt lat="49.405734" lon="20.566532">
      <ele>601</ele>
      <time>2026-05-07T09:06:28Z</time>
    </trkpt>
    <trkpt lat="49.405549" lon="20.566599">
      <ele>601</ele>
      <time>2026-05-07T09:06:48Z</time>
    </trkpt>
    <trkpt lat="49.405396" lon="20.566696">
      <ele>602</ele>
      <time>2026-05-07T09:07:07Z</time>
    </trkpt>
    <trkpt lat="49.4052" lon="20.566864">
      <ele>604</ele>
      <time>2026-05-07T09:07:32Z</time>
    </trkpt>
    <trkpt lat="49.404929" lon="20.56719">
      <ele>609</ele>
      <time>2026-05-07T09:08:10Z</time>
    </trkpt>
    <trkpt lat="49.404631" lon="20.567577">
      <ele>607</ele>
      <time>2026-05-07T09:08:53Z</time>
    </trkpt>
    <trkpt lat="49.404413" lon="20.567775">
      <ele>605</ele>
      <time>2026-05-07T09:09:21Z</time>
    </trkpt>
    <trkpt lat="49.404162" lon="20.568065">
      <ele>606</ele>
      <time>2026-05-07T09:09:55Z</time>
    </trkpt>
    <trkpt lat="49.404054" lon="20.568286">
      <ele>609</ele>
      <time>2026-05-07T09:10:15Z</time>
    </trkpt>
    <trkpt lat="49.403863" lon="20.568781">
      <ele>609</ele>
      <time>2026-05-07T09:10:57Z</time>
    </trkpt>
    <trkpt lat="49.403727" lon="20.569047">
      <ele>611</ele>
      <time>2026-05-07T09:11:21Z</time>
    </trkpt>
    <trkpt lat="49.40352" lon="20.569537">
      <ele>612</ele>
      <time>2026-05-07T09:12:03Z</time>
    </trkpt>
    <trkpt lat="49.403401" lon="20.569808">
      <ele>614</ele>
      <time>2026-05-07T09:12:27Z</time>
    </trkpt>
    <trkpt lat="49.403315" lon="20.570047">
      <ele>617</ele>
      <time>2026-05-07T09:12:46Z</time>
    </trkpt>
    <trkpt lat="49.403309" lon="20.570167">
      <ele>617</ele>
      <time>2026-05-07T09:12:55Z</time>
    </trkpt>
    <trkpt lat="49.403321" lon="20.570285">
      <ele>617</ele>
      <time>2026-05-07T09:13:04Z</time>
    </trkpt>
    <trkpt lat="49.403362" lon="20.570559">
      <ele>617</ele>
      <time>2026-05-07T09:13:24Z</time>
    </trkpt>
    <trkpt lat="49.403349" lon="20.570849">
      <ele>618</ele>
      <time>2026-05-07T09:13:45Z</time>
    </trkpt>
    <trkpt lat="49.403358" lon="20.571079">
      <ele>618</ele>
      <time>2026-05-07T09:14:01Z</time>
    </trkpt>
    <trkpt lat="49.403404" lon="20.571259">
      <ele>616</ele>
      <time>2026-05-07T09:14:15Z</time>
    </trkpt>
    <trkpt lat="49.403471" lon="20.571392">
      <ele>615</ele>
      <time>2026-05-07T09:14:27Z</time>
    </trkpt>
    <trkpt lat="49.403506" lon="20.571555">
      <ele>615</ele>
      <time>2026-05-07T09:14:40Z</time>
    </trkpt>
    <trkpt lat="49.403467" lon="20.571862">
      <ele>616</ele>
      <time>2026-05-07T09:15:02Z</time>
    </trkpt>
    <trkpt lat="49.40346" lon="20.571951">
      <ele>617</ele>
      <time>2026-05-07T09:15:08Z</time>
    </trkpt>
    <trkpt lat="49.403474" lon="20.572025">
      <ele>617</ele>
      <time>2026-05-07T09:15:14Z</time>
    </trkpt>
    <trkpt lat="49.4036" lon="20.57209">
      <ele>618</ele>
      <time>2026-05-07T09:15:34Z</time>
    </trkpt>
    <trkpt lat="49.403748" lon="20.571998">
      <ele>619</ele>
      <time>2026-05-07T09:15:57Z</time>
    </trkpt>
    <trkpt lat="49.403856" lon="20.571996">
      <ele>620</ele>
      <time>2026-05-07T09:16:13Z</time>
    </trkpt>
    <trkpt lat="49.403917" lon="20.572044">
      <ele>622</ele>
      <time>2026-05-07T09:16:24Z</time>
    </trkpt>
    <trkpt lat="49.403966" lon="20.572251">
      <ele>625</ele>
      <time>2026-05-07T09:16:45Z</time>
    </trkpt>
    <trkpt lat="49.403985" lon="20.57247">
      <ele>627</ele>
      <time>2026-05-07T09:17:07Z</time>
    </trkpt>
    <trkpt lat="49.404028" lon="20.572623">
      <ele>628</ele>
      <time>2026-05-07T09:17:23Z</time>
    </trkpt>
    <trkpt lat="49.404127" lon="20.572781">
      <ele>631</ele>
      <time>2026-05-07T09:17:45Z</time>
    </trkpt>
    <trkpt lat="49.404166" lon="20.572873">
      <ele>632</ele>
      <time>2026-05-07T09:17:55Z</time>
    </trkpt>
    <trkpt lat="49.404255" lon="20.572967">
      <ele>634</ele>
      <time>2026-05-07T09:18:11Z</time>
    </trkpt>
    <trkpt lat="49.404351" lon="20.573035">
      <ele>637</ele>
      <time>2026-05-07T09:18:27Z</time>
    </trkpt>
    <trkpt lat="49.404454" lon="20.573188">
      <ele>638</ele>
      <time>2026-05-07T09:18:49Z</time>
    </trkpt>
    <trkpt lat="49.404558" lon="20.573412">
      <ele>638</ele>
      <time>2026-05-07T09:19:15Z</time>
    </trkpt>
    <trkpt lat="49.404638" lon="20.573521">
      <ele>639</ele>
      <time>2026-05-07T09:19:31Z</time>
    </trkpt>
    <trkpt lat="49.404897" lon="20.574118">
      <ele>644</ele>
      <time>2026-05-07T09:20:41Z</time>
    </trkpt>
    <trkpt lat="49.404948" lon="20.574323">
      <ele>646</ele>
      <time>2026-05-07T09:21:02Z</time>
    </trkpt>
    <trkpt lat="49.404977" lon="20.574353">
      <ele>647</ele>
      <time>2026-05-07T09:21:07Z</time>
    </trkpt>
    <trkpt lat="49.405031" lon="20.574348">
      <ele>649</ele>
      <time>2026-05-07T09:21:16Z</time>
    </trkpt>
    <trkpt lat="49.405158" lon="20.574225">
      <ele>655</ele>
      <time>2026-05-07T09:21:39Z</time>
    </trkpt>
    <trkpt lat="49.405289" lon="20.573812">
      <ele>661</ele>
      <time>2026-05-07T09:22:24Z</time>
    </trkpt>
    <trkpt lat="49.405348" lon="20.573562">
      <ele>662</ele>
      <time>2026-05-07T09:22:50Z</time>
    </trkpt>
    <trkpt lat="49.405441" lon="20.573297">
      <ele>663</ele>
      <time>2026-05-07T09:23:19Z</time>
    </trkpt>
    <trkpt lat="49.405521" lon="20.573088">
      <ele>664</ele>
      <time>2026-05-07T09:23:42Z</time>
    </trkpt>
    <trkpt lat="49.405657" lon="20.572846">
      <ele>665</ele>
      <time>2026-05-07T09:24:13Z</time>
    </trkpt>
    <trkpt lat="49.405754" lon="20.572724">
      <ele>666</ele>
      <time>2026-05-07T09:24:32Z</time>
    </trkpt>
    <trkpt lat="49.405812" lon="20.572661">
      <ele>667</ele>
      <time>2026-05-07T09:24:42Z</time>
    </trkpt>
    <trkpt lat="49.405913" lon="20.572604">
      <ele>667</ele>
      <time>2026-05-07T09:24:58Z</time>
    </trkpt>
    <trkpt lat="49.406021" lon="20.572605">
      <ele>666</ele>
      <time>2026-05-07T09:25:14Z</time>
    </trkpt>
    <trkpt lat="49.406088" lon="20.57264">
      <ele>666</ele>
      <time>2026-05-07T09:25:25Z</time>
    </trkpt>
    <trkpt lat="49.406099" lon="20.572687">
      <ele>666</ele>
      <time>2026-05-07T09:25:29Z</time>
    </trkpt>
    <trkpt lat="49.406098" lon="20.572743">
      <ele>667</ele>
      <time>2026-05-07T09:25:35Z</time>
    </trkpt>
    <trkpt lat="49.406054" lon="20.572894">
      <ele>668</ele>
      <time>2026-05-07T09:25:51Z</time>
    </trkpt>
    <trkpt lat="49.406063" lon="20.573114">
      <ele>669</ele>
      <time>2026-05-07T09:26:12Z</time>
    </trkpt>
    <trkpt lat="49.40604" lon="20.573388">
      <ele>672</ele>
      <time>2026-05-07T09:26:39Z</time>
    </trkpt>
    <trkpt lat="49.40601" lon="20.573547">
      <ele>674</ele>
      <time>2026-05-07T09:26:55Z</time>
    </trkpt>
    <trkpt lat="49.406007" lon="20.573714">
      <ele>676</ele>
      <time>2026-05-07T09:27:12Z</time>
    </trkpt>
    <trkpt lat="49.406035" lon="20.573931">
      <ele>677</ele>
      <time>2026-05-07T09:27:33Z</time>
    </trkpt>
    <trkpt lat="49.406052" lon="20.57448">
      <ele>677</ele>
      <time>2026-05-07T09:28:26Z</time>
    </trkpt>
    <trkpt lat="49.406061" lon="20.575423">
      <ele>688</ele>
      <time>2026-05-07T09:29:58Z</time>
    </trkpt>
    <trkpt lat="49.405947" lon="20.576006">
      <ele>690</ele>
      <time>2026-05-07T09:30:57Z</time>
    </trkpt>
    <trkpt lat="49.405912" lon="20.576389">
      <ele>691</ele>
      <time>2026-05-07T09:31:34Z</time>
    </trkpt>
    <trkpt lat="49.405781" lon="20.576848">
      <ele>695</ele>
      <time>2026-05-07T09:32:23Z</time>
    </trkpt>
    <trkpt lat="49.405746" lon="20.577097">
      <ele>698</ele>
      <time>2026-05-07T09:32:47Z</time>
    </trkpt>
    <trkpt lat="49.405742" lon="20.577229">
      <ele>700</ele>
      <time>2026-05-07T09:33:00Z</time>
    </trkpt>
    <trkpt lat="49.405754" lon="20.577393">
      <ele>703</ele>
      <time>2026-05-07T09:33:17Z</time>
    </trkpt>
    <trkpt lat="49.405781" lon="20.5775">
      <ele>705</ele>
      <time>2026-05-07T09:33:28Z</time>
    </trkpt>
    <trkpt lat="49.40586" lon="20.577806">
      <ele>711</ele>
      <time>2026-05-07T09:34:01Z</time>
    </trkpt>
    <trkpt lat="49.405873" lon="20.578124">
      <ele>716</ele>
      <time>2026-05-07T09:34:32Z</time>
    </trkpt>
    <trkpt lat="49.405897" lon="20.578399">
      <ele>720</ele>
      <time>2026-05-07T09:34:59Z</time>
    </trkpt>
    <trkpt lat="49.405894" lon="20.578564">
      <ele>722</ele>
      <time>2026-05-07T09:35:16Z</time>
    </trkpt>
    <trkpt lat="49.405906" lon="20.57871">
      <ele>724</ele>
      <time>2026-05-07T09:35:30Z</time>
    </trkpt>
    <trkpt lat="49.405869" lon="20.57927">
      <ele>732</ele>
      <time>2026-05-07T09:36:25Z</time>
    </trkpt>
    <trkpt lat="49.405847" lon="20.579503">
      <ele>735</ele>
      <time>2026-05-07T09:36:48Z</time>
    </trkpt>
    <trkpt lat="49.405804" lon="20.57981">
      <ele>738</ele>
      <time>2026-05-07T09:37:19Z</time>
    </trkpt>
    <trkpt lat="49.40578" lon="20.580028">
      <ele>740</ele>
      <time>2026-05-07T09:37:40Z</time>
    </trkpt>
    <trkpt lat="49.405764" lon="20.580246">
      <ele>741</ele>
      <time>2026-05-07T09:38:02Z</time>
    </trkpt>
    <trkpt lat="49.40575" lon="20.580627">
      <ele>746</ele>
      <time>2026-05-07T09:38:39Z</time>
    </trkpt>
    <trkpt lat="49.405734" lon="20.580961">
      <ele>751</ele>
      <time>2026-05-07T09:39:12Z</time>
    </trkpt>
    <trkpt lat="49.405724" lon="20.581099">
      <ele>753</ele>
      <time>2026-05-07T09:39:25Z</time>
    </trkpt>
    <trkpt lat="49.405682" lon="20.581354">
      <ele>754</ele>
      <time>2026-05-07T09:39:51Z</time>
    </trkpt>
    <trkpt lat="49.405602" lon="20.581753">
      <ele>755</ele>
      <time>2026-05-07T09:40:31Z</time>
    </trkpt>
    <trkpt lat="49.405581" lon="20.582137">
      <ele>756</ele>
      <time>2026-05-07T09:41:08Z</time>
    </trkpt>
    <trkpt lat="49.405489" lon="20.582613">
      <ele>762</ele>
      <time>2026-05-07T09:41:57Z</time>
    </trkpt>
    <trkpt lat="49.405427" lon="20.583436">
      <ele>771</ele>
      <time>2026-05-07T09:43:17Z</time>
    </trkpt>
    <trkpt lat="49.405424" lon="20.583713">
      <ele>772</ele>
      <time>2026-05-07T09:43:44Z</time>
    </trkpt>
    <trkpt lat="49.405443" lon="20.583814">
      <ele>773</ele>
      <time>2026-05-07T09:43:54Z</time>
    </trkpt>
    <trkpt lat="49.405412" lon="20.583913">
      <ele>774</ele>
      <time>2026-05-07T09:44:05Z</time>
    </trkpt>
    <trkpt lat="49.405395" lon="20.584077">
      <ele>775</ele>
      <time>2026-05-07T09:44:21Z</time>
    </trkpt>
    <trkpt lat="49.405343" lon="20.584232">
      <ele>775</ele>
      <time>2026-05-07T09:44:38Z</time>
    </trkpt>
    <trkpt lat="49.405319" lon="20.584385">
      <ele>776</ele>
      <time>2026-05-07T09:44:53Z</time>
    </trkpt>
    <trkpt lat="49.405305" lon="20.584602">
      <ele>778</ele>
      <time>2026-05-07T09:45:14Z</time>
    </trkpt>
    <trkpt lat="49.405352" lon="20.585445">
      <ele>788</ele>
      <time>2026-05-07T09:46:37Z</time>
    </trkpt>
    <trkpt lat="49.405366" lon="20.585654">
      <ele>790</ele>
      <time>2026-05-07T09:46:57Z</time>
    </trkpt>
    <trkpt lat="49.405413" lon="20.585962">
      <ele>794</ele>
      <time>2026-05-07T09:47:28Z</time>
    </trkpt>
    <trkpt lat="49.405469" lon="20.586236">
      <ele>799</ele>
      <time>2026-05-07T09:47:57Z</time>
    </trkpt>
    <trkpt lat="49.405514" lon="20.586442">
      <ele>803</ele>
      <time>2026-05-07T09:48:18Z</time>
    </trkpt>
    <trkpt lat="49.405532" lon="20.586643">
      <ele>806</ele>
      <time>2026-05-07T09:48:38Z</time>
    </trkpt>
    <trkpt lat="49.405556" lon="20.586823">
      <ele>810</ele>
      <time>2026-05-07T09:48:57Z</time>
    </trkpt>
    <trkpt lat="49.40558" lon="20.586987">
      <ele>813</ele>
      <time>2026-05-07T09:49:13Z</time>
    </trkpt>
    <trkpt lat="49.405612" lon="20.587193">
      <ele>815</ele>
      <time>2026-05-07T09:49:34Z</time>
    </trkpt>
    <trkpt lat="49.405635" lon="20.587397">
      <ele>818</ele>
      <time>2026-05-07T09:49:54Z</time>
    </trkpt>
    <trkpt lat="49.405664" lon="20.587558">
      <ele>821</ele>
      <time>2026-05-07T09:50:11Z</time>
    </trkpt>
    <trkpt lat="49.405669" lon="20.587784">
      <ele>823</ele>
      <time>2026-05-07T09:50:33Z</time>
    </trkpt>
    <trkpt lat="49.405811" lon="20.588419">
      <ele>831</ele>
      <time>2026-05-07T09:51:38Z</time>
    </trkpt>
    <trkpt lat="49.405912" lon="20.588626">
      <ele>835</ele>
      <time>2026-05-07T09:52:03Z</time>
    </trkpt>
    <trkpt lat="49.406029" lon="20.588769">
      <ele>838</ele>
      <time>2026-05-07T09:52:26Z</time>
    </trkpt>
    <trkpt lat="49.40611" lon="20.588949">
      <ele>841</ele>
      <time>2026-05-07T09:52:48Z</time>
    </trkpt>
    <trkpt lat="49.406139" lon="20.589068">
      <ele>842</ele>
      <time>2026-05-07T09:53:00Z</time>
    </trkpt>
    <trkpt lat="49.406162" lon="20.589095">
      <ele>843</ele>
      <time>2026-05-07T09:53:04Z</time>
    </trkpt>
    <trkpt lat="49.406207" lon="20.5891">
      <ele>844</ele>
      <time>2026-05-07T09:53:11Z</time>
    </trkpt>
    <trkpt lat="49.406282" lon="20.589074">
      <ele>845</ele>
      <time>2026-05-07T09:53:23Z</time>
    </trkpt>
    <trkpt lat="49.406376" lon="20.589106">
      <ele>847</ele>
      <time>2026-05-07T09:53:37Z</time>
    </trkpt>
    <trkpt lat="49.406485" lon="20.589125">
      <ele>849</ele>
      <time>2026-05-07T09:53:54Z</time>
    </trkpt>
    <trkpt lat="49.406696" lon="20.589305">
      <ele>856</ele>
      <time>2026-05-07T09:54:30Z</time>
    </trkpt>
    <trkpt lat="49.406768" lon="20.589428">
      <ele>859</ele>
      <time>2026-05-07T09:54:47Z</time>
    </trkpt>
    <trkpt lat="49.406909" lon="20.589599">
      <ele>863</ele>
      <time>2026-05-07T09:55:14Z</time>
    </trkpt>
    <trkpt lat="49.407024" lon="20.589739">
      <ele>866</ele>
      <time>2026-05-07T09:55:36Z</time>
    </trkpt>
    <trkpt lat="49.407117" lon="20.589853">
      <ele>868</ele>
      <time>2026-05-07T09:55:54Z</time>
    </trkpt>
    <trkpt lat="49.407212" lon="20.589918">
      <ele>869</ele>
      <time>2026-05-07T09:56:09Z</time>
    </trkpt>
    <trkpt lat="49.407341" lon="20.590007">
      <ele>869</ele>
      <time>2026-05-07T09:56:30Z</time>
    </trkpt>
    <trkpt lat="49.407502" lon="20.590122">
      <ele>869</ele>
      <time>2026-05-07T09:56:57Z</time>
    </trkpt>
    <trkpt lat="49.407559" lon="20.590191">
      <ele>869</ele>
      <time>2026-05-07T09:57:07Z</time>
    </trkpt>
    <trkpt lat="49.407629" lon="20.590302">
      <ele>869</ele>
      <time>2026-05-07T09:57:22Z</time>
    </trkpt>
    <trkpt lat="49.407708" lon="20.590417">
      <ele>869</ele>
      <time>2026-05-07T09:57:38Z</time>
    </trkpt>
    <trkpt lat="49.407923" lon="20.590742">
      <ele>871</ele>
      <time>2026-05-07T09:58:23Z</time>
    </trkpt>
    <trkpt lat="49.408029" lon="20.590828">
      <ele>871</ele>
      <time>2026-05-07T09:58:41Z</time>
    </trkpt>
    <trkpt lat="49.408263" lon="20.590954">
      <ele>870</ele>
      <time>2026-05-07T09:59:17Z</time>
    </trkpt>
    <trkpt lat="49.40839" lon="20.59101">
      <ele>870</ele>
      <time>2026-05-07T09:59:37Z</time>
    </trkpt>
    <trkpt lat="49.408526" lon="20.591109">
      <ele>871</ele>
      <time>2026-05-07T09:59:59Z</time>
    </trkpt>
    <trkpt lat="49.408708" lon="20.59126">
      <ele>873</ele>
      <time>2026-05-07T10:00:30Z</time>
    </trkpt>
    <trkpt lat="49.408874" lon="20.59134">
      <ele>874</ele>
      <time>2026-05-07T10:00:56Z</time>
    </trkpt>
    <trkpt lat="49.409136" lon="20.591407">
      <ele>876</ele>
      <time>2026-05-07T10:01:35Z</time>
    </trkpt>
    <trkpt lat="49.409273" lon="20.591418">
      <ele>877</ele>
      <time>2026-05-07T10:01:56Z</time>
    </trkpt>
    <trkpt lat="49.409443" lon="20.59142">
      <ele>877</ele>
      <time>2026-05-07T10:02:21Z</time>
    </trkpt>
    <trkpt lat="49.409635" lon="20.591455">
      <ele>878</ele>
      <time>2026-05-07T10:02:49Z</time>
    </trkpt>
    <trkpt lat="49.409748" lon="20.591504">
      <ele>879</ele>
      <time>2026-05-07T10:03:07Z</time>
    </trkpt>
    <trkpt lat="49.409839" lon="20.591533">
      <ele>878</ele>
      <time>2026-05-07T10:03:21Z</time>
    </trkpt>
    <trkpt lat="49.409951" lon="20.591624">
      <ele>879</ele>
      <time>2026-05-07T10:03:39Z</time>
    </trkpt>
    <trkpt lat="49.410027" lon="20.591741">
      <ele>880</ele>
      <time>2026-05-07T10:03:55Z</time>
    </trkpt>
    <trkpt lat="49.410118" lon="20.591879">
      <ele>880</ele>
      <time>2026-05-07T10:04:14Z</time>
    </trkpt>
    <trkpt lat="49.410268" lon="20.592056">
      <ele>879</ele>
      <time>2026-05-07T10:04:42Z</time>
    </trkpt>
    <trkpt lat="49.410317" lon="20.592142">
      <ele>879</ele>
      <time>2026-05-07T10:04:53Z</time>
    </trkpt>
    <trkpt lat="49.410425" lon="20.592233">
      <ele>878</ele>
      <time>2026-05-07T10:05:12Z</time>
    </trkpt>
    <trkpt lat="49.410595" lon="20.59237">
      <ele>877</ele>
      <time>2026-05-07T10:05:40Z</time>
    </trkpt>
    <trkpt lat="49.410692" lon="20.592464">
      <ele>876</ele>
      <time>2026-05-07T10:05:57Z</time>
    </trkpt>
    <trkpt lat="49.410882" lon="20.592569">
      <ele>876</ele>
      <time>2026-05-07T10:06:27Z</time>
    </trkpt>
    <trkpt lat="49.411108" lon="20.592649">
      <ele>876</ele>
      <time>2026-05-07T10:07:01Z</time>
    </trkpt>
    <trkpt lat="49.411249" lon="20.592689">
      <ele>877</ele>
      <time>2026-05-07T10:07:22Z</time>
    </trkpt>
    <trkpt lat="49.411528" lon="20.59263">
      <ele>878</ele>
      <time>2026-05-07T10:08:04Z</time>
    </trkpt>
    <trkpt lat="49.411694" lon="20.59259">
      <ele>879</ele>
      <time>2026-05-07T10:08:29Z</time>
    </trkpt>
    <trkpt lat="49.411904" lon="20.592516">
      <ele>881</ele>
      <time>2026-05-07T10:09:01Z</time>
    </trkpt>
    <trkpt lat="49.412041" lon="20.592448">
      <ele>880</ele>
      <time>2026-05-07T10:09:22Z</time>
    </trkpt>
    <trkpt lat="49.412221" lon="20.592445">
      <ele>881</ele>
      <time>2026-05-07T10:09:49Z</time>
    </trkpt>
    <trkpt lat="49.412327" lon="20.592474">
      <ele>881</ele>
      <time>2026-05-07T10:10:05Z</time>
    </trkpt>
    <trkpt lat="49.412394" lon="20.592442">
      <ele>881</ele>
      <time>2026-05-07T10:10:15Z</time>
    </trkpt>
    <trkpt lat="49.412465" lon="20.59246">
      <ele>882</ele>
      <time>2026-05-07T10:10:26Z</time>
    </trkpt>
    <trkpt lat="49.412565" lon="20.592521">
      <ele>882</ele>
      <time>2026-05-07T10:10:42Z</time>
    </trkpt>
    <trkpt lat="49.412745" lon="20.592521">
      <ele>883</ele>
      <time>2026-05-07T10:11:09Z</time>
    </trkpt>
    <trkpt lat="49.41288" lon="20.592449">
      <ele>883</ele>
      <time>2026-05-07T10:11:30Z</time>
    </trkpt>
    <trkpt lat="49.412948" lon="20.592484">
      <ele>883</ele>
      <time>2026-05-07T10:11:40Z</time>
    </trkpt>
    <trkpt lat="49.413127" lon="20.592519">
      <ele>884</ele>
      <time>2026-05-07T10:12:07Z</time>
    </trkpt>
    <trkpt lat="49.413265" lon="20.592491">
      <ele>884</ele>
      <time>2026-05-07T10:12:28Z</time>
    </trkpt>
    <trkpt lat="49.413442" lon="20.592436">
      <ele>884</ele>
      <time>2026-05-07T10:12:55Z</time>
    </trkpt>
    <trkpt lat="49.413509" lon="20.592398">
      <ele>884</ele>
      <time>2026-05-07T10:13:05Z</time>
    </trkpt>
    <trkpt lat="49.41361" lon="20.592408">
      <ele>884</ele>
      <time>2026-05-07T10:13:20Z</time>
    </trkpt>
    <trkpt lat="49.413664" lon="20.592423">
      <ele>885</ele>
      <time>2026-05-07T10:13:28Z</time>
    </trkpt>
    <trkpt lat="49.413714" lon="20.592438">
      <ele>885</ele>
      <time>2026-05-07T10:13:36Z</time>
    </trkpt>
    <trkpt lat="49.413955" lon="20.592477">
      <ele>885</ele>
      <time>2026-05-07T10:14:12Z</time>
    </trkpt>
    <trkpt lat="49.414226" lon="20.592558">
      <ele>885</ele>
      <time>2026-05-07T10:14:53Z</time>
    </trkpt>
    <trkpt lat="49.414399" lon="20.592566">
      <ele>882</ele>
      <time>2026-05-07T10:15:18Z</time>
    </trkpt>
    <trkpt lat="49.414494" lon="20.592567">
      <ele>881</ele>
      <time>2026-05-07T10:15:33Z</time>
    </trkpt>
    <trkpt lat="49.414638" lon="20.592564">
      <ele>879</ele>
      <time>2026-05-07T10:15:54Z</time>
    </trkpt>
    <trkpt lat="49.414772" lon="20.592563">
      <ele>878</ele>
      <time>2026-05-07T10:16:14Z</time>
    </trkpt>
    <trkpt lat="49.415015" lon="20.592595">
      <ele>878</ele>
      <time>2026-05-07T10:16:50Z</time>
    </trkpt>
    <trkpt lat="49.415105" lon="20.592598">
      <ele>879</ele>
      <time>2026-05-07T10:17:03Z</time>
    </trkpt>
    <trkpt lat="49.415269" lon="20.592598">
      <ele>880</ele>
      <time>2026-05-07T10:17:28Z</time>
    </trkpt>
    <trkpt lat="49.415406" lon="20.592614">
      <ele>882</ele>
      <time>2026-05-07T10:17:48Z</time>
    </trkpt>
    <trkpt lat="49.415926" lon="20.592638">
      <ele>890</ele>
      <time>2026-05-07T10:19:06Z</time>
    </trkpt>
    <trkpt lat="49.416149" lon="20.592684">
      <ele>893</ele>
      <time>2026-05-07T10:19:40Z</time>
    </trkpt>
    <trkpt lat="49.41624" lon="20.592711">
      <ele>894</ele>
      <time>2026-05-07T10:19:53Z</time>
    </trkpt>
    <trkpt lat="49.41633" lon="20.592731">
      <ele>896</ele>
      <time>2026-05-07T10:20:07Z</time>
    </trkpt>
    <trkpt lat="49.416449" lon="20.592762">
      <ele>898</ele>
      <time>2026-05-07T10:20:25Z</time>
    </trkpt>
    <trkpt lat="49.416662" lon="20.593059">
      <ele>901</ele>
      <time>2026-05-07T10:21:08Z</time>
    </trkpt>
    <trkpt lat="49.416814" lon="20.593312">
      <ele>903</ele>
      <time>2026-05-07T10:21:41Z</time>
    </trkpt>
    <trkpt lat="49.416945" lon="20.593475">
      <ele>906</ele>
      <time>2026-05-07T10:22:06Z</time>
    </trkpt>
    <trkpt lat="49.417137" lon="20.593708">
      <ele>907</ele>
      <time>2026-05-07T10:22:43Z</time>
    </trkpt>
    <trkpt lat="49.417203" lon="20.593792">
      <ele>908</ele>
      <time>2026-05-07T10:22:55Z</time>
    </trkpt>
    <trkpt lat="49.417338" lon="20.593924">
      <ele>908</ele>
      <time>2026-05-07T10:23:19Z</time>
    </trkpt>
    <trkpt lat="49.417594" lon="20.594239">
      <ele>911</ele>
      <time>2026-05-07T10:24:08Z</time>
    </trkpt>
    <trkpt lat="49.417732" lon="20.594347">
      <ele>914</ele>
      <time>2026-05-07T10:24:31Z</time>
    </trkpt>
    <trkpt lat="49.417943" lon="20.594476">
      <ele>917</ele>
      <time>2026-05-07T10:25:05Z</time>
    </trkpt>
    <trkpt lat="49.418084" lon="20.594553">
      <ele>919</ele>
      <time>2026-05-07T10:25:27Z</time>
    </trkpt>
    <trkpt lat="49.418408" lon="20.594769">
      <ele>918</ele>
      <time>2026-05-07T10:26:20Z</time>
    </trkpt>
    <trkpt lat="49.418572" lon="20.594796">
      <ele>917</ele>
      <time>2026-05-07T10:26:44Z</time>
    </trkpt>
    <trkpt lat="49.418681" lon="20.594679">
      <ele>919</ele>
      <time>2026-05-07T10:27:04Z</time>
    </trkpt>
    <trkpt lat="49.418731" lon="20.594588">
      <ele>919</ele>
      <time>2026-05-07T10:27:15Z</time>
    </trkpt>
    <trkpt lat="49.418813" lon="20.59451">
      <ele>919</ele>
      <time>2026-05-07T10:27:29Z</time>
    </trkpt>
    <trkpt lat="49.418936" lon="20.594494">
      <ele>920</ele>
      <time>2026-05-07T10:27:48Z</time>
    </trkpt>
    <trkpt lat="49.419091" lon="20.594594">
      <ele>922</ele>
      <time>2026-05-07T10:28:13Z</time>
    </trkpt>
    <trkpt lat="49.419192" lon="20.59469">
      <ele>924</ele>
      <time>2026-05-07T10:28:31Z</time>
    </trkpt>
    <trkpt lat="49.41927" lon="20.594866">
      <ele>923</ele>
      <time>2026-05-07T10:28:51Z</time>
    </trkpt>
    <trkpt lat="49.419336" lon="20.594995">
      <ele>923</ele>
      <time>2026-05-07T10:29:07Z</time>
    </trkpt>
    <trkpt lat="49.41942" lon="20.595111">
      <ele>923</ele>
      <time>2026-05-07T10:29:24Z</time>
    </trkpt>
    <trkpt lat="49.419511" lon="20.595213">
      <ele>924</ele>
      <time>2026-05-07T10:29:40Z</time>
    </trkpt>
    <trkpt lat="49.419595" lon="20.595272">
      <ele>925</ele>
      <time>2026-05-07T10:29:54Z</time>
    </trkpt>
    <trkpt lat="49.419691" lon="20.595302">
      <ele>927</ele>
      <time>2026-05-07T10:30:09Z</time>
    </trkpt>
    <trkpt lat="49.419801" lon="20.595304">
      <ele>928</ele>
      <time>2026-05-07T10:30:25Z</time>
    </trkpt>
    <trkpt lat="49.420009" lon="20.595251">
      <ele>931</ele>
      <time>2026-05-07T10:30:57Z</time>
    </trkpt>
    <trkpt lat="49.420162" lon="20.595259">
      <ele>932</ele>
      <time>2026-05-07T10:31:19Z</time>
    </trkpt>
    <trkpt lat="49.420305" lon="20.595251">
      <ele>932</ele>
      <time>2026-05-07T10:31:41Z</time>
    </trkpt>
    <trkpt lat="49.420473" lon="20.595205">
      <ele>932</ele>
      <time>2026-05-07T10:32:06Z</time>
    </trkpt>
    <trkpt lat="49.420593" lon="20.595178">
      <ele>932</ele>
      <time>2026-05-07T10:32:24Z</time>
    </trkpt>
    <trkpt lat="49.420696" lon="20.595146">
      <ele>932</ele>
      <time>2026-05-07T10:32:39Z</time>
    </trkpt>
    <trkpt lat="49.420815" lon="20.595106">
      <ele>932</ele>
      <time>2026-05-07T10:32:57Z</time>
    </trkpt>
    <trkpt lat="49.420925" lon="20.595138">
      <ele>932</ele>
      <time>2026-05-07T10:33:14Z</time>
    </trkpt>
    <trkpt lat="49.421104" lon="20.595087">
      <ele>931</ele>
      <time>2026-05-07T10:33:41Z</time>
    </trkpt>
    <trkpt lat="49.421286" lon="20.595098">
      <ele>931</ele>
      <time>2026-05-07T10:34:08Z</time>
    </trkpt>
    <trkpt lat="49.421405" lon="20.595139">
      <ele>931</ele>
      <time>2026-05-07T10:34:26Z</time>
    </trkpt>
    <trkpt lat="49.421581" lon="20.595235">
      <ele>932</ele>
      <time>2026-05-07T10:34:54Z</time>
    </trkpt>
    <trkpt lat="49.42186" lon="20.595379">
      <ele>933</ele>
      <time>2026-05-07T10:35:37Z</time>
    </trkpt>
    <trkpt lat="49.422156" lon="20.595599">
      <ele>935</ele>
      <time>2026-05-07T10:36:26Z</time>
    </trkpt>
    <trkpt lat="49.422348" lon="20.595806">
      <ele>936</ele>
      <time>2026-05-07T10:37:01Z</time>
    </trkpt>
    <trkpt lat="49.422443" lon="20.596002">
      <ele>937</ele>
      <time>2026-05-07T10:37:24Z</time>
    </trkpt>
    <trkpt lat="49.422565" lon="20.596109">
      <ele>937</ele>
      <time>2026-05-07T10:37:45Z</time>
    </trkpt>
    <trkpt lat="49.422989" lon="20.596369">
      <ele>939</ele>
      <time>2026-05-07T10:38:53Z</time>
    </trkpt>
    <trkpt lat="49.423092" lon="20.596418">
      <ele>941</ele>
      <time>2026-05-07T10:39:09Z</time>
    </trkpt>
    <trkpt lat="49.423181" lon="20.596401">
      <ele>943</ele>
      <time>2026-05-07T10:39:23Z</time>
    </trkpt>
    <trkpt lat="49.423266" lon="20.596356">
      <ele>945</ele>
      <time>2026-05-07T10:39:36Z</time>
    </trkpt>
    <trkpt lat="49.423421" lon="20.596149">
      <ele>947</ele>
      <time>2026-05-07T10:40:07Z</time>
    </trkpt>
    <trkpt lat="49.423492" lon="20.596083">
      <ele>948</ele>
      <time>2026-05-07T10:40:19Z</time>
    </trkpt>
    <trkpt lat="49.423646" lon="20.595978">
      <ele>951</ele>
      <time>2026-05-07T10:40:44Z</time>
    </trkpt>
    <trkpt lat="49.423796" lon="20.595906">
      <ele>953</ele>
      <time>2026-05-07T10:41:08Z</time>
    </trkpt>
    <trkpt lat="49.424088" lon="20.595704">
      <ele>956</ele>
      <time>2026-05-07T10:41:55Z</time>
    </trkpt>
    <trkpt lat="49.424232" lon="20.595633">
      <ele>957</ele>
      <time>2026-05-07T10:42:18Z</time>
    </trkpt>
    <trkpt lat="49.424508" lon="20.595573">
      <ele>957</ele>
      <time>2026-05-07T10:42:59Z</time>
    </trkpt>
    <trkpt lat="49.42465" lon="20.595581">
      <ele>959</ele>
      <time>2026-05-07T10:43:20Z</time>
    </trkpt>
    <trkpt lat="49.425018" lon="20.59568">
      <ele>965</ele>
      <time>2026-05-07T10:44:16Z</time>
    </trkpt>
    <trkpt lat="49.425189" lon="20.59568">
      <ele>966</ele>
      <time>2026-05-07T10:44:41Z</time>
    </trkpt>
    <trkpt lat="49.425566" lon="20.595637">
      <ele>967</ele>
      <time>2026-05-07T10:45:37Z</time>
    </trkpt>
    <trkpt lat="49.425762" lon="20.595572">
      <ele>968</ele>
      <time>2026-05-07T10:46:07Z</time>
    </trkpt>
    <trkpt lat="49.426024" lon="20.595452">
      <ele>967</ele>
      <time>2026-05-07T10:46:47Z</time>
    </trkpt>
    <trkpt lat="49.426166" lon="20.595398">
      <ele>966</ele>
      <time>2026-05-07T10:47:09Z</time>
    </trkpt>
    <trkpt lat="49.426249" lon="20.595379">
      <ele>966</ele>
      <time>2026-05-07T10:47:22Z</time>
    </trkpt>
    <trkpt lat="49.426506" lon="20.595382">
      <ele>966</ele>
      <time>2026-05-07T10:48:00Z</time>
    </trkpt>
    <trkpt lat="49.426614" lon="20.59542">
      <ele>967</ele>
      <time>2026-05-07T10:48:16Z</time>
    </trkpt>
    <trkpt lat="49.426724" lon="20.595457">
      <ele>968</ele>
      <time>2026-05-07T10:48:33Z</time>
    </trkpt>
    <trkpt lat="49.426886" lon="20.595532">
      <ele>970</ele>
      <time>2026-05-07T10:48:58Z</time>
    </trkpt>
    <trkpt lat="49.427221" lon="20.595781">
      <ele>973</ele>
      <time>2026-05-07T10:49:53Z</time>
    </trkpt>
    <trkpt lat="49.427345" lon="20.595911">
      <ele>975</ele>
      <time>2026-05-07T10:50:16Z</time>
    </trkpt>
    <trkpt lat="49.427504" lon="20.596114">
      <ele>977</ele>
      <time>2026-05-07T10:50:46Z</time>
    </trkpt>
    <trkpt lat="49.427657" lon="20.596318">
      <ele>978</ele>
      <time>2026-05-07T10:51:16Z</time>
    </trkpt>
    <trkpt lat="49.427743" lon="20.596476">
      <ele>979</ele>
      <time>2026-05-07T10:51:36Z</time>
    </trkpt>
    <trkpt lat="49.427857" lon="20.596829">
      <ele>980</ele>
      <time>2026-05-07T10:52:14Z</time>
    </trkpt>
    <trkpt lat="49.427947" lon="20.597185">
      <ele>984</ele>
      <time>2026-05-07T10:52:51Z</time>
    </trkpt>
    <trkpt lat="49.427996" lon="20.597426">
      <ele>987</ele>
      <time>2026-05-07T10:53:16Z</time>
    </trkpt>
    <trkpt lat="49.42801" lon="20.597675">
      <ele>989</ele>
      <time>2026-05-07T10:53:40Z</time>
    </trkpt>
    <trkpt lat="49.428" lon="20.597827">
      <ele>990</ele>
      <time>2026-05-07T10:53:55Z</time>
    </trkpt>
    <trkpt lat="49.427977" lon="20.598247">
      <ele>992</ele>
      <time>2026-05-07T10:54:36Z</time>
    </trkpt>
    <trkpt lat="49.42795" lon="20.598475">
      <ele>993</ele>
      <time>2026-05-07T10:54:58Z</time>
    </trkpt>
    <trkpt lat="49.427924" lon="20.598716">
      <ele>993</ele>
      <time>2026-05-07T10:55:21Z</time>
    </trkpt>
    <trkpt lat="49.427925" lon="20.598846">
      <ele>994</ele>
      <time>2026-05-07T10:55:34Z</time>
    </trkpt>
    <trkpt lat="49.427999" lon="20.599197">
      <ele>995</ele>
      <time>2026-05-07T10:56:10Z</time>
    </trkpt>
    <trkpt lat="49.428158" lon="20.599861">
      <ele>994</ele>
      <time>2026-05-07T10:57:18Z</time>
    </trkpt>
    <trkpt lat="49.428221" lon="20.600234">
      <ele>993</ele>
      <time>2026-05-07T10:57:55Z</time>
    </trkpt>
    <trkpt lat="49.428326" lon="20.600839">
      <ele>991</ele>
      <time>2026-05-07T10:58:55Z</time>
    </trkpt>
    <trkpt lat="49.42835" lon="20.601041">
      <ele>991</ele>
      <time>2026-05-07T10:59:15Z</time>
    </trkpt>
    <trkpt lat="49.428373" lon="20.601362">
      <ele>990</ele>
      <time>2026-05-07T10:59:46Z</time>
    </trkpt>
    <trkpt lat="49.42836" lon="20.601644">
      <ele>988</ele>
      <time>2026-05-07T11:00:13Z</time>
    </trkpt>
    <trkpt lat="49.428273" lon="20.602125">
      <ele>986</ele>
      <time>2026-05-07T11:01:02Z</time>
    </trkpt>
    <trkpt lat="49.428191" lon="20.602554">
      <ele>985</ele>
      <time>2026-05-07T11:01:45Z</time>
    </trkpt>
    <trkpt lat="49.428102" lon="20.602946">
      <ele>984</ele>
      <time>2026-05-07T11:02:25Z</time>
    </trkpt>
    <trkpt lat="49.428056" lon="20.60303">
      <ele>983</ele>
      <time>2026-05-07T11:02:35Z</time>
    </trkpt>
    <trkpt lat="49.427933" lon="20.603166">
      <ele>982</ele>
      <time>2026-05-07T11:02:58Z</time>
    </trkpt>
    <trkpt lat="49.427479" lon="20.603533">
      <ele>980</ele>
      <time>2026-05-07T11:04:14Z</time>
    </trkpt>
    <trkpt lat="49.427149" lon="20.603835">
      <ele>976</ele>
      <time>2026-05-07T11:05:11Z</time>
    </trkpt>
    <trkpt lat="49.42688" lon="20.604173">
      <ele>975</ele>
      <time>2026-05-07T11:06:02Z</time>
    </trkpt>
    <trkpt lat="49.426656" lon="20.604548">
      <ele>977</ele>
      <time>2026-05-07T11:06:51Z</time>
    </trkpt>
    <trkpt lat="49.426527" lon="20.604785">
      <ele>979</ele>
      <time>2026-05-07T11:07:21Z</time>
    </trkpt>
    <trkpt lat="49.426362" lon="20.605113">
      <ele>977</ele>
      <time>2026-05-07T11:08:01Z</time>
    </trkpt>
    <trkpt lat="49.426275" lon="20.605317">
      <ele>976</ele>
      <time>2026-05-07T11:08:25Z</time>
    </trkpt>
    <trkpt lat="49.426241" lon="20.605421">
      <ele>976</ele>
      <time>2026-05-07T11:08:36Z</time>
    </trkpt>
    <trkpt lat="49.426218" lon="20.60553">
      <ele>975</ele>
      <time>2026-05-07T11:08:47Z</time>
    </trkpt>
    <trkpt lat="49.426212" lon="20.605563">
      <ele>975</ele>
      <time>2026-05-07T11:08:50Z</time>
    </trkpt>
    <trkpt lat="49.426179" lon="20.605728">
      <ele>974</ele>
      <time>2026-05-07T11:09:07Z</time>
    </trkpt>
    <trkpt lat="49.426156" lon="20.605871">
      <ele>972</ele>
      <time>2026-05-07T11:09:21Z</time>
    </trkpt>
    <trkpt lat="49.426141" lon="20.606117">
      <ele>970</ele>
      <time>2026-05-07T11:09:45Z</time>
    </trkpt>
    <trkpt lat="49.426111" lon="20.606409">
      <ele>967</ele>
      <time>2026-05-07T11:10:14Z</time>
    </trkpt>
    <trkpt lat="49.426255" lon="20.606446">
      <ele>970</ele>
      <time>2026-05-07T11:10:42Z</time>
    </trkpt>
    <trkpt lat="49.426384" lon="20.606464">
      <ele>972</ele>
      <time>2026-05-07T11:11:06Z</time>
    </trkpt>
    <trkpt lat="49.426523" lon="20.606446">
      <ele>975</ele>
      <time>2026-05-07T11:11:33Z</time>
    </trkpt>
    <trkpt lat="49.426676" lon="20.606478">
      <ele>978</ele>
      <time>2026-05-07T11:12:02Z</time>
    </trkpt>
    <trkpt lat="49.426767" lon="20.606452">
      <ele>979</ele>
      <time>2026-05-07T11:12:19Z</time>
    </trkpt>
    <trkpt lat="49.426809" lon="20.606399">
      <ele>980</ele>
      <time>2026-05-07T11:12:29Z</time>
    </trkpt>
    <trkpt lat="49.426867" lon="20.606225">
      <ele>982</ele>
      <time>2026-05-07T11:12:53Z</time>
    </trkpt>
    <trkpt lat="49.426912" lon="20.606041">
      <ele>984</ele>
      <time>2026-05-07T11:13:18Z</time>
    </trkpt>
    <trkpt lat="49.426986" lon="20.605856">
      <ele>986</ele>
      <time>2026-05-07T11:13:44Z</time>
    </trkpt>
    <trkpt lat="49.42704" lon="20.605653">
      <ele>988</ele>
      <time>2026-05-07T11:14:11Z</time>
    </trkpt>
    <trkpt lat="49.427118" lon="20.605553">
      <ele>989</ele>
      <time>2026-05-07T11:14:30Z</time>
    </trkpt>
    <trkpt lat="49.427231" lon="20.605458">
      <ele>990</ele>
      <time>2026-05-07T11:14:54Z</time>
    </trkpt>
    <trkpt lat="49.427447" lon="20.605289">
      <ele>991</ele>
      <time>2026-05-07T11:15:39Z</time>
    </trkpt>
    <trkpt lat="49.42789" lon="20.604939">
      <ele>996</ele>
      <time>2026-05-07T11:17:13Z</time>
    </trkpt>
    <trkpt lat="49.42824" lon="20.604754">
      <ele>1001</ele>
      <time>2026-05-07T11:18:22Z</time>
    </trkpt>
    <trkpt lat="49.428371" lon="20.604762">
      <ele>1002</ele>
      <time>2026-05-07T11:18:47Z</time>
    </trkpt>
    <trkpt lat="49.428507" lon="20.604794">
      <ele>1004</ele>
      <time>2026-05-07T11:19:12Z</time>
    </trkpt>
    <trkpt lat="49.428645" lon="20.60483">
      <ele>1005</ele>
      <time>2026-05-07T11:19:39Z</time>
    </trkpt>
    <trkpt lat="49.429238" lon="20.604827">
      <ele>1011</ele>
      <time>2026-05-07T11:21:30Z</time>
    </trkpt>
    <trkpt lat="49.42982" lon="20.604874">
      <ele>1020</ele>
      <time>2026-05-07T11:23:19Z</time>
    </trkpt>
    <trkpt lat="49.430368" lon="20.604888">
      <ele>1033</ele>
      <time>2026-05-07T11:25:04Z</time>
    </trkpt>
    <trkpt lat="49.430593" lon="20.604932">
      <ele>1038</ele>
      <time>2026-05-07T11:25:47Z</time>
    </trkpt>
    <trkpt lat="49.430853" lon="20.60503">
      <ele>1043</ele>
      <time>2026-05-07T11:26:38Z</time>
    </trkpt>
    <trkpt lat="49.431031" lon="20.605102">
      <ele>1047</ele>
      <time>2026-05-07T11:27:13Z</time>
    </trkpt>
    <trkpt lat="49.431259" lon="20.605169">
      <ele>1052</ele>
      <time>2026-05-07T11:27:57Z</time>
    </trkpt>
    <trkpt lat="49.431434" lon="20.605172">
      <ele>1055</ele>
      <time>2026-05-07T11:28:30Z</time>
    </trkpt>
    <trkpt lat="49.431543" lon="20.605148">
      <ele>1057</ele>
      <time>2026-05-07T11:28:51Z</time>
    </trkpt>
    <trkpt lat="49.431659" lon="20.605113">
      <ele>1059</ele>
      <time>2026-05-07T11:29:13Z</time>
    </trkpt>
    <trkpt lat="49.431739" lon="20.605097">
      <ele>1061</ele>
      <time>2026-05-07T11:29:28Z</time>
    </trkpt>
    <trkpt lat="49.431911" lon="20.605288">
      <ele>1065</ele>
      <time>2026-05-07T11:30:08Z</time>
    </trkpt>
    <trkpt lat="49.432036" lon="20.605269">
      <ele>1068</ele>
      <time>2026-05-07T11:30:32Z</time>
    </trkpt>
    <trkpt lat="49.432157" lon="20.60526">
      <ele>1070</ele>
      <time>2026-05-07T11:30:55Z</time>
    </trkpt>
    <trkpt lat="49.432302" lon="20.605181">
      <ele>1072</ele>
      <time>2026-05-07T11:31:24Z</time>
    </trkpt>
    <trkpt lat="49.432446" lon="20.605148">
      <ele>1074</ele>
      <time>2026-05-07T11:31:51Z</time>
    </trkpt>
    <trkpt lat="49.432779" lon="20.605126">
      <ele>1079</ele>
      <time>2026-05-07T11:32:54Z</time>
    </trkpt>
    <trkpt lat="49.433112" lon="20.605103">
      <ele>1083</ele>
      <time>2026-05-07T11:33:57Z</time>
    </trkpt>
    <trkpt lat="49.433252" lon="20.605076">
      <ele>1084</ele>
      <time>2026-05-07T11:34:23Z</time>
    </trkpt>
    <trkpt lat="49.433503" lon="20.605008">
      <ele>1085</ele>
      <time>2026-05-07T11:35:11Z</time>
    </trkpt>
    <trkpt lat="49.433579" lon="20.605031">
      <ele>1085</ele>
      <time>2026-05-07T11:35:25Z</time>
    </trkpt>
    <trkpt lat="49.433679" lon="20.605155">
      <ele>1086</ele>
      <time>2026-05-07T11:35:49Z</time>
    </trkpt>
    <trkpt lat="49.433759" lon="20.60535">
      <ele>1087</ele>
      <time>2026-05-07T11:36:17Z</time>
    </trkpt>
    <trkpt lat="49.433847" lon="20.605629">
      <ele>1087</ele>
      <time>2026-05-07T11:36:55Z</time>
    </trkpt>
    <trkpt lat="49.433959" lon="20.605813">
      <ele>1088</ele>
      <time>2026-05-07T11:37:25Z</time>
    </trkpt>
    <trkpt lat="49.434139" lon="20.605957">
      <ele>1091</ele>
      <time>2026-05-07T11:38:04Z</time>
    </trkpt>
    <trkpt lat="49.434301" lon="20.606129">
      <ele>1093</ele>
      <time>2026-05-07T11:38:40Z</time>
    </trkpt>
    <trkpt lat="49.434457" lon="20.606351">
      <ele>1095</ele>
      <time>2026-05-07T11:39:20Z</time>
    </trkpt>
    <trkpt lat="49.43455" lon="20.606635">
      <ele>1098</ele>
      <time>2026-05-07T11:39:59Z</time>
    </trkpt>
    <trkpt lat="49.434601" lon="20.606941">
      <ele>1103</ele>
      <time>2026-05-07T11:40:39Z</time>
    </trkpt>
    <trkpt lat="49.434612" lon="20.607012">
      <ele>1105</ele>
      <time>2026-05-07T11:40:48Z</time>
    </trkpt>
    <trkpt lat="49.434601" lon="20.607173">
      <ele>1108</ele>
      <time>2026-05-07T11:41:08Z</time>
    </trkpt>
    <trkpt lat="49.434571" lon="20.607318">
      <ele>1110</ele>
      <time>2026-05-07T11:41:27Z</time>
    </trkpt>
    <trkpt lat="49.434565" lon="20.60753">
      <ele>1115</ele>
      <time>2026-05-07T11:41:54Z</time>
    </trkpt>
    <trkpt lat="49.434583" lon="20.607651">
      <ele>1118</ele>
      <time>2026-05-07T11:42:10Z</time>
    </trkpt>
    <trkpt lat="49.434628" lon="20.607771">
      <ele>1121</ele>
      <time>2026-05-07T11:42:27Z</time>
    </trkpt>
    <trkpt lat="49.434684" lon="20.607871">
      <ele>1124</ele>
      <time>2026-05-07T11:42:44Z</time>
    </trkpt>
    <trkpt lat="49.434837" lon="20.608013">
      <ele>1130</ele>
      <time>2026-05-07T11:43:19Z</time>
    </trkpt>
    <trkpt lat="49.434995" lon="20.608128">
      <ele>1134</ele>
      <time>2026-05-07T11:43:52Z</time>
    </trkpt>
    <trkpt lat="49.4352" lon="20.608314">
      <ele>1140</ele>
      <time>2026-05-07T11:44:38Z</time>
    </trkpt>
    <trkpt lat="49.435344" lon="20.608382">
      <ele>1143</ele>
      <time>2026-05-07T11:45:06Z</time>
    </trkpt>
    <trkpt lat="49.435566" lon="20.608432">
      <ele>1146</ele>
      <time>2026-05-07T11:45:48Z</time>
    </trkpt>
    <trkpt lat="49.435787" lon="20.60852">
      <ele>1149</ele>
      <time>2026-05-07T11:46:31Z</time>
    </trkpt>
    <trkpt lat="49.43589" lon="20.608492">
      <ele>1148</ele>
      <time>2026-05-07T11:46:51Z</time>
    </trkpt>
    <trkpt lat="49.436008" lon="20.608493">
      <ele>1148</ele>
      <time>2026-05-07T11:47:13Z</time>
    </trkpt>
    <trkpt lat="49.436105" lon="20.608526">
      <ele>1148</ele>
      <time>2026-05-07T11:47:31Z</time>
    </trkpt>
    <trkpt lat="49.436198" lon="20.60857">
      <ele>1147</ele>
      <time>2026-05-07T11:47:50Z</time>
    </trkpt>
    <trkpt lat="49.436338" lon="20.608672">
      <ele>1148</ele>
      <time>2026-05-07T11:48:18Z</time>
    </trkpt>
    <trkpt lat="49.436418" lon="20.608801">
      <ele>1149</ele>
      <time>2026-05-07T11:48:40Z</time>
    </trkpt>
    <trkpt lat="49.436506" lon="20.608907">
      <ele>1149</ele>
      <time>2026-05-07T11:49:01Z</time>
    </trkpt>
    <trkpt lat="49.43664" lon="20.609074">
      <ele>1151</ele>
      <time>2026-05-07T11:49:33Z</time>
    </trkpt>
    <trkpt lat="49.436758" lon="20.609149">
      <ele>1150</ele>
      <time>2026-05-07T11:49:57Z</time>
    </trkpt>
    <trkpt lat="49.436973" lon="20.609364">
      <ele>1147</ele>
      <time>2026-05-07T11:50:45Z</time>
    </trkpt>
    <trkpt lat="49.437428" lon="20.610092">
      <ele>1135</ele>
      <time>2026-05-07T11:52:49Z</time>
    </trkpt>
    <trkpt lat="49.437694" lon="20.6103">
      <ele>1136</ele>
      <time>2026-05-07T11:53:45Z</time>
    </trkpt>
    <trkpt lat="49.437929" lon="20.610484">
      <ele>1139</ele>
      <time>2026-05-07T11:54:34Z</time>
    </trkpt>
    <trkpt lat="49.438065" lon="20.610563">
      <ele>1141</ele>
      <time>2026-05-07T11:55:02Z</time>
    </trkpt>
    <trkpt lat="49.438128" lon="20.610585">
      <ele>1142</ele>
      <time>2026-05-07T11:55:14Z</time>
    </trkpt>
    <trkpt lat="49.438188" lon="20.610539">
      <ele>1142</ele>
      <time>2026-05-07T11:55:21Z</time>
    </trkpt>
    <trkpt lat="49.438445" lon="20.610385">
      <ele>1142</ele>
      <time>2026-05-07T11:55:51Z</time>
    </trkpt>
    <trkpt lat="49.438732" lon="20.61014">
      <ele>1143</ele>
      <time>2026-05-07T11:56:27Z</time>
    </trkpt>
    <trkpt lat="49.438985" lon="20.609944">
      <ele>1146</ele>
      <time>2026-05-07T11:56:57Z</time>
    </trkpt>
    <trkpt lat="49.439081" lon="20.609829">
      <ele>1146</ele>
      <time>2026-05-07T11:57:11Z</time>
    </trkpt>
    <trkpt lat="49.439172" lon="20.609705">
      <ele>1146</ele>
      <time>2026-05-07T11:57:24Z</time>
    </trkpt>
    <trkpt lat="49.439436" lon="20.609257">
      <ele>1142</ele>
      <time>2026-05-07T11:58:06Z</time>
    </trkpt>
    <trkpt lat="49.439557" lon="20.609123">
      <ele>1142</ele>
      <time>2026-05-07T11:58:23Z</time>
    </trkpt>
    <trkpt lat="49.439917" lon="20.608681">
      <ele>1142</ele>
      <time>2026-05-07T11:59:12Z</time>
    </trkpt>
    <trkpt lat="49.440049" lon="20.608503">
      <ele>1141</ele>
      <time>2026-05-07T11:59:31Z</time>
    </trkpt>
    <trkpt lat="49.440185" lon="20.608281">
      <ele>1140</ele>
      <time>2026-05-07T11:59:53Z</time>
    </trkpt>
    <trkpt lat="49.440244" lon="20.608222">
      <ele>1140</ele>
      <time>2026-05-07T12:00:01Z</time>
    </trkpt>
    <trkpt lat="49.440337" lon="20.608208">
      <ele>1140</ele>
      <time>2026-05-07T12:00:11Z</time>
    </trkpt>
    <trkpt lat="49.440612" lon="20.608176">
      <ele>1136</ele>
      <time>2026-05-07T12:00:41Z</time>
    </trkpt>
    <trkpt lat="49.440804" lon="20.608131">
      <ele>1132</ele>
      <time>2026-05-07T12:01:02Z</time>
    </trkpt>
    <trkpt lat="49.441092" lon="20.608093">
      <ele>1129</ele>
      <time>2026-05-07T12:01:34Z</time>
    </trkpt>
    <trkpt lat="49.441193" lon="20.60805">
      <ele>1127</ele>
      <time>2026-05-07T12:01:45Z</time>
    </trkpt>
    <trkpt lat="49.441337" lon="20.608048">
      <ele>1126</ele>
      <time>2026-05-07T12:02:01Z</time>
    </trkpt>
    <trkpt lat="49.44146" lon="20.60801">
      <ele>1123</ele>
      <time>2026-05-07T12:02:15Z</time>
    </trkpt>
    <trkpt lat="49.441552" lon="20.607946">
      <ele>1120</ele>
      <time>2026-05-07T12:02:26Z</time>
    </trkpt>
    <trkpt lat="49.441711" lon="20.607779">
      <ele>1116</ele>
      <time>2026-05-07T12:02:47Z</time>
    </trkpt>
    <trkpt lat="49.441807" lon="20.607688">
      <ele>1113</ele>
      <time>2026-05-07T12:02:59Z</time>
    </trkpt>
    <trkpt lat="49.441889" lon="20.607592">
      <ele>1112</ele>
      <time>2026-05-07T12:03:11Z</time>
    </trkpt>
    <trkpt lat="49.44195" lon="20.607487">
      <ele>1112</ele>
      <time>2026-05-07T12:03:21Z</time>
    </trkpt>
    <trkpt lat="49.441986" lon="20.607358">
      <ele>1111</ele>
      <time>2026-05-07T12:03:31Z</time>
    </trkpt>
    <trkpt lat="49.442004" lon="20.607211">
      <ele>1109</ele>
      <time>2026-05-07T12:03:41Z</time>
    </trkpt>
    <trkpt lat="49.442032" lon="20.607155">
      <ele>1109</ele>
      <time>2026-05-07T12:03:46Z</time>
    </trkpt>
    <trkpt lat="49.442107" lon="20.607034">
      <ele>1109</ele>
      <time>2026-05-07T12:03:58Z</time>
    </trkpt>
    <trkpt lat="49.442265" lon="20.606832">
      <ele>1110</ele>
      <time>2026-05-07T12:04:20Z</time>
    </trkpt>
    <trkpt lat="49.442459" lon="20.60661">
      <ele>1111</ele>
      <time>2026-05-07T12:04:46Z</time>
    </trkpt>
    <trkpt lat="49.442619" lon="20.606451">
      <ele>1113</ele>
      <time>2026-05-07T12:05:07Z</time>
    </trkpt>
    <trkpt lat="49.442671" lon="20.606392">
      <ele>1114</ele>
      <time>2026-05-07T12:05:14Z</time>
    </trkpt>
    <trkpt lat="49.442675" lon="20.60635">
      <ele>1113</ele>
      <time>2026-05-07T12:05:17Z</time>
    </trkpt>
    <trkpt lat="49.442689" lon="20.606305">
      <ele>1113</ele>
      <time>2026-05-07T12:05:22Z</time>
    </trkpt>
    <trkpt lat="49.442711" lon="20.606249">
      <ele>1113</ele>
      <time>2026-05-07T12:05:27Z</time>
    </trkpt>
    <trkpt lat="49.442787" lon="20.606124">
      <ele>1111</ele>
      <time>2026-05-07T12:05:41Z</time>
    </trkpt>
    <trkpt lat="49.442875" lon="20.60599">
      <ele>1109</ele>
      <time>2026-05-07T12:05:57Z</time>
    </trkpt>
    <trkpt lat="49.442973" lon="20.605853">
      <ele>1107</ele>
      <time>2026-05-07T12:06:14Z</time>
    </trkpt>
    <trkpt lat="49.443045" lon="20.605784">
      <ele>1107</ele>
      <time>2026-05-07T12:06:25Z</time>
    </trkpt>
    <trkpt lat="49.443107" lon="20.605741">
      <ele>1106</ele>
      <time>2026-05-07T12:06:33Z</time>
    </trkpt>
    <trkpt lat="49.443242" lon="20.605663">
      <ele>1107</ele>
      <time>2026-05-07T12:06:51Z</time>
    </trkpt>
    <trkpt lat="49.443275" lon="20.605639">
      <ele>1107</ele>
      <time>2026-05-07T12:06:56Z</time>
    </trkpt>
    <trkpt lat="49.443303" lon="20.605612">
      <ele>1107</ele>
      <time>2026-05-07T12:07:00Z</time>
    </trkpt>
    <trkpt lat="49.443323" lon="20.605578">
      <ele>1108</ele>
      <time>2026-05-07T12:07:04Z</time>
    </trkpt>
    <trkpt lat="49.443401" lon="20.605604">
      <ele>1106</ele>
      <time>2026-05-07T12:07:14Z</time>
    </trkpt>
    <trkpt lat="49.443442" lon="20.605569">
      <ele>1108</ele>
      <time>2026-05-07T12:07:26Z</time>
    </trkpt>
    <trkpt lat="49.443514" lon="20.605542">
      <ele>1110</ele>
      <time>2026-05-07T12:07:45Z</time>
    </trkpt>
    <trkpt lat="49.443704" lon="20.605491">
      <ele>1117</ele>
      <time>2026-05-07T12:08:34Z</time>
    </trkpt>
    <trkpt lat="49.443811" lon="20.605494">
      <ele>1121</ele>
      <time>2026-05-07T12:09:01Z</time>
    </trkpt>
    <trkpt lat="49.443896" lon="20.605505">
      <ele>1124</ele>
      <time>2026-05-07T12:09:22Z</time>
    </trkpt>
    <trkpt lat="49.444025" lon="20.605486">
      <ele>1128</ele>
      <time>2026-05-07T12:09:55Z</time>
    </trkpt>
    <trkpt lat="49.4441" lon="20.605457">
      <ele>1130</ele>
      <time>2026-05-07T12:10:14Z</time>
    </trkpt>
    <trkpt lat="49.444182" lon="20.605416">
      <ele>1132</ele>
      <time>2026-05-07T12:10:36Z</time>
    </trkpt>
    <trkpt lat="49.44429" lon="20.605387">
      <ele>1134</ele>
      <time>2026-05-07T12:11:02Z</time>
    </trkpt>
    <trkpt lat="49.444362" lon="20.6054">
      <ele>1134</ele>
      <time>2026-05-07T12:11:20Z</time>
    </trkpt>
    <trkpt lat="49.444458" lon="20.605451">
      <ele>1136</ele>
      <time>2026-05-07T12:11:45Z</time>
    </trkpt>
    <trkpt lat="49.444541" lon="20.605451">
      <ele>1136</ele>
      <time>2026-05-07T12:12:05Z</time>
    </trkpt>
    <trkpt lat="49.444646" lon="20.605406">
      <ele>1137</ele>
      <time>2026-05-07T12:12:31Z</time>
    </trkpt>
    <trkpt lat="49.444789" lon="20.605404">
      <ele>1139</ele>
      <time>2026-05-07T12:13:06Z</time>
    </trkpt>
    <trkpt lat="49.445" lon="20.605408">
      <ele>1142</ele>
      <time>2026-05-07T12:13:58Z</time>
    </trkpt>
    <trkpt lat="49.445275" lon="20.605535">
      <ele>1151</ele>
      <time>2026-05-07T12:15:10Z</time>
    </trkpt>
    <trkpt lat="49.445457" lon="20.60565">
      <ele>1155</ele>
      <time>2026-05-07T12:15:59Z</time>
    </trkpt>
    <trkpt lat="49.445647" lon="20.605741">
      <ele>1159</ele>
      <time>2026-05-07T12:16:48Z</time>
    </trkpt>
    <trkpt lat="49.44575" lon="20.605781">
      <ele>1162</ele>
      <time>2026-05-07T12:17:14Z</time>
    </trkpt>
    <trkpt lat="49.445868" lon="20.60584">
      <ele>1165</ele>
      <time>2026-05-07T12:17:45Z</time>
    </trkpt>
    <trkpt lat="49.445947" lon="20.605867">
      <ele>1167</ele>
      <time>2026-05-07T12:18:05Z</time>
    </trkpt>
    <trkpt lat="49.446032" lon="20.605899">
      <ele>1170</ele>
      <time>2026-05-07T12:18:27Z</time>
    </trkpt>
    <trkpt lat="49.446142" lon="20.605931">
      <ele>1173</ele>
      <time>2026-05-07T12:18:55Z</time>
    </trkpt>
    <trkpt lat="49.446281" lon="20.605962">
      <ele>1179</ele>
      <time>2026-05-07T12:19:31Z</time>
    </trkpt>
    <trkpt lat="49.446398" lon="20.605994">
      <ele>1184</ele>
      <time>2026-05-07T12:20:02Z</time>
    </trkpt>
    <trkpt lat="49.446583" lon="20.606042">
      <ele>1192</ele>
      <time>2026-05-07T12:20:50Z</time>
    </trkpt>
    <trkpt lat="49.446812" lon="20.606129">
      <ele>1201</ele>
      <time>2026-05-07T12:21:51Z</time>
    </trkpt>
    <trkpt lat="49.446944" lon="20.606191">
      <ele>1206</ele>
      <time>2026-05-07T12:22:26Z</time>
    </trkpt>
    <trkpt lat="49.447059" lon="20.606277">
      <ele>1210</ele>
      <time>2026-05-07T12:22:58Z</time>
    </trkpt>
    <trkpt lat="49.447101" lon="20.606342">
      <ele>1212</ele>
      <time>2026-05-07T12:23:14Z</time>
    </trkpt>
    <trkpt lat="49.447159" lon="20.606403">
      <ele>1215</ele>
      <time>2026-05-07T12:23:31Z</time>
    </trkpt>
    <trkpt lat="49.447325" lon="20.606497">
      <ele>1222</ele>
      <time>2026-05-07T12:24:17Z</time>
    </trkpt>
    <trkpt lat="49.447638" lon="20.606663">
      <ele>1232</ele>
      <time>2026-05-07T12:25:40Z</time>
    </trkpt>
    <trkpt lat="49.447804" lon="20.606777">
      <ele>1237</ele>
      <time>2026-05-07T12:26:25Z</time>
    </trkpt>
    <trkpt lat="49.447905" lon="20.606839">
      <ele>1239</ele>
      <time>2026-05-07T12:26:52Z</time>
    </trkpt>
    <trkpt lat="49.448028" lon="20.606861">
      <ele>1242</ele>
      <time>2026-05-07T12:27:23Z</time>
    </trkpt>
    <trkpt lat="49.448144" lon="20.606813">
      <ele>1244</ele>
      <time>2026-05-07T12:27:52Z</time>
    </trkpt>
    <trkpt lat="49.448277" lon="20.60675">
      <ele>1246</ele>
      <time>2026-05-07T12:28:26Z</time>
    </trkpt>
    <trkpt lat="49.448356" lon="20.606643">
      <ele>1247</ele>
      <time>2026-05-07T12:28:52Z</time>
    </trkpt>
    <trkpt lat="49.448466" lon="20.606486">
      <ele>1247</ele>
      <time>2026-05-07T12:29:28Z</time>
    </trkpt>
    <trkpt lat="49.448572" lon="20.606245">
      <ele>1248</ele>
      <time>2026-05-07T12:30:14Z</time>
    </trkpt>
    <trkpt lat="49.448767" lon="20.605768">
      <ele>1252</ele>
      <time>2026-05-07T12:31:43Z</time>
    </trkpt>
    <trkpt lat="49.448864" lon="20.60543">
      <ele>1255</ele>
      <time>2026-05-07T12:32:41Z</time>
    </trkpt>
    <trkpt lat="49.448906" lon="20.605172">
      <ele>1257</ele>
      <time>2026-05-07T12:33:23Z</time>
    </trkpt>
    <trkpt lat="49.449053" lon="20.604693">
      <ele>1260</ele>
      <time>2026-05-07T12:34:47Z</time>
    </trkpt>
    <trkpt lat="49.449191" lon="20.604322">
      <ele>1261</ele>
      <time>2026-05-07T12:35:54Z</time>
    </trkpt>
    <trkpt lat="49.4492388" lon="20.6042217">
      <ele>1261</ele>
      <time>2026-05-07T12:36:14Z</time>
    </trkpt>
    <trkpt lat="49.449191" lon="20.604322">
      <ele>1261</ele>
      <time>2026-05-07T12:36:20Z</time>
    </trkpt>
    <trkpt lat="49.449053" lon="20.604693">
      <ele>1260</ele>
      <time>2026-05-07T12:36:41Z</time>
    </trkpt>
    <trkpt lat="49.448906" lon="20.605172">
      <ele>1257</ele>
      <time>2026-05-07T12:37:07Z</time>
    </trkpt>
    <trkpt lat="49.448864" lon="20.60543">
      <ele>1255</ele>
      <time>2026-05-07T12:37:20Z</time>
    </trkpt>
    <trkpt lat="49.448767" lon="20.605768">
      <ele>1252</ele>
      <time>2026-05-07T12:37:38Z</time>
    </trkpt>
    <trkpt lat="49.448572" lon="20.606245">
      <ele>1248</ele>
      <time>2026-05-07T12:38:06Z</time>
    </trkpt>
    <trkpt lat="49.448466" lon="20.606486">
      <ele>1247</ele>
      <time>2026-05-07T12:38:20Z</time>
    </trkpt>
    <trkpt lat="49.448356" lon="20.606643">
      <ele>1247</ele>
      <time>2026-05-07T12:38:31Z</time>
    </trkpt>
    <trkpt lat="49.448277" lon="20.60675">
      <ele>1246</ele>
      <time>2026-05-07T12:38:39Z</time>
    </trkpt>
    <trkpt lat="49.448144" lon="20.606813">
      <ele>1244</ele>
      <time>2026-05-07T12:38:50Z</time>
    </trkpt>
    <trkpt lat="49.448028" lon="20.606861">
      <ele>1242</ele>
      <time>2026-05-07T12:38:59Z</time>
    </trkpt>
    <trkpt lat="49.447905" lon="20.606839">
      <ele>1239</ele>
      <time>2026-05-07T12:39:08Z</time>
    </trkpt>
    <trkpt lat="49.447804" lon="20.606777">
      <ele>1237</ele>
      <time>2026-05-07T12:39:17Z</time>
    </trkpt>
    <trkpt lat="49.447638" lon="20.606663">
      <ele>1232</ele>
      <time>2026-05-07T12:39:31Z</time>
    </trkpt>
    <trkpt lat="49.447325" lon="20.606497">
      <ele>1222</ele>
      <time>2026-05-07T12:39:57Z</time>
    </trkpt>
    <trkpt lat="49.447159" lon="20.606403">
      <ele>1215</ele>
      <time>2026-05-07T12:40:11Z</time>
    </trkpt>
    <trkpt lat="49.447101" lon="20.606342">
      <ele>1212</ele>
      <time>2026-05-07T12:40:16Z</time>
    </trkpt>
    <trkpt lat="49.447059" lon="20.606277">
      <ele>1210</ele>
      <time>2026-05-07T12:40:21Z</time>
    </trkpt>
    <trkpt lat="49.446944" lon="20.606191">
      <ele>1206</ele>
      <time>2026-05-07T12:40:31Z</time>
    </trkpt>
    <trkpt lat="49.446812" lon="20.606129">
      <ele>1201</ele>
      <time>2026-05-07T12:40:42Z</time>
    </trkpt>
    <trkpt lat="49.446583" lon="20.606042">
      <ele>1192</ele>
      <time>2026-05-07T12:41:01Z</time>
    </trkpt>
    <trkpt lat="49.446398" lon="20.605994">
      <ele>1184</ele>
      <time>2026-05-07T12:41:16Z</time>
    </trkpt>
    <trkpt lat="49.446281" lon="20.605962">
      <ele>1179</ele>
      <time>2026-05-07T12:41:25Z</time>
    </trkpt>
    <trkpt lat="49.446142" lon="20.605931">
      <ele>1173</ele>
      <time>2026-05-07T12:41:36Z</time>
    </trkpt>
    <trkpt lat="49.446032" lon="20.605899">
      <ele>1170</ele>
      <time>2026-05-07T12:41:45Z</time>
    </trkpt>
    <trkpt lat="49.445947" lon="20.605867">
      <ele>1167</ele>
      <time>2026-05-07T12:41:52Z</time>
    </trkpt>
    <trkpt lat="49.445868" lon="20.60584">
      <ele>1165</ele>
      <time>2026-05-07T12:41:58Z</time>
    </trkpt>
    <trkpt lat="49.44575" lon="20.605781">
      <ele>1162</ele>
      <time>2026-05-07T12:42:08Z</time>
    </trkpt>
    <trkpt lat="49.445647" lon="20.605741">
      <ele>1159</ele>
      <time>2026-05-07T12:42:16Z</time>
    </trkpt>
    <trkpt lat="49.445457" lon="20.60565">
      <ele>1155</ele>
      <time>2026-05-07T12:42:31Z</time>
    </trkpt>
    <trkpt lat="49.445275" lon="20.605535">
      <ele>1151</ele>
      <time>2026-05-07T12:42:46Z</time>
    </trkpt>
    <trkpt lat="49.445" lon="20.605408">
      <ele>1142</ele>
      <time>2026-05-07T12:43:09Z</time>
    </trkpt>
    <trkpt lat="49.444789" lon="20.605404">
      <ele>1139</ele>
      <time>2026-05-07T12:43:25Z</time>
    </trkpt>
    <trkpt lat="49.444646" lon="20.605406">
      <ele>1137</ele>
      <time>2026-05-07T12:43:36Z</time>
    </trkpt>
    <trkpt lat="49.444541" lon="20.605451">
      <ele>1136</ele>
      <time>2026-05-07T12:43:44Z</time>
    </trkpt>
    <trkpt lat="49.444458" lon="20.605451">
      <ele>1136</ele>
      <time>2026-05-07T12:43:50Z</time>
    </trkpt>
    <trkpt lat="49.444362" lon="20.6054">
      <ele>1134</ele>
      <time>2026-05-07T12:43:58Z</time>
    </trkpt>
    <trkpt lat="49.44429" lon="20.605387">
      <ele>1134</ele>
      <time>2026-05-07T12:44:03Z</time>
    </trkpt>
    <trkpt lat="49.444182" lon="20.605416">
      <ele>1132</ele>
      <time>2026-05-07T12:44:11Z</time>
    </trkpt>
    <trkpt lat="49.4441" lon="20.605457">
      <ele>1130</ele>
      <time>2026-05-07T12:44:18Z</time>
    </trkpt>
    <trkpt lat="49.444025" lon="20.605486">
      <ele>1128</ele>
      <time>2026-05-07T12:44:24Z</time>
    </trkpt>
    <trkpt lat="49.443896" lon="20.605505">
      <ele>1124</ele>
      <time>2026-05-07T12:44:34Z</time>
    </trkpt>
    <trkpt lat="49.443811" lon="20.605494">
      <ele>1121</ele>
      <time>2026-05-07T12:44:41Z</time>
    </trkpt>
    <trkpt lat="49.443704" lon="20.605491">
      <ele>1117</ele>
      <time>2026-05-07T12:44:49Z</time>
    </trkpt>
    <trkpt lat="49.443514" lon="20.605542">
      <ele>1110</ele>
      <time>2026-05-07T12:45:04Z</time>
    </trkpt>
    <trkpt lat="49.443442" lon="20.605569">
      <ele>1108</ele>
      <time>2026-05-07T12:45:10Z</time>
    </trkpt>
    <trkpt lat="49.443401" lon="20.605604">
      <ele>1106</ele>
      <time>2026-05-07T12:45:14Z</time>
    </trkpt>
    <trkpt lat="49.443323" lon="20.605578">
      <ele>1108</ele>
      <time>2026-05-07T12:45:24Z</time>
    </trkpt>
    <trkpt lat="49.443303" lon="20.605612">
      <ele>1107</ele>
      <time>2026-05-07T12:45:28Z</time>
    </trkpt>
    <trkpt lat="49.443275" lon="20.605639">
      <ele>1107</ele>
      <time>2026-05-07T12:45:32Z</time>
    </trkpt>
    <trkpt lat="49.443242" lon="20.605663">
      <ele>1107</ele>
      <time>2026-05-07T12:45:37Z</time>
    </trkpt>
    <trkpt lat="49.443107" lon="20.605741">
      <ele>1106</ele>
      <time>2026-05-07T12:45:55Z</time>
    </trkpt>
    <trkpt lat="49.443045" lon="20.605784">
      <ele>1107</ele>
      <time>2026-05-07T12:46:03Z</time>
    </trkpt>
    <trkpt lat="49.442973" lon="20.605853">
      <ele>1107</ele>
      <time>2026-05-07T12:46:14Z</time>
    </trkpt>
    <trkpt lat="49.442875" lon="20.60599">
      <ele>1109</ele>
      <time>2026-05-07T12:46:31Z</time>
    </trkpt>
    <trkpt lat="49.442787" lon="20.606124">
      <ele>1111</ele>
      <time>2026-05-07T12:46:47Z</time>
    </trkpt>
    <trkpt lat="49.442711" lon="20.606249">
      <ele>1113</ele>
      <time>2026-05-07T12:47:01Z</time>
    </trkpt>
    <trkpt lat="49.442689" lon="20.606305">
      <ele>1113</ele>
      <time>2026-05-07T12:47:06Z</time>
    </trkpt>
    <trkpt lat="49.442675" lon="20.60635">
      <ele>1113</ele>
      <time>2026-05-07T12:47:11Z</time>
    </trkpt>
    <trkpt lat="49.442671" lon="20.606392">
      <ele>1114</ele>
      <time>2026-05-07T12:47:14Z</time>
    </trkpt>
    <trkpt lat="49.442619" lon="20.606451">
      <ele>1113</ele>
      <time>2026-05-07T12:47:25Z</time>
    </trkpt>
    <trkpt lat="49.442459" lon="20.60661">
      <ele>1111</ele>
      <time>2026-05-07T12:47:56Z</time>
    </trkpt>
    <trkpt lat="49.442265" lon="20.606832">
      <ele>1110</ele>
      <time>2026-05-07T12:48:35Z</time>
    </trkpt>
    <trkpt lat="49.442107" lon="20.607034">
      <ele>1109</ele>
      <time>2026-05-07T12:49:08Z</time>
    </trkpt>
    <trkpt lat="49.442032" lon="20.607155">
      <ele>1109</ele>
      <time>2026-05-07T12:49:26Z</time>
    </trkpt>
    <trkpt lat="49.442004" lon="20.607211">
      <ele>1109</ele>
      <time>2026-05-07T12:49:33Z</time>
    </trkpt>
    <trkpt lat="49.441986" lon="20.607358">
      <ele>1111</ele>
      <time>2026-05-07T12:49:49Z</time>
    </trkpt>
    <trkpt lat="49.44195" lon="20.607487">
      <ele>1112</ele>
      <time>2026-05-07T12:50:04Z</time>
    </trkpt>
    <trkpt lat="49.441889" lon="20.607592">
      <ele>1112</ele>
      <time>2026-05-07T12:50:19Z</time>
    </trkpt>
    <trkpt lat="49.441807" lon="20.607688">
      <ele>1113</ele>
      <time>2026-05-07T12:50:36Z</time>
    </trkpt>
    <trkpt lat="49.441711" lon="20.607779">
      <ele>1116</ele>
      <time>2026-05-07T12:50:54Z</time>
    </trkpt>
    <trkpt lat="49.441552" lon="20.607946">
      <ele>1120</ele>
      <time>2026-05-07T12:51:26Z</time>
    </trkpt>
    <trkpt lat="49.44146" lon="20.60801">
      <ele>1123</ele>
      <time>2026-05-07T12:51:43Z</time>
    </trkpt>
    <trkpt lat="49.441337" lon="20.608048">
      <ele>1126</ele>
      <time>2026-05-07T12:52:04Z</time>
    </trkpt>
    <trkpt lat="49.441193" lon="20.60805">
      <ele>1127</ele>
      <time>2026-05-07T12:52:27Z</time>
    </trkpt>
    <trkpt lat="49.441092" lon="20.608093">
      <ele>1129</ele>
      <time>2026-05-07T12:52:45Z</time>
    </trkpt>
    <trkpt lat="49.440804" lon="20.608131">
      <ele>1132</ele>
      <time>2026-05-07T12:53:32Z</time>
    </trkpt>
    <trkpt lat="49.440612" lon="20.608176">
      <ele>1136</ele>
      <time>2026-05-07T12:54:04Z</time>
    </trkpt>
    <trkpt lat="49.440337" lon="20.608208">
      <ele>1140</ele>
      <time>2026-05-07T12:54:49Z</time>
    </trkpt>
    <trkpt lat="49.440244" lon="20.608222">
      <ele>1140</ele>
      <time>2026-05-07T12:55:04Z</time>
    </trkpt>
    <trkpt lat="49.440185" lon="20.608281">
      <ele>1140</ele>
      <time>2026-05-07T12:55:16Z</time>
    </trkpt>
    <trkpt lat="49.440049" lon="20.608503">
      <ele>1141</ele>
      <time>2026-05-07T12:55:48Z</time>
    </trkpt>
    <trkpt lat="49.439917" lon="20.608681">
      <ele>1142</ele>
      <time>2026-05-07T12:56:16Z</time>
    </trkpt>
    <trkpt lat="49.439557" lon="20.609123">
      <ele>1142</ele>
      <time>2026-05-07T12:57:31Z</time>
    </trkpt>
    <trkpt lat="49.439436" lon="20.609257">
      <ele>1142</ele>
      <time>2026-05-07T12:57:55Z</time>
    </trkpt>
    <trkpt lat="49.439172" lon="20.609705">
      <ele>1146</ele>
      <time>2026-05-07T12:58:59Z</time>
    </trkpt>
    <trkpt lat="49.439081" lon="20.609829">
      <ele>1146</ele>
      <time>2026-05-07T12:59:19Z</time>
    </trkpt>
    <trkpt lat="49.438985" lon="20.609944">
      <ele>1146</ele>
      <time>2026-05-07T12:59:39Z</time>
    </trkpt>
    <trkpt lat="49.438732" lon="20.61014">
      <ele>1143</ele>
      <time>2026-05-07T13:00:25Z</time>
    </trkpt>
    <trkpt lat="49.438445" lon="20.610385">
      <ele>1142</ele>
      <time>2026-05-07T13:01:18Z</time>
    </trkpt>
    <trkpt lat="49.438188" lon="20.610539">
      <ele>1142</ele>
      <time>2026-05-07T13:02:03Z</time>
    </trkpt>
    <trkpt lat="49.438128" lon="20.610585">
      <ele>1142</ele>
      <time>2026-05-07T13:02:14Z</time>
    </trkpt>
    <trkpt lat="49.438065" lon="20.610563">
      <ele>1141</ele>
      <time>2026-05-07T13:02:21Z</time>
    </trkpt>
    <trkpt lat="49.437929" lon="20.610484">
      <ele>1139</ele>
      <time>2026-05-07T13:02:36Z</time>
    </trkpt>
    <trkpt lat="49.437694" lon="20.6103">
      <ele>1136</ele>
      <time>2026-05-07T13:03:03Z</time>
    </trkpt>
    <trkpt lat="49.437428" lon="20.610092">
      <ele>1135</ele>
      <time>2026-05-07T13:03:34Z</time>
    </trkpt>
    <trkpt lat="49.436973" lon="20.609364">
      <ele>1147</ele>
      <time>2026-05-07T13:04:43Z</time>
    </trkpt>
    <trkpt lat="49.436758" lon="20.609149">
      <ele>1150</ele>
      <time>2026-05-07T13:05:10Z</time>
    </trkpt>
    <trkpt lat="49.43664" lon="20.609074">
      <ele>1151</ele>
      <time>2026-05-07T13:05:23Z</time>
    </trkpt>
    <trkpt lat="49.436506" lon="20.608907">
      <ele>1149</ele>
      <time>2026-05-07T13:05:41Z</time>
    </trkpt>
    <trkpt lat="49.436418" lon="20.608801">
      <ele>1149</ele>
      <time>2026-05-07T13:05:53Z</time>
    </trkpt>
    <trkpt lat="49.436338" lon="20.608672">
      <ele>1148</ele>
      <time>2026-05-07T13:06:05Z</time>
    </trkpt>
    <trkpt lat="49.436198" lon="20.60857">
      <ele>1147</ele>
      <time>2026-05-07T13:06:21Z</time>
    </trkpt>
    <trkpt lat="49.436105" lon="20.608526">
      <ele>1148</ele>
      <time>2026-05-07T13:06:31Z</time>
    </trkpt>
    <trkpt lat="49.436008" lon="20.608493">
      <ele>1148</ele>
      <time>2026-05-07T13:06:41Z</time>
    </trkpt>
    <trkpt lat="49.43589" lon="20.608492">
      <ele>1148</ele>
      <time>2026-05-07T13:06:54Z</time>
    </trkpt>
    <trkpt lat="49.435787" lon="20.60852">
      <ele>1149</ele>
      <time>2026-05-07T13:07:04Z</time>
    </trkpt>
    <trkpt lat="49.435566" lon="20.608432">
      <ele>1146</ele>
      <time>2026-05-07T13:07:28Z</time>
    </trkpt>
    <trkpt lat="49.435344" lon="20.608382">
      <ele>1143</ele>
      <time>2026-05-07T13:07:52Z</time>
    </trkpt>
    <trkpt lat="49.4352" lon="20.608314">
      <ele>1140</ele>
      <time>2026-05-07T13:08:08Z</time>
    </trkpt>
    <trkpt lat="49.434995" lon="20.608128">
      <ele>1134</ele>
      <time>2026-05-07T13:08:33Z</time>
    </trkpt>
    <trkpt lat="49.434837" lon="20.608013">
      <ele>1130</ele>
      <time>2026-05-07T13:08:51Z</time>
    </trkpt>
    <trkpt lat="49.434684" lon="20.607871">
      <ele>1124</ele>
      <time>2026-05-07T13:09:11Z</time>
    </trkpt>
    <trkpt lat="49.434628" lon="20.607771">
      <ele>1121</ele>
      <time>2026-05-07T13:09:20Z</time>
    </trkpt>
    <trkpt lat="49.434583" lon="20.607651">
      <ele>1118</ele>
      <time>2026-05-07T13:09:30Z</time>
    </trkpt>
    <trkpt lat="49.434565" lon="20.60753">
      <ele>1115</ele>
      <time>2026-05-07T13:09:39Z</time>
    </trkpt>
    <trkpt lat="49.434571" lon="20.607318">
      <ele>1110</ele>
      <time>2026-05-07T13:09:53Z</time>
    </trkpt>
    <trkpt lat="49.434601" lon="20.607173">
      <ele>1108</ele>
      <time>2026-05-07T13:10:04Z</time>
    </trkpt>
    <trkpt lat="49.434612" lon="20.607012">
      <ele>1105</ele>
      <time>2026-05-07T13:10:15Z</time>
    </trkpt>
    <trkpt lat="49.434601" lon="20.606941">
      <ele>1103</ele>
      <time>2026-05-07T13:10:20Z</time>
    </trkpt>
    <trkpt lat="49.43455" lon="20.606635">
      <ele>1098</ele>
      <time>2026-05-07T13:10:42Z</time>
    </trkpt>
    <trkpt lat="49.434457" lon="20.606351">
      <ele>1095</ele>
      <time>2026-05-07T13:11:04Z</time>
    </trkpt>
    <trkpt lat="49.434301" lon="20.606129">
      <ele>1093</ele>
      <time>2026-05-07T13:11:26Z</time>
    </trkpt>
    <trkpt lat="49.434139" lon="20.605957">
      <ele>1091</ele>
      <time>2026-05-07T13:11:46Z</time>
    </trkpt>
    <trkpt lat="49.433959" lon="20.605813">
      <ele>1088</ele>
      <time>2026-05-07T13:12:08Z</time>
    </trkpt>
    <trkpt lat="49.433847" lon="20.605629">
      <ele>1087</ele>
      <time>2026-05-07T13:12:25Z</time>
    </trkpt>
    <trkpt lat="49.433759" lon="20.60535">
      <ele>1087</ele>
      <time>2026-05-07T13:12:46Z</time>
    </trkpt>
    <trkpt lat="49.433679" lon="20.605155">
      <ele>1086</ele>
      <time>2026-05-07T13:13:01Z</time>
    </trkpt>
    <trkpt lat="49.433579" lon="20.605031">
      <ele>1085</ele>
      <time>2026-05-07T13:13:14Z</time>
    </trkpt>
    <trkpt lat="49.433503" lon="20.605008">
      <ele>1085</ele>
      <time>2026-05-07T13:13:23Z</time>
    </trkpt>
    <trkpt lat="49.433252" lon="20.605076">
      <ele>1084</ele>
      <time>2026-05-07T13:13:49Z</time>
    </trkpt>
    <trkpt lat="49.433112" lon="20.605103">
      <ele>1083</ele>
      <time>2026-05-07T13:14:04Z</time>
    </trkpt>
    <trkpt lat="49.432779" lon="20.605126">
      <ele>1079</ele>
      <time>2026-05-07T13:14:38Z</time>
    </trkpt>
    <trkpt lat="49.432446" lon="20.605148">
      <ele>1074</ele>
      <time>2026-05-07T13:15:13Z</time>
    </trkpt>
    <trkpt lat="49.432302" lon="20.605181">
      <ele>1072</ele>
      <time>2026-05-07T13:15:28Z</time>
    </trkpt>
    <trkpt lat="49.432157" lon="20.60526">
      <ele>1070</ele>
      <time>2026-05-07T13:15:44Z</time>
    </trkpt>
    <trkpt lat="49.432036" lon="20.605269">
      <ele>1068</ele>
      <time>2026-05-07T13:15:57Z</time>
    </trkpt>
    <trkpt lat="49.431911" lon="20.605288">
      <ele>1065</ele>
      <time>2026-05-07T13:16:10Z</time>
    </trkpt>
    <trkpt lat="49.431739" lon="20.605097">
      <ele>1061</ele>
      <time>2026-05-07T13:16:33Z</time>
    </trkpt>
    <trkpt lat="49.431659" lon="20.605113">
      <ele>1059</ele>
      <time>2026-05-07T13:16:41Z</time>
    </trkpt>
    <trkpt lat="49.431543" lon="20.605148">
      <ele>1057</ele>
      <time>2026-05-07T13:16:54Z</time>
    </trkpt>
    <trkpt lat="49.431434" lon="20.605172">
      <ele>1055</ele>
      <time>2026-05-07T13:17:05Z</time>
    </trkpt>
    <trkpt lat="49.431259" lon="20.605169">
      <ele>1052</ele>
      <time>2026-05-07T13:17:24Z</time>
    </trkpt>
    <trkpt lat="49.431031" lon="20.605102">
      <ele>1047</ele>
      <time>2026-05-07T13:17:48Z</time>
    </trkpt>
    <trkpt lat="49.430853" lon="20.60503">
      <ele>1043</ele>
      <time>2026-05-07T13:18:07Z</time>
    </trkpt>
    <trkpt lat="49.430593" lon="20.604932">
      <ele>1038</ele>
      <time>2026-05-07T13:18:36Z</time>
    </trkpt>
    <trkpt lat="49.430368" lon="20.604888">
      <ele>1033</ele>
      <time>2026-05-07T13:19:00Z</time>
    </trkpt>
    <trkpt lat="49.42982" lon="20.604874">
      <ele>1020</ele>
      <time>2026-05-07T13:19:58Z</time>
    </trkpt>
    <trkpt lat="49.429238" lon="20.604827">
      <ele>1011</ele>
      <time>2026-05-07T13:20:59Z</time>
    </trkpt>
    <trkpt lat="49.428645" lon="20.60483">
      <ele>1005</ele>
      <time>2026-05-07T13:22:00Z</time>
    </trkpt>
    <trkpt lat="49.428507" lon="20.604794">
      <ele>1004</ele>
      <time>2026-05-07T13:22:15Z</time>
    </trkpt>
    <trkpt lat="49.428371" lon="20.604762">
      <ele>1002</ele>
      <time>2026-05-07T13:22:29Z</time>
    </trkpt>
    <trkpt lat="49.42824" lon="20.604754">
      <ele>1001</ele>
      <time>2026-05-07T13:22:43Z</time>
    </trkpt>
    <trkpt lat="49.42789" lon="20.604939">
      <ele>996</ele>
      <time>2026-05-07T13:23:21Z</time>
    </trkpt>
    <trkpt lat="49.427447" lon="20.605289">
      <ele>991</ele>
      <time>2026-05-07T13:24:13Z</time>
    </trkpt>
    <trkpt lat="49.427231" lon="20.605458">
      <ele>990</ele>
      <time>2026-05-07T13:24:38Z</time>
    </trkpt>
    <trkpt lat="49.427118" lon="20.605553">
      <ele>989</ele>
      <time>2026-05-07T13:24:52Z</time>
    </trkpt>
    <trkpt lat="49.42704" lon="20.605653">
      <ele>988</ele>
      <time>2026-05-07T13:25:02Z</time>
    </trkpt>
    <trkpt lat="49.426986" lon="20.605856">
      <ele>986</ele>
      <time>2026-05-07T13:25:17Z</time>
    </trkpt>
    <trkpt lat="49.426912" lon="20.606041">
      <ele>984</ele>
      <time>2026-05-07T13:25:32Z</time>
    </trkpt>
    <trkpt lat="49.426867" lon="20.606225">
      <ele>982</ele>
      <time>2026-05-07T13:25:45Z</time>
    </trkpt>
    <trkpt lat="49.426809" lon="20.606399">
      <ele>980</ele>
      <time>2026-05-07T13:25:59Z</time>
    </trkpt>
    <trkpt lat="49.426767" lon="20.606452">
      <ele>979</ele>
      <time>2026-05-07T13:26:04Z</time>
    </trkpt>
    <trkpt lat="49.426676" lon="20.606478">
      <ele>978</ele>
      <time>2026-05-07T13:26:14Z</time>
    </trkpt>
    <trkpt lat="49.426523" lon="20.606446">
      <ele>975</ele>
      <time>2026-05-07T13:26:30Z</time>
    </trkpt>
    <trkpt lat="49.426384" lon="20.606464">
      <ele>972</ele>
      <time>2026-05-07T13:26:45Z</time>
    </trkpt>
    <trkpt lat="49.426255" lon="20.606446">
      <ele>970</ele>
      <time>2026-05-07T13:26:59Z</time>
    </trkpt>
    <trkpt lat="49.426111" lon="20.606409">
      <ele>967</ele>
      <time>2026-05-07T13:27:14Z</time>
    </trkpt>
    <trkpt lat="49.426057" lon="20.606738">
      <ele>964</ele>
      <time>2026-05-07T13:27:36Z</time>
    </trkpt>
    <trkpt lat="49.42603" lon="20.606875">
      <ele>962</ele>
      <time>2026-05-07T13:27:45Z</time>
    </trkpt>
    <trkpt lat="49.426016" lon="20.606993">
      <ele>961</ele>
      <time>2026-05-07T13:27:53Z</time>
    </trkpt>
    <trkpt lat="49.425986" lon="20.607112">
      <ele>959</ele>
      <time>2026-05-07T13:28:01Z</time>
    </trkpt>
    <trkpt lat="49.42596" lon="20.607203">
      <ele>958</ele>
      <time>2026-05-07T13:28:07Z</time>
    </trkpt>
    <trkpt lat="49.425921" lon="20.607372">
      <ele>956</ele>
      <time>2026-05-07T13:28:19Z</time>
    </trkpt>
    <trkpt lat="49.425873" lon="20.607624">
      <ele>954</ele>
      <time>2026-05-07T13:28:35Z</time>
    </trkpt>
    <trkpt lat="49.425805" lon="20.607852">
      <ele>950</ele>
      <time>2026-05-07T13:28:52Z</time>
    </trkpt>
    <trkpt lat="49.425744" lon="20.60802">
      <ele>946</ele>
      <time>2026-05-07T13:29:04Z</time>
    </trkpt>
    <trkpt lat="49.42567" lon="20.608176">
      <ele>943</ele>
      <time>2026-05-07T13:29:17Z</time>
    </trkpt>
    <trkpt lat="49.425569" lon="20.60831">
      <ele>939</ele>
      <time>2026-05-07T13:29:31Z</time>
    </trkpt>
    <trkpt lat="49.425515" lon="20.608415">
      <ele>938</ele>
      <time>2026-05-07T13:29:39Z</time>
    </trkpt>
    <trkpt lat="49.425466" lon="20.60852">
      <ele>938</ele>
      <time>2026-05-07T13:29:47Z</time>
    </trkpt>
    <trkpt lat="49.425428" lon="20.608683">
      <ele>938</ele>
      <time>2026-05-07T13:29:58Z</time>
    </trkpt>
    <trkpt lat="49.425386" lon="20.608917">
      <ele>940</ele>
      <time>2026-05-07T13:30:14Z</time>
    </trkpt>
    <trkpt lat="49.425345" lon="20.609062">
      <ele>941</ele>
      <time>2026-05-07T13:30:24Z</time>
    </trkpt>
    <trkpt lat="49.425307" lon="20.609182">
      <ele>942</ele>
      <time>2026-05-07T13:30:32Z</time>
    </trkpt>
    <trkpt lat="49.425239" lon="20.609292">
      <ele>942</ele>
      <time>2026-05-07T13:30:42Z</time>
    </trkpt>
    <trkpt lat="49.425176" lon="20.609423">
      <ele>943</ele>
      <time>2026-05-07T13:30:52Z</time>
    </trkpt>
    <trkpt lat="49.425139" lon="20.609511">
      <ele>943</ele>
      <time>2026-05-07T13:30:59Z</time>
    </trkpt>
    <trkpt lat="49.42508" lon="20.609646">
      <ele>943</ele>
      <time>2026-05-07T13:31:09Z</time>
    </trkpt>
    <trkpt lat="49.42494" lon="20.609947">
      <ele>942</ele>
      <time>2026-05-07T13:31:33Z</time>
    </trkpt>
    <trkpt lat="49.424825" lon="20.610147">
      <ele>941</ele>
      <time>2026-05-07T13:31:50Z</time>
    </trkpt>
    <trkpt lat="49.424614" lon="20.610412">
      <ele>940</ele>
      <time>2026-05-07T13:32:16Z</time>
    </trkpt>
    <trkpt lat="49.424416" lon="20.61072">
      <ele>941</ele>
      <time>2026-05-07T13:32:44Z</time>
    </trkpt>
    <trkpt lat="49.424222" lon="20.61096">
      <ele>942</ele>
      <time>2026-05-07T13:33:08Z</time>
    </trkpt>
    <trkpt lat="49.424043" lon="20.611128">
      <ele>942</ele>
      <time>2026-05-07T13:33:29Z</time>
    </trkpt>
    <trkpt lat="49.42386" lon="20.611273">
      <ele>943</ele>
      <time>2026-05-07T13:33:49Z</time>
    </trkpt>
    <trkpt lat="49.423678" lon="20.611446">
      <ele>943</ele>
      <time>2026-05-07T13:34:10Z</time>
    </trkpt>
    <trkpt lat="49.423437" lon="20.611714">
      <ele>943</ele>
      <time>2026-05-07T13:34:39Z</time>
    </trkpt>
    <trkpt lat="49.423261" lon="20.611891">
      <ele>944</ele>
      <time>2026-05-07T13:34:59Z</time>
    </trkpt>
    <trkpt lat="49.423047" lon="20.612316">
      <ele>946</ele>
      <time>2026-05-07T13:35:33Z</time>
    </trkpt>
    <trkpt lat="49.422836" lon="20.612587">
      <ele>944</ele>
      <time>2026-05-07T13:36:00Z</time>
    </trkpt>
    <trkpt lat="49.422668" lon="20.612828">
      <ele>942</ele>
      <time>2026-05-07T13:36:23Z</time>
    </trkpt>
    <trkpt lat="49.422527" lon="20.613031">
      <ele>940</ele>
      <time>2026-05-07T13:36:42Z</time>
    </trkpt>
    <trkpt lat="49.422373" lon="20.61338">
      <ele>939</ele>
      <time>2026-05-07T13:37:08Z</time>
    </trkpt>
    <trkpt lat="49.42223" lon="20.6137">
      <ele>937</ele>
      <time>2026-05-07T13:37:33Z</time>
    </trkpt>
    <trkpt lat="49.422073" lon="20.614004">
      <ele>933</ele>
      <time>2026-05-07T13:37:58Z</time>
    </trkpt>
    <trkpt lat="49.421958" lon="20.614196">
      <ele>932</ele>
      <time>2026-05-07T13:38:14Z</time>
    </trkpt>
    <trkpt lat="49.421845" lon="20.614368">
      <ele>932</ele>
      <time>2026-05-07T13:38:30Z</time>
    </trkpt>
    <trkpt lat="49.421753" lon="20.614505">
      <ele>932</ele>
      <time>2026-05-07T13:38:42Z</time>
    </trkpt>
    <trkpt lat="49.421609" lon="20.61467">
      <ele>932</ele>
      <time>2026-05-07T13:39:00Z</time>
    </trkpt>
    <trkpt lat="49.421559" lon="20.614766">
      <ele>932</ele>
      <time>2026-05-07T13:39:08Z</time>
    </trkpt>
    <trkpt lat="49.421471" lon="20.61493">
      <ele>932</ele>
      <time>2026-05-07T13:39:21Z</time>
    </trkpt>
    <trkpt lat="49.421338" lon="20.615156">
      <ele>932</ele>
      <time>2026-05-07T13:39:41Z</time>
    </trkpt>
    <trkpt lat="49.421194" lon="20.615372">
      <ele>932</ele>
      <time>2026-05-07T13:40:00Z</time>
    </trkpt>
    <trkpt lat="49.421101" lon="20.615518">
      <ele>932</ele>
      <time>2026-05-07T13:40:13Z</time>
    </trkpt>
    <trkpt lat="49.420984" lon="20.615723">
      <ele>931</ele>
      <time>2026-05-07T13:40:31Z</time>
    </trkpt>
    <trkpt lat="49.420898" lon="20.615874">
      <ele>931</ele>
      <time>2026-05-07T13:40:43Z</time>
    </trkpt>
    <trkpt lat="49.420836" lon="20.615955">
      <ele>931</ele>
      <time>2026-05-07T13:40:51Z</time>
    </trkpt>
    <trkpt lat="49.420737" lon="20.616048">
      <ele>931</ele>
      <time>2026-05-07T13:41:03Z</time>
    </trkpt>
    <trkpt lat="49.420639" lon="20.616119">
      <ele>930</ele>
      <time>2026-05-07T13:41:13Z</time>
    </trkpt>
    <trkpt lat="49.420626" lon="20.616129">
      <ele>930</ele>
      <time>2026-05-07T13:41:15Z</time>
    </trkpt>
    <trkpt lat="49.420577" lon="20.616196">
      <ele>930</ele>
      <time>2026-05-07T13:41:21Z</time>
    </trkpt>
    <trkpt lat="49.420509" lon="20.616333">
      <ele>930</ele>
      <time>2026-05-07T13:41:32Z</time>
    </trkpt>
    <trkpt lat="49.420434" lon="20.616547">
      <ele>930</ele>
      <time>2026-05-07T13:41:47Z</time>
    </trkpt>
    <trkpt lat="49.420279" lon="20.616894">
      <ele>929</ele>
      <time>2026-05-07T13:42:14Z</time>
    </trkpt>
    <trkpt lat="49.420143" lon="20.616727">
      <ele>929</ele>
      <time>2026-05-07T13:42:33Z</time>
    </trkpt>
    <trkpt lat="49.420015" lon="20.616572">
      <ele>929</ele>
      <time>2026-05-07T13:42:51Z</time>
    </trkpt>
    <trkpt lat="49.419835" lon="20.616406">
      <ele>929</ele>
      <time>2026-05-07T13:43:15Z</time>
    </trkpt>
    <trkpt lat="49.419654" lon="20.616131">
      <ele>927</ele>
      <time>2026-05-07T13:43:43Z</time>
    </trkpt>
    <trkpt lat="49.419594" lon="20.615987">
      <ele>926</ele>
      <time>2026-05-07T13:43:55Z</time>
    </trkpt>
    <trkpt lat="49.419542" lon="20.615834">
      <ele>925</ele>
      <time>2026-05-07T13:44:08Z</time>
    </trkpt>
    <trkpt lat="49.419448" lon="20.615694">
      <ele>924</ele>
      <time>2026-05-07T13:44:23Z</time>
    </trkpt>
    <trkpt lat="49.419371" lon="20.615623">
      <ele>923</ele>
      <time>2026-05-07T13:44:33Z</time>
    </trkpt>
    <trkpt lat="49.419305" lon="20.615561">
      <ele>923</ele>
      <time>2026-05-07T13:44:41Z</time>
    </trkpt>
    <trkpt lat="49.419245" lon="20.61548">
      <ele>922</ele>
      <time>2026-05-07T13:44:50Z</time>
    </trkpt>
    <trkpt lat="49.419112" lon="20.615174">
      <ele>920</ele>
      <time>2026-05-07T13:45:17Z</time>
    </trkpt>
    <trkpt lat="49.418998" lon="20.615067">
      <ele>920</ele>
      <time>2026-05-07T13:45:32Z</time>
    </trkpt>
    <trkpt lat="49.418738" lon="20.614941">
      <ele>921</ele>
      <time>2026-05-07T13:46:02Z</time>
    </trkpt>
    <trkpt lat="49.418614" lon="20.614903">
      <ele>921</ele>
      <time>2026-05-07T13:46:16Z</time>
    </trkpt>
    <trkpt lat="49.41833" lon="20.614875">
      <ele>923</ele>
      <time>2026-05-07T13:46:48Z</time>
    </trkpt>
    <trkpt lat="49.418211" lon="20.614832">
      <ele>924</ele>
      <time>2026-05-07T13:47:01Z</time>
    </trkpt>
    <trkpt lat="49.418034" lon="20.614705">
      <ele>925</ele>
      <time>2026-05-07T13:47:23Z</time>
    </trkpt>
    <trkpt lat="49.417623" lon="20.614481">
      <ele>930</ele>
      <time>2026-05-07T13:48:12Z</time>
    </trkpt>
    <trkpt lat="49.417357" lon="20.614302">
      <ele>933</ele>
      <time>2026-05-07T13:48:44Z</time>
    </trkpt>
    <trkpt lat="49.417205" lon="20.614166">
      <ele>934</ele>
      <time>2026-05-07T13:49:04Z</time>
    </trkpt>
    <trkpt lat="49.416892" lon="20.613803">
      <ele>935</ele>
      <time>2026-05-07T13:49:47Z</time>
    </trkpt>
    <trkpt lat="49.416797" lon="20.613722">
      <ele>935</ele>
      <time>2026-05-07T13:49:59Z</time>
    </trkpt>
    <trkpt lat="49.416657" lon="20.613602">
      <ele>935</ele>
      <time>2026-05-07T13:50:17Z</time>
    </trkpt>
    <trkpt lat="49.416495" lon="20.613281">
      <ele>937</ele>
      <time>2026-05-07T13:50:46Z</time>
    </trkpt>
    <trkpt lat="49.41614" lon="20.612843">
      <ele>940</ele>
      <time>2026-05-07T13:51:37Z</time>
    </trkpt>
    <trkpt lat="49.415852" lon="20.612704">
      <ele>940</ele>
      <time>2026-05-07T13:52:11Z</time>
    </trkpt>
    <trkpt lat="49.415437" lon="20.612375">
      <ele>938</ele>
      <time>2026-05-07T13:53:02Z</time>
    </trkpt>
    <trkpt lat="49.415185" lon="20.612257">
      <ele>937</ele>
      <time>2026-05-07T13:53:32Z</time>
    </trkpt>
    <trkpt lat="49.414703" lon="20.611924">
      <ele>937</ele>
      <time>2026-05-07T13:54:30Z</time>
    </trkpt>
    <trkpt lat="49.414378" lon="20.611628">
      <ele>937</ele>
      <time>2026-05-07T13:55:12Z</time>
    </trkpt>
    <trkpt lat="49.414191" lon="20.611534">
      <ele>937</ele>
      <time>2026-05-07T13:55:34Z</time>
    </trkpt>
    <trkpt lat="49.413878" lon="20.611448">
      <ele>939</ele>
      <time>2026-05-07T13:56:10Z</time>
    </trkpt>
    <trkpt lat="49.413472" lon="20.611256">
      <ele>937</ele>
      <time>2026-05-07T13:56:57Z</time>
    </trkpt>
    <trkpt lat="49.413309" lon="20.611223">
      <ele>936</ele>
      <time>2026-05-07T13:57:15Z</time>
    </trkpt>
    <trkpt lat="49.412983" lon="20.611212">
      <ele>935</ele>
      <time>2026-05-07T13:57:51Z</time>
    </trkpt>
    <trkpt lat="49.412746" lon="20.611269">
      <ele>936</ele>
      <time>2026-05-07T13:58:18Z</time>
    </trkpt>
    <trkpt lat="49.412575" lon="20.611268">
      <ele>937</ele>
      <time>2026-05-07T13:58:37Z</time>
    </trkpt>
    <trkpt lat="49.412355" lon="20.611224">
      <ele>938</ele>
      <time>2026-05-07T13:59:02Z</time>
    </trkpt>
    <trkpt lat="49.412256" lon="20.611225">
      <ele>938</ele>
      <time>2026-05-07T13:59:13Z</time>
    </trkpt>
    <trkpt lat="49.412116" lon="20.611242">
      <ele>939</ele>
      <time>2026-05-07T13:59:28Z</time>
    </trkpt>
    <trkpt lat="49.411753" lon="20.611572">
      <ele>939</ele>
      <time>2026-05-07T14:00:15Z</time>
    </trkpt>
    <trkpt lat="49.411584" lon="20.611655">
      <ele>940</ele>
      <time>2026-05-07T14:00:35Z</time>
    </trkpt>
    <trkpt lat="49.411409" lon="20.611719">
      <ele>940</ele>
      <time>2026-05-07T14:00:55Z</time>
    </trkpt>
    <trkpt lat="49.411022" lon="20.611749">
      <ele>938</ele>
      <time>2026-05-07T14:01:38Z</time>
    </trkpt>
    <trkpt lat="49.410712" lon="20.611853">
      <ele>937</ele>
      <time>2026-05-07T14:02:13Z</time>
    </trkpt>
    <trkpt lat="49.4103" lon="20.61203">
      <ele>938</ele>
      <time>2026-05-07T14:03:01Z</time>
    </trkpt>
    <trkpt lat="49.410125" lon="20.612082">
      <ele>938</ele>
      <time>2026-05-07T14:03:20Z</time>
    </trkpt>
    <trkpt lat="49.410024" lon="20.612095">
      <ele>938</ele>
      <time>2026-05-07T14:03:32Z</time>
    </trkpt>
    <trkpt lat="49.40982" lon="20.612048">
      <ele>936</ele>
      <time>2026-05-07T14:03:55Z</time>
    </trkpt>
    <trkpt lat="49.4096" lon="20.611967">
      <ele>934</ele>
      <time>2026-05-07T14:04:20Z</time>
    </trkpt>
    <trkpt lat="49.409373" lon="20.611851">
      <ele>932</ele>
      <time>2026-05-07T14:04:47Z</time>
    </trkpt>
    <trkpt lat="49.409294" lon="20.611789">
      <ele>933</ele>
      <time>2026-05-07T14:04:56Z</time>
    </trkpt>
    <trkpt lat="49.409107" lon="20.611707">
      <ele>933</ele>
      <time>2026-05-07T14:05:18Z</time>
    </trkpt>
    <trkpt lat="49.408868" lon="20.611628">
      <ele>935</ele>
      <time>2026-05-07T14:05:45Z</time>
    </trkpt>
    <trkpt lat="49.408764" lon="20.611567">
      <ele>937</ele>
      <time>2026-05-07T14:05:58Z</time>
    </trkpt>
    <trkpt lat="49.40868" lon="20.611564">
      <ele>937</ele>
      <time>2026-05-07T14:06:07Z</time>
    </trkpt>
    <trkpt lat="49.408563" lon="20.611588">
      <ele>938</ele>
      <time>2026-05-07T14:06:20Z</time>
    </trkpt>
    <trkpt lat="49.408342" lon="20.611583">
      <ele>938</ele>
      <time>2026-05-07T14:06:45Z</time>
    </trkpt>
    <trkpt lat="49.408158" lon="20.611568">
      <ele>937</ele>
      <time>2026-05-07T14:07:05Z</time>
    </trkpt>
    <trkpt lat="49.40799" lon="20.611536">
      <ele>937</ele>
      <time>2026-05-07T14:07:24Z</time>
    </trkpt>
    <trkpt lat="49.407856" lon="20.611532">
      <ele>936</ele>
      <time>2026-05-07T14:07:39Z</time>
    </trkpt>
    <trkpt lat="49.407699" lon="20.611508">
      <ele>936</ele>
      <time>2026-05-07T14:07:56Z</time>
    </trkpt>
    <trkpt lat="49.407572" lon="20.611459">
      <ele>937</ele>
      <time>2026-05-07T14:08:11Z</time>
    </trkpt>
    <trkpt lat="49.407427" lon="20.611459">
      <ele>938</ele>
      <time>2026-05-07T14:08:27Z</time>
    </trkpt>
    <trkpt lat="49.407381" lon="20.611532">
      <ele>938</ele>
      <time>2026-05-07T14:08:34Z</time>
    </trkpt>
    <trkpt lat="49.407321" lon="20.611591">
      <ele>938</ele>
      <time>2026-05-07T14:08:42Z</time>
    </trkpt>
    <trkpt lat="49.407181" lon="20.611775">
      <ele>938</ele>
      <time>2026-05-07T14:09:03Z</time>
    </trkpt>
    <trkpt lat="49.407057" lon="20.611864">
      <ele>937</ele>
      <time>2026-05-07T14:09:18Z</time>
    </trkpt>
    <trkpt lat="49.406757" lon="20.611985">
      <ele>934</ele>
      <time>2026-05-07T14:09:53Z</time>
    </trkpt>
    <trkpt lat="49.406539" lon="20.612017">
      <ele>933</ele>
      <time>2026-05-07T14:10:17Z</time>
    </trkpt>
    <trkpt lat="49.406347" lon="20.612031">
      <ele>933</ele>
      <time>2026-05-07T14:10:38Z</time>
    </trkpt>
    <trkpt lat="49.405918" lon="20.612133">
      <ele>932</ele>
      <time>2026-05-07T14:11:26Z</time>
    </trkpt>
    <trkpt lat="49.40564" lon="20.612142">
      <ele>930</ele>
      <time>2026-05-07T14:11:57Z</time>
    </trkpt>
    <trkpt lat="49.405494" lon="20.612193">
      <ele>928</ele>
      <time>2026-05-07T14:12:14Z</time>
    </trkpt>
    <trkpt lat="49.405123" lon="20.612454">
      <ele>925</ele>
      <time>2026-05-07T14:13:00Z</time>
    </trkpt>
    <trkpt lat="49.404727" lon="20.612905">
      <ele>922</ele>
      <time>2026-05-07T14:13:54Z</time>
    </trkpt>
    <trkpt lat="49.404453" lon="20.613074">
      <ele>920</ele>
      <time>2026-05-07T14:14:27Z</time>
    </trkpt>
    <trkpt lat="49.404384" lon="20.613102">
      <ele>919</ele>
      <time>2026-05-07T14:14:35Z</time>
    </trkpt>
    <trkpt lat="49.404324" lon="20.613126">
      <ele>918</ele>
      <time>2026-05-07T14:14:42Z</time>
    </trkpt>
    <trkpt lat="49.404256" lon="20.613154">
      <ele>918</ele>
      <time>2026-05-07T14:14:50Z</time>
    </trkpt>
    <trkpt lat="49.404125" lon="20.613176">
      <ele>917</ele>
      <time>2026-05-07T14:15:05Z</time>
    </trkpt>
    <trkpt lat="49.40388" lon="20.613114">
      <ele>919</ele>
      <time>2026-05-07T14:15:32Z</time>
    </trkpt>
    <trkpt lat="49.403678" lon="20.613074">
      <ele>921</ele>
      <time>2026-05-07T14:15:55Z</time>
    </trkpt>
    <trkpt lat="49.403585" lon="20.613071">
      <ele>922</ele>
      <time>2026-05-07T14:16:05Z</time>
    </trkpt>
    <trkpt lat="49.403214" lon="20.613162">
      <ele>927</ele>
      <time>2026-05-07T14:16:47Z</time>
    </trkpt>
    <trkpt lat="49.402931" lon="20.613214">
      <ele>931</ele>
      <time>2026-05-07T14:17:19Z</time>
    </trkpt>
    <trkpt lat="49.402767" lon="20.613187">
      <ele>934</ele>
      <time>2026-05-07T14:17:38Z</time>
    </trkpt>
    <trkpt lat="49.402723" lon="20.613149">
      <ele>934</ele>
      <time>2026-05-07T14:17:43Z</time>
    </trkpt>
    <trkpt lat="49.402674" lon="20.613087">
      <ele>934</ele>
      <time>2026-05-07T14:17:51Z</time>
    </trkpt>
    <trkpt lat="49.402612" lon="20.61305">
      <ele>934</ele>
      <time>2026-05-07T14:17:58Z</time>
    </trkpt>
    <trkpt lat="49.40258" lon="20.612999">
      <ele>934</ele>
      <time>2026-05-07T14:18:03Z</time>
    </trkpt>
    <trkpt lat="49.402563" lon="20.612846">
      <ele>934</ele>
      <time>2026-05-07T14:18:14Z</time>
    </trkpt>
    <trkpt lat="49.402578" lon="20.612715">
      <ele>933</ele>
      <time>2026-05-07T14:18:24Z</time>
    </trkpt>
    <trkpt lat="49.4026" lon="20.612492">
      <ele>931</ele>
      <time>2026-05-07T14:18:40Z</time>
    </trkpt>
    <trkpt lat="49.402596" lon="20.611871">
      <ele>931</ele>
      <time>2026-05-07T14:19:25Z</time>
    </trkpt>
    <trkpt lat="49.402554" lon="20.611315">
      <ele>930</ele>
      <time>2026-05-07T14:20:06Z</time>
    </trkpt>
    <trkpt lat="49.402472" lon="20.610807">
      <ele>928</ele>
      <time>2026-05-07T14:20:44Z</time>
    </trkpt>
    <trkpt lat="49.402449" lon="20.610641">
      <ele>926</ele>
      <time>2026-05-07T14:20:56Z</time>
    </trkpt>
    <trkpt lat="49.402467" lon="20.610368">
      <ele>925</ele>
      <time>2026-05-07T14:21:16Z</time>
    </trkpt>
    <trkpt lat="49.402524" lon="20.610008">
      <ele>923</ele>
      <time>2026-05-07T14:21:43Z</time>
    </trkpt>
    <trkpt lat="49.402537" lon="20.609858">
      <ele>922</ele>
      <time>2026-05-07T14:21:54Z</time>
    </trkpt>
    <trkpt lat="49.40254" lon="20.609727">
      <ele>922</ele>
      <time>2026-05-07T14:22:03Z</time>
    </trkpt>
    <trkpt lat="49.402482" lon="20.609393">
      <ele>922</ele>
      <time>2026-05-07T14:22:28Z</time>
    </trkpt>
    <trkpt lat="49.402352" lon="20.608738">
      <ele>915</ele>
      <time>2026-05-07T14:23:18Z</time>
    </trkpt>
    <trkpt lat="49.402309" lon="20.608588">
      <ele>914</ele>
      <time>2026-05-07T14:23:30Z</time>
    </trkpt>
    <trkpt lat="49.402232" lon="20.60844">
      <ele>912</ele>
      <time>2026-05-07T14:23:44Z</time>
    </trkpt>
    <trkpt lat="49.402125" lon="20.608243">
      <ele>909</ele>
      <time>2026-05-07T14:24:03Z</time>
    </trkpt>
    <trkpt lat="49.401926" lon="20.60787">
      <ele>909</ele>
      <time>2026-05-07T14:24:37Z</time>
    </trkpt>
    <trkpt lat="49.401852" lon="20.607685">
      <ele>910</ele>
      <time>2026-05-07T14:24:53Z</time>
    </trkpt>
    <trkpt lat="49.401816" lon="20.60739">
      <ele>911</ele>
      <time>2026-05-07T14:25:15Z</time>
    </trkpt>
    <trkpt lat="49.401696" lon="20.606846">
      <ele>918</ele>
      <time>2026-05-07T14:25:57Z</time>
    </trkpt>
    <trkpt lat="49.401646" lon="20.606615">
      <ele>920</ele>
      <time>2026-05-07T14:26:15Z</time>
    </trkpt>
    <trkpt lat="49.401537" lon="20.606196">
      <ele>923</ele>
      <time>2026-05-07T14:26:47Z</time>
    </trkpt>
    <trkpt lat="49.401501" lon="20.606044">
      <ele>924</ele>
      <time>2026-05-07T14:26:59Z</time>
    </trkpt>
    <trkpt lat="49.401364" lon="20.605875">
      <ele>926</ele>
      <time>2026-05-07T14:27:19Z</time>
    </trkpt>
    <trkpt lat="49.401269" lon="20.605813">
      <ele>925</ele>
      <time>2026-05-07T14:27:30Z</time>
    </trkpt>
    <trkpt lat="49.40119" lon="20.605809">
      <ele>925</ele>
      <time>2026-05-07T14:27:39Z</time>
    </trkpt>
    <trkpt lat="49.401039" lon="20.605819">
      <ele>923</ele>
      <time>2026-05-07T14:27:56Z</time>
    </trkpt>
    <trkpt lat="49.400625" lon="20.60596">
      <ele>919</ele>
      <time>2026-05-07T14:28:43Z</time>
    </trkpt>
    <trkpt lat="49.400177" lon="20.605942">
      <ele>913</ele>
      <time>2026-05-07T14:29:33Z</time>
    </trkpt>
    <trkpt lat="49.399947" lon="20.605894">
      <ele>909</ele>
      <time>2026-05-07T14:29:59Z</time>
    </trkpt>
    <trkpt lat="49.399822" lon="20.605796">
      <ele>907</ele>
      <time>2026-05-07T14:30:15Z</time>
    </trkpt>
    <trkpt lat="49.399699" lon="20.605653">
      <ele>905</ele>
      <time>2026-05-07T14:30:32Z</time>
    </trkpt>
    <trkpt lat="49.399488" lon="20.605406">
      <ele>900</ele>
      <time>2026-05-07T14:31:02Z</time>
    </trkpt>
    <trkpt lat="49.399255" lon="20.605267">
      <ele>898</ele>
      <time>2026-05-07T14:31:30Z</time>
    </trkpt>
    <trkpt lat="49.398885" lon="20.604995">
      <ele>892</ele>
      <time>2026-05-07T14:32:16Z</time>
    </trkpt>
    <trkpt lat="49.398659" lon="20.60488">
      <ele>888</ele>
      <time>2026-05-07T14:32:43Z</time>
    </trkpt>
    <trkpt lat="49.398607" lon="20.604826">
      <ele>887</ele>
      <time>2026-05-07T14:32:50Z</time>
    </trkpt>
    <trkpt lat="49.398311" lon="20.604403">
      <ele>882</ele>
      <time>2026-05-07T14:33:35Z</time>
    </trkpt>
    <trkpt lat="49.398118" lon="20.603976">
      <ele>881</ele>
      <time>2026-05-07T14:34:13Z</time>
    </trkpt>
    <trkpt lat="49.39795" lon="20.603673">
      <ele>880</ele>
      <time>2026-05-07T14:34:41Z</time>
    </trkpt>
    <trkpt lat="49.397757" lon="20.603386">
      <ele>878</ele>
      <time>2026-05-07T14:35:11Z</time>
    </trkpt>
    <trkpt lat="49.397314" lon="20.602897">
      <ele>876</ele>
      <time>2026-05-07T14:36:12Z</time>
    </trkpt>
    <trkpt lat="49.397197" lon="20.602792">
      <ele>875</ele>
      <time>2026-05-07T14:36:27Z</time>
    </trkpt>
    <trkpt lat="49.396645" lon="20.60245">
      <ele>869</ele>
      <time>2026-05-07T14:37:33Z</time>
    </trkpt>
    <trkpt lat="49.396415" lon="20.602312">
      <ele>869</ele>
      <time>2026-05-07T14:38:01Z</time>
    </trkpt>
    <trkpt lat="49.395988" lon="20.602191">
      <ele>870</ele>
      <time>2026-05-07T14:38:49Z</time>
    </trkpt>
    <trkpt lat="49.395842" lon="20.602061">
      <ele>869</ele>
      <time>2026-05-07T14:39:08Z</time>
    </trkpt>
    <trkpt lat="49.395443" lon="20.601595">
      <ele>863</ele>
      <time>2026-05-07T14:40:04Z</time>
    </trkpt>
    <trkpt lat="49.394992" lon="20.60113">
      <ele>854</ele>
      <time>2026-05-07T14:41:05Z</time>
    </trkpt>
    <trkpt lat="49.394954" lon="20.601095">
      <ele>854</ele>
      <time>2026-05-07T14:41:10Z</time>
    </trkpt>
    <trkpt lat="49.394748" lon="20.600972">
      <ele>857</ele>
      <time>2026-05-07T14:41:34Z</time>
    </trkpt>
    <trkpt lat="49.394668" lon="20.600932">
      <ele>858</ele>
      <time>2026-05-07T14:41:44Z</time>
    </trkpt>
    <trkpt lat="49.394544" lon="20.600894">
      <ele>860</ele>
      <time>2026-05-07T14:41:58Z</time>
    </trkpt>
    <trkpt lat="49.394403" lon="20.600854">
      <ele>862</ele>
      <time>2026-05-07T14:42:14Z</time>
    </trkpt>
    <trkpt lat="49.394175" lon="20.600865">
      <ele>853</ele>
      <time>2026-05-07T14:42:41Z</time>
    </trkpt>
    <trkpt lat="49.39398" lon="20.600902">
      <ele>845</ele>
      <time>2026-05-07T14:43:04Z</time>
    </trkpt>
    <trkpt lat="49.393674" lon="20.601023">
      <ele>835</ele>
      <time>2026-05-07T14:43:41Z</time>
    </trkpt>
    <trkpt lat="49.39317" lon="20.601174">
      <ele>826</ele>
      <time>2026-05-07T14:44:38Z</time>
    </trkpt>
    <trkpt lat="49.392859" lon="20.601279">
      <ele>823</ele>
      <time>2026-05-07T14:45:14Z</time>
    </trkpt>
    <trkpt lat="49.392232" lon="20.601511">
      <ele>819</ele>
      <time>2026-05-07T14:46:28Z</time>
    </trkpt>
    <trkpt lat="49.39171" lon="20.601677">
      <ele>809</ele>
      <time>2026-05-07T14:47:30Z</time>
    </trkpt>
    <trkpt lat="49.391471" lon="20.601726">
      <ele>807</ele>
      <time>2026-05-07T14:47:58Z</time>
    </trkpt>
    <trkpt lat="49.391182" lon="20.601681">
      <ele>804</ele>
      <time>2026-05-07T14:48:31Z</time>
    </trkpt>
    <trkpt lat="49.391068" lon="20.601618">
      <ele>802</ele>
      <time>2026-05-07T14:48:45Z</time>
    </trkpt>
    <trkpt lat="49.390958" lon="20.601527">
      <ele>801</ele>
      <time>2026-05-07T14:48:59Z</time>
    </trkpt>
    <trkpt lat="49.390841" lon="20.601454">
      <ele>799</ele>
      <time>2026-05-07T14:49:14Z</time>
    </trkpt>
    <trkpt lat="49.3908037" lon="20.6015075">
      <ele>799</ele>
      <time>2026-05-07T14:50:14Z</time>
    </trkpt>
    <trkpt lat="49.390841" lon="20.601454">
      <ele>799</ele>
      <time>2026-05-07T14:51:14Z</time>
    </trkpt>
    <trkpt lat="49.390738" lon="20.601441">
      <ele>799</ele>
      <time>2026-05-07T14:51:29Z</time>
    </trkpt>
    <trkpt lat="49.390563" lon="20.601473">
      <ele>798</ele>
      <time>2026-05-07T14:51:54Z</time>
    </trkpt>
    <trkpt lat="49.39042" lon="20.60146">
      <ele>798</ele>
      <time>2026-05-07T14:52:15Z</time>
    </trkpt>
    <trkpt lat="49.390307" lon="20.601436">
      <ele>798</ele>
      <time>2026-05-07T14:52:31Z</time>
    </trkpt>
    <trkpt lat="49.390123" lon="20.601345">
      <ele>799</ele>
      <time>2026-05-07T14:52:58Z</time>
    </trkpt>
    <trkpt lat="49.389893" lon="20.601233">
      <ele>800</ele>
      <time>2026-05-07T14:53:33Z</time>
    </trkpt>
    <trkpt lat="49.389784" lon="20.601204">
      <ele>801</ele>
      <time>2026-05-07T14:53:49Z</time>
    </trkpt>
    <trkpt lat="49.3895" lon="20.601068">
      <ele>801</ele>
      <time>2026-05-07T14:54:31Z</time>
    </trkpt>
    <trkpt lat="49.389227" lon="20.600906">
      <ele>801</ele>
      <time>2026-05-07T14:55:13Z</time>
    </trkpt>
    <trkpt lat="49.388999" lon="20.600698">
      <ele>804</ele>
      <time>2026-05-07T14:55:51Z</time>
    </trkpt>
    <trkpt lat="49.388843" lon="20.600554">
      <ele>807</ele>
      <time>2026-05-07T14:56:18Z</time>
    </trkpt>
    <trkpt lat="49.388598" lon="20.600345">
      <ele>810</ele>
      <time>2026-05-07T14:56:58Z</time>
    </trkpt>
    <trkpt lat="49.388444" lon="20.600197">
      <ele>811</ele>
      <time>2026-05-07T14:57:24Z</time>
    </trkpt>
    <trkpt lat="49.388334" lon="20.600065">
      <ele>812</ele>
      <time>2026-05-07T14:57:44Z</time>
    </trkpt>
    <trkpt lat="49.388093" lon="20.599711">
      <ele>821</ele>
      <time>2026-05-07T14:58:33Z</time>
    </trkpt>
    <trkpt lat="49.388009" lon="20.59947">
      <ele>827</ele>
      <time>2026-05-07T14:59:00Z</time>
    </trkpt>
    <trkpt lat="49.38781" lon="20.598992">
      <ele>838</ele>
      <time>2026-05-07T14:59:54Z</time>
    </trkpt>
    <trkpt lat="49.387562" lon="20.598606">
      <ele>849</ele>
      <time>2026-05-07T15:00:47Z</time>
    </trkpt>
    <trkpt lat="49.387398" lon="20.598356">
      <ele>854</ele>
      <time>2026-05-07T15:01:21Z</time>
    </trkpt>
    <trkpt lat="49.387297" lon="20.598182">
      <ele>859</ele>
      <time>2026-05-07T15:01:43Z</time>
    </trkpt>
    <trkpt lat="49.387251" lon="20.598054">
      <ele>861</ele>
      <time>2026-05-07T15:01:57Z</time>
    </trkpt>
    <trkpt lat="49.387181" lon="20.597976">
      <ele>863</ele>
      <time>2026-05-07T15:02:09Z</time>
    </trkpt>
    <trkpt lat="49.387077" lon="20.597917">
      <ele>866</ele>
      <time>2026-05-07T15:02:26Z</time>
    </trkpt>
    <trkpt lat="49.386954" lon="20.597871">
      <ele>869</ele>
      <time>2026-05-07T15:02:44Z</time>
    </trkpt>
    <trkpt lat="49.386656" lon="20.597817">
      <ele>878</ele>
      <time>2026-05-07T15:03:29Z</time>
    </trkpt>
    <trkpt lat="49.38646" lon="20.597608">
      <ele>885</ele>
      <time>2026-05-07T15:04:04Z</time>
    </trkpt>
    <trkpt lat="49.386282" lon="20.597319">
      <ele>890</ele>
      <time>2026-05-07T15:04:42Z</time>
    </trkpt>
    <trkpt lat="49.385706" lon="20.596337">
      <ele>906</ele>
      <time>2026-05-07T15:06:47Z</time>
    </trkpt>
    <trkpt lat="49.385517" lon="20.59613">
      <ele>910</ele>
      <time>2026-05-07T15:07:20Z</time>
    </trkpt>
    <trkpt lat="49.385374" lon="20.595817">
      <ele>915</ele>
      <time>2026-05-07T15:07:56Z</time>
    </trkpt>
    <trkpt lat="49.385289" lon="20.595522">
      <ele>918</ele>
      <time>2026-05-07T15:08:27Z</time>
    </trkpt>
    <trkpt lat="49.384857" lon="20.594837">
      <ele>920</ele>
      <time>2026-05-07T15:09:56Z</time>
    </trkpt>
    <trkpt lat="49.3848" lon="20.594738">
      <ele>921</ele>
      <time>2026-05-07T15:10:08Z</time>
    </trkpt>
    <trkpt lat="49.384655" lon="20.59447">
      <ele>922</ele>
      <time>2026-05-07T15:10:40Z</time>
    </trkpt>
    <trkpt lat="49.38408" lon="20.593631">
      <ele>937</ele>
      <time>2026-05-07T15:12:35Z</time>
    </trkpt>
    <trkpt lat="49.383971" lon="20.593481">
      <ele>939</ele>
      <time>2026-05-07T15:12:56Z</time>
    </trkpt>
    <trkpt lat="49.383939" lon="20.593379">
      <ele>940</ele>
      <time>2026-05-07T15:13:07Z</time>
    </trkpt>
    <trkpt lat="49.38392" lon="20.593282">
      <ele>941</ele>
      <time>2026-05-07T15:13:17Z</time>
    </trkpt>
    <trkpt lat="49.383911" lon="20.593156">
      <ele>943</ele>
      <time>2026-05-07T15:13:29Z</time>
    </trkpt>
    <trkpt lat="49.383929" lon="20.592995">
      <ele>945</ele>
      <time>2026-05-07T15:13:44Z</time>
    </trkpt>
    <trkpt lat="49.383969" lon="20.592518">
      <ele>948</ele>
      <time>2026-05-07T15:14:29Z</time>
    </trkpt>
    <trkpt lat="49.384016" lon="20.592196">
      <ele>948</ele>
      <time>2026-05-07T15:15:00Z</time>
    </trkpt>
    <trkpt lat="49.384062" lon="20.591946">
      <ele>946</ele>
      <time>2026-05-07T15:15:24Z</time>
    </trkpt>
    <trkpt lat="49.384115" lon="20.59174">
      <ele>944</ele>
      <time>2026-05-07T15:15:45Z</time>
    </trkpt>
    <trkpt lat="49.384259" lon="20.591375">
      <ele>942</ele>
      <time>2026-05-07T15:16:25Z</time>
    </trkpt>
    <trkpt lat="49.384358" lon="20.591053">
      <ele>940</ele>
      <time>2026-05-07T15:16:58Z</time>
    </trkpt>
    <trkpt lat="49.384524" lon="20.590458">
      <ele>944</ele>
      <time>2026-05-07T15:17:58Z</time>
    </trkpt>
    <trkpt lat="49.384543" lon="20.590312">
      <ele>945</ele>
      <time>2026-05-07T15:18:12Z</time>
    </trkpt>
    <trkpt lat="49.3847" lon="20.58969">
      <ele>946</ele>
      <time>2026-05-07T15:19:15Z</time>
    </trkpt>
    <trkpt lat="49.384842" lon="20.589186">
      <ele>944</ele>
      <time>2026-05-07T15:20:06Z</time>
    </trkpt>
    <trkpt lat="49.384898" lon="20.588969">
      <ele>943</ele>
      <time>2026-05-07T15:20:28Z</time>
    </trkpt>
    <trkpt lat="49.384929" lon="20.588821">
      <ele>942</ele>
      <time>2026-05-07T15:20:42Z</time>
    </trkpt>
    <trkpt lat="49.385034" lon="20.588594">
      <ele>941</ele>
      <time>2026-05-07T15:21:08Z</time>
    </trkpt>
    <trkpt lat="49.385273" lon="20.587931">
      <ele>940</ele>
      <time>2026-05-07T15:22:19Z</time>
    </trkpt>
    <trkpt lat="49.385394" lon="20.58748">
      <ele>942</ele>
      <time>2026-05-07T15:23:04Z</time>
    </trkpt>
    <trkpt lat="49.385563" lon="20.586863">
      <ele>947</ele>
      <time>2026-05-07T15:24:07Z</time>
    </trkpt>
    <trkpt lat="49.385606" lon="20.586673">
      <ele>948</ele>
      <time>2026-05-07T15:24:26Z</time>
    </trkpt>
    <trkpt lat="49.38561" lon="20.586389">
      <ele>949</ele>
      <time>2026-05-07T15:24:52Z</time>
    </trkpt>
    <trkpt lat="49.385545" lon="20.586045">
      <ele>952</ele>
      <time>2026-05-07T15:25:26Z</time>
    </trkpt>
    <trkpt lat="49.38553" lon="20.585855">
      <ele>953</ele>
      <time>2026-05-07T15:25:43Z</time>
    </trkpt>
    <trkpt lat="49.385528" lon="20.585608">
      <ele>954</ele>
      <time>2026-05-07T15:26:06Z</time>
    </trkpt>
    <trkpt lat="49.385484" lon="20.585445">
      <ele>954</ele>
      <time>2026-05-07T15:26:23Z</time>
    </trkpt>
    <trkpt lat="49.385416" lon="20.585198">
      <ele>955</ele>
      <time>2026-05-07T15:26:48Z</time>
    </trkpt>
    <trkpt lat="49.385298" lon="20.585026">
      <ele>953</ele>
      <time>2026-05-07T15:27:11Z</time>
    </trkpt>
    <trkpt lat="49.385158" lon="20.584782">
      <ele>952</ele>
      <time>2026-05-07T15:27:42Z</time>
    </trkpt>
    <trkpt lat="49.385058" lon="20.584516">
      <ele>950</ele>
      <time>2026-05-07T15:28:10Z</time>
    </trkpt>
    <trkpt lat="49.384872" lon="20.583902">
      <ele>946</ele>
      <time>2026-05-07T15:29:14Z</time>
    </trkpt>
    <trkpt lat="49.384798" lon="20.583674">
      <ele>945</ele>
      <time>2026-05-07T15:29:37Z</time>
    </trkpt>
    <trkpt lat="49.384665" lon="20.583436">
      <ele>945</ele>
      <time>2026-05-07T15:30:07Z</time>
    </trkpt>
    <trkpt lat="49.384437" lon="20.582813">
      <ele>945</ele>
      <time>2026-05-07T15:31:13Z</time>
    </trkpt>
    <trkpt lat="49.384316" lon="20.582521">
      <ele>945</ele>
      <time>2026-05-07T15:31:45Z</time>
    </trkpt>
    <trkpt lat="49.384147" lon="20.582068">
      <ele>943</ele>
      <time>2026-05-07T15:32:34Z</time>
    </trkpt>
    <trkpt lat="49.384087" lon="20.581888">
      <ele>943</ele>
      <time>2026-05-07T15:32:53Z</time>
    </trkpt>
    <trkpt lat="49.383932" lon="20.581561">
      <ele>943</ele>
      <time>2026-05-07T15:33:30Z</time>
    </trkpt>
    <trkpt lat="49.383806" lon="20.581389">
      <ele>943</ele>
      <time>2026-05-07T15:33:55Z</time>
    </trkpt>
    <trkpt lat="49.383667" lon="20.58125">
      <ele>945</ele>
      <time>2026-05-07T15:34:18Z</time>
    </trkpt>
    <trkpt lat="49.383592" lon="20.581107">
      <ele>946</ele>
      <time>2026-05-07T15:34:36Z</time>
    </trkpt>
    <trkpt lat="49.383504" lon="20.580936">
      <ele>948</ele>
      <time>2026-05-07T15:34:56Z</time>
    </trkpt>
    <trkpt lat="49.383375" lon="20.580756">
      <ele>949</ele>
      <time>2026-05-07T15:35:21Z</time>
    </trkpt>
    <trkpt lat="49.38323" lon="20.580541">
      <ele>949</ele>
      <time>2026-05-07T15:35:50Z</time>
    </trkpt>
    <trkpt lat="49.383097" lon="20.580372">
      <ele>949</ele>
      <time>2026-05-07T15:36:15Z</time>
    </trkpt>
    <trkpt lat="49.383041" lon="20.580246">
      <ele>949</ele>
      <time>2026-05-07T15:36:29Z</time>
    </trkpt>
    <trkpt lat="49.383012" lon="20.580144">
      <ele>949</ele>
      <time>2026-05-07T15:36:39Z</time>
    </trkpt>
    <trkpt lat="49.382961" lon="20.580032">
      <ele>948</ele>
      <time>2026-05-07T15:36:52Z</time>
    </trkpt>
    <trkpt lat="49.382921" lon="20.579978">
      <ele>948</ele>
      <time>2026-05-07T15:36:59Z</time>
    </trkpt>
    <trkpt lat="49.382628" lon="20.579919">
      <ele>944</ele>
      <time>2026-05-07T15:37:42Z</time>
    </trkpt>
    <trkpt lat="49.382418" lon="20.579867">
      <ele>941</ele>
      <time>2026-05-07T15:38:13Z</time>
    </trkpt>
    <trkpt lat="49.381968" lon="20.57971">
      <ele>931</ele>
      <time>2026-05-07T15:39:20Z</time>
    </trkpt>
    <trkpt lat="49.381795" lon="20.57964">
      <ele>926</ele>
      <time>2026-05-07T15:39:46Z</time>
    </trkpt>
    <trkpt lat="49.381472" lon="20.579292">
      <ele>913</ele>
      <time>2026-05-07T15:40:45Z</time>
    </trkpt>
    <trkpt lat="49.381309" lon="20.579069">
      <ele>909</ele>
      <time>2026-05-07T15:41:17Z</time>
    </trkpt>
    <trkpt lat="49.38104" lon="20.578782">
      <ele>907</ele>
      <time>2026-05-07T15:42:04Z</time>
    </trkpt>
    <trkpt lat="49.38051" lon="20.578195">
      <ele>906</ele>
      <time>2026-05-07T15:43:37Z</time>
    </trkpt>
    <trkpt lat="49.380164" lon="20.577931">
      <ele>907</ele>
      <time>2026-05-07T15:44:33Z</time>
    </trkpt>
    <trkpt lat="49.379696" lon="20.57761">
      <ele>911</ele>
      <time>2026-05-07T15:45:46Z</time>
    </trkpt>
    <trkpt lat="49.379641" lon="20.577562">
      <ele>911</ele>
      <time>2026-05-07T15:45:55Z</time>
    </trkpt>
    <trkpt lat="49.379371" lon="20.577331">
      <ele>915</ele>
      <time>2026-05-07T15:46:40Z</time>
    </trkpt>
    <trkpt lat="49.378955" lon="20.576934">
      <ele>920</ele>
      <time>2026-05-07T15:47:50Z</time>
    </trkpt>
    <trkpt lat="49.378596" lon="20.576834">
      <ele>925</ele>
      <time>2026-05-07T15:48:43Z</time>
    </trkpt>
    <trkpt lat="49.378061" lon="20.57666">
      <ele>946</ele>
      <time>2026-05-07T15:50:05Z</time>
    </trkpt>
    <trkpt lat="49.377655" lon="20.57647">
      <ele>965</ele>
      <time>2026-05-07T15:51:11Z</time>
    </trkpt>
    <trkpt lat="49.377555" lon="20.576435">
      <ele>968</ele>
      <time>2026-05-07T15:51:26Z</time>
    </trkpt>
    <trkpt lat="49.377421" lon="20.576317">
      <ele>971</ele>
      <time>2026-05-07T15:51:48Z</time>
    </trkpt>
    <trkpt lat="49.377324" lon="20.576191">
      <ele>973</ele>
      <time>2026-05-07T15:52:07Z</time>
    </trkpt>
    <trkpt lat="49.377272" lon="20.576041">
      <ele>973</ele>
      <time>2026-05-07T15:52:22Z</time>
    </trkpt>
    <trkpt lat="49.377185" lon="20.575955">
      <ele>975</ele>
      <time>2026-05-07T15:52:37Z</time>
    </trkpt>
    <trkpt lat="49.377115" lon="20.575834">
      <ele>975</ele>
      <time>2026-05-07T15:52:52Z</time>
    </trkpt>
    <trkpt lat="49.37698" lon="20.575528">
      <ele>975</ele>
      <time>2026-05-07T15:53:27Z</time>
    </trkpt>
    <trkpt lat="49.376877" lon="20.575144">
      <ele>978</ele>
      <time>2026-05-07T15:54:06Z</time>
    </trkpt>
    <trkpt lat="49.376842" lon="20.574748">
      <ele>982</ele>
      <time>2026-05-07T15:54:43Z</time>
    </trkpt>
    <trkpt lat="49.376842" lon="20.574321">
      <ele>986</ele>
      <time>2026-05-07T15:55:23Z</time>
    </trkpt>
    <trkpt lat="49.376839" lon="20.574206">
      <ele>987</ele>
      <time>2026-05-07T15:55:34Z</time>
    </trkpt>
    <trkpt lat="49.376879" lon="20.573951">
      <ele>988</ele>
      <time>2026-05-07T15:55:59Z</time>
    </trkpt>
    <trkpt lat="49.376888" lon="20.573734">
      <ele>990</ele>
      <time>2026-05-07T15:56:19Z</time>
    </trkpt>
    <trkpt lat="49.376968" lon="20.573514">
      <ele>989</ele>
      <time>2026-05-07T15:56:42Z</time>
    </trkpt>
    <trkpt lat="49.376987" lon="20.573358">
      <ele>990</ele>
      <time>2026-05-07T15:56:57Z</time>
    </trkpt>
    <trkpt lat="49.377017" lon="20.573176">
      <ele>990</ele>
      <time>2026-05-07T15:57:15Z</time>
    </trkpt>
    <trkpt lat="49.377073" lon="20.573015">
      <ele>990</ele>
      <time>2026-05-07T15:57:32Z</time>
    </trkpt>
    <trkpt lat="49.377165" lon="20.572838">
      <ele>991</ele>
      <time>2026-05-07T15:57:53Z</time>
    </trkpt>
    <trkpt lat="49.37726" lon="20.572747">
      <ele>989</ele>
      <time>2026-05-07T15:58:09Z</time>
    </trkpt>
    <trkpt lat="49.37734" lon="20.572645">
      <ele>985</ele>
      <time>2026-05-07T15:58:24Z</time>
    </trkpt>
    <trkpt lat="49.377427" lon="20.572433">
      <ele>982</ele>
      <time>2026-05-07T15:58:48Z</time>
    </trkpt>
    <trkpt lat="49.377445" lon="20.572253">
      <ele>982</ele>
      <time>2026-05-07T15:59:05Z</time>
    </trkpt>
    <trkpt lat="49.377511" lon="20.57209">
      <ele>979</ele>
      <time>2026-05-07T15:59:23Z</time>
    </trkpt>
    <trkpt lat="49.377523" lon="20.572001">
      <ele>979</ele>
      <time>2026-05-07T15:59:32Z</time>
    </trkpt>
    <trkpt lat="49.377597" lon="20.571768">
      <ele>977</ele>
      <time>2026-05-07T15:59:56Z</time>
    </trkpt>
    <trkpt lat="49.377618" lon="20.571549">
      <ele>978</ele>
      <time>2026-05-07T16:00:17Z</time>
    </trkpt>
    <trkpt lat="49.377637" lon="20.571379">
      <ele>978</ele>
      <time>2026-05-07T16:00:33Z</time>
    </trkpt>
    <trkpt lat="49.377618" lon="20.571248">
      <ele>980</ele>
      <time>2026-05-07T16:00:45Z</time>
    </trkpt>
    <trkpt lat="49.37762" lon="20.571162">
      <ele>980</ele>
      <time>2026-05-07T16:00:54Z</time>
    </trkpt>
    <trkpt lat="49.377649" lon="20.57106">
      <ele>979</ele>
      <time>2026-05-07T16:01:04Z</time>
    </trkpt>
    <trkpt lat="49.37766" lon="20.570923">
      <ele>979</ele>
      <time>2026-05-07T16:01:17Z</time>
    </trkpt>
    <trkpt lat="49.377691" lon="20.570811">
      <ele>978</ele>
      <time>2026-05-07T16:01:28Z</time>
    </trkpt>
    <trkpt lat="49.377709" lon="20.570746">
      <ele>978</ele>
      <time>2026-05-07T16:01:35Z</time>
    </trkpt>
    <trkpt lat="49.37775" lon="20.570633">
      <ele>977</ele>
      <time>2026-05-07T16:01:47Z</time>
    </trkpt>
    <trkpt lat="49.37775" lon="20.570548">
      <ele>978</ele>
      <time>2026-05-07T16:01:55Z</time>
    </trkpt>
    <trkpt lat="49.377791" lon="20.570475">
      <ele>977</ele>
      <time>2026-05-07T16:02:04Z</time>
    </trkpt>
    <trkpt lat="49.377806" lon="20.570362">
      <ele>978</ele>
      <time>2026-05-07T16:02:15Z</time>
    </trkpt>
    <trkpt lat="49.377834" lon="20.570261">
      <ele>977</ele>
      <time>2026-05-07T16:02:25Z</time>
    </trkpt>
    <trkpt lat="49.377941" lon="20.569987">
      <ele>976</ele>
      <time>2026-05-07T16:02:55Z</time>
    </trkpt>
    <trkpt lat="49.377958" lon="20.56985">
      <ele>975</ele>
      <time>2026-05-07T16:03:08Z</time>
    </trkpt>
    <trkpt lat="49.377993" lon="20.569724">
      <ele>974</ele>
      <time>2026-05-07T16:03:20Z</time>
    </trkpt>
    <trkpt lat="49.378142" lon="20.569432">
      <ele>971</ele>
      <time>2026-05-07T16:03:55Z</time>
    </trkpt>
    <trkpt lat="49.378199" lon="20.569292">
      <ele>970</ele>
      <time>2026-05-07T16:04:11Z</time>
    </trkpt>
    <trkpt lat="49.378295" lon="20.56915">
      <ele>969</ele>
      <time>2026-05-07T16:04:30Z</time>
    </trkpt>
    <trkpt lat="49.378459" lon="20.569016">
      <ele>966</ele>
      <time>2026-05-07T16:04:57Z</time>
    </trkpt>
    <trkpt lat="49.378575" lon="20.568748">
      <ele>963</ele>
      <time>2026-05-07T16:05:27Z</time>
    </trkpt>
    <trkpt lat="49.378622" lon="20.568555">
      <ele>961</ele>
      <time>2026-05-07T16:05:46Z</time>
    </trkpt>
    <trkpt lat="49.378721" lon="20.568115">
      <ele>951</ele>
      <time>2026-05-07T16:06:31Z</time>
    </trkpt>
    <trkpt lat="49.378837" lon="20.56775">
      <ele>944</ele>
      <time>2026-05-07T16:07:10Z</time>
    </trkpt>
    <trkpt lat="49.378941" lon="20.567495">
      <ele>943</ele>
      <time>2026-05-07T16:07:38Z</time>
    </trkpt>
    <trkpt lat="49.378976" lon="20.56731">
      <ele>942</ele>
      <time>2026-05-07T16:07:56Z</time>
    </trkpt>
    <trkpt lat="49.378973" lon="20.566913">
      <ele>943</ele>
      <time>2026-05-07T16:08:33Z</time>
    </trkpt>
    <trkpt lat="49.379018" lon="20.566484">
      <ele>941</ele>
      <time>2026-05-07T16:09:14Z</time>
    </trkpt>
    <trkpt lat="49.37902" lon="20.566076">
      <ele>941</ele>
      <time>2026-05-07T16:09:52Z</time>
    </trkpt>
    <trkpt lat="49.379064" lon="20.565776">
      <ele>941</ele>
      <time>2026-05-07T16:10:20Z</time>
    </trkpt>
    <trkpt lat="49.379119" lon="20.565556">
      <ele>942</ele>
      <time>2026-05-07T16:10:42Z</time>
    </trkpt>
    <trkpt lat="49.37943" lon="20.563336">
      <ele>939</ele>
      <time>2026-05-07T16:14:14Z</time>
    </trkpt>
    <trkpt lat="49.379448" lon="20.563131">
      <ele>940</ele>
      <time>2026-05-07T16:14:33Z</time>
    </trkpt>
    <trkpt lat="49.379416" lon="20.562783">
      <ele>940</ele>
      <time>2026-05-07T16:15:06Z</time>
    </trkpt>
    <trkpt lat="49.379369" lon="20.56244">
      <ele>940</ele>
      <time>2026-05-07T16:15:39Z</time>
    </trkpt>
    <trkpt lat="49.379285" lon="20.562217">
      <ele>941</ele>
      <time>2026-05-07T16:16:03Z</time>
    </trkpt>
    <trkpt lat="49.379176" lon="20.56204">
      <ele>942</ele>
      <time>2026-05-07T16:16:25Z</time>
    </trkpt>
    <trkpt lat="49.379163" lon="20.56182">
      <ele>943</ele>
      <time>2026-05-07T16:16:46Z</time>
    </trkpt>
    <trkpt lat="49.37913" lon="20.561715">
      <ele>943</ele>
      <time>2026-05-07T16:16:57Z</time>
    </trkpt>
    <trkpt lat="49.379123" lon="20.561531">
      <ele>943</ele>
      <time>2026-05-07T16:17:14Z</time>
    </trkpt>
    <trkpt lat="49.379131" lon="20.56135">
      <ele>943</ele>
      <time>2026-05-07T16:17:29Z</time>
    </trkpt>
    <trkpt lat="49.379142" lon="20.561176">
      <ele>942</ele>
      <time>2026-05-07T16:17:44Z</time>
    </trkpt>
    <trkpt lat="49.379145" lon="20.561067">
      <ele>943</ele>
      <time>2026-05-07T16:17:53Z</time>
    </trkpt>
    <trkpt lat="49.379113" lon="20.560831">
      <ele>944</ele>
      <time>2026-05-07T16:18:13Z</time>
    </trkpt>
    <trkpt lat="49.379074" lon="20.560724">
      <ele>943</ele>
      <time>2026-05-07T16:18:23Z</time>
    </trkpt>
    <trkpt lat="49.379061" lon="20.560634">
      <ele>943</ele>
      <time>2026-05-07T16:18:31Z</time>
    </trkpt>
    <trkpt lat="49.379062" lon="20.560551">
      <ele>942</ele>
      <time>2026-05-07T16:18:38Z</time>
    </trkpt>
    <trkpt lat="49.379055" lon="20.560468">
      <ele>941</ele>
      <time>2026-05-07T16:18:45Z</time>
    </trkpt>
    <trkpt lat="49.379013" lon="20.560328">
      <ele>941</ele>
      <time>2026-05-07T16:18:58Z</time>
    </trkpt>
    <trkpt lat="49.379032" lon="20.56004">
      <ele>934</ele>
      <time>2026-05-07T16:19:23Z</time>
    </trkpt>
    <trkpt lat="49.379013" lon="20.559835">
      <ele>932</ele>
      <time>2026-05-07T16:19:40Z</time>
    </trkpt>
    <trkpt lat="49.378997" lon="20.559721">
      <ele>931</ele>
      <time>2026-05-07T16:19:50Z</time>
    </trkpt>
    <trkpt lat="49.378943" lon="20.559589">
      <ele>934</ele>
      <time>2026-05-07T16:20:04Z</time>
    </trkpt>
    <trkpt lat="49.378918" lon="20.559321">
      <ele>937</ele>
      <time>2026-05-07T16:20:26Z</time>
    </trkpt>
    <trkpt lat="49.37892" lon="20.559241">
      <ele>938</ele>
      <time>2026-05-07T16:20:33Z</time>
    </trkpt>
    <trkpt lat="49.378903" lon="20.559149">
      <ele>940</ele>
      <time>2026-05-07T16:20:41Z</time>
    </trkpt>
    <trkpt lat="49.378908" lon="20.559086">
      <ele>940</ele>
      <time>2026-05-07T16:20:47Z</time>
    </trkpt>
    <trkpt lat="49.378935" lon="20.558876">
      <ele>940</ele>
      <time>2026-05-07T16:21:05Z</time>
    </trkpt>
    <trkpt lat="49.378956" lon="20.558766">
      <ele>941</ele>
      <time>2026-05-07T16:21:14Z</time>
    </trkpt>
    <trkpt lat="49.378996" lon="20.558685">
      <ele>940</ele>
      <time>2026-05-07T16:21:23Z</time>
    </trkpt>
    <trkpt lat="49.379024" lon="20.558608">
      <ele>940</ele>
      <time>2026-05-07T16:21:30Z</time>
    </trkpt>
    <trkpt lat="49.379049" lon="20.558482">
      <ele>941</ele>
      <time>2026-05-07T16:21:41Z</time>
    </trkpt>
    <trkpt lat="49.379101" lon="20.558362">
      <ele>940</ele>
      <time>2026-05-07T16:21:53Z</time>
    </trkpt>
    <trkpt lat="49.379185" lon="20.558157">
      <ele>939</ele>
      <time>2026-05-07T16:22:13Z</time>
    </trkpt>
    <trkpt lat="49.379326" lon="20.557963">
      <ele>940</ele>
      <time>2026-05-07T16:22:38Z</time>
    </trkpt>
    <trkpt lat="49.379411" lon="20.55789">
      <ele>941</ele>
      <time>2026-05-07T16:22:50Z</time>
    </trkpt>
    <trkpt lat="49.379495" lon="20.557783">
      <ele>946</ele>
      <time>2026-05-07T16:23:05Z</time>
    </trkpt>
    <trkpt lat="49.379607" lon="20.557633">
      <ele>955</ele>
      <time>2026-05-07T16:23:27Z</time>
    </trkpt>
    <trkpt lat="49.37974" lon="20.5575">
      <ele>963</ele>
      <time>2026-05-07T16:23:49Z</time>
    </trkpt>
    <trkpt lat="49.379781" lon="20.557479">
      <ele>963</ele>
      <time>2026-05-07T16:23:55Z</time>
    </trkpt>
    <trkpt lat="49.379848" lon="20.557488">
      <ele>962</ele>
      <time>2026-05-07T16:24:03Z</time>
    </trkpt>
    <trkpt lat="49.37993" lon="20.557465">
      <ele>962</ele>
      <time>2026-05-07T16:24:14Z</time>
    </trkpt>
    <trkpt lat="49.380009" lon="20.557464">
      <ele>962</ele>
      <time>2026-05-07T16:24:24Z</time>
    </trkpt>
    <trkpt lat="49.380073" lon="20.557462">
      <ele>961</ele>
      <time>2026-05-07T16:24:33Z</time>
    </trkpt>
    <trkpt lat="49.380118" lon="20.557456">
      <ele>961</ele>
      <time>2026-05-07T16:24:38Z</time>
    </trkpt>
    <trkpt lat="49.380194" lon="20.557472">
      <ele>959</ele>
      <time>2026-05-07T16:24:48Z</time>
    </trkpt>
    <trkpt lat="49.380361" lon="20.557421">
      <ele>958</ele>
      <time>2026-05-07T16:25:10Z</time>
    </trkpt>
    <trkpt lat="49.380529" lon="20.557405">
      <ele>955</ele>
      <time>2026-05-07T16:25:32Z</time>
    </trkpt>
    <trkpt lat="49.380679" lon="20.557314">
      <ele>955</ele>
      <time>2026-05-07T16:25:53Z</time>
    </trkpt>
    <trkpt lat="49.380765" lon="20.557271">
      <ele>954</ele>
      <time>2026-05-07T16:26:04Z</time>
    </trkpt>
    <trkpt lat="49.380827" lon="20.557263">
      <ele>953</ele>
      <time>2026-05-07T16:26:12Z</time>
    </trkpt>
    <trkpt lat="49.380937" lon="20.557238">
      <ele>951</ele>
      <time>2026-05-07T16:26:27Z</time>
    </trkpt>
    <trkpt lat="49.381121" lon="20.557077">
      <ele>951</ele>
      <time>2026-05-07T16:26:54Z</time>
    </trkpt>
    <trkpt lat="49.381269" lon="20.556989">
      <ele>947</ele>
      <time>2026-05-07T16:27:15Z</time>
    </trkpt>
    <trkpt lat="49.38136" lon="20.556922">
      <ele>945</ele>
      <time>2026-05-07T16:27:28Z</time>
    </trkpt>
    <trkpt lat="49.381762" lon="20.556461">
      <ele>941</ele>
      <time>2026-05-07T16:28:33Z</time>
    </trkpt>
    <trkpt lat="49.381957" lon="20.556267">
      <ele>938</ele>
      <time>2026-05-07T16:29:02Z</time>
    </trkpt>
    <trkpt lat="49.382125" lon="20.556018">
      <ele>938</ele>
      <time>2026-05-07T16:29:32Z</time>
    </trkpt>
    <trkpt lat="49.382195" lon="20.55586">
      <ele>938</ele>
      <time>2026-05-07T16:29:48Z</time>
    </trkpt>
    <trkpt lat="49.382257" lon="20.555581">
      <ele>940</ele>
      <time>2026-05-07T16:30:13Z</time>
    </trkpt>
    <trkpt lat="49.382345" lon="20.55535">
      <ele>939</ele>
      <time>2026-05-07T16:30:35Z</time>
    </trkpt>
    <trkpt lat="49.382411" lon="20.555119">
      <ele>938</ele>
      <time>2026-05-07T16:30:56Z</time>
    </trkpt>
    <trkpt lat="49.382481" lon="20.55469">
      <ele>940</ele>
      <time>2026-05-07T16:31:33Z</time>
    </trkpt>
    <trkpt lat="49.382557" lon="20.554442">
      <ele>941</ele>
      <time>2026-05-07T16:31:56Z</time>
    </trkpt>
    <trkpt lat="49.382551" lon="20.554245">
      <ele>947</ele>
      <time>2026-05-07T16:32:14Z</time>
    </trkpt>
    <trkpt lat="49.382334" lon="20.553945">
      <ele>964</ele>
      <time>2026-05-07T16:33:19Z</time>
    </trkpt>
    <trkpt lat="49.382149" lon="20.553725">
      <ele>971</ele>
      <time>2026-05-07T16:34:07Z</time>
    </trkpt>
    <trkpt lat="49.382086" lon="20.553631">
      <ele>972</ele>
      <time>2026-05-07T16:34:24Z</time>
    </trkpt>
    <trkpt lat="49.382046" lon="20.553542">
      <ele>973</ele>
      <time>2026-05-07T16:34:38Z</time>
    </trkpt>
    <trkpt lat="49.382037" lon="20.553381">
      <ele>973</ele>
      <time>2026-05-07T16:34:59Z</time>
    </trkpt>
    <trkpt lat="49.382013" lon="20.553011">
      <ele>972</ele>
      <time>2026-05-07T16:35:47Z</time>
    </trkpt>
    <trkpt lat="49.381992" lon="20.552781">
      <ele>970</ele>
      <time>2026-05-07T16:36:18Z</time>
    </trkpt>
    <trkpt lat="49.381866" lon="20.552398">
      <ele>964</ele>
      <time>2026-05-07T16:37:14Z</time>
    </trkpt>
    <trkpt lat="49.381671" lon="20.552558">
      <ele>966</ele>
      <time>2026-05-07T16:38:20Z</time>
    </trkpt>
    <trkpt lat="49.381487" lon="20.552821">
      <ele>972</ele>
      <time>2026-05-07T16:39:35Z</time>
    </trkpt>
    <trkpt lat="49.38125" lon="20.553464">
      <ele>986</ele>
      <time>2026-05-07T16:42:03Z</time>
    </trkpt>
    <trkpt lat="49.381153" lon="20.553607">
      <ele>989</ele>
      <time>2026-05-07T16:42:44Z</time>
    </trkpt>
    <trkpt lat="49.380991" lon="20.553845">
      <ele>993</ele>
      <time>2026-05-07T16:43:51Z</time>
    </trkpt>
    <trkpt lat="49.380919" lon="20.55395">
      <ele>996</ele>
      <time>2026-05-07T16:44:21Z</time>
    </trkpt>
    <trkpt lat="49.38094" lon="20.554046">
      <ele>999</ele>
      <time>2026-05-07T16:44:43Z</time>
    </trkpt>
    <trkpt lat="49.381033" lon="20.554402">
      <ele>1011</ele>
      <time>2026-05-07T16:46:03Z</time>
    </trkpt>
    <trkpt lat="49.381012" lon="20.554666">
      <ele>1020</ele>
      <time>2026-05-07T16:47:00Z</time>
    </trkpt>
    <trkpt lat="49.380656" lon="20.555074">
      <ele>1039</ele>
      <time>2026-05-07T16:49:21Z</time>
    </trkpt>
    <trkpt lat="49.380572" lon="20.555256">
      <ele>1043</ele>
      <time>2026-05-07T16:50:05Z</time>
    </trkpt>
    <trkpt lat="49.380529" lon="20.555316">
      <ele>1044</ele>
      <time>2026-05-07T16:50:22Z</time>
    </trkpt>
    <trkpt lat="49.380408" lon="20.555427">
      <ele>1046</ele>
      <time>2026-05-07T16:51:05Z</time>
    </trkpt>
    <trkpt lat="49.380379" lon="20.5554418">
      <ele>1047</ele>
      <time>2026-05-07T16:51:14Z</time>
    </trkpt>
    <trkpt lat="49.380408" lon="20.555427">
      <ele>1046</ele>
      <time>2026-05-07T16:51:17Z</time>
    </trkpt>
    <trkpt lat="49.380529" lon="20.555316">
      <ele>1044</ele>
      <time>2026-05-07T16:51:29Z</time>
    </trkpt>
    <trkpt lat="49.380572" lon="20.555256">
      <ele>1043</ele>
      <time>2026-05-07T16:51:34Z</time>
    </trkpt>
    <trkpt lat="49.380656" lon="20.555074">
      <ele>1039</ele>
      <time>2026-05-07T16:51:46Z</time>
    </trkpt>
    <trkpt lat="49.381012" lon="20.554666">
      <ele>1020</ele>
      <time>2026-05-07T16:52:27Z</time>
    </trkpt>
    <trkpt lat="49.381033" lon="20.554402">
      <ele>1011</ele>
      <time>2026-05-07T16:52:43Z</time>
    </trkpt>
    <trkpt lat="49.38094" lon="20.554046">
      <ele>999</ele>
      <time>2026-05-07T16:53:06Z</time>
    </trkpt>
    <trkpt lat="49.380919" lon="20.55395">
      <ele>996</ele>
      <time>2026-05-07T16:53:12Z</time>
    </trkpt>
    <trkpt lat="49.380991" lon="20.553845">
      <ele>993</ele>
      <time>2026-05-07T16:53:21Z</time>
    </trkpt>
    <trkpt lat="49.381153" lon="20.553607">
      <ele>989</ele>
      <time>2026-05-07T16:53:40Z</time>
    </trkpt>
    <trkpt lat="49.38125" lon="20.553464">
      <ele>986</ele>
      <time>2026-05-07T16:53:51Z</time>
    </trkpt>
    <trkpt lat="49.381487" lon="20.552821">
      <ele>972</ele>
      <time>2026-05-07T16:54:34Z</time>
    </trkpt>
    <trkpt lat="49.381671" lon="20.552558">
      <ele>966</ele>
      <time>2026-05-07T16:54:55Z</time>
    </trkpt>
    <trkpt lat="49.381866" lon="20.552398">
      <ele>964</ele>
      <time>2026-05-07T16:55:14Z</time>
    </trkpt>
    <trkpt lat="49.381992" lon="20.552781">
      <ele>970</ele>
      <time>2026-05-07T16:55:48Z</time>
    </trkpt>
    <trkpt lat="49.382013" lon="20.553011">
      <ele>972</ele>
      <time>2026-05-07T16:56:06Z</time>
    </trkpt>
    <trkpt lat="49.382037" lon="20.553381">
      <ele>973</ele>
      <time>2026-05-07T16:56:35Z</time>
    </trkpt>
    <trkpt lat="49.382046" lon="20.553542">
      <ele>973</ele>
      <time>2026-05-07T16:56:47Z</time>
    </trkpt>
    <trkpt lat="49.382086" lon="20.553631">
      <ele>972</ele>
      <time>2026-05-07T16:56:56Z</time>
    </trkpt>
    <trkpt lat="49.382149" lon="20.553725">
      <ele>971</ele>
      <time>2026-05-07T16:57:06Z</time>
    </trkpt>
    <trkpt lat="49.382334" lon="20.553945">
      <ele>964</ele>
      <time>2026-05-07T16:57:35Z</time>
    </trkpt>
    <trkpt lat="49.382551" lon="20.554245">
      <ele>947</ele>
      <time>2026-05-07T16:58:14Z</time>
    </trkpt>
    <trkpt lat="49.382746" lon="20.554529">
      <ele>930</ele>
      <time>2026-05-07T16:58:46Z</time>
    </trkpt>
    <trkpt lat="49.382855" lon="20.554674">
      <ele>921</ele>
      <time>2026-05-07T16:59:03Z</time>
    </trkpt>
    <trkpt lat="49.382946" lon="20.554942">
      <ele>912</ele>
      <time>2026-05-07T16:59:25Z</time>
    </trkpt>
    <trkpt lat="49.383022" lon="20.555023">
      <ele>907</ele>
      <time>2026-05-07T16:59:36Z</time>
    </trkpt>
    <trkpt lat="49.383113" lon="20.555157">
      <ele>901</ele>
      <time>2026-05-07T16:59:50Z</time>
    </trkpt>
    <trkpt lat="49.383096" lon="20.555264">
      <ele>899</ele>
      <time>2026-05-07T16:59:58Z</time>
    </trkpt>
    <trkpt lat="49.383015" lon="20.55534">
      <ele>901</ele>
      <time>2026-05-07T17:00:08Z</time>
    </trkpt>
    <trkpt lat="49.383036" lon="20.555522">
      <ele>896</ele>
      <time>2026-05-07T17:00:21Z</time>
    </trkpt>
    <trkpt lat="49.383134" lon="20.555634">
      <ele>891</ele>
      <time>2026-05-07T17:00:35Z</time>
    </trkpt>
    <trkpt lat="49.3832" lon="20.55586">
      <ele>885</ele>
      <time>2026-05-07T17:00:53Z</time>
    </trkpt>
    <trkpt lat="49.383351" lon="20.556144">
      <ele>878</ele>
      <time>2026-05-07T17:01:18Z</time>
    </trkpt>
    <trkpt lat="49.383501" lon="20.556257">
      <ele>874</ele>
      <time>2026-05-07T17:01:36Z</time>
    </trkpt>
    <trkpt lat="49.383703" lon="20.5563">
      <ele>868</ele>
      <time>2026-05-07T17:01:58Z</time>
    </trkpt>
    <trkpt lat="49.38392" lon="20.556396">
      <ele>857</ele>
      <time>2026-05-07T17:02:24Z</time>
    </trkpt>
    <trkpt lat="49.384124" lon="20.556605">
      <ele>847</ele>
      <time>2026-05-07T17:02:51Z</time>
    </trkpt>
    <trkpt lat="49.384802" lon="20.557048">
      <ele>833</ele>
      <time>2026-05-07T17:04:08Z</time>
    </trkpt>
    <trkpt lat="49.384885" lon="20.55709">
      <ele>829</ele>
      <time>2026-05-07T17:04:18Z</time>
    </trkpt>
    <trkpt lat="49.384935" lon="20.557086">
      <ele>828</ele>
      <time>2026-05-07T17:04:23Z</time>
    </trkpt>
    <trkpt lat="49.384984" lon="20.55705">
      <ele>827</ele>
      <time>2026-05-07T17:04:29Z</time>
    </trkpt>
    <trkpt lat="49.385077" lon="20.556961">
      <ele>827</ele>
      <time>2026-05-07T17:04:40Z</time>
    </trkpt>
    <trkpt lat="49.385252" lon="20.556843">
      <ele>826</ele>
      <time>2026-05-07T17:05:00Z</time>
    </trkpt>
    <trkpt lat="49.385413" lon="20.556814">
      <ele>821</ele>
      <time>2026-05-07T17:05:18Z</time>
    </trkpt>
    <trkpt lat="49.385505" lon="20.556779">
      <ele>818</ele>
      <time>2026-05-07T17:05:28Z</time>
    </trkpt>
    <trkpt lat="49.38565" lon="20.556708">
      <ele>814</ele>
      <time>2026-05-07T17:05:44Z</time>
    </trkpt>
    <trkpt lat="49.385722" lon="20.556585">
      <ele>814</ele>
      <time>2026-05-07T17:05:55Z</time>
    </trkpt>
    <trkpt lat="49.385776" lon="20.556532">
      <ele>813</ele>
      <time>2026-05-07T17:06:02Z</time>
    </trkpt>
    <trkpt lat="49.385957" lon="20.556507">
      <ele>808</ele>
      <time>2026-05-07T17:06:21Z</time>
    </trkpt>
    <trkpt lat="49.386112" lon="20.556444">
      <ele>806</ele>
      <time>2026-05-07T17:06:38Z</time>
    </trkpt>
    <trkpt lat="49.386281" lon="20.556338">
      <ele>803</ele>
      <time>2026-05-07T17:06:57Z</time>
    </trkpt>
    <trkpt lat="49.386438" lon="20.556259">
      <ele>800</ele>
      <time>2026-05-07T17:07:15Z</time>
    </trkpt>
    <trkpt lat="49.38663" lon="20.556161">
      <ele>795</ele>
      <time>2026-05-07T17:07:36Z</time>
    </trkpt>
    <trkpt lat="49.386862" lon="20.556075">
      <ele>784</ele>
      <time>2026-05-07T17:08:03Z</time>
    </trkpt>
    <trkpt lat="49.387086" lon="20.55603">
      <ele>774</ele>
      <time>2026-05-07T17:08:28Z</time>
    </trkpt>
    <trkpt lat="49.387471" lon="20.555933">
      <ele>768</ele>
      <time>2026-05-07T17:09:09Z</time>
    </trkpt>
    <trkpt lat="49.387864" lon="20.555434">
      <ele>763</ele>
      <time>2026-05-07T17:10:02Z</time>
    </trkpt>
    <trkpt lat="49.388328" lon="20.555038">
      <ele>749</ele>
      <time>2026-05-07T17:10:59Z</time>
    </trkpt>
    <trkpt lat="49.388546" lon="20.555017">
      <ele>741</ele>
      <time>2026-05-07T17:11:23Z</time>
    </trkpt>
    <trkpt lat="49.38907" lon="20.555136">
      <ele>734</ele>
      <time>2026-05-07T17:12:18Z</time>
    </trkpt>
    <trkpt lat="49.389236" lon="20.555364">
      <ele>731</ele>
      <time>2026-05-07T17:12:42Z</time>
    </trkpt>
    <trkpt lat="49.389408" lon="20.555468">
      <ele>728</ele>
      <time>2026-05-07T17:13:01Z</time>
    </trkpt>
    <trkpt lat="49.389531" lon="20.555478">
      <ele>726</ele>
      <time>2026-05-07T17:13:14Z</time>
    </trkpt>
    <trkpt lat="49.389704" lon="20.555436">
      <ele>723</ele>
      <time>2026-05-07T17:13:34Z</time>
    </trkpt>
    <trkpt lat="49.389795" lon="20.555323">
      <ele>721</ele>
      <time>2026-05-07T17:13:48Z</time>
    </trkpt>
    <trkpt lat="49.389973" lon="20.555296">
      <ele>717</ele>
      <time>2026-05-07T17:14:09Z</time>
    </trkpt>
    <trkpt lat="49.390099" lon="20.555229">
      <ele>714</ele>
      <time>2026-05-07T17:14:24Z</time>
    </trkpt>
    <trkpt lat="49.390188" lon="20.555168">
      <ele>712</ele>
      <time>2026-05-07T17:14:36Z</time>
    </trkpt>
    <trkpt lat="49.39027" lon="20.555125">
      <ele>711</ele>
      <time>2026-05-07T17:14:46Z</time>
    </trkpt>
    <trkpt lat="49.390436" lon="20.554946">
      <ele>709</ele>
      <time>2026-05-07T17:15:09Z</time>
    </trkpt>
    <trkpt lat="49.390524" lon="20.554935">
      <ele>710</ele>
      <time>2026-05-07T17:15:19Z</time>
    </trkpt>
    <trkpt lat="49.390627" lon="20.554958">
      <ele>711</ele>
      <time>2026-05-07T17:15:31Z</time>
    </trkpt>
    <trkpt lat="49.390656" lon="20.554965">
      <ele>711</ele>
      <time>2026-05-07T17:15:35Z</time>
    </trkpt>
    <trkpt lat="49.390741" lon="20.554907">
      <ele>712</ele>
      <time>2026-05-07T17:15:45Z</time>
    </trkpt>
    <trkpt lat="49.39101" lon="20.554873">
      <ele>714</ele>
      <time>2026-05-07T17:16:16Z</time>
    </trkpt>
    <trkpt lat="49.391096" lon="20.554884">
      <ele>714</ele>
      <time>2026-05-07T17:16:26Z</time>
    </trkpt>
    <trkpt lat="49.391178" lon="20.554828">
      <ele>714</ele>
      <time>2026-05-07T17:16:37Z</time>
    </trkpt>
    <trkpt lat="49.391595" lon="20.554718">
      <ele>712</ele>
      <time>2026-05-07T17:17:25Z</time>
    </trkpt>
    <trkpt lat="49.391902" lon="20.554912">
      <ele>712</ele>
      <time>2026-05-07T17:18:03Z</time>
    </trkpt>
    <trkpt lat="49.392071" lon="20.554976">
      <ele>710</ele>
      <time>2026-05-07T17:18:23Z</time>
    </trkpt>
    <trkpt lat="49.39222" lon="20.554965">
      <ele>708</ele>
      <time>2026-05-07T17:18:41Z</time>
    </trkpt>
    <trkpt lat="49.392429" lon="20.55483">
      <ele>702</ele>
      <time>2026-05-07T17:19:07Z</time>
    </trkpt>
    <trkpt lat="49.392601" lon="20.554773">
      <ele>700</ele>
      <time>2026-05-07T17:19:27Z</time>
    </trkpt>
    <trkpt lat="49.392887" lon="20.555133">
      <ele>708</ele>
      <time>2026-05-07T17:20:11Z</time>
    </trkpt>
    <trkpt lat="49.393721" lon="20.555458">
      <ele>710</ele>
      <time>2026-05-07T17:21:49Z</time>
    </trkpt>
    <trkpt lat="49.39458" lon="20.555329">
      <ele>707</ele>
      <time>2026-05-07T17:23:28Z</time>
    </trkpt>
    <trkpt lat="49.394919" lon="20.555114">
      <ele>702</ele>
      <time>2026-05-07T17:24:11Z</time>
    </trkpt>
    <trkpt lat="49.39509" lon="20.555077">
      <ele>700</ele>
      <time>2026-05-07T17:24:31Z</time>
    </trkpt>
    <trkpt lat="49.395352" lon="20.555098">
      <ele>699</ele>
      <time>2026-05-07T17:25:01Z</time>
    </trkpt>
    <trkpt lat="49.396095" lon="20.554579">
      <ele>696</ele>
      <time>2026-05-07T17:26:34Z</time>
    </trkpt>
    <trkpt lat="49.39657" lon="20.554182">
      <ele>694</ele>
      <time>2026-05-07T17:27:36Z</time>
    </trkpt>
    <trkpt lat="49.39676" lon="20.554023">
      <ele>694</ele>
      <time>2026-05-07T17:28:01Z</time>
    </trkpt>
    <trkpt lat="49.396867" lon="20.55398">
      <ele>694</ele>
      <time>2026-05-07T17:28:14Z</time>
    </trkpt>
    <trkpt lat="49.396846" lon="20.553919">
      <ele>693</ele>
      <time>2026-05-07T17:28:19Z</time>
    </trkpt>
    <trkpt lat="49.396758" lon="20.553667">
      <ele>687</ele>
      <time>2026-05-07T17:28:39Z</time>
    </trkpt>
    <trkpt lat="49.39676" lon="20.553545">
      <ele>685</ele>
      <time>2026-05-07T17:28:48Z</time>
    </trkpt>
    <trkpt lat="49.396766" lon="20.553269">
      <ele>680</ele>
      <time>2026-05-07T17:29:07Z</time>
    </trkpt>
    <trkpt lat="49.396819" lon="20.553183">
      <ele>679</ele>
      <time>2026-05-07T17:29:15Z</time>
    </trkpt>
    <trkpt lat="49.397083" lon="20.553141">
      <ele>678</ele>
      <time>2026-05-07T17:29:43Z</time>
    </trkpt>
    <trkpt lat="49.397323" lon="20.55275">
      <ele>672</ele>
      <time>2026-05-07T17:30:20Z</time>
    </trkpt>
    <trkpt lat="49.397589" lon="20.552525">
      <ele>669</ele>
      <time>2026-05-07T17:30:52Z</time>
    </trkpt>
    <trkpt lat="49.397855" lon="20.552378">
      <ele>667</ele>
      <time>2026-05-07T17:31:21Z</time>
    </trkpt>
    <trkpt lat="49.397984" lon="20.552335">
      <ele>667</ele>
      <time>2026-05-07T17:31:35Z</time>
    </trkpt>
    <trkpt lat="49.398078" lon="20.552239">
      <ele>665</ele>
      <time>2026-05-07T17:31:47Z</time>
    </trkpt>
    <trkpt lat="49.39811" lon="20.552067">
      <ele>661</ele>
      <time>2026-05-07T17:32:00Z</time>
    </trkpt>
    <trkpt lat="49.398176" lon="20.551933">
      <ele>658</ele>
      <time>2026-05-07T17:32:11Z</time>
    </trkpt>
    <trkpt lat="49.398176" lon="20.55174">
      <ele>655</ele>
      <time>2026-05-07T17:32:25Z</time>
    </trkpt>
    <trkpt lat="49.398304" lon="20.551522">
      <ele>650</ele>
      <time>2026-05-07T17:32:45Z</time>
    </trkpt>
    <trkpt lat="49.398592" lon="20.550981">
      <ele>642</ele>
      <time>2026-05-07T17:33:33Z</time>
    </trkpt>
    <trkpt lat="49.398779" lon="20.550728">
      <ele>640</ele>
      <time>2026-05-07T17:33:59Z</time>
    </trkpt>
    <trkpt lat="49.398836" lon="20.550659">
      <ele>640</ele>
      <time>2026-05-07T17:34:07Z</time>
    </trkpt>
    <trkpt lat="49.399082" lon="20.550601">
      <ele>640</ele>
      <time>2026-05-07T17:34:33Z</time>
    </trkpt>
    <trkpt lat="49.399148" lon="20.550581">
      <ele>640</ele>
      <time>2026-05-07T17:34:40Z</time>
    </trkpt>
    <trkpt lat="49.399249" lon="20.550539">
      <ele>641</ele>
      <time>2026-05-07T17:34:51Z</time>
    </trkpt>
    <trkpt lat="49.39939" lon="20.550539">
      <ele>642</ele>
      <time>2026-05-07T17:35:06Z</time>
    </trkpt>
    <trkpt lat="49.39953" lon="20.550558">
      <ele>642</ele>
      <time>2026-05-07T17:35:20Z</time>
    </trkpt>
    <trkpt lat="49.4001" lon="20.550446">
      <ele>638</ele>
      <time>2026-05-07T17:36:21Z</time>
    </trkpt>
    <trkpt lat="49.400337" lon="20.550393">
      <ele>635</ele>
      <time>2026-05-07T17:36:46Z</time>
    </trkpt>
    <trkpt lat="49.400529" lon="20.550308">
      <ele>629</ele>
      <time>2026-05-07T17:37:07Z</time>
    </trkpt>
    <trkpt lat="49.400669" lon="20.550302">
      <ele>628</ele>
      <time>2026-05-07T17:37:22Z</time>
    </trkpt>
    <trkpt lat="49.400746" lon="20.550163">
      <ele>627</ele>
      <time>2026-05-07T17:37:34Z</time>
    </trkpt>
    <trkpt lat="49.401217" lon="20.549794">
      <ele>625</ele>
      <time>2026-05-07T17:38:30Z</time>
    </trkpt>
    <trkpt lat="49.401299" lon="20.549662">
      <ele>623</ele>
      <time>2026-05-07T17:38:42Z</time>
    </trkpt>
    <trkpt lat="49.401388" lon="20.549514">
      <ele>621</ele>
      <time>2026-05-07T17:38:56Z</time>
    </trkpt>
    <trkpt lat="49.401496" lon="20.549245">
      <ele>622</ele>
      <time>2026-05-07T17:39:18Z</time>
    </trkpt>
    <trkpt lat="49.401692" lon="20.549063">
      <ele>616</ele>
      <time>2026-05-07T17:39:42Z</time>
    </trkpt>
    <trkpt lat="49.40181" lon="20.549004">
      <ele>616</ele>
      <time>2026-05-07T17:39:55Z</time>
    </trkpt>
    <trkpt lat="49.40195" lon="20.54895">
      <ele>614</ele>
      <time>2026-05-07T17:40:10Z</time>
    </trkpt>
    <trkpt lat="49.402082" lon="20.548907">
      <ele>612</ele>
      <time>2026-05-07T17:40:24Z</time>
    </trkpt>
    <trkpt lat="49.40227" lon="20.548916">
      <ele>610</ele>
      <time>2026-05-07T17:40:44Z</time>
    </trkpt>
    <trkpt lat="49.402301" lon="20.54894">
      <ele>610</ele>
      <time>2026-05-07T17:40:48Z</time>
    </trkpt>
    <trkpt lat="49.402329" lon="20.548961">
      <ele>610</ele>
      <time>2026-05-07T17:40:51Z</time>
    </trkpt>
    <trkpt lat="49.402353" lon="20.54898">
      <ele>610</ele>
      <time>2026-05-07T17:40:54Z</time>
    </trkpt>
    <trkpt lat="49.402379" lon="20.549001">
      <ele>611</ele>
      <time>2026-05-07T17:40:57Z</time>
    </trkpt>
    <trkpt lat="49.402484" lon="20.548953">
      <ele>610</ele>
      <time>2026-05-07T17:41:08Z</time>
    </trkpt>
    <trkpt lat="49.402585" lon="20.548747">
      <ele>609</ele>
      <time>2026-05-07T17:41:26Z</time>
    </trkpt>
    <trkpt lat="49.402729" lon="20.54855">
      <ele>608</ele>
      <time>2026-05-07T17:41:46Z</time>
    </trkpt>
    <trkpt lat="49.40307" lon="20.548114">
      <ele>599</ele>
      <time>2026-05-07T17:42:33Z</time>
    </trkpt>
    <trkpt lat="49.403121" lon="20.548047">
      <ele>599</ele>
      <time>2026-05-07T17:42:40Z</time>
    </trkpt>
    <trkpt lat="49.403238" lon="20.548092">
      <ele>598</ele>
      <time>2026-05-07T17:42:53Z</time>
    </trkpt>
    <trkpt lat="49.403413" lon="20.548173">
      <ele>597</ele>
      <time>2026-05-07T17:43:12Z</time>
    </trkpt>
    <trkpt lat="49.403612" lon="20.548156">
      <ele>595</ele>
      <time>2026-05-07T17:43:33Z</time>
    </trkpt>
    <trkpt lat="49.40376" lon="20.548016">
      <ele>593</ele>
      <time>2026-05-07T17:43:51Z</time>
    </trkpt>
    <trkpt lat="49.403856" lon="20.547957">
      <ele>594</ele>
      <time>2026-05-07T17:44:02Z</time>
    </trkpt>
    <trkpt lat="49.403937" lon="20.547948">
      <ele>594</ele>
      <time>2026-05-07T17:44:10Z</time>
    </trkpt>
    <trkpt lat="49.404025" lon="20.548055">
      <ele>590</ele>
      <time>2026-05-07T17:44:23Z</time>
    </trkpt>
    <trkpt lat="49.404149" lon="20.547985">
      <ele>591</ele>
      <time>2026-05-07T17:44:37Z</time>
    </trkpt>
    <trkpt lat="49.404247" lon="20.547915">
      <ele>592</ele>
      <time>2026-05-07T17:44:48Z</time>
    </trkpt>
    <trkpt lat="49.404369" lon="20.547979">
      <ele>589</ele>
      <time>2026-05-07T17:45:02Z</time>
    </trkpt>
    <trkpt lat="49.40454" lon="20.548049">
      <ele>587</ele>
      <time>2026-05-07T17:45:20Z</time>
    </trkpt>
    <trkpt lat="49.40476" lon="20.548038">
      <ele>587</ele>
      <time>2026-05-07T17:45:43Z</time>
    </trkpt>
    <trkpt lat="49.405176" lon="20.547781">
      <ele>581</ele>
      <time>2026-05-07T17:46:30Z</time>
    </trkpt>
    <trkpt lat="49.405323" lon="20.547647">
      <ele>579</ele>
      <time>2026-05-07T17:46:48Z</time>
    </trkpt>
    <trkpt lat="49.405417" lon="20.547494">
      <ele>576</ele>
      <time>2026-05-07T17:47:03Z</time>
    </trkpt>
    <trkpt lat="49.405567" lon="20.547254">
      <ele>572</ele>
      <time>2026-05-07T17:47:26Z</time>
    </trkpt>
    <trkpt lat="49.405622" lon="20.54724">
      <ele>571</ele>
      <time>2026-05-07T17:47:32Z</time>
    </trkpt>
    <trkpt lat="49.405652" lon="20.547233">
      <ele>570</ele>
      <time>2026-05-07T17:47:35Z</time>
    </trkpt>
    <trkpt lat="49.405675" lon="20.547227">
      <ele>570</ele>
      <time>2026-05-07T17:47:37Z</time>
    </trkpt>
    <trkpt lat="49.405985" lon="20.547457">
      <ele>562</ele>
      <time>2026-05-07T17:48:14Z</time>
    </trkpt>
    <trkpt lat="49.405973" lon="20.547712">
      <ele>562</ele>
      <time>2026-05-07T17:48:36Z</time>
    </trkpt>
    <trkpt lat="49.405991" lon="20.5479">
      <ele>562</ele>
      <time>2026-05-07T17:48:53Z</time>
    </trkpt>
    <trkpt lat="49.406008" lon="20.548004">
      <ele>562</ele>
      <time>2026-05-07T17:49:02Z</time>
    </trkpt>
    <trkpt lat="49.406051" lon="20.548193">
      <ele>561</ele>
      <time>2026-05-07T17:49:19Z</time>
    </trkpt>
    <trkpt lat="49.406065" lon="20.548258">
      <ele>562</ele>
      <time>2026-05-07T17:49:25Z</time>
    </trkpt>
    <trkpt lat="49.40617" lon="20.548677">
      <ele>562</ele>
      <time>2026-05-07T17:50:04Z</time>
    </trkpt>
    <trkpt lat="49.406179" lon="20.54871">
      <ele>562</ele>
      <time>2026-05-07T17:50:08Z</time>
    </trkpt>
    <trkpt lat="49.406237" lon="20.548975">
      <ele>562</ele>
      <time>2026-05-07T17:50:32Z</time>
    </trkpt>
    <trkpt lat="49.40638" lon="20.549645">
      <ele>561</ele>
      <time>2026-05-07T17:51:33Z</time>
    </trkpt>
    <trkpt lat="49.406429" lon="20.549839">
      <ele>562</ele>
      <time>2026-05-07T17:51:51Z</time>
    </trkpt>
    <trkpt lat="49.406506" lon="20.550145">
      <ele>562</ele>
      <time>2026-05-07T17:52:20Z</time>
    </trkpt>
    <trkpt lat="49.406558" lon="20.550351">
      <ele>562</ele>
      <time>2026-05-07T17:52:39Z</time>
    </trkpt>
    <trkpt lat="49.40664" lon="20.550651">
      <ele>563</ele>
      <time>2026-05-07T17:53:07Z</time>
    </trkpt>
    <trkpt lat="49.406667" lon="20.55078">
      <ele>563</ele>
      <time>2026-05-07T17:53:19Z</time>
    </trkpt>
    <trkpt lat="49.406677" lon="20.550903">
      <ele>563</ele>
      <time>2026-05-07T17:53:30Z</time>
    </trkpt>
    <trkpt lat="49.406678" lon="20.551172">
      <ele>563</ele>
      <time>2026-05-07T17:53:53Z</time>
    </trkpt>
    <trkpt lat="49.40667" lon="20.552152">
      <ele>565</ele>
      <time>2026-05-07T17:55:19Z</time>
    </trkpt>
    <trkpt lat="49.406653" lon="20.552451">
      <ele>565</ele>
      <time>2026-05-07T17:55:45Z</time>
    </trkpt>
    <trkpt lat="49.406635" lon="20.552606">
      <ele>565</ele>
      <time>2026-05-07T17:55:58Z</time>
    </trkpt>
    <trkpt lat="49.406615" lon="20.552783">
      <ele>566</ele>
      <time>2026-05-07T17:56:14Z</time>
    </trkpt>
  </trkseg>
</trk>
</gpx>