<?xml version="1.0" encoding="UTF-8"?><gpx creator="https://mapa-turystyczna.pl" xmlns="http://www.topografix.com/GPX/1/1" version="1.1" xmlns:xsi="http://www.w3.org/2001/XMLSchema-instance" xsi:schemaLocation="http://www.topografix.com/GPX/1/1 http://www.topografix.com/GPX/1/1/gpx.xsd">
  <metadata>
    <link href="https://mapa-turystyczna.pl">
      <text>mapa-turystyczna.pl</text>
    </link>
    <time>2026-05-07T08:43:15Z</time>
    <bounds maxlat="49.4492388" maxlon="20.717434" minlat="49.415453" minlon="20.6042217"/>
  </metadata>

<trk>
  <name>Piwniczna-Zdrój – Piwniczna-Zdrój</name>
  <link href="https://mapa-turystyczna.pl/route/zlu0">
    <text>Piwniczna-Zdrój – Piwniczna-Zdrój</text>
  </link>
  <trkseg>
    <trkpt lat="49.440477" lon="20.717231">
      <ele>372</ele>
      <time>2026-05-07T08:43:15Z</time>
    </trkpt>
    <trkpt lat="49.44041" lon="20.71698">
      <ele>373</ele>
      <time>2026-05-07T08:43:43Z</time>
    </trkpt>
    <trkpt lat="49.44037" lon="20.71682">
      <ele>376</ele>
      <time>2026-05-07T08:44:00Z</time>
    </trkpt>
    <trkpt lat="49.44036" lon="20.71673">
      <ele>377</ele>
      <time>2026-05-07T08:44:10Z</time>
    </trkpt>
    <trkpt lat="49.44035" lon="20.71665">
      <ele>379</ele>
      <time>2026-05-07T08:44:18Z</time>
    </trkpt>
    <trkpt lat="49.44036" lon="20.71657">
      <ele>381</ele>
      <time>2026-05-07T08:44:27Z</time>
    </trkpt>
    <trkpt lat="49.440375" lon="20.716524">
      <ele>382</ele>
      <time>2026-05-07T08:44:32Z</time>
    </trkpt>
    <trkpt lat="49.440399" lon="20.716475">
      <ele>384</ele>
      <time>2026-05-07T08:44:39Z</time>
    </trkpt>
    <trkpt lat="49.44043" lon="20.71646">
      <ele>385</ele>
      <time>2026-05-07T08:44:44Z</time>
    </trkpt>
    <trkpt lat="49.44048" lon="20.71645">
      <ele>386</ele>
      <time>2026-05-07T08:44:52Z</time>
    </trkpt>
    <trkpt lat="49.44054" lon="20.71646">
      <ele>387</ele>
      <time>2026-05-07T08:45:02Z</time>
    </trkpt>
    <trkpt lat="49.44067" lon="20.71647">
      <ele>388</ele>
      <time>2026-05-07T08:45:22Z</time>
    </trkpt>
    <trkpt lat="49.440882" lon="20.716463">
      <ele>390</ele>
      <time>2026-05-07T08:45:55Z</time>
    </trkpt>
    <trkpt lat="49.440956" lon="20.716461">
      <ele>390</ele>
      <time>2026-05-07T08:46:07Z</time>
    </trkpt>
    <trkpt lat="49.441" lon="20.716443">
      <ele>390</ele>
      <time>2026-05-07T08:46:14Z</time>
    </trkpt>
    <trkpt lat="49.441036" lon="20.71643">
      <ele>390</ele>
      <time>2026-05-07T08:46:20Z</time>
    </trkpt>
    <trkpt lat="49.441115" lon="20.716348">
      <ele>391</ele>
      <time>2026-05-07T08:46:35Z</time>
    </trkpt>
    <trkpt lat="49.44116" lon="20.716213">
      <ele>392</ele>
      <time>2026-05-07T08:46:50Z</time>
    </trkpt>
    <trkpt lat="49.441176" lon="20.715986">
      <ele>393</ele>
      <time>2026-05-07T08:47:13Z</time>
    </trkpt>
    <trkpt lat="49.441079" lon="20.715885">
      <ele>394</ele>
      <time>2026-05-07T08:47:31Z</time>
    </trkpt>
    <trkpt lat="49.441052" lon="20.715838">
      <ele>394</ele>
      <time>2026-05-07T08:47:38Z</time>
    </trkpt>
    <trkpt lat="49.44102" lon="20.715781">
      <ele>394</ele>
      <time>2026-05-07T08:47:45Z</time>
    </trkpt>
    <trkpt lat="49.440962" lon="20.715673">
      <ele>394</ele>
      <time>2026-05-07T08:48:00Z</time>
    </trkpt>
    <trkpt lat="49.440865" lon="20.715502">
      <ele>394</ele>
      <time>2026-05-07T08:48:23Z</time>
    </trkpt>
    <trkpt lat="49.440724" lon="20.7152">
      <ele>392</ele>
      <time>2026-05-07T08:49:00Z</time>
    </trkpt>
    <trkpt lat="49.440692" lon="20.715131">
      <ele>392</ele>
      <time>2026-05-07T08:49:09Z</time>
    </trkpt>
    <trkpt lat="49.440576" lon="20.714862">
      <ele>392</ele>
      <time>2026-05-07T08:49:42Z</time>
    </trkpt>
    <trkpt lat="49.440518" lon="20.714733">
      <ele>392</ele>
      <time>2026-05-07T08:49:57Z</time>
    </trkpt>
    <trkpt lat="49.440451" lon="20.714584">
      <ele>392</ele>
      <time>2026-05-07T08:50:16Z</time>
    </trkpt>
    <trkpt lat="49.440343" lon="20.714343">
      <ele>393</ele>
      <time>2026-05-07T08:50:45Z</time>
    </trkpt>
    <trkpt lat="49.440203" lon="20.714032">
      <ele>395</ele>
      <time>2026-05-07T08:51:24Z</time>
    </trkpt>
    <trkpt lat="49.440077" lon="20.713879">
      <ele>396</ele>
      <time>2026-05-07T08:51:49Z</time>
    </trkpt>
    <trkpt lat="49.439814" lon="20.713576">
      <ele>397</ele>
      <time>2026-05-07T08:52:40Z</time>
    </trkpt>
    <trkpt lat="49.439698" lon="20.713459">
      <ele>398</ele>
      <time>2026-05-07T08:53:02Z</time>
    </trkpt>
    <trkpt lat="49.439649" lon="20.713424">
      <ele>398</ele>
      <time>2026-05-07T08:53:10Z</time>
    </trkpt>
    <trkpt lat="49.439618" lon="20.713421">
      <ele>398</ele>
      <time>2026-05-07T08:53:15Z</time>
    </trkpt>
    <trkpt lat="49.439602" lon="20.713121">
      <ele>400</ele>
      <time>2026-05-07T08:53:47Z</time>
    </trkpt>
    <trkpt lat="49.439544" lon="20.712858">
      <ele>402</ele>
      <time>2026-05-07T08:54:16Z</time>
    </trkpt>
    <trkpt lat="49.439418" lon="20.712566">
      <ele>404</ele>
      <time>2026-05-07T08:54:53Z</time>
    </trkpt>
    <trkpt lat="49.439416" lon="20.712486">
      <ele>405</ele>
      <time>2026-05-07T08:55:01Z</time>
    </trkpt>
    <trkpt lat="49.439411" lon="20.712286">
      <ele>407</ele>
      <time>2026-05-07T08:55:22Z</time>
    </trkpt>
    <trkpt lat="49.439358" lon="20.711615">
      <ele>413</ele>
      <time>2026-05-07T08:56:33Z</time>
    </trkpt>
    <trkpt lat="49.4393" lon="20.711371">
      <ele>415</ele>
      <time>2026-05-07T08:57:01Z</time>
    </trkpt>
    <trkpt lat="49.43931" lon="20.711005">
      <ele>420</ele>
      <time>2026-05-07T08:57:40Z</time>
    </trkpt>
    <trkpt lat="49.439368" lon="20.710798">
      <ele>423</ele>
      <time>2026-05-07T08:58:04Z</time>
    </trkpt>
    <trkpt lat="49.439424" lon="20.71068">
      <ele>425</ele>
      <time>2026-05-07T08:58:19Z</time>
    </trkpt>
    <trkpt lat="49.439525" lon="20.710587">
      <ele>426</ele>
      <time>2026-05-07T08:58:38Z</time>
    </trkpt>
    <trkpt lat="49.439603" lon="20.710487">
      <ele>427</ele>
      <time>2026-05-07T08:58:55Z</time>
    </trkpt>
    <trkpt lat="49.43981" lon="20.710153">
      <ele>430</ele>
      <time>2026-05-07T08:59:43Z</time>
    </trkpt>
    <trkpt lat="49.439972" lon="20.709816">
      <ele>431</ele>
      <time>2026-05-07T09:00:27Z</time>
    </trkpt>
    <trkpt lat="49.440033" lon="20.709642">
      <ele>431</ele>
      <time>2026-05-07T09:00:48Z</time>
    </trkpt>
    <trkpt lat="49.440083" lon="20.709434">
      <ele>431</ele>
      <time>2026-05-07T09:01:11Z</time>
    </trkpt>
    <trkpt lat="49.440109" lon="20.708996">
      <ele>435</ele>
      <time>2026-05-07T09:01:57Z</time>
    </trkpt>
    <trkpt lat="49.440093" lon="20.708579">
      <ele>441</ele>
      <time>2026-05-07T09:02:42Z</time>
    </trkpt>
    <trkpt lat="49.440035" lon="20.708204">
      <ele>446</ele>
      <time>2026-05-07T09:03:23Z</time>
    </trkpt>
    <trkpt lat="49.439956" lon="20.707823">
      <ele>447</ele>
      <time>2026-05-07T09:04:05Z</time>
    </trkpt>
    <trkpt lat="49.439929" lon="20.707711">
      <ele>448</ele>
      <time>2026-05-07T09:04:17Z</time>
    </trkpt>
    <trkpt lat="49.43989" lon="20.707477">
      <ele>450</ele>
      <time>2026-05-07T09:04:43Z</time>
    </trkpt>
    <trkpt lat="49.439875" lon="20.70707">
      <ele>449</ele>
      <time>2026-05-07T09:05:25Z</time>
    </trkpt>
    <trkpt lat="49.439801" lon="20.706235">
      <ele>458</ele>
      <time>2026-05-07T09:06:54Z</time>
    </trkpt>
    <trkpt lat="49.439802" lon="20.705884">
      <ele>462</ele>
      <time>2026-05-07T09:07:31Z</time>
    </trkpt>
    <trkpt lat="49.439813" lon="20.705675">
      <ele>464</ele>
      <time>2026-05-07T09:07:53Z</time>
    </trkpt>
    <trkpt lat="49.43977" lon="20.705484">
      <ele>466</ele>
      <time>2026-05-07T09:08:15Z</time>
    </trkpt>
    <trkpt lat="49.439581" lon="20.704958">
      <ele>470</ele>
      <time>2026-05-07T09:09:18Z</time>
    </trkpt>
    <trkpt lat="49.439566" lon="20.704671">
      <ele>473</ele>
      <time>2026-05-07T09:09:48Z</time>
    </trkpt>
    <trkpt lat="49.439569" lon="20.703595">
      <ele>485</ele>
      <time>2026-05-07T09:11:42Z</time>
    </trkpt>
    <trkpt lat="49.439569" lon="20.703545">
      <ele>486</ele>
      <time>2026-05-07T09:11:48Z</time>
    </trkpt>
    <trkpt lat="49.439579" lon="20.703063">
      <ele>488</ele>
      <time>2026-05-07T09:12:38Z</time>
    </trkpt>
    <trkpt lat="49.439599" lon="20.702796">
      <ele>489</ele>
      <time>2026-05-07T09:13:06Z</time>
    </trkpt>
    <trkpt lat="49.439632" lon="20.702154">
      <ele>489</ele>
      <time>2026-05-07T09:14:14Z</time>
    </trkpt>
    <trkpt lat="49.439676" lon="20.701367">
      <ele>485</ele>
      <time>2026-05-07T09:15:37Z</time>
    </trkpt>
    <trkpt lat="49.439714" lon="20.700975">
      <ele>486</ele>
      <time>2026-05-07T09:16:18Z</time>
    </trkpt>
    <trkpt lat="49.439824" lon="20.700342">
      <ele>492</ele>
      <time>2026-05-07T09:17:27Z</time>
    </trkpt>
    <trkpt lat="49.439916" lon="20.699953">
      <ele>492</ele>
      <time>2026-05-07T09:18:10Z</time>
    </trkpt>
    <trkpt lat="49.440105" lon="20.698945">
      <ele>501</ele>
      <time>2026-05-07T09:20:01Z</time>
    </trkpt>
    <trkpt lat="49.440248" lon="20.69803">
      <ele>511</ele>
      <time>2026-05-07T09:21:40Z</time>
    </trkpt>
    <trkpt lat="49.440298" lon="20.697668">
      <ele>515</ele>
      <time>2026-05-07T09:22:19Z</time>
    </trkpt>
    <trkpt lat="49.440316" lon="20.697232">
      <ele>519</ele>
      <time>2026-05-07T09:23:05Z</time>
    </trkpt>
    <trkpt lat="49.440347" lon="20.69704">
      <ele>521</ele>
      <time>2026-05-07T09:23:26Z</time>
    </trkpt>
    <trkpt lat="49.440399" lon="20.69688">
      <ele>524</ele>
      <time>2026-05-07T09:23:46Z</time>
    </trkpt>
    <trkpt lat="49.440482" lon="20.696738">
      <ele>528</ele>
      <time>2026-05-07T09:24:06Z</time>
    </trkpt>
    <trkpt lat="49.440515" lon="20.696579">
      <ele>531</ele>
      <time>2026-05-07T09:24:24Z</time>
    </trkpt>
    <trkpt lat="49.440579" lon="20.696061">
      <ele>538</ele>
      <time>2026-05-07T09:25:20Z</time>
    </trkpt>
    <trkpt lat="49.440618" lon="20.695727">
      <ele>541</ele>
      <time>2026-05-07T09:25:56Z</time>
    </trkpt>
    <trkpt lat="49.440597" lon="20.695139">
      <ele>544</ele>
      <time>2026-05-07T09:26:58Z</time>
    </trkpt>
    <trkpt lat="49.440595" lon="20.694951">
      <ele>545</ele>
      <time>2026-05-07T09:27:18Z</time>
    </trkpt>
    <trkpt lat="49.440616" lon="20.694616">
      <ele>546</ele>
      <time>2026-05-07T09:27:53Z</time>
    </trkpt>
    <trkpt lat="49.440741" lon="20.694176">
      <ele>548</ele>
      <time>2026-05-07T09:28:43Z</time>
    </trkpt>
    <trkpt lat="49.440946" lon="20.693701">
      <ele>549</ele>
      <time>2026-05-07T09:29:43Z</time>
    </trkpt>
    <trkpt lat="49.441109" lon="20.693315">
      <ele>549</ele>
      <time>2026-05-07T09:30:31Z</time>
    </trkpt>
    <trkpt lat="49.441247" lon="20.693071">
      <ele>551</ele>
      <time>2026-05-07T09:31:05Z</time>
    </trkpt>
    <trkpt lat="49.441417" lon="20.692873">
      <ele>553</ele>
      <time>2026-05-07T09:31:39Z</time>
    </trkpt>
    <trkpt lat="49.441603" lon="20.692712">
      <ele>553</ele>
      <time>2026-05-07T09:32:14Z</time>
    </trkpt>
    <trkpt lat="49.44207" lon="20.692108">
      <ele>556</ele>
      <time>2026-05-07T09:33:52Z</time>
    </trkpt>
    <trkpt lat="49.442193" lon="20.691899">
      <ele>558</ele>
      <time>2026-05-07T09:34:22Z</time>
    </trkpt>
    <trkpt lat="49.442337" lon="20.691657">
      <ele>558</ele>
      <time>2026-05-07T09:34:56Z</time>
    </trkpt>
    <trkpt lat="49.442463" lon="20.691504">
      <ele>559</ele>
      <time>2026-05-07T09:35:22Z</time>
    </trkpt>
    <trkpt lat="49.442651" lon="20.691295">
      <ele>562</ele>
      <time>2026-05-07T09:35:59Z</time>
    </trkpt>
    <trkpt lat="49.442714" lon="20.691188">
      <ele>563</ele>
      <time>2026-05-07T09:36:14Z</time>
    </trkpt>
    <trkpt lat="49.442834" lon="20.69085">
      <ele>564</ele>
      <time>2026-05-07T09:36:55Z</time>
    </trkpt>
    <trkpt lat="49.44289" lon="20.69059">
      <ele>565</ele>
      <time>2026-05-07T09:37:23Z</time>
    </trkpt>
    <trkpt lat="49.443054" lon="20.689554">
      <ele>575</ele>
      <time>2026-05-07T09:39:16Z</time>
    </trkpt>
    <trkpt lat="49.443118" lon="20.689037">
      <ele>575</ele>
      <time>2026-05-07T09:40:11Z</time>
    </trkpt>
    <trkpt lat="49.443141" lon="20.688597">
      <ele>575</ele>
      <time>2026-05-07T09:40:57Z</time>
    </trkpt>
    <trkpt lat="49.443236" lon="20.688125">
      <ele>574</ele>
      <time>2026-05-07T09:41:49Z</time>
    </trkpt>
    <trkpt lat="49.443286" lon="20.687857">
      <ele>574</ele>
      <time>2026-05-07T09:42:18Z</time>
    </trkpt>
    <trkpt lat="49.443308" lon="20.687688">
      <ele>574</ele>
      <time>2026-05-07T09:42:36Z</time>
    </trkpt>
    <trkpt lat="49.443312" lon="20.687294">
      <ele>576</ele>
      <time>2026-05-07T09:43:17Z</time>
    </trkpt>
    <trkpt lat="49.443267" lon="20.68721">
      <ele>576</ele>
      <time>2026-05-07T09:43:29Z</time>
    </trkpt>
    <trkpt lat="49.443227" lon="20.687154">
      <ele>577</ele>
      <time>2026-05-07T09:43:37Z</time>
    </trkpt>
    <trkpt lat="49.443052" lon="20.687001">
      <ele>580</ele>
      <time>2026-05-07T09:44:10Z</time>
    </trkpt>
    <trkpt lat="49.442978" lon="20.686972">
      <ele>580</ele>
      <time>2026-05-07T09:44:22Z</time>
    </trkpt>
    <trkpt lat="49.442879" lon="20.686976">
      <ele>579</ele>
      <time>2026-05-07T09:44:38Z</time>
    </trkpt>
    <trkpt lat="49.442783" lon="20.686967">
      <ele>579</ele>
      <time>2026-05-07T09:44:54Z</time>
    </trkpt>
    <trkpt lat="49.442713" lon="20.686931">
      <ele>579</ele>
      <time>2026-05-07T09:45:06Z</time>
    </trkpt>
    <trkpt lat="49.442657" lon="20.686875">
      <ele>580</ele>
      <time>2026-05-07T09:45:17Z</time>
    </trkpt>
    <trkpt lat="49.442556" lon="20.686682">
      <ele>584</ele>
      <time>2026-05-07T09:45:43Z</time>
    </trkpt>
    <trkpt lat="49.442329" lon="20.686271">
      <ele>584</ele>
      <time>2026-05-07T09:46:39Z</time>
    </trkpt>
    <trkpt lat="49.442238" lon="20.686062">
      <ele>583</ele>
      <time>2026-05-07T09:47:06Z</time>
    </trkpt>
    <trkpt lat="49.442192" lon="20.685891">
      <ele>585</ele>
      <time>2026-05-07T09:47:25Z</time>
    </trkpt>
    <trkpt lat="49.44217" lon="20.685692">
      <ele>588</ele>
      <time>2026-05-07T09:47:47Z</time>
    </trkpt>
    <trkpt lat="49.44218" lon="20.685529">
      <ele>591</ele>
      <time>2026-05-07T09:48:05Z</time>
    </trkpt>
    <trkpt lat="49.442217" lon="20.68536">
      <ele>595</ele>
      <time>2026-05-07T09:48:24Z</time>
    </trkpt>
    <trkpt lat="49.442285" lon="20.685067">
      <ele>599</ele>
      <time>2026-05-07T09:48:57Z</time>
    </trkpt>
    <trkpt lat="49.442316" lon="20.684858">
      <ele>601</ele>
      <time>2026-05-07T09:49:20Z</time>
    </trkpt>
    <trkpt lat="49.442372" lon="20.68434">
      <ele>608</ele>
      <time>2026-05-07T09:50:16Z</time>
    </trkpt>
    <trkpt lat="49.442377" lon="20.684088">
      <ele>610</ele>
      <time>2026-05-07T09:50:42Z</time>
    </trkpt>
    <trkpt lat="49.442396" lon="20.683938">
      <ele>610</ele>
      <time>2026-05-07T09:50:58Z</time>
    </trkpt>
    <trkpt lat="49.442515" lon="20.683498">
      <ele>611</ele>
      <time>2026-05-07T09:51:48Z</time>
    </trkpt>
    <trkpt lat="49.442562" lon="20.683351">
      <ele>615</ele>
      <time>2026-05-07T09:52:06Z</time>
    </trkpt>
    <trkpt lat="49.44262" lon="20.683206">
      <ele>619</ele>
      <time>2026-05-07T09:52:25Z</time>
    </trkpt>
    <trkpt lat="49.442799" lon="20.682884">
      <ele>623</ele>
      <time>2026-05-07T09:53:09Z</time>
    </trkpt>
    <trkpt lat="49.442956" lon="20.682573">
      <ele>626</ele>
      <time>2026-05-07T09:53:51Z</time>
    </trkpt>
    <trkpt lat="49.443181" lon="20.682125">
      <ele>632</ele>
      <time>2026-05-07T09:54:51Z</time>
    </trkpt>
    <trkpt lat="49.443221" lon="20.682071">
      <ele>633</ele>
      <time>2026-05-07T09:54:59Z</time>
    </trkpt>
    <trkpt lat="49.44331" lon="20.681993">
      <ele>634</ele>
      <time>2026-05-07T09:55:16Z</time>
    </trkpt>
    <trkpt lat="49.443397" lon="20.681857">
      <ele>636</ele>
      <time>2026-05-07T09:55:36Z</time>
    </trkpt>
    <trkpt lat="49.443474" lon="20.681685">
      <ele>638</ele>
      <time>2026-05-07T09:55:58Z</time>
    </trkpt>
    <trkpt lat="49.443526" lon="20.681497">
      <ele>639</ele>
      <time>2026-05-07T09:56:19Z</time>
    </trkpt>
    <trkpt lat="49.443561" lon="20.681323">
      <ele>640</ele>
      <time>2026-05-07T09:56:39Z</time>
    </trkpt>
    <trkpt lat="49.443593" lon="20.681084">
      <ele>640</ele>
      <time>2026-05-07T09:57:04Z</time>
    </trkpt>
    <trkpt lat="49.443622" lon="20.680859">
      <ele>642</ele>
      <time>2026-05-07T09:57:28Z</time>
    </trkpt>
    <trkpt lat="49.443708" lon="20.6804">
      <ele>648</ele>
      <time>2026-05-07T09:58:19Z</time>
    </trkpt>
    <trkpt lat="49.443805" lon="20.679662">
      <ele>666</ele>
      <time>2026-05-07T09:59:42Z</time>
    </trkpt>
    <trkpt lat="49.443837" lon="20.679539">
      <ele>667</ele>
      <time>2026-05-07T09:59:56Z</time>
    </trkpt>
    <trkpt lat="49.443902" lon="20.679447">
      <ele>668</ele>
      <time>2026-05-07T10:00:10Z</time>
    </trkpt>
    <trkpt lat="49.444055" lon="20.679265">
      <ele>670</ele>
      <time>2026-05-07T10:00:41Z</time>
    </trkpt>
    <trkpt lat="49.444376" lon="20.679213">
      <ele>673</ele>
      <time>2026-05-07T10:01:33Z</time>
    </trkpt>
    <trkpt lat="49.444535" lon="20.679239">
      <ele>676</ele>
      <time>2026-05-07T10:02:00Z</time>
    </trkpt>
    <trkpt lat="49.444674" lon="20.679266">
      <ele>680</ele>
      <time>2026-05-07T10:02:23Z</time>
    </trkpt>
    <trkpt lat="49.44474" lon="20.679241">
      <ele>682</ele>
      <time>2026-05-07T10:02:34Z</time>
    </trkpt>
    <trkpt lat="49.444754" lon="20.679161">
      <ele>683</ele>
      <time>2026-05-07T10:02:43Z</time>
    </trkpt>
    <trkpt lat="49.444749" lon="20.679032">
      <ele>685</ele>
      <time>2026-05-07T10:02:57Z</time>
    </trkpt>
    <trkpt lat="49.444702" lon="20.67886">
      <ele>687</ele>
      <time>2026-05-07T10:03:16Z</time>
    </trkpt>
    <trkpt lat="49.444489" lon="20.678115">
      <ele>696</ele>
      <time>2026-05-07T10:04:42Z</time>
    </trkpt>
    <trkpt lat="49.444484" lon="20.677949">
      <ele>701</ele>
      <time>2026-05-07T10:05:01Z</time>
    </trkpt>
    <trkpt lat="49.444498" lon="20.677839">
      <ele>704</ele>
      <time>2026-05-07T10:05:13Z</time>
    </trkpt>
    <trkpt lat="49.444531" lon="20.67778">
      <ele>706</ele>
      <time>2026-05-07T10:05:22Z</time>
    </trkpt>
    <trkpt lat="49.444611" lon="20.677739">
      <ele>708</ele>
      <time>2026-05-07T10:05:36Z</time>
    </trkpt>
    <trkpt lat="49.444787" lon="20.677694">
      <ele>712</ele>
      <time>2026-05-07T10:06:05Z</time>
    </trkpt>
    <trkpt lat="49.444875" lon="20.677638">
      <ele>714</ele>
      <time>2026-05-07T10:06:21Z</time>
    </trkpt>
    <trkpt lat="49.444944" lon="20.677546">
      <ele>717</ele>
      <time>2026-05-07T10:06:36Z</time>
    </trkpt>
    <trkpt lat="49.444976" lon="20.677463">
      <ele>719</ele>
      <time>2026-05-07T10:06:47Z</time>
    </trkpt>
    <trkpt lat="49.444998" lon="20.677313">
      <ele>722</ele>
      <time>2026-05-07T10:07:04Z</time>
    </trkpt>
    <trkpt lat="49.444995" lon="20.677163">
      <ele>725</ele>
      <time>2026-05-07T10:07:20Z</time>
    </trkpt>
    <trkpt lat="49.444955" lon="20.677026">
      <ele>727</ele>
      <time>2026-05-07T10:07:36Z</time>
    </trkpt>
    <trkpt lat="49.444908" lon="20.676945">
      <ele>729</ele>
      <time>2026-05-07T10:07:47Z</time>
    </trkpt>
    <trkpt lat="49.444819" lon="20.676878">
      <ele>729</ele>
      <time>2026-05-07T10:08:03Z</time>
    </trkpt>
    <trkpt lat="49.44467" lon="20.67679">
      <ele>729</ele>
      <time>2026-05-07T10:08:29Z</time>
    </trkpt>
    <trkpt lat="49.444613" lon="20.676664">
      <ele>730</ele>
      <time>2026-05-07T10:08:45Z</time>
    </trkpt>
    <trkpt lat="49.44447" lon="20.676186">
      <ele>729</ele>
      <time>2026-05-07T10:09:40Z</time>
    </trkpt>
    <trkpt lat="49.444424" lon="20.675967">
      <ele>730</ele>
      <time>2026-05-07T10:10:04Z</time>
    </trkpt>
    <trkpt lat="49.444358" lon="20.675607">
      <ele>733</ele>
      <time>2026-05-07T10:10:44Z</time>
    </trkpt>
    <trkpt lat="49.444091" lon="20.674722">
      <ele>749</ele>
      <time>2026-05-07T10:12:28Z</time>
    </trkpt>
    <trkpt lat="49.444081" lon="20.674438">
      <ele>750</ele>
      <time>2026-05-07T10:12:58Z</time>
    </trkpt>
    <trkpt lat="49.44407" lon="20.67392">
      <ele>754</ele>
      <time>2026-05-07T10:13:52Z</time>
    </trkpt>
    <trkpt lat="49.44409" lon="20.673491">
      <ele>752</ele>
      <time>2026-05-07T10:14:38Z</time>
    </trkpt>
    <trkpt lat="49.444075" lon="20.67323">
      <ele>751</ele>
      <time>2026-05-07T10:15:05Z</time>
    </trkpt>
    <trkpt lat="49.443992" lon="20.673067">
      <ele>753</ele>
      <time>2026-05-07T10:15:27Z</time>
    </trkpt>
    <trkpt lat="49.44386" lon="20.67289">
      <ele>757</ele>
      <time>2026-05-07T10:15:55Z</time>
    </trkpt>
    <trkpt lat="49.44368" lon="20.672568">
      <ele>758</ele>
      <time>2026-05-07T10:16:40Z</time>
    </trkpt>
    <trkpt lat="49.443588" lon="20.672351">
      <ele>760</ele>
      <time>2026-05-07T10:17:07Z</time>
    </trkpt>
    <trkpt lat="49.443443" lon="20.67157">
      <ele>765</ele>
      <time>2026-05-07T10:18:32Z</time>
    </trkpt>
    <trkpt lat="49.443328" lon="20.671307">
      <ele>767</ele>
      <time>2026-05-07T10:19:06Z</time>
    </trkpt>
    <trkpt lat="49.443176" lon="20.671036">
      <ele>768</ele>
      <time>2026-05-07T10:19:43Z</time>
    </trkpt>
    <trkpt lat="49.442923" lon="20.670661">
      <ele>769</ele>
      <time>2026-05-07T10:20:40Z</time>
    </trkpt>
    <trkpt lat="49.442818" lon="20.670481">
      <ele>768</ele>
      <time>2026-05-07T10:21:05Z</time>
    </trkpt>
    <trkpt lat="49.442754" lon="20.670318">
      <ele>767</ele>
      <time>2026-05-07T10:21:25Z</time>
    </trkpt>
    <trkpt lat="49.442681" lon="20.670135">
      <ele>766</ele>
      <time>2026-05-07T10:21:48Z</time>
    </trkpt>
    <trkpt lat="49.442617" lon="20.670017">
      <ele>766</ele>
      <time>2026-05-07T10:22:04Z</time>
    </trkpt>
    <trkpt lat="49.442548" lon="20.669878">
      <ele>767</ele>
      <time>2026-05-07T10:22:22Z</time>
    </trkpt>
    <trkpt lat="49.442518" lon="20.669739">
      <ele>769</ele>
      <time>2026-05-07T10:22:38Z</time>
    </trkpt>
    <trkpt lat="49.442508" lon="20.669548">
      <ele>771</ele>
      <time>2026-05-07T10:22:58Z</time>
    </trkpt>
    <trkpt lat="49.44251" lon="20.669398">
      <ele>772</ele>
      <time>2026-05-07T10:23:14Z</time>
    </trkpt>
    <trkpt lat="49.442489" lon="20.66925">
      <ele>773</ele>
      <time>2026-05-07T10:23:29Z</time>
    </trkpt>
    <trkpt lat="49.442456" lon="20.669135">
      <ele>773</ele>
      <time>2026-05-07T10:23:43Z</time>
    </trkpt>
    <trkpt lat="49.44237" lon="20.669022">
      <ele>773</ele>
      <time>2026-05-07T10:24:01Z</time>
    </trkpt>
    <trkpt lat="49.442321" lon="20.668926">
      <ele>773</ele>
      <time>2026-05-07T10:24:14Z</time>
    </trkpt>
    <trkpt lat="49.442314" lon="20.668818">
      <ele>774</ele>
      <time>2026-05-07T10:24:25Z</time>
    </trkpt>
    <trkpt lat="49.442323" lon="20.668708">
      <ele>774</ele>
      <time>2026-05-07T10:24:37Z</time>
    </trkpt>
    <trkpt lat="49.442354" lon="20.668564">
      <ele>774</ele>
      <time>2026-05-07T10:24:52Z</time>
    </trkpt>
    <trkpt lat="49.442361" lon="20.668357">
      <ele>775</ele>
      <time>2026-05-07T10:25:14Z</time>
    </trkpt>
    <trkpt lat="49.442327" lon="20.668016">
      <ele>776</ele>
      <time>2026-05-07T10:25:50Z</time>
    </trkpt>
    <trkpt lat="49.442325" lon="20.667855">
      <ele>777</ele>
      <time>2026-05-07T10:26:07Z</time>
    </trkpt>
    <trkpt lat="49.442346" lon="20.66755">
      <ele>778</ele>
      <time>2026-05-07T10:26:39Z</time>
    </trkpt>
    <trkpt lat="49.442438" lon="20.666954">
      <ele>778</ele>
      <time>2026-05-07T10:27:43Z</time>
    </trkpt>
    <trkpt lat="49.442475" lon="20.666595">
      <ele>781</ele>
      <time>2026-05-07T10:28:22Z</time>
    </trkpt>
    <trkpt lat="49.442466" lon="20.666439">
      <ele>781</ele>
      <time>2026-05-07T10:28:38Z</time>
    </trkpt>
    <trkpt lat="49.442415" lon="20.666217">
      <ele>781</ele>
      <time>2026-05-07T10:29:03Z</time>
    </trkpt>
    <trkpt lat="49.442197" lon="20.665677">
      <ele>778</ele>
      <time>2026-05-07T10:30:09Z</time>
    </trkpt>
    <trkpt lat="49.44215" lon="20.664623">
      <ele>780</ele>
      <time>2026-05-07T10:32:00Z</time>
    </trkpt>
    <trkpt lat="49.442134" lon="20.664461">
      <ele>780</ele>
      <time>2026-05-07T10:32:17Z</time>
    </trkpt>
    <trkpt lat="49.44206" lon="20.664272">
      <ele>784</ele>
      <time>2026-05-07T10:32:41Z</time>
    </trkpt>
    <trkpt lat="49.441995" lon="20.66409">
      <ele>788</ele>
      <time>2026-05-07T10:33:03Z</time>
    </trkpt>
    <trkpt lat="49.441904" lon="20.663958">
      <ele>791</ele>
      <time>2026-05-07T10:33:23Z</time>
    </trkpt>
    <trkpt lat="49.441791" lon="20.663789">
      <ele>794</ele>
      <time>2026-05-07T10:33:49Z</time>
    </trkpt>
    <trkpt lat="49.441725" lon="20.663626">
      <ele>796</ele>
      <time>2026-05-07T10:34:10Z</time>
    </trkpt>
    <trkpt lat="49.441676" lon="20.663384">
      <ele>800</ele>
      <time>2026-05-07T10:34:37Z</time>
    </trkpt>
    <trkpt lat="49.441672" lon="20.663105">
      <ele>804</ele>
      <time>2026-05-07T10:35:07Z</time>
    </trkpt>
    <trkpt lat="49.441728" lon="20.66274">
      <ele>808</ele>
      <time>2026-05-07T10:35:46Z</time>
    </trkpt>
    <trkpt lat="49.441734" lon="20.662437">
      <ele>807</ele>
      <time>2026-05-07T10:36:18Z</time>
    </trkpt>
    <trkpt lat="49.441599" lon="20.661338">
      <ele>804</ele>
      <time>2026-05-07T10:38:15Z</time>
    </trkpt>
    <trkpt lat="49.441552" lon="20.661033">
      <ele>804</ele>
      <time>2026-05-07T10:38:55Z</time>
    </trkpt>
    <trkpt lat="49.441549" lon="20.660823">
      <ele>807</ele>
      <time>2026-05-07T10:39:22Z</time>
    </trkpt>
    <trkpt lat="49.441538" lon="20.660452">
      <ele>816</ele>
      <time>2026-05-07T10:40:11Z</time>
    </trkpt>
    <trkpt lat="49.441575" lon="20.660326">
      <ele>819</ele>
      <time>2026-05-07T10:40:30Z</time>
    </trkpt>
    <trkpt lat="49.441675" lon="20.660056">
      <ele>825</ele>
      <time>2026-05-07T10:41:11Z</time>
    </trkpt>
    <trkpt lat="49.441726" lon="20.659863">
      <ele>829</ele>
      <time>2026-05-07T10:41:38Z</time>
    </trkpt>
    <trkpt lat="49.441765" lon="20.659694">
      <ele>832</ele>
      <time>2026-05-07T10:42:02Z</time>
    </trkpt>
    <trkpt lat="49.441801" lon="20.659583">
      <ele>834</ele>
      <time>2026-05-07T10:42:17Z</time>
    </trkpt>
    <trkpt lat="49.441837" lon="20.659478">
      <ele>835</ele>
      <time>2026-05-07T10:42:33Z</time>
    </trkpt>
    <trkpt lat="49.44187" lon="20.659329">
      <ele>836</ele>
      <time>2026-05-07T10:42:53Z</time>
    </trkpt>
    <trkpt lat="49.44187" lon="20.659251">
      <ele>836</ele>
      <time>2026-05-07T10:43:03Z</time>
    </trkpt>
    <trkpt lat="49.441859" lon="20.659146">
      <ele>837</ele>
      <time>2026-05-07T10:43:16Z</time>
    </trkpt>
    <trkpt lat="49.441793" lon="20.659004">
      <ele>838</ele>
      <time>2026-05-07T10:43:38Z</time>
    </trkpt>
    <trkpt lat="49.441759" lon="20.658894">
      <ele>838</ele>
      <time>2026-05-07T10:43:54Z</time>
    </trkpt>
    <trkpt lat="49.441753" lon="20.6588">
      <ele>838</ele>
      <time>2026-05-07T10:44:06Z</time>
    </trkpt>
    <trkpt lat="49.441773" lon="20.658721">
      <ele>839</ele>
      <time>2026-05-07T10:44:17Z</time>
    </trkpt>
    <trkpt lat="49.441808" lon="20.658613">
      <ele>840</ele>
      <time>2026-05-07T10:44:32Z</time>
    </trkpt>
    <trkpt lat="49.441819" lon="20.658571">
      <ele>841</ele>
      <time>2026-05-07T10:44:38Z</time>
    </trkpt>
    <trkpt lat="49.441823" lon="20.658473">
      <ele>843</ele>
      <time>2026-05-07T10:44:51Z</time>
    </trkpt>
    <trkpt lat="49.441809" lon="20.658403">
      <ele>844</ele>
      <time>2026-05-07T10:45:00Z</time>
    </trkpt>
    <trkpt lat="49.441782" lon="20.658332">
      <ele>845</ele>
      <time>2026-05-07T10:45:11Z</time>
    </trkpt>
    <trkpt lat="49.441666" lon="20.658217">
      <ele>848</ele>
      <time>2026-05-07T10:45:38Z</time>
    </trkpt>
    <trkpt lat="49.441572" lon="20.658104">
      <ele>850</ele>
      <time>2026-05-07T10:46:02Z</time>
    </trkpt>
    <trkpt lat="49.441491" lon="20.657982">
      <ele>852</ele>
      <time>2026-05-07T10:46:24Z</time>
    </trkpt>
    <trkpt lat="49.441289" lon="20.657577">
      <ele>859</ele>
      <time>2026-05-07T10:47:30Z</time>
    </trkpt>
    <trkpt lat="49.44118" lon="20.657405">
      <ele>860</ele>
      <time>2026-05-07T10:48:01Z</time>
    </trkpt>
    <trkpt lat="49.441055" lon="20.657152">
      <ele>861</ele>
      <time>2026-05-07T10:48:41Z</time>
    </trkpt>
    <trkpt lat="49.441005" lon="20.656983">
      <ele>863</ele>
      <time>2026-05-07T10:49:05Z</time>
    </trkpt>
    <trkpt lat="49.440959" lon="20.656807">
      <ele>865</ele>
      <time>2026-05-07T10:49:29Z</time>
    </trkpt>
    <trkpt lat="49.440951" lon="20.656718">
      <ele>867</ele>
      <time>2026-05-07T10:49:41Z</time>
    </trkpt>
    <trkpt lat="49.440957" lon="20.65666">
      <ele>868</ele>
      <time>2026-05-07T10:49:49Z</time>
    </trkpt>
    <trkpt lat="49.440981" lon="20.656607">
      <ele>869</ele>
      <time>2026-05-07T10:49:57Z</time>
    </trkpt>
    <trkpt lat="49.441033" lon="20.656588">
      <ele>869</ele>
      <time>2026-05-07T10:50:08Z</time>
    </trkpt>
    <trkpt lat="49.441153" lon="20.656586">
      <ele>870</ele>
      <time>2026-05-07T10:50:31Z</time>
    </trkpt>
    <trkpt lat="49.441259" lon="20.65661">
      <ele>871</ele>
      <time>2026-05-07T10:50:52Z</time>
    </trkpt>
    <trkpt lat="49.441295" lon="20.65662">
      <ele>871</ele>
      <time>2026-05-07T10:50:59Z</time>
    </trkpt>
    <trkpt lat="49.441332" lon="20.656618">
      <ele>872</ele>
      <time>2026-05-07T10:51:06Z</time>
    </trkpt>
    <trkpt lat="49.441366" lon="20.656602">
      <ele>872</ele>
      <time>2026-05-07T10:51:13Z</time>
    </trkpt>
    <trkpt lat="49.441389" lon="20.656551">
      <ele>872</ele>
      <time>2026-05-07T10:51:21Z</time>
    </trkpt>
    <trkpt lat="49.441407" lon="20.656451">
      <ele>872</ele>
      <time>2026-05-07T10:51:34Z</time>
    </trkpt>
    <trkpt lat="49.441422" lon="20.656321">
      <ele>873</ele>
      <time>2026-05-07T10:51:51Z</time>
    </trkpt>
    <trkpt lat="49.441452" lon="20.656219">
      <ele>874</ele>
      <time>2026-05-07T10:52:05Z</time>
    </trkpt>
    <trkpt lat="49.441522" lon="20.656074">
      <ele>876</ele>
      <time>2026-05-07T10:52:29Z</time>
    </trkpt>
    <trkpt lat="49.441613" lon="20.655898">
      <ele>880</ele>
      <time>2026-05-07T10:52:58Z</time>
    </trkpt>
    <trkpt lat="49.441647" lon="20.655752">
      <ele>883</ele>
      <time>2026-05-07T10:53:18Z</time>
    </trkpt>
    <trkpt lat="49.441679" lon="20.655664">
      <ele>885</ele>
      <time>2026-05-07T10:53:31Z</time>
    </trkpt>
    <trkpt lat="49.441714" lon="20.655591">
      <ele>886</ele>
      <time>2026-05-07T10:53:43Z</time>
    </trkpt>
    <trkpt lat="49.441753" lon="20.655539">
      <ele>887</ele>
      <time>2026-05-07T10:53:53Z</time>
    </trkpt>
    <trkpt lat="49.441845" lon="20.655407">
      <ele>888</ele>
      <time>2026-05-07T10:54:18Z</time>
    </trkpt>
    <trkpt lat="49.441896" lon="20.655288">
      <ele>889</ele>
      <time>2026-05-07T10:54:36Z</time>
    </trkpt>
    <trkpt lat="49.441976" lon="20.655038">
      <ele>888</ele>
      <time>2026-05-07T10:55:11Z</time>
    </trkpt>
    <trkpt lat="49.442054" lon="20.654884">
      <ele>888</ele>
      <time>2026-05-07T10:55:36Z</time>
    </trkpt>
    <trkpt lat="49.442113" lon="20.654801">
      <ele>889</ele>
      <time>2026-05-07T10:55:52Z</time>
    </trkpt>
    <trkpt lat="49.442184" lon="20.654734">
      <ele>889</ele>
      <time>2026-05-07T10:56:08Z</time>
    </trkpt>
    <trkpt lat="49.442243" lon="20.654696">
      <ele>889</ele>
      <time>2026-05-07T10:56:21Z</time>
    </trkpt>
    <trkpt lat="49.442675" lon="20.65422">
      <ele>899</ele>
      <time>2026-05-07T10:58:06Z</time>
    </trkpt>
    <trkpt lat="49.442995" lon="20.653982">
      <ele>902</ele>
      <time>2026-05-07T10:59:15Z</time>
    </trkpt>
    <trkpt lat="49.442946" lon="20.653645">
      <ele>908</ele>
      <time>2026-05-07T11:00:00Z</time>
    </trkpt>
    <trkpt lat="49.442895" lon="20.653278">
      <ele>911</ele>
      <time>2026-05-07T11:00:48Z</time>
    </trkpt>
    <trkpt lat="49.442902" lon="20.652999">
      <ele>913</ele>
      <time>2026-05-07T11:01:23Z</time>
    </trkpt>
    <trkpt lat="49.44289" lon="20.652781">
      <ele>914</ele>
      <time>2026-05-07T11:01:51Z</time>
    </trkpt>
    <trkpt lat="49.44293" lon="20.652502">
      <ele>918</ele>
      <time>2026-05-07T11:02:28Z</time>
    </trkpt>
    <trkpt lat="49.442941" lon="20.652329">
      <ele>919</ele>
      <time>2026-05-07T11:02:50Z</time>
    </trkpt>
    <trkpt lat="49.442967" lon="20.652206">
      <ele>920</ele>
      <time>2026-05-07T11:03:07Z</time>
    </trkpt>
    <trkpt lat="49.443116" lon="20.651902">
      <ele>925</ele>
      <time>2026-05-07T11:03:56Z</time>
    </trkpt>
    <trkpt lat="49.443133" lon="20.651801">
      <ele>927</ele>
      <time>2026-05-07T11:04:09Z</time>
    </trkpt>
    <trkpt lat="49.443185" lon="20.651664">
      <ele>929</ele>
      <time>2026-05-07T11:04:30Z</time>
    </trkpt>
    <trkpt lat="49.443212" lon="20.651564">
      <ele>932</ele>
      <time>2026-05-07T11:04:44Z</time>
    </trkpt>
    <trkpt lat="49.44326" lon="20.651478">
      <ele>934</ele>
      <time>2026-05-07T11:04:59Z</time>
    </trkpt>
    <trkpt lat="49.443297" lon="20.651328">
      <ele>938</ele>
      <time>2026-05-07T11:05:21Z</time>
    </trkpt>
    <trkpt lat="49.44335" lon="20.651189">
      <ele>942</ele>
      <time>2026-05-07T11:05:42Z</time>
    </trkpt>
    <trkpt lat="49.443424" lon="20.651063">
      <ele>944</ele>
      <time>2026-05-07T11:06:04Z</time>
    </trkpt>
    <trkpt lat="49.443519" lon="20.650921">
      <ele>946</ele>
      <time>2026-05-07T11:06:30Z</time>
    </trkpt>
    <trkpt lat="49.443584" lon="20.650822">
      <ele>948</ele>
      <time>2026-05-07T11:06:48Z</time>
    </trkpt>
    <trkpt lat="49.443635" lon="20.650722">
      <ele>950</ele>
      <time>2026-05-07T11:07:05Z</time>
    </trkpt>
    <trkpt lat="49.443845" lon="20.65013">
      <ele>960</ele>
      <time>2026-05-07T11:08:32Z</time>
    </trkpt>
    <trkpt lat="49.443863" lon="20.65006">
      <ele>962</ele>
      <time>2026-05-07T11:08:42Z</time>
    </trkpt>
    <trkpt lat="49.443897" lon="20.649987">
      <ele>963</ele>
      <time>2026-05-07T11:08:54Z</time>
    </trkpt>
    <trkpt lat="49.44391" lon="20.64991">
      <ele>964</ele>
      <time>2026-05-07T11:09:04Z</time>
    </trkpt>
    <trkpt lat="49.444" lon="20.649757">
      <ele>965</ele>
      <time>2026-05-07T11:09:30Z</time>
    </trkpt>
    <trkpt lat="49.444064" lon="20.64974">
      <ele>965</ele>
      <time>2026-05-07T11:09:43Z</time>
    </trkpt>
    <trkpt lat="49.444101" lon="20.649712">
      <ele>964</ele>
      <time>2026-05-07T11:09:51Z</time>
    </trkpt>
    <trkpt lat="49.444249" lon="20.649549">
      <ele>963</ele>
      <time>2026-05-07T11:10:27Z</time>
    </trkpt>
    <trkpt lat="49.444273" lon="20.649494">
      <ele>963</ele>
      <time>2026-05-07T11:10:35Z</time>
    </trkpt>
    <trkpt lat="49.444284" lon="20.649378">
      <ele>964</ele>
      <time>2026-05-07T11:10:50Z</time>
    </trkpt>
    <trkpt lat="49.444333" lon="20.649289">
      <ele>965</ele>
      <time>2026-05-07T11:11:05Z</time>
    </trkpt>
    <trkpt lat="49.444461" lon="20.649182">
      <ele>966</ele>
      <time>2026-05-07T11:11:33Z</time>
    </trkpt>
    <trkpt lat="49.444502" lon="20.649123">
      <ele>967</ele>
      <time>2026-05-07T11:11:45Z</time>
    </trkpt>
    <trkpt lat="49.444514" lon="20.649034">
      <ele>969</ele>
      <time>2026-05-07T11:11:57Z</time>
    </trkpt>
    <trkpt lat="49.444519" lon="20.648959">
      <ele>971</ele>
      <time>2026-05-07T11:12:07Z</time>
    </trkpt>
    <trkpt lat="49.444538" lon="20.648922">
      <ele>972</ele>
      <time>2026-05-07T11:12:13Z</time>
    </trkpt>
    <trkpt lat="49.444605" lon="20.648857">
      <ele>973</ele>
      <time>2026-05-07T11:12:29Z</time>
    </trkpt>
    <trkpt lat="49.444674" lon="20.648808">
      <ele>974</ele>
      <time>2026-05-07T11:12:44Z</time>
    </trkpt>
    <trkpt lat="49.444709" lon="20.648757">
      <ele>975</ele>
      <time>2026-05-07T11:12:53Z</time>
    </trkpt>
    <trkpt lat="49.444728" lon="20.64866">
      <ele>976</ele>
      <time>2026-05-07T11:13:06Z</time>
    </trkpt>
    <trkpt lat="49.444853" lon="20.648334">
      <ele>978</ele>
      <time>2026-05-07T11:13:54Z</time>
    </trkpt>
    <trkpt lat="49.444964" lon="20.648084">
      <ele>979</ele>
      <time>2026-05-07T11:14:33Z</time>
    </trkpt>
    <trkpt lat="49.445011" lon="20.647897">
      <ele>980</ele>
      <time>2026-05-07T11:14:58Z</time>
    </trkpt>
    <trkpt lat="49.445076" lon="20.647524">
      <ele>977</ele>
      <time>2026-05-07T11:15:47Z</time>
    </trkpt>
    <trkpt lat="49.445185" lon="20.647131">
      <ele>974</ele>
      <time>2026-05-07T11:16:42Z</time>
    </trkpt>
    <trkpt lat="49.44524" lon="20.646952">
      <ele>974</ele>
      <time>2026-05-07T11:17:07Z</time>
    </trkpt>
    <trkpt lat="49.445269" lon="20.646773">
      <ele>975</ele>
      <time>2026-05-07T11:17:30Z</time>
    </trkpt>
    <trkpt lat="49.445315" lon="20.64643">
      <ele>977</ele>
      <time>2026-05-07T11:18:15Z</time>
    </trkpt>
    <trkpt lat="49.44537" lon="20.645671">
      <ele>978</ele>
      <time>2026-05-07T11:19:13Z</time>
    </trkpt>
    <trkpt lat="49.445386" lon="20.645396">
      <ele>978</ele>
      <time>2026-05-07T11:19:34Z</time>
    </trkpt>
    <trkpt lat="49.445414" lon="20.645113">
      <ele>976</ele>
      <time>2026-05-07T11:19:56Z</time>
    </trkpt>
    <trkpt lat="49.445442" lon="20.644992">
      <ele>976</ele>
      <time>2026-05-07T11:20:06Z</time>
    </trkpt>
    <trkpt lat="49.445507" lon="20.644731">
      <ele>974</ele>
      <time>2026-05-07T11:20:28Z</time>
    </trkpt>
    <trkpt lat="49.445562" lon="20.644567">
      <ele>974</ele>
      <time>2026-05-07T11:20:42Z</time>
    </trkpt>
    <trkpt lat="49.445681" lon="20.644328">
      <ele>973</ele>
      <time>2026-05-07T11:21:05Z</time>
    </trkpt>
    <trkpt lat="49.445762" lon="20.64407">
      <ele>973</ele>
      <time>2026-05-07T11:21:27Z</time>
    </trkpt>
    <trkpt lat="49.445811" lon="20.643817">
      <ele>973</ele>
      <time>2026-05-07T11:21:47Z</time>
    </trkpt>
    <trkpt lat="49.445865" lon="20.643536">
      <ele>972</ele>
      <time>2026-05-07T11:22:09Z</time>
    </trkpt>
    <trkpt lat="49.445922" lon="20.643256">
      <ele>974</ele>
      <time>2026-05-07T11:22:32Z</time>
    </trkpt>
    <trkpt lat="49.445975" lon="20.642844">
      <ele>976</ele>
      <time>2026-05-07T11:23:04Z</time>
    </trkpt>
    <trkpt lat="49.445975" lon="20.642697">
      <ele>976</ele>
      <time>2026-05-07T11:23:15Z</time>
    </trkpt>
    <trkpt lat="49.445959" lon="20.642611">
      <ele>976</ele>
      <time>2026-05-07T11:23:24Z</time>
    </trkpt>
    <trkpt lat="49.445933" lon="20.642425">
      <ele>976</ele>
      <time>2026-05-07T11:23:42Z</time>
    </trkpt>
    <trkpt lat="49.445935" lon="20.642281">
      <ele>976</ele>
      <time>2026-05-07T11:23:57Z</time>
    </trkpt>
    <trkpt lat="49.445992" lon="20.641835">
      <ele>980</ele>
      <time>2026-05-07T11:24:42Z</time>
    </trkpt>
    <trkpt lat="49.446003" lon="20.641623">
      <ele>983</ele>
      <time>2026-05-07T11:25:03Z</time>
    </trkpt>
    <trkpt lat="49.445977" lon="20.641261">
      <ele>986</ele>
      <time>2026-05-07T11:25:39Z</time>
    </trkpt>
    <trkpt lat="49.44593" lon="20.64098">
      <ele>990</ele>
      <time>2026-05-07T11:26:08Z</time>
    </trkpt>
    <trkpt lat="49.44586" lon="20.640679">
      <ele>994</ele>
      <time>2026-05-07T11:26:40Z</time>
    </trkpt>
    <trkpt lat="49.445811" lon="20.640209">
      <ele>1000</ele>
      <time>2026-05-07T11:27:27Z</time>
    </trkpt>
    <trkpt lat="49.445706" lon="20.639816">
      <ele>1004</ele>
      <time>2026-05-07T11:28:09Z</time>
    </trkpt>
    <trkpt lat="49.44559" lon="20.63951">
      <ele>1007</ele>
      <time>2026-05-07T11:28:44Z</time>
    </trkpt>
    <trkpt lat="49.445506" lon="20.639202">
      <ele>1012</ele>
      <time>2026-05-07T11:29:18Z</time>
    </trkpt>
    <trkpt lat="49.445379" lon="20.638901">
      <ele>1016</ele>
      <time>2026-05-07T11:29:53Z</time>
    </trkpt>
    <trkpt lat="49.445213" lon="20.638572">
      <ele>1016</ele>
      <time>2026-05-07T11:30:34Z</time>
    </trkpt>
    <trkpt lat="49.444924" lon="20.638144">
      <ele>1019</ele>
      <time>2026-05-07T11:31:35Z</time>
    </trkpt>
    <trkpt lat="49.444555" lon="20.637774">
      <ele>1016</ele>
      <time>2026-05-07T11:32:42Z</time>
    </trkpt>
    <trkpt lat="49.444239" lon="20.637444">
      <ele>1013</ele>
      <time>2026-05-07T11:33:39Z</time>
    </trkpt>
    <trkpt lat="49.443807" lon="20.636868">
      <ele>1013</ele>
      <time>2026-05-07T11:35:06Z</time>
    </trkpt>
    <trkpt lat="49.443408" lon="20.636173">
      <ele>1014</ele>
      <time>2026-05-07T11:36:37Z</time>
    </trkpt>
    <trkpt lat="49.443154" lon="20.635804">
      <ele>1015</ele>
      <time>2026-05-07T11:37:29Z</time>
    </trkpt>
    <trkpt lat="49.442825" lon="20.635408">
      <ele>1019</ele>
      <time>2026-05-07T11:38:33Z</time>
    </trkpt>
    <trkpt lat="49.44256" lon="20.635106">
      <ele>1023</ele>
      <time>2026-05-07T11:39:23Z</time>
    </trkpt>
    <trkpt lat="49.442245" lon="20.634913">
      <ele>1028</ele>
      <time>2026-05-07T11:40:14Z</time>
    </trkpt>
    <trkpt lat="49.441957" lon="20.634379">
      <ele>1035</ele>
      <time>2026-05-07T11:41:23Z</time>
    </trkpt>
    <trkpt lat="49.441849" lon="20.634207">
      <ele>1034</ele>
      <time>2026-05-07T11:41:47Z</time>
    </trkpt>
    <trkpt lat="49.441727" lon="20.634009">
      <ele>1034</ele>
      <time>2026-05-07T11:42:14Z</time>
    </trkpt>
    <trkpt lat="49.441567" lon="20.633653">
      <ele>1035</ele>
      <time>2026-05-07T11:42:56Z</time>
    </trkpt>
    <trkpt lat="49.441524" lon="20.633397">
      <ele>1038</ele>
      <time>2026-05-07T11:43:22Z</time>
    </trkpt>
    <trkpt lat="49.441395" lon="20.63315">
      <ele>1039</ele>
      <time>2026-05-07T11:43:53Z</time>
    </trkpt>
    <trkpt lat="49.44128" lon="20.632898">
      <ele>1037</ele>
      <time>2026-05-07T11:44:24Z</time>
    </trkpt>
    <trkpt lat="49.441172" lon="20.632544">
      <ele>1035</ele>
      <time>2026-05-07T11:45:02Z</time>
    </trkpt>
    <trkpt lat="49.441007" lon="20.631947">
      <ele>1031</ele>
      <time>2026-05-07T11:46:06Z</time>
    </trkpt>
    <trkpt lat="49.440952" lon="20.63147">
      <ele>1030</ele>
      <time>2026-05-07T11:46:54Z</time>
    </trkpt>
    <trkpt lat="49.440941" lon="20.630508">
      <ele>1032</ele>
      <time>2026-05-07T11:48:28Z</time>
    </trkpt>
    <trkpt lat="49.440874" lon="20.630308">
      <ele>1035</ele>
      <time>2026-05-07T11:48:51Z</time>
    </trkpt>
    <trkpt lat="49.440838" lon="20.630098">
      <ele>1037</ele>
      <time>2026-05-07T11:49:12Z</time>
    </trkpt>
    <trkpt lat="49.440822" lon="20.629631">
      <ele>1040</ele>
      <time>2026-05-07T11:49:58Z</time>
    </trkpt>
    <trkpt lat="49.440818" lon="20.62897">
      <ele>1039</ele>
      <time>2026-05-07T11:51:03Z</time>
    </trkpt>
    <trkpt lat="49.440867" lon="20.628569">
      <ele>1039</ele>
      <time>2026-05-07T11:51:43Z</time>
    </trkpt>
    <trkpt lat="49.440987" lon="20.627942">
      <ele>1038</ele>
      <time>2026-05-07T11:52:47Z</time>
    </trkpt>
    <trkpt lat="49.441028" lon="20.627732">
      <ele>1038</ele>
      <time>2026-05-07T11:53:09Z</time>
    </trkpt>
    <trkpt lat="49.441038" lon="20.627395">
      <ele>1037</ele>
      <time>2026-05-07T11:53:42Z</time>
    </trkpt>
    <trkpt lat="49.440984" lon="20.627025">
      <ele>1035</ele>
      <time>2026-05-07T11:54:19Z</time>
    </trkpt>
    <trkpt lat="49.440893" lon="20.626703">
      <ele>1035</ele>
      <time>2026-05-07T11:54:54Z</time>
    </trkpt>
    <trkpt lat="49.440811" lon="20.626445">
      <ele>1034</ele>
      <time>2026-05-07T11:55:22Z</time>
    </trkpt>
    <trkpt lat="49.440717" lon="20.626179">
      <ele>1033</ele>
      <time>2026-05-07T11:55:52Z</time>
    </trkpt>
    <trkpt lat="49.44057" lon="20.625847">
      <ele>1034</ele>
      <time>2026-05-07T11:56:31Z</time>
    </trkpt>
    <trkpt lat="49.440488" lon="20.625552">
      <ele>1036</ele>
      <time>2026-05-07T11:57:03Z</time>
    </trkpt>
    <trkpt lat="49.440385" lon="20.625203">
      <ele>1038</ele>
      <time>2026-05-07T11:57:41Z</time>
    </trkpt>
    <trkpt lat="49.44023" lon="20.62475">
      <ele>1043</ele>
      <time>2026-05-07T11:58:31Z</time>
    </trkpt>
    <trkpt lat="49.440026" lon="20.624278">
      <ele>1046</ele>
      <time>2026-05-07T11:59:27Z</time>
    </trkpt>
    <trkpt lat="49.439962" lon="20.624071">
      <ele>1045</ele>
      <time>2026-05-07T11:59:50Z</time>
    </trkpt>
    <trkpt lat="49.439925" lon="20.623846">
      <ele>1044</ele>
      <time>2026-05-07T12:00:13Z</time>
    </trkpt>
    <trkpt lat="49.439923" lon="20.623731">
      <ele>1044</ele>
      <time>2026-05-07T12:00:24Z</time>
    </trkpt>
    <trkpt lat="49.439918" lon="20.623454">
      <ele>1043</ele>
      <time>2026-05-07T12:00:51Z</time>
    </trkpt>
    <trkpt lat="49.43992" lon="20.622872">
      <ele>1046</ele>
      <time>2026-05-07T12:01:48Z</time>
    </trkpt>
    <trkpt lat="49.439887" lon="20.622663">
      <ele>1048</ele>
      <time>2026-05-07T12:02:10Z</time>
    </trkpt>
    <trkpt lat="49.439852" lon="20.622518">
      <ele>1049</ele>
      <time>2026-05-07T12:02:25Z</time>
    </trkpt>
    <trkpt lat="49.439749" lon="20.622199">
      <ele>1053</ele>
      <time>2026-05-07T12:03:00Z</time>
    </trkpt>
    <trkpt lat="49.439719" lon="20.622027">
      <ele>1055</ele>
      <time>2026-05-07T12:03:18Z</time>
    </trkpt>
    <trkpt lat="49.439714" lon="20.621952">
      <ele>1056</ele>
      <time>2026-05-07T12:03:25Z</time>
    </trkpt>
    <trkpt lat="49.439705" lon="20.621829">
      <ele>1058</ele>
      <time>2026-05-07T12:03:38Z</time>
    </trkpt>
    <trkpt lat="49.439716" lon="20.621606">
      <ele>1061</ele>
      <time>2026-05-07T12:04:00Z</time>
    </trkpt>
    <trkpt lat="49.439707" lon="20.621472">
      <ele>1062</ele>
      <time>2026-05-07T12:04:14Z</time>
    </trkpt>
    <trkpt lat="49.439646" lon="20.621212">
      <ele>1066</ele>
      <time>2026-05-07T12:04:41Z</time>
    </trkpt>
    <trkpt lat="49.439618" lon="20.620984">
      <ele>1069</ele>
      <time>2026-05-07T12:05:04Z</time>
    </trkpt>
    <trkpt lat="49.439585" lon="20.620651">
      <ele>1075</ele>
      <time>2026-05-07T12:05:39Z</time>
    </trkpt>
    <trkpt lat="49.439526" lon="20.620394">
      <ele>1082</ele>
      <time>2026-05-07T12:06:07Z</time>
    </trkpt>
    <trkpt lat="49.439508" lon="20.62026">
      <ele>1085</ele>
      <time>2026-05-07T12:06:21Z</time>
    </trkpt>
    <trkpt lat="49.439511" lon="20.619883">
      <ele>1088</ele>
      <time>2026-05-07T12:06:58Z</time>
    </trkpt>
    <trkpt lat="49.439505" lon="20.619721">
      <ele>1089</ele>
      <time>2026-05-07T12:07:14Z</time>
    </trkpt>
    <trkpt lat="49.439437" lon="20.619433">
      <ele>1091</ele>
      <time>2026-05-07T12:07:44Z</time>
    </trkpt>
    <trkpt lat="49.439306" lon="20.619034">
      <ele>1096</ele>
      <time>2026-05-07T12:08:29Z</time>
    </trkpt>
    <trkpt lat="49.439241" lon="20.618774">
      <ele>1099</ele>
      <time>2026-05-07T12:08:56Z</time>
    </trkpt>
    <trkpt lat="49.439189" lon="20.618381">
      <ele>1104</ele>
      <time>2026-05-07T12:09:36Z</time>
    </trkpt>
    <trkpt lat="49.439161" lon="20.618173">
      <ele>1107</ele>
      <time>2026-05-07T12:09:57Z</time>
    </trkpt>
    <trkpt lat="49.439109" lon="20.617365">
      <ele>1109</ele>
      <time>2026-05-07T12:11:17Z</time>
    </trkpt>
    <trkpt lat="49.439102" lon="20.617078">
      <ele>1108</ele>
      <time>2026-05-07T12:11:45Z</time>
    </trkpt>
    <trkpt lat="49.439079" lon="20.616738">
      <ele>1106</ele>
      <time>2026-05-07T12:12:19Z</time>
    </trkpt>
    <trkpt lat="49.439086" lon="20.616534">
      <ele>1105</ele>
      <time>2026-05-07T12:12:39Z</time>
    </trkpt>
    <trkpt lat="49.439126" lon="20.616164">
      <ele>1106</ele>
      <time>2026-05-07T12:13:16Z</time>
    </trkpt>
    <trkpt lat="49.439206" lon="20.615823">
      <ele>1109</ele>
      <time>2026-05-07T12:13:52Z</time>
    </trkpt>
    <trkpt lat="49.439241" lon="20.615558">
      <ele>1112</ele>
      <time>2026-05-07T12:14:19Z</time>
    </trkpt>
    <trkpt lat="49.439262" lon="20.615218">
      <ele>1114</ele>
      <time>2026-05-07T12:14:52Z</time>
    </trkpt>
    <trkpt lat="49.439266" lon="20.614834">
      <ele>1117</ele>
      <time>2026-05-07T12:15:30Z</time>
    </trkpt>
    <trkpt lat="49.439267" lon="20.614546">
      <ele>1118</ele>
      <time>2026-05-07T12:15:59Z</time>
    </trkpt>
    <trkpt lat="49.439231" lon="20.614292">
      <ele>1120</ele>
      <time>2026-05-07T12:16:24Z</time>
    </trkpt>
    <trkpt lat="49.439198" lon="20.614077">
      <ele>1122</ele>
      <time>2026-05-07T12:16:46Z</time>
    </trkpt>
    <trkpt lat="49.43914" lon="20.613948">
      <ele>1123</ele>
      <time>2026-05-07T12:17:02Z</time>
    </trkpt>
    <trkpt lat="49.439097" lon="20.613745">
      <ele>1126</ele>
      <time>2026-05-07T12:17:23Z</time>
    </trkpt>
    <trkpt lat="49.439077" lon="20.613441">
      <ele>1130</ele>
      <time>2026-05-07T12:17:53Z</time>
    </trkpt>
    <trkpt lat="49.439062" lon="20.613224">
      <ele>1133</ele>
      <time>2026-05-07T12:18:15Z</time>
    </trkpt>
    <trkpt lat="49.439014" lon="20.61301">
      <ele>1135</ele>
      <time>2026-05-07T12:18:38Z</time>
    </trkpt>
    <trkpt lat="49.438948" lon="20.612859">
      <ele>1136</ele>
      <time>2026-05-07T12:18:56Z</time>
    </trkpt>
    <trkpt lat="49.4388" lon="20.612567">
      <ele>1139</ele>
      <time>2026-05-07T12:19:32Z</time>
    </trkpt>
    <trkpt lat="49.438695" lon="20.612267">
      <ele>1141</ele>
      <time>2026-05-07T12:20:06Z</time>
    </trkpt>
    <trkpt lat="49.438552" lon="20.611883">
      <ele>1141</ele>
      <time>2026-05-07T12:20:49Z</time>
    </trkpt>
    <trkpt lat="49.438436" lon="20.611556">
      <ele>1141</ele>
      <time>2026-05-07T12:21:26Z</time>
    </trkpt>
    <trkpt lat="49.438317" lon="20.611298">
      <ele>1141</ele>
      <time>2026-05-07T12:21:57Z</time>
    </trkpt>
    <trkpt lat="49.438172" lon="20.610982">
      <ele>1141</ele>
      <time>2026-05-07T12:22:35Z</time>
    </trkpt>
    <trkpt lat="49.438125" lon="20.610781">
      <ele>1142</ele>
      <time>2026-05-07T12:22:56Z</time>
    </trkpt>
    <trkpt lat="49.438128" lon="20.610585">
      <ele>1142</ele>
      <time>2026-05-07T12:23:15Z</time>
    </trkpt>
    <trkpt lat="49.438188" lon="20.610539">
      <ele>1142</ele>
      <time>2026-05-07T12:23:22Z</time>
    </trkpt>
    <trkpt lat="49.438445" lon="20.610385">
      <ele>1142</ele>
      <time>2026-05-07T12:23:52Z</time>
    </trkpt>
    <trkpt lat="49.438732" lon="20.61014">
      <ele>1143</ele>
      <time>2026-05-07T12:24:28Z</time>
    </trkpt>
    <trkpt lat="49.438985" lon="20.609944">
      <ele>1146</ele>
      <time>2026-05-07T12:24:58Z</time>
    </trkpt>
    <trkpt lat="49.439081" lon="20.609829">
      <ele>1146</ele>
      <time>2026-05-07T12:25:12Z</time>
    </trkpt>
    <trkpt lat="49.439172" lon="20.609705">
      <ele>1146</ele>
      <time>2026-05-07T12:25:25Z</time>
    </trkpt>
    <trkpt lat="49.439436" lon="20.609257">
      <ele>1142</ele>
      <time>2026-05-07T12:26:07Z</time>
    </trkpt>
    <trkpt lat="49.439557" lon="20.609123">
      <ele>1142</ele>
      <time>2026-05-07T12:26:24Z</time>
    </trkpt>
    <trkpt lat="49.439917" lon="20.608681">
      <ele>1142</ele>
      <time>2026-05-07T12:27:13Z</time>
    </trkpt>
    <trkpt lat="49.440049" lon="20.608503">
      <ele>1141</ele>
      <time>2026-05-07T12:27:32Z</time>
    </trkpt>
    <trkpt lat="49.440185" lon="20.608281">
      <ele>1140</ele>
      <time>2026-05-07T12:27:54Z</time>
    </trkpt>
    <trkpt lat="49.440244" lon="20.608222">
      <ele>1140</ele>
      <time>2026-05-07T12:28:02Z</time>
    </trkpt>
    <trkpt lat="49.440337" lon="20.608208">
      <ele>1140</ele>
      <time>2026-05-07T12:28:12Z</time>
    </trkpt>
    <trkpt lat="49.440612" lon="20.608176">
      <ele>1136</ele>
      <time>2026-05-07T12:28:42Z</time>
    </trkpt>
    <trkpt lat="49.440804" lon="20.608131">
      <ele>1131</ele>
      <time>2026-05-07T12:29:03Z</time>
    </trkpt>
    <trkpt lat="49.441092" lon="20.608093">
      <ele>1129</ele>
      <time>2026-05-07T12:29:35Z</time>
    </trkpt>
    <trkpt lat="49.441193" lon="20.60805">
      <ele>1127</ele>
      <time>2026-05-07T12:29:46Z</time>
    </trkpt>
    <trkpt lat="49.441337" lon="20.608048">
      <ele>1125</ele>
      <time>2026-05-07T12:30:02Z</time>
    </trkpt>
    <trkpt lat="49.44146" lon="20.60801">
      <ele>1123</ele>
      <time>2026-05-07T12:30:16Z</time>
    </trkpt>
    <trkpt lat="49.441552" lon="20.607946">
      <ele>1120</ele>
      <time>2026-05-07T12:30:27Z</time>
    </trkpt>
    <trkpt lat="49.441711" lon="20.607779">
      <ele>1116</ele>
      <time>2026-05-07T12:30:48Z</time>
    </trkpt>
    <trkpt lat="49.441807" lon="20.607688">
      <ele>1113</ele>
      <time>2026-05-07T12:31:00Z</time>
    </trkpt>
    <trkpt lat="49.441889" lon="20.607592">
      <ele>1112</ele>
      <time>2026-05-07T12:31:12Z</time>
    </trkpt>
    <trkpt lat="49.44195" lon="20.607487">
      <ele>1112</ele>
      <time>2026-05-07T12:31:22Z</time>
    </trkpt>
    <trkpt lat="49.441986" lon="20.607358">
      <ele>1110</ele>
      <time>2026-05-07T12:31:32Z</time>
    </trkpt>
    <trkpt lat="49.442004" lon="20.607211">
      <ele>1109</ele>
      <time>2026-05-07T12:31:42Z</time>
    </trkpt>
    <trkpt lat="49.442032" lon="20.607155">
      <ele>1109</ele>
      <time>2026-05-07T12:31:47Z</time>
    </trkpt>
    <trkpt lat="49.442107" lon="20.607034">
      <ele>1109</ele>
      <time>2026-05-07T12:31:59Z</time>
    </trkpt>
    <trkpt lat="49.442265" lon="20.606832">
      <ele>1110</ele>
      <time>2026-05-07T12:32:21Z</time>
    </trkpt>
    <trkpt lat="49.442459" lon="20.60661">
      <ele>1111</ele>
      <time>2026-05-07T12:32:47Z</time>
    </trkpt>
    <trkpt lat="49.442619" lon="20.606451">
      <ele>1113</ele>
      <time>2026-05-07T12:33:08Z</time>
    </trkpt>
    <trkpt lat="49.442671" lon="20.606392">
      <ele>1113</ele>
      <time>2026-05-07T12:33:15Z</time>
    </trkpt>
    <trkpt lat="49.442675" lon="20.60635">
      <ele>1113</ele>
      <time>2026-05-07T12:33:18Z</time>
    </trkpt>
    <trkpt lat="49.442689" lon="20.606305">
      <ele>1113</ele>
      <time>2026-05-07T12:33:23Z</time>
    </trkpt>
    <trkpt lat="49.442711" lon="20.606249">
      <ele>1113</ele>
      <time>2026-05-07T12:33:28Z</time>
    </trkpt>
    <trkpt lat="49.442787" lon="20.606124">
      <ele>1111</ele>
      <time>2026-05-07T12:33:42Z</time>
    </trkpt>
    <trkpt lat="49.442875" lon="20.60599">
      <ele>1109</ele>
      <time>2026-05-07T12:33:58Z</time>
    </trkpt>
    <trkpt lat="49.442973" lon="20.605853">
      <ele>1107</ele>
      <time>2026-05-07T12:34:15Z</time>
    </trkpt>
    <trkpt lat="49.443045" lon="20.605784">
      <ele>1106</ele>
      <time>2026-05-07T12:34:26Z</time>
    </trkpt>
    <trkpt lat="49.443107" lon="20.605741">
      <ele>1106</ele>
      <time>2026-05-07T12:34:34Z</time>
    </trkpt>
    <trkpt lat="49.443242" lon="20.605663">
      <ele>1107</ele>
      <time>2026-05-07T12:34:52Z</time>
    </trkpt>
    <trkpt lat="49.443275" lon="20.605639">
      <ele>1107</ele>
      <time>2026-05-07T12:34:57Z</time>
    </trkpt>
    <trkpt lat="49.443303" lon="20.605612">
      <ele>1107</ele>
      <time>2026-05-07T12:35:01Z</time>
    </trkpt>
    <trkpt lat="49.443323" lon="20.605578">
      <ele>1107</ele>
      <time>2026-05-07T12:35:05Z</time>
    </trkpt>
    <trkpt lat="49.443401" lon="20.605604">
      <ele>1106</ele>
      <time>2026-05-07T12:35:15Z</time>
    </trkpt>
    <trkpt lat="49.443442" lon="20.605569">
      <ele>1108</ele>
      <time>2026-05-07T12:35:27Z</time>
    </trkpt>
    <trkpt lat="49.443514" lon="20.605542">
      <ele>1110</ele>
      <time>2026-05-07T12:35:46Z</time>
    </trkpt>
    <trkpt lat="49.443704" lon="20.605491">
      <ele>1117</ele>
      <time>2026-05-07T12:36:35Z</time>
    </trkpt>
    <trkpt lat="49.443811" lon="20.605494">
      <ele>1121</ele>
      <time>2026-05-07T12:37:02Z</time>
    </trkpt>
    <trkpt lat="49.443896" lon="20.605505">
      <ele>1124</ele>
      <time>2026-05-07T12:37:23Z</time>
    </trkpt>
    <trkpt lat="49.444025" lon="20.605486">
      <ele>1127</ele>
      <time>2026-05-07T12:37:56Z</time>
    </trkpt>
    <trkpt lat="49.4441" lon="20.605457">
      <ele>1130</ele>
      <time>2026-05-07T12:38:15Z</time>
    </trkpt>
    <trkpt lat="49.444182" lon="20.605416">
      <ele>1132</ele>
      <time>2026-05-07T12:38:37Z</time>
    </trkpt>
    <trkpt lat="49.44429" lon="20.605387">
      <ele>1134</ele>
      <time>2026-05-07T12:39:03Z</time>
    </trkpt>
    <trkpt lat="49.444362" lon="20.6054">
      <ele>1134</ele>
      <time>2026-05-07T12:39:21Z</time>
    </trkpt>
    <trkpt lat="49.444458" lon="20.605451">
      <ele>1135</ele>
      <time>2026-05-07T12:39:46Z</time>
    </trkpt>
    <trkpt lat="49.444541" lon="20.605451">
      <ele>1136</ele>
      <time>2026-05-07T12:40:06Z</time>
    </trkpt>
    <trkpt lat="49.444646" lon="20.605406">
      <ele>1137</ele>
      <time>2026-05-07T12:40:32Z</time>
    </trkpt>
    <trkpt lat="49.444789" lon="20.605404">
      <ele>1138</ele>
      <time>2026-05-07T12:41:07Z</time>
    </trkpt>
    <trkpt lat="49.445" lon="20.605408">
      <ele>1141</ele>
      <time>2026-05-07T12:41:59Z</time>
    </trkpt>
    <trkpt lat="49.445275" lon="20.605535">
      <ele>1151</ele>
      <time>2026-05-07T12:43:11Z</time>
    </trkpt>
    <trkpt lat="49.445457" lon="20.60565">
      <ele>1155</ele>
      <time>2026-05-07T12:44:00Z</time>
    </trkpt>
    <trkpt lat="49.445647" lon="20.605741">
      <ele>1159</ele>
      <time>2026-05-07T12:44:49Z</time>
    </trkpt>
    <trkpt lat="49.44575" lon="20.605781">
      <ele>1162</ele>
      <time>2026-05-07T12:45:15Z</time>
    </trkpt>
    <trkpt lat="49.445868" lon="20.60584">
      <ele>1165</ele>
      <time>2026-05-07T12:45:46Z</time>
    </trkpt>
    <trkpt lat="49.445947" lon="20.605867">
      <ele>1167</ele>
      <time>2026-05-07T12:46:06Z</time>
    </trkpt>
    <trkpt lat="49.446032" lon="20.605899">
      <ele>1170</ele>
      <time>2026-05-07T12:46:28Z</time>
    </trkpt>
    <trkpt lat="49.446142" lon="20.605931">
      <ele>1173</ele>
      <time>2026-05-07T12:46:56Z</time>
    </trkpt>
    <trkpt lat="49.446281" lon="20.605962">
      <ele>1179</ele>
      <time>2026-05-07T12:47:32Z</time>
    </trkpt>
    <trkpt lat="49.446398" lon="20.605994">
      <ele>1184</ele>
      <time>2026-05-07T12:48:03Z</time>
    </trkpt>
    <trkpt lat="49.446583" lon="20.606042">
      <ele>1192</ele>
      <time>2026-05-07T12:48:51Z</time>
    </trkpt>
    <trkpt lat="49.446812" lon="20.606129">
      <ele>1201</ele>
      <time>2026-05-07T12:49:52Z</time>
    </trkpt>
    <trkpt lat="49.446944" lon="20.606191">
      <ele>1206</ele>
      <time>2026-05-07T12:50:27Z</time>
    </trkpt>
    <trkpt lat="49.447059" lon="20.606277">
      <ele>1210</ele>
      <time>2026-05-07T12:50:59Z</time>
    </trkpt>
    <trkpt lat="49.447101" lon="20.606342">
      <ele>1212</ele>
      <time>2026-05-07T12:51:15Z</time>
    </trkpt>
    <trkpt lat="49.447159" lon="20.606403">
      <ele>1215</ele>
      <time>2026-05-07T12:51:32Z</time>
    </trkpt>
    <trkpt lat="49.447325" lon="20.606497">
      <ele>1222</ele>
      <time>2026-05-07T12:52:18Z</time>
    </trkpt>
    <trkpt lat="49.447638" lon="20.606663">
      <ele>1232</ele>
      <time>2026-05-07T12:53:41Z</time>
    </trkpt>
    <trkpt lat="49.447804" lon="20.606777">
      <ele>1237</ele>
      <time>2026-05-07T12:54:26Z</time>
    </trkpt>
    <trkpt lat="49.447905" lon="20.606839">
      <ele>1239</ele>
      <time>2026-05-07T12:54:53Z</time>
    </trkpt>
    <trkpt lat="49.448028" lon="20.606861">
      <ele>1242</ele>
      <time>2026-05-07T12:55:24Z</time>
    </trkpt>
    <trkpt lat="49.448144" lon="20.606813">
      <ele>1244</ele>
      <time>2026-05-07T12:55:53Z</time>
    </trkpt>
    <trkpt lat="49.448277" lon="20.60675">
      <ele>1246</ele>
      <time>2026-05-07T12:56:27Z</time>
    </trkpt>
    <trkpt lat="49.448356" lon="20.606643">
      <ele>1247</ele>
      <time>2026-05-07T12:56:53Z</time>
    </trkpt>
    <trkpt lat="49.448466" lon="20.606486">
      <ele>1247</ele>
      <time>2026-05-07T12:57:29Z</time>
    </trkpt>
    <trkpt lat="49.448572" lon="20.606245">
      <ele>1248</ele>
      <time>2026-05-07T12:58:15Z</time>
    </trkpt>
    <trkpt lat="49.448767" lon="20.605768">
      <ele>1252</ele>
      <time>2026-05-07T12:59:44Z</time>
    </trkpt>
    <trkpt lat="49.448864" lon="20.60543">
      <ele>1255</ele>
      <time>2026-05-07T13:00:42Z</time>
    </trkpt>
    <trkpt lat="49.448906" lon="20.605172">
      <ele>1257</ele>
      <time>2026-05-07T13:01:24Z</time>
    </trkpt>
    <trkpt lat="49.449053" lon="20.604693">
      <ele>1260</ele>
      <time>2026-05-07T13:02:48Z</time>
    </trkpt>
    <trkpt lat="49.449191" lon="20.604322">
      <ele>1261</ele>
      <time>2026-05-07T13:03:55Z</time>
    </trkpt>
    <trkpt lat="49.4492388" lon="20.6042217">
      <ele>1261</ele>
      <time>2026-05-07T13:04:15Z</time>
    </trkpt>
    <trkpt lat="49.449191" lon="20.604322">
      <ele>1261</ele>
      <time>2026-05-07T13:04:21Z</time>
    </trkpt>
    <trkpt lat="49.449053" lon="20.604693">
      <ele>1260</ele>
      <time>2026-05-07T13:04:42Z</time>
    </trkpt>
    <trkpt lat="49.448906" lon="20.605172">
      <ele>1257</ele>
      <time>2026-05-07T13:05:08Z</time>
    </trkpt>
    <trkpt lat="49.448864" lon="20.60543">
      <ele>1255</ele>
      <time>2026-05-07T13:05:21Z</time>
    </trkpt>
    <trkpt lat="49.448767" lon="20.605768">
      <ele>1252</ele>
      <time>2026-05-07T13:05:39Z</time>
    </trkpt>
    <trkpt lat="49.448572" lon="20.606245">
      <ele>1248</ele>
      <time>2026-05-07T13:06:07Z</time>
    </trkpt>
    <trkpt lat="49.448466" lon="20.606486">
      <ele>1247</ele>
      <time>2026-05-07T13:06:21Z</time>
    </trkpt>
    <trkpt lat="49.448356" lon="20.606643">
      <ele>1247</ele>
      <time>2026-05-07T13:06:32Z</time>
    </trkpt>
    <trkpt lat="49.448277" lon="20.60675">
      <ele>1246</ele>
      <time>2026-05-07T13:06:40Z</time>
    </trkpt>
    <trkpt lat="49.448144" lon="20.606813">
      <ele>1244</ele>
      <time>2026-05-07T13:06:51Z</time>
    </trkpt>
    <trkpt lat="49.448028" lon="20.606861">
      <ele>1242</ele>
      <time>2026-05-07T13:07:00Z</time>
    </trkpt>
    <trkpt lat="49.447905" lon="20.606839">
      <ele>1239</ele>
      <time>2026-05-07T13:07:09Z</time>
    </trkpt>
    <trkpt lat="49.447804" lon="20.606777">
      <ele>1237</ele>
      <time>2026-05-07T13:07:18Z</time>
    </trkpt>
    <trkpt lat="49.447638" lon="20.606663">
      <ele>1232</ele>
      <time>2026-05-07T13:07:32Z</time>
    </trkpt>
    <trkpt lat="49.447325" lon="20.606497">
      <ele>1222</ele>
      <time>2026-05-07T13:07:58Z</time>
    </trkpt>
    <trkpt lat="49.447159" lon="20.606403">
      <ele>1215</ele>
      <time>2026-05-07T13:08:12Z</time>
    </trkpt>
    <trkpt lat="49.447101" lon="20.606342">
      <ele>1212</ele>
      <time>2026-05-07T13:08:17Z</time>
    </trkpt>
    <trkpt lat="49.447059" lon="20.606277">
      <ele>1210</ele>
      <time>2026-05-07T13:08:22Z</time>
    </trkpt>
    <trkpt lat="49.446944" lon="20.606191">
      <ele>1206</ele>
      <time>2026-05-07T13:08:32Z</time>
    </trkpt>
    <trkpt lat="49.446812" lon="20.606129">
      <ele>1201</ele>
      <time>2026-05-07T13:08:43Z</time>
    </trkpt>
    <trkpt lat="49.446583" lon="20.606042">
      <ele>1192</ele>
      <time>2026-05-07T13:09:02Z</time>
    </trkpt>
    <trkpt lat="49.446398" lon="20.605994">
      <ele>1184</ele>
      <time>2026-05-07T13:09:17Z</time>
    </trkpt>
    <trkpt lat="49.446281" lon="20.605962">
      <ele>1179</ele>
      <time>2026-05-07T13:09:26Z</time>
    </trkpt>
    <trkpt lat="49.446142" lon="20.605931">
      <ele>1173</ele>
      <time>2026-05-07T13:09:37Z</time>
    </trkpt>
    <trkpt lat="49.446032" lon="20.605899">
      <ele>1170</ele>
      <time>2026-05-07T13:09:46Z</time>
    </trkpt>
    <trkpt lat="49.445947" lon="20.605867">
      <ele>1167</ele>
      <time>2026-05-07T13:09:53Z</time>
    </trkpt>
    <trkpt lat="49.445868" lon="20.60584">
      <ele>1165</ele>
      <time>2026-05-07T13:09:59Z</time>
    </trkpt>
    <trkpt lat="49.44575" lon="20.605781">
      <ele>1162</ele>
      <time>2026-05-07T13:10:09Z</time>
    </trkpt>
    <trkpt lat="49.445647" lon="20.605741">
      <ele>1159</ele>
      <time>2026-05-07T13:10:17Z</time>
    </trkpt>
    <trkpt lat="49.445457" lon="20.60565">
      <ele>1155</ele>
      <time>2026-05-07T13:10:32Z</time>
    </trkpt>
    <trkpt lat="49.445275" lon="20.605535">
      <ele>1151</ele>
      <time>2026-05-07T13:10:47Z</time>
    </trkpt>
    <trkpt lat="49.445" lon="20.605408">
      <ele>1141</ele>
      <time>2026-05-07T13:11:10Z</time>
    </trkpt>
    <trkpt lat="49.444789" lon="20.605404">
      <ele>1138</ele>
      <time>2026-05-07T13:11:26Z</time>
    </trkpt>
    <trkpt lat="49.444646" lon="20.605406">
      <ele>1137</ele>
      <time>2026-05-07T13:11:37Z</time>
    </trkpt>
    <trkpt lat="49.444541" lon="20.605451">
      <ele>1136</ele>
      <time>2026-05-07T13:11:45Z</time>
    </trkpt>
    <trkpt lat="49.444458" lon="20.605451">
      <ele>1135</ele>
      <time>2026-05-07T13:11:51Z</time>
    </trkpt>
    <trkpt lat="49.444362" lon="20.6054">
      <ele>1134</ele>
      <time>2026-05-07T13:11:59Z</time>
    </trkpt>
    <trkpt lat="49.44429" lon="20.605387">
      <ele>1134</ele>
      <time>2026-05-07T13:12:04Z</time>
    </trkpt>
    <trkpt lat="49.444182" lon="20.605416">
      <ele>1132</ele>
      <time>2026-05-07T13:12:12Z</time>
    </trkpt>
    <trkpt lat="49.4441" lon="20.605457">
      <ele>1130</ele>
      <time>2026-05-07T13:12:19Z</time>
    </trkpt>
    <trkpt lat="49.444025" lon="20.605486">
      <ele>1127</ele>
      <time>2026-05-07T13:12:25Z</time>
    </trkpt>
    <trkpt lat="49.443896" lon="20.605505">
      <ele>1124</ele>
      <time>2026-05-07T13:12:35Z</time>
    </trkpt>
    <trkpt lat="49.443811" lon="20.605494">
      <ele>1121</ele>
      <time>2026-05-07T13:12:42Z</time>
    </trkpt>
    <trkpt lat="49.443704" lon="20.605491">
      <ele>1117</ele>
      <time>2026-05-07T13:12:50Z</time>
    </trkpt>
    <trkpt lat="49.443514" lon="20.605542">
      <ele>1110</ele>
      <time>2026-05-07T13:13:05Z</time>
    </trkpt>
    <trkpt lat="49.443442" lon="20.605569">
      <ele>1108</ele>
      <time>2026-05-07T13:13:11Z</time>
    </trkpt>
    <trkpt lat="49.443401" lon="20.605604">
      <ele>1106</ele>
      <time>2026-05-07T13:13:15Z</time>
    </trkpt>
    <trkpt lat="49.443323" lon="20.605578">
      <ele>1107</ele>
      <time>2026-05-07T13:13:25Z</time>
    </trkpt>
    <trkpt lat="49.443303" lon="20.605612">
      <ele>1107</ele>
      <time>2026-05-07T13:13:29Z</time>
    </trkpt>
    <trkpt lat="49.443275" lon="20.605639">
      <ele>1107</ele>
      <time>2026-05-07T13:13:33Z</time>
    </trkpt>
    <trkpt lat="49.443242" lon="20.605663">
      <ele>1107</ele>
      <time>2026-05-07T13:13:38Z</time>
    </trkpt>
    <trkpt lat="49.443107" lon="20.605741">
      <ele>1106</ele>
      <time>2026-05-07T13:13:56Z</time>
    </trkpt>
    <trkpt lat="49.443045" lon="20.605784">
      <ele>1106</ele>
      <time>2026-05-07T13:14:04Z</time>
    </trkpt>
    <trkpt lat="49.442973" lon="20.605853">
      <ele>1107</ele>
      <time>2026-05-07T13:14:15Z</time>
    </trkpt>
    <trkpt lat="49.442875" lon="20.60599">
      <ele>1109</ele>
      <time>2026-05-07T13:14:32Z</time>
    </trkpt>
    <trkpt lat="49.442787" lon="20.606124">
      <ele>1111</ele>
      <time>2026-05-07T13:14:48Z</time>
    </trkpt>
    <trkpt lat="49.442711" lon="20.606249">
      <ele>1113</ele>
      <time>2026-05-07T13:15:02Z</time>
    </trkpt>
    <trkpt lat="49.442689" lon="20.606305">
      <ele>1113</ele>
      <time>2026-05-07T13:15:07Z</time>
    </trkpt>
    <trkpt lat="49.442675" lon="20.60635">
      <ele>1113</ele>
      <time>2026-05-07T13:15:12Z</time>
    </trkpt>
    <trkpt lat="49.442671" lon="20.606392">
      <ele>1113</ele>
      <time>2026-05-07T13:15:15Z</time>
    </trkpt>
    <trkpt lat="49.442619" lon="20.606451">
      <ele>1113</ele>
      <time>2026-05-07T13:15:26Z</time>
    </trkpt>
    <trkpt lat="49.442459" lon="20.60661">
      <ele>1111</ele>
      <time>2026-05-07T13:15:57Z</time>
    </trkpt>
    <trkpt lat="49.442265" lon="20.606832">
      <ele>1110</ele>
      <time>2026-05-07T13:16:36Z</time>
    </trkpt>
    <trkpt lat="49.442107" lon="20.607034">
      <ele>1109</ele>
      <time>2026-05-07T13:17:09Z</time>
    </trkpt>
    <trkpt lat="49.442032" lon="20.607155">
      <ele>1109</ele>
      <time>2026-05-07T13:17:27Z</time>
    </trkpt>
    <trkpt lat="49.442004" lon="20.607211">
      <ele>1109</ele>
      <time>2026-05-07T13:17:34Z</time>
    </trkpt>
    <trkpt lat="49.441986" lon="20.607358">
      <ele>1110</ele>
      <time>2026-05-07T13:17:50Z</time>
    </trkpt>
    <trkpt lat="49.44195" lon="20.607487">
      <ele>1112</ele>
      <time>2026-05-07T13:18:05Z</time>
    </trkpt>
    <trkpt lat="49.441889" lon="20.607592">
      <ele>1112</ele>
      <time>2026-05-07T13:18:20Z</time>
    </trkpt>
    <trkpt lat="49.441807" lon="20.607688">
      <ele>1113</ele>
      <time>2026-05-07T13:18:37Z</time>
    </trkpt>
    <trkpt lat="49.441711" lon="20.607779">
      <ele>1116</ele>
      <time>2026-05-07T13:18:55Z</time>
    </trkpt>
    <trkpt lat="49.441552" lon="20.607946">
      <ele>1120</ele>
      <time>2026-05-07T13:19:27Z</time>
    </trkpt>
    <trkpt lat="49.44146" lon="20.60801">
      <ele>1123</ele>
      <time>2026-05-07T13:19:44Z</time>
    </trkpt>
    <trkpt lat="49.441337" lon="20.608048">
      <ele>1125</ele>
      <time>2026-05-07T13:20:05Z</time>
    </trkpt>
    <trkpt lat="49.441193" lon="20.60805">
      <ele>1127</ele>
      <time>2026-05-07T13:20:28Z</time>
    </trkpt>
    <trkpt lat="49.441092" lon="20.608093">
      <ele>1129</ele>
      <time>2026-05-07T13:20:46Z</time>
    </trkpt>
    <trkpt lat="49.440804" lon="20.608131">
      <ele>1131</ele>
      <time>2026-05-07T13:21:33Z</time>
    </trkpt>
    <trkpt lat="49.440612" lon="20.608176">
      <ele>1136</ele>
      <time>2026-05-07T13:22:05Z</time>
    </trkpt>
    <trkpt lat="49.440337" lon="20.608208">
      <ele>1140</ele>
      <time>2026-05-07T13:22:50Z</time>
    </trkpt>
    <trkpt lat="49.440244" lon="20.608222">
      <ele>1140</ele>
      <time>2026-05-07T13:23:05Z</time>
    </trkpt>
    <trkpt lat="49.440185" lon="20.608281">
      <ele>1140</ele>
      <time>2026-05-07T13:23:17Z</time>
    </trkpt>
    <trkpt lat="49.440049" lon="20.608503">
      <ele>1141</ele>
      <time>2026-05-07T13:23:49Z</time>
    </trkpt>
    <trkpt lat="49.439917" lon="20.608681">
      <ele>1142</ele>
      <time>2026-05-07T13:24:17Z</time>
    </trkpt>
    <trkpt lat="49.439557" lon="20.609123">
      <ele>1142</ele>
      <time>2026-05-07T13:25:32Z</time>
    </trkpt>
    <trkpt lat="49.439436" lon="20.609257">
      <ele>1142</ele>
      <time>2026-05-07T13:25:56Z</time>
    </trkpt>
    <trkpt lat="49.439172" lon="20.609705">
      <ele>1146</ele>
      <time>2026-05-07T13:27:00Z</time>
    </trkpt>
    <trkpt lat="49.439081" lon="20.609829">
      <ele>1146</ele>
      <time>2026-05-07T13:27:20Z</time>
    </trkpt>
    <trkpt lat="49.438985" lon="20.609944">
      <ele>1146</ele>
      <time>2026-05-07T13:27:40Z</time>
    </trkpt>
    <trkpt lat="49.438732" lon="20.61014">
      <ele>1143</ele>
      <time>2026-05-07T13:28:26Z</time>
    </trkpt>
    <trkpt lat="49.438445" lon="20.610385">
      <ele>1142</ele>
      <time>2026-05-07T13:29:19Z</time>
    </trkpt>
    <trkpt lat="49.438188" lon="20.610539">
      <ele>1142</ele>
      <time>2026-05-07T13:30:04Z</time>
    </trkpt>
    <trkpt lat="49.438128" lon="20.610585">
      <ele>1142</ele>
      <time>2026-05-07T13:30:15Z</time>
    </trkpt>
    <trkpt lat="49.438065" lon="20.610563">
      <ele>1141</ele>
      <time>2026-05-07T13:30:22Z</time>
    </trkpt>
    <trkpt lat="49.437929" lon="20.610484">
      <ele>1139</ele>
      <time>2026-05-07T13:30:37Z</time>
    </trkpt>
    <trkpt lat="49.437694" lon="20.6103">
      <ele>1136</ele>
      <time>2026-05-07T13:31:04Z</time>
    </trkpt>
    <trkpt lat="49.437428" lon="20.610092">
      <ele>1135</ele>
      <time>2026-05-07T13:31:35Z</time>
    </trkpt>
    <trkpt lat="49.436973" lon="20.609364">
      <ele>1147</ele>
      <time>2026-05-07T13:32:44Z</time>
    </trkpt>
    <trkpt lat="49.436758" lon="20.609149">
      <ele>1150</ele>
      <time>2026-05-07T13:33:11Z</time>
    </trkpt>
    <trkpt lat="49.43664" lon="20.609074">
      <ele>1151</ele>
      <time>2026-05-07T13:33:24Z</time>
    </trkpt>
    <trkpt lat="49.436506" lon="20.608907">
      <ele>1149</ele>
      <time>2026-05-07T13:33:42Z</time>
    </trkpt>
    <trkpt lat="49.436418" lon="20.608801">
      <ele>1149</ele>
      <time>2026-05-07T13:33:54Z</time>
    </trkpt>
    <trkpt lat="49.436338" lon="20.608672">
      <ele>1148</ele>
      <time>2026-05-07T13:34:06Z</time>
    </trkpt>
    <trkpt lat="49.436198" lon="20.60857">
      <ele>1147</ele>
      <time>2026-05-07T13:34:22Z</time>
    </trkpt>
    <trkpt lat="49.436105" lon="20.608526">
      <ele>1148</ele>
      <time>2026-05-07T13:34:32Z</time>
    </trkpt>
    <trkpt lat="49.436008" lon="20.608493">
      <ele>1147</ele>
      <time>2026-05-07T13:34:42Z</time>
    </trkpt>
    <trkpt lat="49.43589" lon="20.608492">
      <ele>1148</ele>
      <time>2026-05-07T13:34:55Z</time>
    </trkpt>
    <trkpt lat="49.435787" lon="20.60852">
      <ele>1149</ele>
      <time>2026-05-07T13:35:05Z</time>
    </trkpt>
    <trkpt lat="49.435566" lon="20.608432">
      <ele>1146</ele>
      <time>2026-05-07T13:35:29Z</time>
    </trkpt>
    <trkpt lat="49.435344" lon="20.608382">
      <ele>1143</ele>
      <time>2026-05-07T13:35:53Z</time>
    </trkpt>
    <trkpt lat="49.4352" lon="20.608314">
      <ele>1140</ele>
      <time>2026-05-07T13:36:09Z</time>
    </trkpt>
    <trkpt lat="49.434995" lon="20.608128">
      <ele>1134</ele>
      <time>2026-05-07T13:36:34Z</time>
    </trkpt>
    <trkpt lat="49.434837" lon="20.608013">
      <ele>1130</ele>
      <time>2026-05-07T13:36:52Z</time>
    </trkpt>
    <trkpt lat="49.434684" lon="20.607871">
      <ele>1124</ele>
      <time>2026-05-07T13:37:12Z</time>
    </trkpt>
    <trkpt lat="49.434628" lon="20.607771">
      <ele>1121</ele>
      <time>2026-05-07T13:37:21Z</time>
    </trkpt>
    <trkpt lat="49.434583" lon="20.607651">
      <ele>1118</ele>
      <time>2026-05-07T13:37:31Z</time>
    </trkpt>
    <trkpt lat="49.434565" lon="20.60753">
      <ele>1115</ele>
      <time>2026-05-07T13:37:40Z</time>
    </trkpt>
    <trkpt lat="49.434571" lon="20.607318">
      <ele>1110</ele>
      <time>2026-05-07T13:37:54Z</time>
    </trkpt>
    <trkpt lat="49.434601" lon="20.607173">
      <ele>1108</ele>
      <time>2026-05-07T13:38:05Z</time>
    </trkpt>
    <trkpt lat="49.434612" lon="20.607012">
      <ele>1105</ele>
      <time>2026-05-07T13:38:16Z</time>
    </trkpt>
    <trkpt lat="49.434601" lon="20.606941">
      <ele>1103</ele>
      <time>2026-05-07T13:38:21Z</time>
    </trkpt>
    <trkpt lat="49.43455" lon="20.606635">
      <ele>1097</ele>
      <time>2026-05-07T13:38:43Z</time>
    </trkpt>
    <trkpt lat="49.434457" lon="20.606351">
      <ele>1095</ele>
      <time>2026-05-07T13:39:05Z</time>
    </trkpt>
    <trkpt lat="49.434301" lon="20.606129">
      <ele>1093</ele>
      <time>2026-05-07T13:39:27Z</time>
    </trkpt>
    <trkpt lat="49.434139" lon="20.605957">
      <ele>1091</ele>
      <time>2026-05-07T13:39:47Z</time>
    </trkpt>
    <trkpt lat="49.433959" lon="20.605813">
      <ele>1088</ele>
      <time>2026-05-07T13:40:09Z</time>
    </trkpt>
    <trkpt lat="49.433847" lon="20.605629">
      <ele>1087</ele>
      <time>2026-05-07T13:40:26Z</time>
    </trkpt>
    <trkpt lat="49.433759" lon="20.60535">
      <ele>1087</ele>
      <time>2026-05-07T13:40:47Z</time>
    </trkpt>
    <trkpt lat="49.433679" lon="20.605155">
      <ele>1086</ele>
      <time>2026-05-07T13:41:02Z</time>
    </trkpt>
    <trkpt lat="49.433579" lon="20.605031">
      <ele>1085</ele>
      <time>2026-05-07T13:41:15Z</time>
    </trkpt>
    <trkpt lat="49.433503" lon="20.605008">
      <ele>1085</ele>
      <time>2026-05-07T13:41:24Z</time>
    </trkpt>
    <trkpt lat="49.433252" lon="20.605076">
      <ele>1084</ele>
      <time>2026-05-07T13:41:50Z</time>
    </trkpt>
    <trkpt lat="49.433112" lon="20.605103">
      <ele>1083</ele>
      <time>2026-05-07T13:42:05Z</time>
    </trkpt>
    <trkpt lat="49.432779" lon="20.605126">
      <ele>1079</ele>
      <time>2026-05-07T13:42:39Z</time>
    </trkpt>
    <trkpt lat="49.432446" lon="20.605148">
      <ele>1074</ele>
      <time>2026-05-07T13:43:14Z</time>
    </trkpt>
    <trkpt lat="49.432302" lon="20.605181">
      <ele>1072</ele>
      <time>2026-05-07T13:43:29Z</time>
    </trkpt>
    <trkpt lat="49.432157" lon="20.60526">
      <ele>1070</ele>
      <time>2026-05-07T13:43:45Z</time>
    </trkpt>
    <trkpt lat="49.432036" lon="20.605269">
      <ele>1068</ele>
      <time>2026-05-07T13:43:58Z</time>
    </trkpt>
    <trkpt lat="49.431911" lon="20.605288">
      <ele>1065</ele>
      <time>2026-05-07T13:44:11Z</time>
    </trkpt>
    <trkpt lat="49.431739" lon="20.605097">
      <ele>1061</ele>
      <time>2026-05-07T13:44:34Z</time>
    </trkpt>
    <trkpt lat="49.431659" lon="20.605113">
      <ele>1059</ele>
      <time>2026-05-07T13:44:42Z</time>
    </trkpt>
    <trkpt lat="49.431543" lon="20.605148">
      <ele>1057</ele>
      <time>2026-05-07T13:44:55Z</time>
    </trkpt>
    <trkpt lat="49.431434" lon="20.605172">
      <ele>1055</ele>
      <time>2026-05-07T13:45:06Z</time>
    </trkpt>
    <trkpt lat="49.431259" lon="20.605169">
      <ele>1051</ele>
      <time>2026-05-07T13:45:25Z</time>
    </trkpt>
    <trkpt lat="49.431031" lon="20.605102">
      <ele>1047</ele>
      <time>2026-05-07T13:45:49Z</time>
    </trkpt>
    <trkpt lat="49.430853" lon="20.60503">
      <ele>1043</ele>
      <time>2026-05-07T13:46:08Z</time>
    </trkpt>
    <trkpt lat="49.430593" lon="20.604932">
      <ele>1038</ele>
      <time>2026-05-07T13:46:37Z</time>
    </trkpt>
    <trkpt lat="49.430368" lon="20.604888">
      <ele>1033</ele>
      <time>2026-05-07T13:47:01Z</time>
    </trkpt>
    <trkpt lat="49.42982" lon="20.604874">
      <ele>1020</ele>
      <time>2026-05-07T13:47:59Z</time>
    </trkpt>
    <trkpt lat="49.429238" lon="20.604827">
      <ele>1011</ele>
      <time>2026-05-07T13:49:00Z</time>
    </trkpt>
    <trkpt lat="49.428645" lon="20.60483">
      <ele>1005</ele>
      <time>2026-05-07T13:50:01Z</time>
    </trkpt>
    <trkpt lat="49.428507" lon="20.604794">
      <ele>1004</ele>
      <time>2026-05-07T13:50:16Z</time>
    </trkpt>
    <trkpt lat="49.428371" lon="20.604762">
      <ele>1002</ele>
      <time>2026-05-07T13:50:30Z</time>
    </trkpt>
    <trkpt lat="49.42824" lon="20.604754">
      <ele>1001</ele>
      <time>2026-05-07T13:50:44Z</time>
    </trkpt>
    <trkpt lat="49.42789" lon="20.604939">
      <ele>996</ele>
      <time>2026-05-07T13:51:22Z</time>
    </trkpt>
    <trkpt lat="49.427447" lon="20.605289">
      <ele>991</ele>
      <time>2026-05-07T13:52:14Z</time>
    </trkpt>
    <trkpt lat="49.427231" lon="20.605458">
      <ele>990</ele>
      <time>2026-05-07T13:52:39Z</time>
    </trkpt>
    <trkpt lat="49.427118" lon="20.605553">
      <ele>989</ele>
      <time>2026-05-07T13:52:53Z</time>
    </trkpt>
    <trkpt lat="49.42704" lon="20.605653">
      <ele>988</ele>
      <time>2026-05-07T13:53:03Z</time>
    </trkpt>
    <trkpt lat="49.426986" lon="20.605856">
      <ele>986</ele>
      <time>2026-05-07T13:53:18Z</time>
    </trkpt>
    <trkpt lat="49.426912" lon="20.606041">
      <ele>984</ele>
      <time>2026-05-07T13:53:33Z</time>
    </trkpt>
    <trkpt lat="49.426867" lon="20.606225">
      <ele>982</ele>
      <time>2026-05-07T13:53:46Z</time>
    </trkpt>
    <trkpt lat="49.426809" lon="20.606399">
      <ele>980</ele>
      <time>2026-05-07T13:54:00Z</time>
    </trkpt>
    <trkpt lat="49.426767" lon="20.606452">
      <ele>979</ele>
      <time>2026-05-07T13:54:05Z</time>
    </trkpt>
    <trkpt lat="49.426676" lon="20.606478">
      <ele>978</ele>
      <time>2026-05-07T13:54:15Z</time>
    </trkpt>
    <trkpt lat="49.426523" lon="20.606446">
      <ele>975</ele>
      <time>2026-05-07T13:54:31Z</time>
    </trkpt>
    <trkpt lat="49.426384" lon="20.606464">
      <ele>972</ele>
      <time>2026-05-07T13:54:46Z</time>
    </trkpt>
    <trkpt lat="49.426255" lon="20.606446">
      <ele>970</ele>
      <time>2026-05-07T13:55:00Z</time>
    </trkpt>
    <trkpt lat="49.426111" lon="20.606409">
      <ele>967</ele>
      <time>2026-05-07T13:55:15Z</time>
    </trkpt>
    <trkpt lat="49.426057" lon="20.606738">
      <ele>963</ele>
      <time>2026-05-07T13:55:37Z</time>
    </trkpt>
    <trkpt lat="49.42603" lon="20.606875">
      <ele>962</ele>
      <time>2026-05-07T13:55:46Z</time>
    </trkpt>
    <trkpt lat="49.426016" lon="20.606993">
      <ele>961</ele>
      <time>2026-05-07T13:55:54Z</time>
    </trkpt>
    <trkpt lat="49.425986" lon="20.607112">
      <ele>959</ele>
      <time>2026-05-07T13:56:02Z</time>
    </trkpt>
    <trkpt lat="49.42596" lon="20.607203">
      <ele>958</ele>
      <time>2026-05-07T13:56:08Z</time>
    </trkpt>
    <trkpt lat="49.425921" lon="20.607372">
      <ele>956</ele>
      <time>2026-05-07T13:56:20Z</time>
    </trkpt>
    <trkpt lat="49.425873" lon="20.607624">
      <ele>954</ele>
      <time>2026-05-07T13:56:36Z</time>
    </trkpt>
    <trkpt lat="49.425805" lon="20.607852">
      <ele>950</ele>
      <time>2026-05-07T13:56:53Z</time>
    </trkpt>
    <trkpt lat="49.425744" lon="20.60802">
      <ele>946</ele>
      <time>2026-05-07T13:57:05Z</time>
    </trkpt>
    <trkpt lat="49.42567" lon="20.608176">
      <ele>943</ele>
      <time>2026-05-07T13:57:18Z</time>
    </trkpt>
    <trkpt lat="49.425569" lon="20.60831">
      <ele>939</ele>
      <time>2026-05-07T13:57:32Z</time>
    </trkpt>
    <trkpt lat="49.425515" lon="20.608415">
      <ele>938</ele>
      <time>2026-05-07T13:57:40Z</time>
    </trkpt>
    <trkpt lat="49.425466" lon="20.60852">
      <ele>938</ele>
      <time>2026-05-07T13:57:48Z</time>
    </trkpt>
    <trkpt lat="49.425428" lon="20.608683">
      <ele>938</ele>
      <time>2026-05-07T13:57:59Z</time>
    </trkpt>
    <trkpt lat="49.425386" lon="20.608917">
      <ele>940</ele>
      <time>2026-05-07T13:58:15Z</time>
    </trkpt>
    <trkpt lat="49.425345" lon="20.609062">
      <ele>941</ele>
      <time>2026-05-07T13:58:25Z</time>
    </trkpt>
    <trkpt lat="49.425307" lon="20.609182">
      <ele>942</ele>
      <time>2026-05-07T13:58:33Z</time>
    </trkpt>
    <trkpt lat="49.425239" lon="20.609292">
      <ele>942</ele>
      <time>2026-05-07T13:58:43Z</time>
    </trkpt>
    <trkpt lat="49.425176" lon="20.609423">
      <ele>943</ele>
      <time>2026-05-07T13:58:53Z</time>
    </trkpt>
    <trkpt lat="49.425139" lon="20.609511">
      <ele>943</ele>
      <time>2026-05-07T13:59:00Z</time>
    </trkpt>
    <trkpt lat="49.42508" lon="20.609646">
      <ele>943</ele>
      <time>2026-05-07T13:59:10Z</time>
    </trkpt>
    <trkpt lat="49.42494" lon="20.609947">
      <ele>942</ele>
      <time>2026-05-07T13:59:34Z</time>
    </trkpt>
    <trkpt lat="49.424825" lon="20.610147">
      <ele>941</ele>
      <time>2026-05-07T13:59:51Z</time>
    </trkpt>
    <trkpt lat="49.424614" lon="20.610412">
      <ele>940</ele>
      <time>2026-05-07T14:00:17Z</time>
    </trkpt>
    <trkpt lat="49.424416" lon="20.61072">
      <ele>941</ele>
      <time>2026-05-07T14:00:45Z</time>
    </trkpt>
    <trkpt lat="49.424222" lon="20.61096">
      <ele>942</ele>
      <time>2026-05-07T14:01:09Z</time>
    </trkpt>
    <trkpt lat="49.424043" lon="20.611128">
      <ele>942</ele>
      <time>2026-05-07T14:01:30Z</time>
    </trkpt>
    <trkpt lat="49.42386" lon="20.611273">
      <ele>943</ele>
      <time>2026-05-07T14:01:50Z</time>
    </trkpt>
    <trkpt lat="49.423678" lon="20.611446">
      <ele>943</ele>
      <time>2026-05-07T14:02:11Z</time>
    </trkpt>
    <trkpt lat="49.423437" lon="20.611714">
      <ele>943</ele>
      <time>2026-05-07T14:02:40Z</time>
    </trkpt>
    <trkpt lat="49.423261" lon="20.611891">
      <ele>944</ele>
      <time>2026-05-07T14:03:00Z</time>
    </trkpt>
    <trkpt lat="49.423047" lon="20.612316">
      <ele>946</ele>
      <time>2026-05-07T14:03:34Z</time>
    </trkpt>
    <trkpt lat="49.422836" lon="20.612587">
      <ele>944</ele>
      <time>2026-05-07T14:04:01Z</time>
    </trkpt>
    <trkpt lat="49.422668" lon="20.612828">
      <ele>942</ele>
      <time>2026-05-07T14:04:24Z</time>
    </trkpt>
    <trkpt lat="49.422527" lon="20.613031">
      <ele>940</ele>
      <time>2026-05-07T14:04:43Z</time>
    </trkpt>
    <trkpt lat="49.422373" lon="20.61338">
      <ele>939</ele>
      <time>2026-05-07T14:05:09Z</time>
    </trkpt>
    <trkpt lat="49.42223" lon="20.6137">
      <ele>937</ele>
      <time>2026-05-07T14:05:34Z</time>
    </trkpt>
    <trkpt lat="49.422073" lon="20.614004">
      <ele>933</ele>
      <time>2026-05-07T14:05:59Z</time>
    </trkpt>
    <trkpt lat="49.421958" lon="20.614196">
      <ele>932</ele>
      <time>2026-05-07T14:06:15Z</time>
    </trkpt>
    <trkpt lat="49.421845" lon="20.614368">
      <ele>931</ele>
      <time>2026-05-07T14:06:31Z</time>
    </trkpt>
    <trkpt lat="49.421753" lon="20.614505">
      <ele>931</ele>
      <time>2026-05-07T14:06:43Z</time>
    </trkpt>
    <trkpt lat="49.421609" lon="20.61467">
      <ele>931</ele>
      <time>2026-05-07T14:07:01Z</time>
    </trkpt>
    <trkpt lat="49.421559" lon="20.614766">
      <ele>932</ele>
      <time>2026-05-07T14:07:09Z</time>
    </trkpt>
    <trkpt lat="49.421471" lon="20.61493">
      <ele>932</ele>
      <time>2026-05-07T14:07:22Z</time>
    </trkpt>
    <trkpt lat="49.421338" lon="20.615156">
      <ele>932</ele>
      <time>2026-05-07T14:07:42Z</time>
    </trkpt>
    <trkpt lat="49.421194" lon="20.615372">
      <ele>932</ele>
      <time>2026-05-07T14:08:01Z</time>
    </trkpt>
    <trkpt lat="49.421101" lon="20.615518">
      <ele>932</ele>
      <time>2026-05-07T14:08:14Z</time>
    </trkpt>
    <trkpt lat="49.420984" lon="20.615723">
      <ele>931</ele>
      <time>2026-05-07T14:08:32Z</time>
    </trkpt>
    <trkpt lat="49.420898" lon="20.615874">
      <ele>931</ele>
      <time>2026-05-07T14:08:44Z</time>
    </trkpt>
    <trkpt lat="49.420836" lon="20.615955">
      <ele>931</ele>
      <time>2026-05-07T14:08:52Z</time>
    </trkpt>
    <trkpt lat="49.420737" lon="20.616048">
      <ele>931</ele>
      <time>2026-05-07T14:09:04Z</time>
    </trkpt>
    <trkpt lat="49.420639" lon="20.616119">
      <ele>930</ele>
      <time>2026-05-07T14:09:14Z</time>
    </trkpt>
    <trkpt lat="49.420626" lon="20.616129">
      <ele>930</ele>
      <time>2026-05-07T14:09:16Z</time>
    </trkpt>
    <trkpt lat="49.420577" lon="20.616196">
      <ele>930</ele>
      <time>2026-05-07T14:09:22Z</time>
    </trkpt>
    <trkpt lat="49.420509" lon="20.616333">
      <ele>930</ele>
      <time>2026-05-07T14:09:33Z</time>
    </trkpt>
    <trkpt lat="49.420434" lon="20.616547">
      <ele>930</ele>
      <time>2026-05-07T14:09:48Z</time>
    </trkpt>
    <trkpt lat="49.420279" lon="20.616894">
      <ele>929</ele>
      <time>2026-05-07T14:10:15Z</time>
    </trkpt>
    <trkpt lat="49.420291" lon="20.617006">
      <ele>928</ele>
      <time>2026-05-07T14:10:22Z</time>
    </trkpt>
    <trkpt lat="49.420269" lon="20.617125">
      <ele>928</ele>
      <time>2026-05-07T14:10:30Z</time>
    </trkpt>
    <trkpt lat="49.420169" lon="20.617409">
      <ele>925</ele>
      <time>2026-05-07T14:10:50Z</time>
    </trkpt>
    <trkpt lat="49.420089" lon="20.617639">
      <ele>923</ele>
      <time>2026-05-07T14:11:07Z</time>
    </trkpt>
    <trkpt lat="49.420011" lon="20.617865">
      <ele>922</ele>
      <time>2026-05-07T14:11:23Z</time>
    </trkpt>
    <trkpt lat="49.419941" lon="20.618068">
      <ele>921</ele>
      <time>2026-05-07T14:11:37Z</time>
    </trkpt>
    <trkpt lat="49.419806" lon="20.618468">
      <ele>919</ele>
      <time>2026-05-07T14:12:05Z</time>
    </trkpt>
    <trkpt lat="49.419751" lon="20.618638">
      <ele>918</ele>
      <time>2026-05-07T14:12:17Z</time>
    </trkpt>
    <trkpt lat="49.419715" lon="20.618728">
      <ele>917</ele>
      <time>2026-05-07T14:12:24Z</time>
    </trkpt>
    <trkpt lat="49.419686" lon="20.618785">
      <ele>917</ele>
      <time>2026-05-07T14:12:28Z</time>
    </trkpt>
    <trkpt lat="49.419655" lon="20.618836">
      <ele>917</ele>
      <time>2026-05-07T14:12:33Z</time>
    </trkpt>
    <trkpt lat="49.419607" lon="20.618904">
      <ele>917</ele>
      <time>2026-05-07T14:12:39Z</time>
    </trkpt>
    <trkpt lat="49.419534" lon="20.618992">
      <ele>917</ele>
      <time>2026-05-07T14:12:48Z</time>
    </trkpt>
    <trkpt lat="49.419513" lon="20.619033">
      <ele>917</ele>
      <time>2026-05-07T14:12:51Z</time>
    </trkpt>
    <trkpt lat="49.419489" lon="20.619091">
      <ele>918</ele>
      <time>2026-05-07T14:12:56Z</time>
    </trkpt>
    <trkpt lat="49.419464" lon="20.619187">
      <ele>918</ele>
      <time>2026-05-07T14:13:02Z</time>
    </trkpt>
    <trkpt lat="49.419451" lon="20.619316">
      <ele>918</ele>
      <time>2026-05-07T14:13:10Z</time>
    </trkpt>
    <trkpt lat="49.419446" lon="20.619416">
      <ele>918</ele>
      <time>2026-05-07T14:13:16Z</time>
    </trkpt>
    <trkpt lat="49.419436" lon="20.619499">
      <ele>918</ele>
      <time>2026-05-07T14:13:22Z</time>
    </trkpt>
    <trkpt lat="49.419407" lon="20.619631">
      <ele>918</ele>
      <time>2026-05-07T14:13:30Z</time>
    </trkpt>
    <trkpt lat="49.41933" lon="20.619851">
      <ele>917</ele>
      <time>2026-05-07T14:13:46Z</time>
    </trkpt>
    <trkpt lat="49.419263" lon="20.620044">
      <ele>916</ele>
      <time>2026-05-07T14:14:00Z</time>
    </trkpt>
    <trkpt lat="49.419213" lon="20.620217">
      <ele>915</ele>
      <time>2026-05-07T14:14:12Z</time>
    </trkpt>
    <trkpt lat="49.419201" lon="20.620295">
      <ele>915</ele>
      <time>2026-05-07T14:14:17Z</time>
    </trkpt>
    <trkpt lat="49.419191" lon="20.620379">
      <ele>914</ele>
      <time>2026-05-07T14:14:22Z</time>
    </trkpt>
    <trkpt lat="49.419181" lon="20.620428">
      <ele>914</ele>
      <time>2026-05-07T14:14:25Z</time>
    </trkpt>
    <trkpt lat="49.419171" lon="20.62047">
      <ele>914</ele>
      <time>2026-05-07T14:14:28Z</time>
    </trkpt>
    <trkpt lat="49.419114" lon="20.620571">
      <ele>912</ele>
      <time>2026-05-07T14:14:37Z</time>
    </trkpt>
    <trkpt lat="49.418996" lon="20.620746">
      <ele>911</ele>
      <time>2026-05-07T14:14:52Z</time>
    </trkpt>
    <trkpt lat="49.41883" lon="20.620999">
      <ele>908</ele>
      <time>2026-05-07T14:15:15Z</time>
    </trkpt>
    <trkpt lat="49.418782" lon="20.621235">
      <ele>906</ele>
      <time>2026-05-07T14:15:31Z</time>
    </trkpt>
    <trkpt lat="49.418762" lon="20.621372">
      <ele>905</ele>
      <time>2026-05-07T14:15:41Z</time>
    </trkpt>
    <trkpt lat="49.418752" lon="20.621485">
      <ele>904</ele>
      <time>2026-05-07T14:15:48Z</time>
    </trkpt>
    <trkpt lat="49.418755" lon="20.621586">
      <ele>903</ele>
      <time>2026-05-07T14:15:55Z</time>
    </trkpt>
    <trkpt lat="49.418759" lon="20.621645">
      <ele>903</ele>
      <time>2026-05-07T14:15:59Z</time>
    </trkpt>
    <trkpt lat="49.418778" lon="20.621766">
      <ele>901</ele>
      <time>2026-05-07T14:16:07Z</time>
    </trkpt>
    <trkpt lat="49.418819" lon="20.622027">
      <ele>899</ele>
      <time>2026-05-07T14:16:25Z</time>
    </trkpt>
    <trkpt lat="49.418836" lon="20.622175">
      <ele>899</ele>
      <time>2026-05-07T14:16:35Z</time>
    </trkpt>
    <trkpt lat="49.418859" lon="20.622342">
      <ele>898</ele>
      <time>2026-05-07T14:16:46Z</time>
    </trkpt>
    <trkpt lat="49.418872" lon="20.622415">
      <ele>897</ele>
      <time>2026-05-07T14:16:51Z</time>
    </trkpt>
    <trkpt lat="49.418901" lon="20.622505">
      <ele>897</ele>
      <time>2026-05-07T14:16:58Z</time>
    </trkpt>
    <trkpt lat="49.418956" lon="20.622613">
      <ele>896</ele>
      <time>2026-05-07T14:17:07Z</time>
    </trkpt>
    <trkpt lat="49.419031" lon="20.622728">
      <ele>894</ele>
      <time>2026-05-07T14:17:18Z</time>
    </trkpt>
    <trkpt lat="49.419129" lon="20.62285">
      <ele>892</ele>
      <time>2026-05-07T14:17:31Z</time>
    </trkpt>
    <trkpt lat="49.419205" lon="20.622932">
      <ele>890</ele>
      <time>2026-05-07T14:17:41Z</time>
    </trkpt>
    <trkpt lat="49.419328" lon="20.623054">
      <ele>887</ele>
      <time>2026-05-07T14:17:56Z</time>
    </trkpt>
    <trkpt lat="49.419466" lon="20.623155">
      <ele>883</ele>
      <time>2026-05-07T14:18:12Z</time>
    </trkpt>
    <trkpt lat="49.419607" lon="20.623234">
      <ele>879</ele>
      <time>2026-05-07T14:18:27Z</time>
    </trkpt>
    <trkpt lat="49.419855" lon="20.623351">
      <ele>874</ele>
      <time>2026-05-07T14:18:54Z</time>
    </trkpt>
    <trkpt lat="49.419974" lon="20.623407">
      <ele>872</ele>
      <time>2026-05-07T14:19:07Z</time>
    </trkpt>
    <trkpt lat="49.420334" lon="20.623548">
      <ele>871</ele>
      <time>2026-05-07T14:19:44Z</time>
    </trkpt>
    <trkpt lat="49.42063" lon="20.623697">
      <ele>871</ele>
      <time>2026-05-07T14:20:16Z</time>
    </trkpt>
    <trkpt lat="49.420902" lon="20.623918">
      <ele>869</ele>
      <time>2026-05-07T14:20:47Z</time>
    </trkpt>
    <trkpt lat="49.421037" lon="20.624001">
      <ele>868</ele>
      <time>2026-05-07T14:21:02Z</time>
    </trkpt>
    <trkpt lat="49.42113" lon="20.624077">
      <ele>866</ele>
      <time>2026-05-07T14:21:13Z</time>
    </trkpt>
    <trkpt lat="49.421256" lon="20.624208">
      <ele>864</ele>
      <time>2026-05-07T14:21:29Z</time>
    </trkpt>
    <trkpt lat="49.421333" lon="20.624299">
      <ele>862</ele>
      <time>2026-05-07T14:21:39Z</time>
    </trkpt>
    <trkpt lat="49.421395" lon="20.624391">
      <ele>861</ele>
      <time>2026-05-07T14:21:47Z</time>
    </trkpt>
    <trkpt lat="49.421485" lon="20.624516">
      <ele>860</ele>
      <time>2026-05-07T14:22:00Z</time>
    </trkpt>
    <trkpt lat="49.421548" lon="20.624617">
      <ele>859</ele>
      <time>2026-05-07T14:22:09Z</time>
    </trkpt>
    <trkpt lat="49.421602" lon="20.624718">
      <ele>858</ele>
      <time>2026-05-07T14:22:18Z</time>
    </trkpt>
    <trkpt lat="49.421621" lon="20.624781">
      <ele>858</ele>
      <time>2026-05-07T14:22:22Z</time>
    </trkpt>
    <trkpt lat="49.421627" lon="20.624848">
      <ele>858</ele>
      <time>2026-05-07T14:22:27Z</time>
    </trkpt>
    <trkpt lat="49.421624" lon="20.624898">
      <ele>857</ele>
      <time>2026-05-07T14:22:30Z</time>
    </trkpt>
    <trkpt lat="49.421597" lon="20.625017">
      <ele>856</ele>
      <time>2026-05-07T14:22:38Z</time>
    </trkpt>
    <trkpt lat="49.421532" lon="20.625208">
      <ele>853</ele>
      <time>2026-05-07T14:22:53Z</time>
    </trkpt>
    <trkpt lat="49.421426" lon="20.625492">
      <ele>850</ele>
      <time>2026-05-07T14:23:15Z</time>
    </trkpt>
    <trkpt lat="49.421352" lon="20.625656">
      <ele>847</ele>
      <time>2026-05-07T14:23:28Z</time>
    </trkpt>
    <trkpt lat="49.421288" lon="20.625778">
      <ele>844</ele>
      <time>2026-05-07T14:23:39Z</time>
    </trkpt>
    <trkpt lat="49.421245" lon="20.625814">
      <ele>843</ele>
      <time>2026-05-07T14:23:44Z</time>
    </trkpt>
    <trkpt lat="49.421201" lon="20.625831">
      <ele>842</ele>
      <time>2026-05-07T14:23:49Z</time>
    </trkpt>
    <trkpt lat="49.421141" lon="20.625819">
      <ele>841</ele>
      <time>2026-05-07T14:23:55Z</time>
    </trkpt>
    <trkpt lat="49.421073" lon="20.6258">
      <ele>840</ele>
      <time>2026-05-07T14:24:02Z</time>
    </trkpt>
    <trkpt lat="49.420862" lon="20.625722">
      <ele>838</ele>
      <time>2026-05-07T14:24:24Z</time>
    </trkpt>
    <trkpt lat="49.42074" lon="20.625689">
      <ele>836</ele>
      <time>2026-05-07T14:24:37Z</time>
    </trkpt>
    <trkpt lat="49.420607" lon="20.625664">
      <ele>835</ele>
      <time>2026-05-07T14:24:50Z</time>
    </trkpt>
    <trkpt lat="49.42039" lon="20.625646">
      <ele>835</ele>
      <time>2026-05-07T14:25:12Z</time>
    </trkpt>
    <trkpt lat="49.420185" lon="20.625642">
      <ele>834</ele>
      <time>2026-05-07T14:25:33Z</time>
    </trkpt>
    <trkpt lat="49.420038" lon="20.625659">
      <ele>834</ele>
      <time>2026-05-07T14:25:48Z</time>
    </trkpt>
    <trkpt lat="49.419971" lon="20.625699">
      <ele>833</ele>
      <time>2026-05-07T14:25:56Z</time>
    </trkpt>
    <trkpt lat="49.419942" lon="20.625751">
      <ele>833</ele>
      <time>2026-05-07T14:26:00Z</time>
    </trkpt>
    <trkpt lat="49.419933" lon="20.625842">
      <ele>831</ele>
      <time>2026-05-07T14:26:06Z</time>
    </trkpt>
    <trkpt lat="49.41993" lon="20.626416">
      <ele>824</ele>
      <time>2026-05-07T14:26:45Z</time>
    </trkpt>
    <trkpt lat="49.419899" lon="20.626752">
      <ele>820</ele>
      <time>2026-05-07T14:27:08Z</time>
    </trkpt>
    <trkpt lat="49.419826" lon="20.627054">
      <ele>818</ele>
      <time>2026-05-07T14:27:29Z</time>
    </trkpt>
    <trkpt lat="49.419785" lon="20.62717">
      <ele>817</ele>
      <time>2026-05-07T14:27:38Z</time>
    </trkpt>
    <trkpt lat="49.419651" lon="20.627547">
      <ele>813</ele>
      <time>2026-05-07T14:28:06Z</time>
    </trkpt>
    <trkpt lat="49.419441" lon="20.62816">
      <ele>804</ele>
      <time>2026-05-07T14:28:53Z</time>
    </trkpt>
    <trkpt lat="49.419388" lon="20.628275">
      <ele>803</ele>
      <time>2026-05-07T14:29:02Z</time>
    </trkpt>
    <trkpt lat="49.419325" lon="20.628422">
      <ele>802</ele>
      <time>2026-05-07T14:29:14Z</time>
    </trkpt>
    <trkpt lat="49.419232" lon="20.628602">
      <ele>801</ele>
      <time>2026-05-07T14:29:29Z</time>
    </trkpt>
    <trkpt lat="49.419066" lon="20.628792">
      <ele>798</ele>
      <time>2026-05-07T14:29:50Z</time>
    </trkpt>
    <trkpt lat="49.418935" lon="20.628943">
      <ele>795</ele>
      <time>2026-05-07T14:30:07Z</time>
    </trkpt>
    <trkpt lat="49.418892" lon="20.628995">
      <ele>794</ele>
      <time>2026-05-07T14:30:13Z</time>
    </trkpt>
    <trkpt lat="49.41879" lon="20.629164">
      <ele>791</ele>
      <time>2026-05-07T14:30:28Z</time>
    </trkpt>
    <trkpt lat="49.418771" lon="20.629278">
      <ele>789</ele>
      <time>2026-05-07T14:30:36Z</time>
    </trkpt>
    <trkpt lat="49.418768" lon="20.629367">
      <ele>787</ele>
      <time>2026-05-07T14:30:42Z</time>
    </trkpt>
    <trkpt lat="49.418785" lon="20.629481">
      <ele>785</ele>
      <time>2026-05-07T14:30:50Z</time>
    </trkpt>
    <trkpt lat="49.418809" lon="20.629585">
      <ele>783</ele>
      <time>2026-05-07T14:30:58Z</time>
    </trkpt>
    <trkpt lat="49.418898" lon="20.629806">
      <ele>781</ele>
      <time>2026-05-07T14:31:15Z</time>
    </trkpt>
    <trkpt lat="49.418938" lon="20.629922">
      <ele>780</ele>
      <time>2026-05-07T14:31:24Z</time>
    </trkpt>
    <trkpt lat="49.418961" lon="20.630038">
      <ele>779</ele>
      <time>2026-05-07T14:31:32Z</time>
    </trkpt>
    <trkpt lat="49.418972" lon="20.630259">
      <ele>777</ele>
      <time>2026-05-07T14:31:46Z</time>
    </trkpt>
    <trkpt lat="49.418956" lon="20.630404">
      <ele>774</ele>
      <time>2026-05-07T14:31:56Z</time>
    </trkpt>
    <trkpt lat="49.418906" lon="20.630506">
      <ele>772</ele>
      <time>2026-05-07T14:32:05Z</time>
    </trkpt>
    <trkpt lat="49.418849" lon="20.630557">
      <ele>771</ele>
      <time>2026-05-07T14:32:12Z</time>
    </trkpt>
    <trkpt lat="49.418782" lon="20.630584">
      <ele>769</ele>
      <time>2026-05-07T14:32:19Z</time>
    </trkpt>
    <trkpt lat="49.41855" lon="20.630549">
      <ele>768</ele>
      <time>2026-05-07T14:32:43Z</time>
    </trkpt>
    <trkpt lat="49.418248" lon="20.630465">
      <ele>767</ele>
      <time>2026-05-07T14:33:14Z</time>
    </trkpt>
    <trkpt lat="49.418004" lon="20.630341">
      <ele>767</ele>
      <time>2026-05-07T14:33:40Z</time>
    </trkpt>
    <trkpt lat="49.417662" lon="20.629944">
      <ele>768</ele>
      <time>2026-05-07T14:34:24Z</time>
    </trkpt>
    <trkpt lat="49.417602" lon="20.629905">
      <ele>767</ele>
      <time>2026-05-07T14:34:30Z</time>
    </trkpt>
    <trkpt lat="49.417539" lon="20.629895">
      <ele>765</ele>
      <time>2026-05-07T14:34:37Z</time>
    </trkpt>
    <trkpt lat="49.417477" lon="20.629921">
      <ele>764</ele>
      <time>2026-05-07T14:34:43Z</time>
    </trkpt>
    <trkpt lat="49.417421" lon="20.629976">
      <ele>762</ele>
      <time>2026-05-07T14:34:50Z</time>
    </trkpt>
    <trkpt lat="49.41738" lon="20.6301">
      <ele>759</ele>
      <time>2026-05-07T14:35:00Z</time>
    </trkpt>
    <trkpt lat="49.417375" lon="20.630164">
      <ele>758</ele>
      <time>2026-05-07T14:35:04Z</time>
    </trkpt>
    <trkpt lat="49.417368" lon="20.630248">
      <ele>756</ele>
      <time>2026-05-07T14:35:10Z</time>
    </trkpt>
    <trkpt lat="49.417365" lon="20.630522">
      <ele>752</ele>
      <time>2026-05-07T14:35:29Z</time>
    </trkpt>
    <trkpt lat="49.417367" lon="20.630911">
      <ele>747</ele>
      <time>2026-05-07T14:35:55Z</time>
    </trkpt>
    <trkpt lat="49.417389" lon="20.631083">
      <ele>746</ele>
      <time>2026-05-07T14:36:06Z</time>
    </trkpt>
    <trkpt lat="49.417447" lon="20.631255">
      <ele>745</ele>
      <time>2026-05-07T14:36:19Z</time>
    </trkpt>
    <trkpt lat="49.417488" lon="20.631402">
      <ele>745</ele>
      <time>2026-05-07T14:36:30Z</time>
    </trkpt>
    <trkpt lat="49.417546" lon="20.631717">
      <ele>742</ele>
      <time>2026-05-07T14:36:51Z</time>
    </trkpt>
    <trkpt lat="49.417535" lon="20.632132">
      <ele>736</ele>
      <time>2026-05-07T14:37:19Z</time>
    </trkpt>
    <trkpt lat="49.417486" lon="20.632437">
      <ele>733</ele>
      <time>2026-05-07T14:37:40Z</time>
    </trkpt>
    <trkpt lat="49.41743" lon="20.632579">
      <ele>733</ele>
      <time>2026-05-07T14:37:51Z</time>
    </trkpt>
    <trkpt lat="49.417234" lon="20.632862">
      <ele>734</ele>
      <time>2026-05-07T14:38:19Z</time>
    </trkpt>
    <trkpt lat="49.417106" lon="20.633159">
      <ele>734</ele>
      <time>2026-05-07T14:38:42Z</time>
    </trkpt>
    <trkpt lat="49.416986" lon="20.633353">
      <ele>732</ele>
      <time>2026-05-07T14:39:00Z</time>
    </trkpt>
    <trkpt lat="49.416933" lon="20.633462">
      <ele>732</ele>
      <time>2026-05-07T14:39:09Z</time>
    </trkpt>
    <trkpt lat="49.416924" lon="20.633559">
      <ele>732</ele>
      <time>2026-05-07T14:39:15Z</time>
    </trkpt>
    <trkpt lat="49.416934" lon="20.633654">
      <ele>731</ele>
      <time>2026-05-07T14:39:22Z</time>
    </trkpt>
    <trkpt lat="49.417022" lon="20.633955">
      <ele>731</ele>
      <time>2026-05-07T14:39:44Z</time>
    </trkpt>
    <trkpt lat="49.417073" lon="20.63451">
      <ele>729</ele>
      <time>2026-05-07T14:40:21Z</time>
    </trkpt>
    <trkpt lat="49.417083" lon="20.634632">
      <ele>729</ele>
      <time>2026-05-07T14:40:29Z</time>
    </trkpt>
    <trkpt lat="49.417025" lon="20.634837">
      <ele>729</ele>
      <time>2026-05-07T14:40:43Z</time>
    </trkpt>
    <trkpt lat="49.416894" lon="20.635149">
      <ele>729</ele>
      <time>2026-05-07T14:41:08Z</time>
    </trkpt>
    <trkpt lat="49.416716" lon="20.63568">
      <ele>725</ele>
      <time>2026-05-07T14:41:48Z</time>
    </trkpt>
    <trkpt lat="49.416597" lon="20.63618">
      <ele>722</ele>
      <time>2026-05-07T14:42:23Z</time>
    </trkpt>
    <trkpt lat="49.416466" lon="20.637021">
      <ele>721</ele>
      <time>2026-05-07T14:43:20Z</time>
    </trkpt>
    <trkpt lat="49.416449" lon="20.637299">
      <ele>722</ele>
      <time>2026-05-07T14:43:38Z</time>
    </trkpt>
    <trkpt lat="49.416463" lon="20.637549">
      <ele>722</ele>
      <time>2026-05-07T14:43:55Z</time>
    </trkpt>
    <trkpt lat="49.41651" lon="20.637884">
      <ele>721</ele>
      <time>2026-05-07T14:44:18Z</time>
    </trkpt>
    <trkpt lat="49.416573" lon="20.638185">
      <ele>720</ele>
      <time>2026-05-07T14:44:39Z</time>
    </trkpt>
    <trkpt lat="49.416654" lon="20.638468">
      <ele>717</ele>
      <time>2026-05-07T14:44:59Z</time>
    </trkpt>
    <trkpt lat="49.416771" lon="20.638797">
      <ele>712</ele>
      <time>2026-05-07T14:45:24Z</time>
    </trkpt>
    <trkpt lat="49.416863" lon="20.639032">
      <ele>709</ele>
      <time>2026-05-07T14:45:43Z</time>
    </trkpt>
    <trkpt lat="49.416903" lon="20.639246">
      <ele>707</ele>
      <time>2026-05-07T14:45:57Z</time>
    </trkpt>
    <trkpt lat="49.416915" lon="20.639558">
      <ele>705</ele>
      <time>2026-05-07T14:46:18Z</time>
    </trkpt>
    <trkpt lat="49.416908" lon="20.640052">
      <ele>702</ele>
      <time>2026-05-07T14:46:51Z</time>
    </trkpt>
    <trkpt lat="49.416934" lon="20.640428">
      <ele>698</ele>
      <time>2026-05-07T14:47:16Z</time>
    </trkpt>
    <trkpt lat="49.416945" lon="20.640676">
      <ele>696</ele>
      <time>2026-05-07T14:47:33Z</time>
    </trkpt>
    <trkpt lat="49.416939" lon="20.640843">
      <ele>694</ele>
      <time>2026-05-07T14:47:44Z</time>
    </trkpt>
    <trkpt lat="49.416918" lon="20.640975">
      <ele>693</ele>
      <time>2026-05-07T14:47:53Z</time>
    </trkpt>
    <trkpt lat="49.416887" lon="20.641084">
      <ele>692</ele>
      <time>2026-05-07T14:48:01Z</time>
    </trkpt>
    <trkpt lat="49.416783" lon="20.641389">
      <ele>691</ele>
      <time>2026-05-07T14:48:24Z</time>
    </trkpt>
    <trkpt lat="49.416641" lon="20.641718">
      <ele>689</ele>
      <time>2026-05-07T14:48:50Z</time>
    </trkpt>
    <trkpt lat="49.416559" lon="20.641829">
      <ele>688</ele>
      <time>2026-05-07T14:49:01Z</time>
    </trkpt>
    <trkpt lat="49.416396" lon="20.641925">
      <ele>687</ele>
      <time>2026-05-07T14:49:19Z</time>
    </trkpt>
    <trkpt lat="49.416018" lon="20.642191">
      <ele>682</ele>
      <time>2026-05-07T14:50:01Z</time>
    </trkpt>
    <trkpt lat="49.415623" lon="20.64236">
      <ele>685</ele>
      <time>2026-05-07T14:50:43Z</time>
    </trkpt>
    <trkpt lat="49.415512" lon="20.642457">
      <ele>688</ele>
      <time>2026-05-07T14:50:56Z</time>
    </trkpt>
    <trkpt lat="49.415453" lon="20.642661">
      <ele>689</ele>
      <time>2026-05-07T14:51:11Z</time>
    </trkpt>
    <trkpt lat="49.415471" lon="20.642752">
      <ele>688</ele>
      <time>2026-05-07T14:51:17Z</time>
    </trkpt>
    <trkpt lat="49.415538" lon="20.642865">
      <ele>685</ele>
      <time>2026-05-07T14:51:27Z</time>
    </trkpt>
    <trkpt lat="49.415562" lon="20.642886">
      <ele>685</ele>
      <time>2026-05-07T14:51:30Z</time>
    </trkpt>
    <trkpt lat="49.415803" lon="20.643058">
      <ele>680</ele>
      <time>2026-05-07T14:51:58Z</time>
    </trkpt>
    <trkpt lat="49.415898" lon="20.643128">
      <ele>679</ele>
      <time>2026-05-07T14:52:08Z</time>
    </trkpt>
    <trkpt lat="49.416006" lon="20.643152">
      <ele>678</ele>
      <time>2026-05-07T14:52:19Z</time>
    </trkpt>
    <trkpt lat="49.416121" lon="20.643123">
      <ele>676</ele>
      <time>2026-05-07T14:52:31Z</time>
    </trkpt>
    <trkpt lat="49.416493" lon="20.642965">
      <ele>672</ele>
      <time>2026-05-07T14:53:11Z</time>
    </trkpt>
    <trkpt lat="49.416568" lon="20.642946">
      <ele>672</ele>
      <time>2026-05-07T14:53:18Z</time>
    </trkpt>
    <trkpt lat="49.416644" lon="20.642989">
      <ele>671</ele>
      <time>2026-05-07T14:53:27Z</time>
    </trkpt>
    <trkpt lat="49.416728" lon="20.643107">
      <ele>668</ele>
      <time>2026-05-07T14:53:39Z</time>
    </trkpt>
    <trkpt lat="49.4168" lon="20.643316">
      <ele>664</ele>
      <time>2026-05-07T14:53:55Z</time>
    </trkpt>
    <trkpt lat="49.416957" lon="20.643828">
      <ele>660</ele>
      <time>2026-05-07T14:54:32Z</time>
    </trkpt>
    <trkpt lat="49.417219" lon="20.644425">
      <ele>655</ele>
      <time>2026-05-07T14:55:20Z</time>
    </trkpt>
    <trkpt lat="49.417543" lon="20.64494">
      <ele>648</ele>
      <time>2026-05-07T14:56:08Z</time>
    </trkpt>
    <trkpt lat="49.417873" lon="20.645295">
      <ele>640</ele>
      <time>2026-05-07T14:56:49Z</time>
    </trkpt>
    <trkpt lat="49.41819" lon="20.645487">
      <ele>628</ele>
      <time>2026-05-07T14:57:26Z</time>
    </trkpt>
    <trkpt lat="49.418504" lon="20.645631">
      <ele>618</ele>
      <time>2026-05-07T14:58:00Z</time>
    </trkpt>
    <trkpt lat="49.419022" lon="20.646014">
      <ele>608</ele>
      <time>2026-05-07T14:58:59Z</time>
    </trkpt>
    <trkpt lat="49.419144" lon="20.646147">
      <ele>606</ele>
      <time>2026-05-07T14:59:14Z</time>
    </trkpt>
    <trkpt lat="49.419199" lon="20.646245">
      <ele>605</ele>
      <time>2026-05-07T14:59:23Z</time>
    </trkpt>
    <trkpt lat="49.419527" lon="20.646878">
      <ele>594</ele>
      <time>2026-05-07T15:00:17Z</time>
    </trkpt>
    <trkpt lat="49.419677" lon="20.647135">
      <ele>593</ele>
      <time>2026-05-07T15:00:40Z</time>
    </trkpt>
    <trkpt lat="49.419841" lon="20.647387">
      <ele>594</ele>
      <time>2026-05-07T15:01:04Z</time>
    </trkpt>
    <trkpt lat="49.420267" lon="20.647752">
      <ele>590</ele>
      <time>2026-05-07T15:01:53Z</time>
    </trkpt>
    <trkpt lat="49.42049" lon="20.647994">
      <ele>590</ele>
      <time>2026-05-07T15:02:21Z</time>
    </trkpt>
    <trkpt lat="49.420619" lon="20.648176">
      <ele>588</ele>
      <time>2026-05-07T15:02:39Z</time>
    </trkpt>
    <trkpt lat="49.420771" lon="20.648522">
      <ele>584</ele>
      <time>2026-05-07T15:03:07Z</time>
    </trkpt>
    <trkpt lat="49.420929" lon="20.648758">
      <ele>581</ele>
      <time>2026-05-07T15:03:29Z</time>
    </trkpt>
    <trkpt lat="49.421101" lon="20.648986">
      <ele>576</ele>
      <time>2026-05-07T15:03:53Z</time>
    </trkpt>
    <trkpt lat="49.421445" lon="20.649237">
      <ele>577</ele>
      <time>2026-05-07T15:04:31Z</time>
    </trkpt>
    <trkpt lat="49.421787" lon="20.649472">
      <ele>578</ele>
      <time>2026-05-07T15:05:09Z</time>
    </trkpt>
    <trkpt lat="49.422315" lon="20.649814">
      <ele>577</ele>
      <time>2026-05-07T15:06:07Z</time>
    </trkpt>
    <trkpt lat="49.422389" lon="20.649884">
      <ele>576</ele>
      <time>2026-05-07T15:06:16Z</time>
    </trkpt>
    <trkpt lat="49.422562" lon="20.65005">
      <ele>574</ele>
      <time>2026-05-07T15:06:37Z</time>
    </trkpt>
    <trkpt lat="49.423484" lon="20.65099">
      <ele>565</ele>
      <time>2026-05-07T15:08:30Z</time>
    </trkpt>
    <trkpt lat="49.423844" lon="20.651359">
      <ele>565</ele>
      <time>2026-05-07T15:09:14Z</time>
    </trkpt>
    <trkpt lat="49.423992" lon="20.651526">
      <ele>562</ele>
      <time>2026-05-07T15:09:32Z</time>
    </trkpt>
    <trkpt lat="49.424135" lon="20.651754">
      <ele>557</ele>
      <time>2026-05-07T15:09:54Z</time>
    </trkpt>
    <trkpt lat="49.424878" lon="20.653761">
      <ele>545</ele>
      <time>2026-05-07T15:12:27Z</time>
    </trkpt>
    <trkpt lat="49.424995" lon="20.65419">
      <ele>543</ele>
      <time>2026-05-07T15:12:58Z</time>
    </trkpt>
    <trkpt lat="49.425006" lon="20.654476">
      <ele>543</ele>
      <time>2026-05-07T15:13:16Z</time>
    </trkpt>
    <trkpt lat="49.424917" lon="20.658024">
      <ele>530</ele>
      <time>2026-05-07T15:17:11Z</time>
    </trkpt>
    <trkpt lat="49.424924" lon="20.659079">
      <ele>525</ele>
      <time>2026-05-07T15:18:21Z</time>
    </trkpt>
    <trkpt lat="49.424939" lon="20.659723">
      <ele>520</ele>
      <time>2026-05-07T15:19:04Z</time>
    </trkpt>
    <trkpt lat="49.424925" lon="20.660066">
      <ele>519</ele>
      <time>2026-05-07T15:19:27Z</time>
    </trkpt>
    <trkpt lat="49.424855" lon="20.660756">
      <ele>515</ele>
      <time>2026-05-07T15:20:13Z</time>
    </trkpt>
    <trkpt lat="49.424793" lon="20.661289">
      <ele>512</ele>
      <time>2026-05-07T15:20:49Z</time>
    </trkpt>
    <trkpt lat="49.424798" lon="20.661544">
      <ele>512</ele>
      <time>2026-05-07T15:21:05Z</time>
    </trkpt>
    <trkpt lat="49.424836" lon="20.661741">
      <ele>512</ele>
      <time>2026-05-07T15:21:19Z</time>
    </trkpt>
    <trkpt lat="49.42489" lon="20.661861">
      <ele>512</ele>
      <time>2026-05-07T15:21:29Z</time>
    </trkpt>
    <trkpt lat="49.425356" lon="20.662627">
      <ele>506</ele>
      <time>2026-05-07T15:22:38Z</time>
    </trkpt>
    <trkpt lat="49.425928" lon="20.663493">
      <ele>506</ele>
      <time>2026-05-07T15:24:00Z</time>
    </trkpt>
    <trkpt lat="49.426569" lon="20.664514">
      <ele>500</ele>
      <time>2026-05-07T15:25:33Z</time>
    </trkpt>
    <trkpt lat="49.427928" lon="20.666371">
      <ele>492</ele>
      <time>2026-05-07T15:28:38Z</time>
    </trkpt>
    <trkpt lat="49.428623" lon="20.667375">
      <ele>490</ele>
      <time>2026-05-07T15:30:15Z</time>
    </trkpt>
    <trkpt lat="49.428913" lon="20.667827">
      <ele>487</ele>
      <time>2026-05-07T15:30:52Z</time>
    </trkpt>
    <trkpt lat="49.429163" lon="20.668276">
      <ele>484</ele>
      <time>2026-05-07T15:31:26Z</time>
    </trkpt>
    <trkpt lat="49.429549" lon="20.669211">
      <ele>482</ele>
      <time>2026-05-07T15:32:30Z</time>
    </trkpt>
    <trkpt lat="49.429745" lon="20.669781">
      <ele>480</ele>
      <time>2026-05-07T15:33:07Z</time>
    </trkpt>
    <trkpt lat="49.431016" lon="20.674155">
      <ele>477</ele>
      <time>2026-05-07T15:37:44Z</time>
    </trkpt>
    <trkpt lat="49.431144" lon="20.674745">
      <ele>472</ele>
      <time>2026-05-07T15:38:21Z</time>
    </trkpt>
    <trkpt lat="49.431389" lon="20.676684">
      <ele>462</ele>
      <time>2026-05-07T15:40:15Z</time>
    </trkpt>
    <trkpt lat="49.431488" lon="20.677657">
      <ele>462</ele>
      <time>2026-05-07T15:41:28Z</time>
    </trkpt>
    <trkpt lat="49.431536" lon="20.67807">
      <ele>459</ele>
      <time>2026-05-07T15:41:59Z</time>
    </trkpt>
    <trkpt lat="49.431628" lon="20.67839">
      <ele>458</ele>
      <time>2026-05-07T15:42:25Z</time>
    </trkpt>
    <trkpt lat="49.431664" lon="20.678516">
      <ele>456</ele>
      <time>2026-05-07T15:42:35Z</time>
    </trkpt>
    <trkpt lat="49.431809" lon="20.678785">
      <ele>456</ele>
      <time>2026-05-07T15:43:01Z</time>
    </trkpt>
    <trkpt lat="49.43194" lon="20.678944">
      <ele>455</ele>
      <time>2026-05-07T15:43:20Z</time>
    </trkpt>
    <trkpt lat="49.432479" lon="20.679394">
      <ele>462</ele>
      <time>2026-05-07T15:44:30Z</time>
    </trkpt>
    <trkpt lat="49.432624" lon="20.679569">
      <ele>465</ele>
      <time>2026-05-07T15:44:52Z</time>
    </trkpt>
    <trkpt lat="49.432716" lon="20.679727">
      <ele>466</ele>
      <time>2026-05-07T15:45:07Z</time>
    </trkpt>
    <trkpt lat="49.432819" lon="20.679944">
      <ele>466</ele>
      <time>2026-05-07T15:45:27Z</time>
    </trkpt>
    <trkpt lat="49.433224" lon="20.680923">
      <ele>456</ele>
      <time>2026-05-07T15:46:54Z</time>
    </trkpt>
    <trkpt lat="49.433494" lon="20.681556">
      <ele>456</ele>
      <time>2026-05-07T15:47:50Z</time>
    </trkpt>
    <trkpt lat="49.433809" lon="20.682212">
      <ele>462</ele>
      <time>2026-05-07T15:48:50Z</time>
    </trkpt>
    <trkpt lat="49.434417" lon="20.683139">
      <ele>454</ele>
      <time>2026-05-07T15:50:28Z</time>
    </trkpt>
    <trkpt lat="49.435149" lon="20.684604">
      <ele>444</ele>
      <time>2026-05-07T15:52:45Z</time>
    </trkpt>
    <trkpt lat="49.435382" lon="20.68507">
      <ele>442</ele>
      <time>2026-05-07T15:53:29Z</time>
    </trkpt>
    <trkpt lat="49.43543" lon="20.685165">
      <ele>442</ele>
      <time>2026-05-07T15:53:37Z</time>
    </trkpt>
    <trkpt lat="49.436091" lon="20.686361">
      <ele>437</ele>
      <time>2026-05-07T15:55:34Z</time>
    </trkpt>
    <trkpt lat="49.43622" lon="20.6867">
      <ele>437</ele>
      <time>2026-05-07T15:56:03Z</time>
    </trkpt>
    <trkpt lat="49.436313" lon="20.687055">
      <ele>437</ele>
      <time>2026-05-07T15:56:31Z</time>
    </trkpt>
    <trkpt lat="49.436766" lon="20.688912">
      <ele>425</ele>
      <time>2026-05-07T15:58:58Z</time>
    </trkpt>
    <trkpt lat="49.436777" lon="20.689316">
      <ele>420</ele>
      <time>2026-05-07T15:59:29Z</time>
    </trkpt>
    <trkpt lat="49.436727" lon="20.689645">
      <ele>418</ele>
      <time>2026-05-07T15:59:54Z</time>
    </trkpt>
    <trkpt lat="49.436672" lon="20.689849">
      <ele>418</ele>
      <time>2026-05-07T16:00:10Z</time>
    </trkpt>
    <trkpt lat="49.436487" lon="20.690339">
      <ele>422</ele>
      <time>2026-05-07T16:00:52Z</time>
    </trkpt>
    <trkpt lat="49.436412" lon="20.690483">
      <ele>424</ele>
      <time>2026-05-07T16:01:06Z</time>
    </trkpt>
    <trkpt lat="49.436344" lon="20.690695">
      <ele>427</ele>
      <time>2026-05-07T16:01:24Z</time>
    </trkpt>
    <trkpt lat="49.436348" lon="20.69107">
      <ele>428</ele>
      <time>2026-05-07T16:01:52Z</time>
    </trkpt>
    <trkpt lat="49.436391" lon="20.692079">
      <ele>423</ele>
      <time>2026-05-07T16:03:07Z</time>
    </trkpt>
    <trkpt lat="49.436403" lon="20.692506">
      <ele>419</ele>
      <time>2026-05-07T16:03:39Z</time>
    </trkpt>
    <trkpt lat="49.436407" lon="20.692946">
      <ele>416</ele>
      <time>2026-05-07T16:04:11Z</time>
    </trkpt>
    <trkpt lat="49.436395" lon="20.69385">
      <ele>409</ele>
      <time>2026-05-07T16:05:19Z</time>
    </trkpt>
    <trkpt lat="49.436361" lon="20.694311">
      <ele>407</ele>
      <time>2026-05-07T16:05:53Z</time>
    </trkpt>
    <trkpt lat="49.43638" lon="20.694625">
      <ele>404</ele>
      <time>2026-05-07T16:06:17Z</time>
    </trkpt>
    <trkpt lat="49.436214" lon="20.695461">
      <ele>403</ele>
      <time>2026-05-07T16:07:21Z</time>
    </trkpt>
    <trkpt lat="49.436176" lon="20.695603">
      <ele>402</ele>
      <time>2026-05-07T16:07:33Z</time>
    </trkpt>
    <trkpt lat="49.435947" lon="20.697022">
      <ele>397</ele>
      <time>2026-05-07T16:09:21Z</time>
    </trkpt>
    <trkpt lat="49.435692" lon="20.698245">
      <ele>394</ele>
      <time>2026-05-07T16:10:56Z</time>
    </trkpt>
    <trkpt lat="49.435455" lon="20.699302">
      <ele>393</ele>
      <time>2026-05-07T16:12:19Z</time>
    </trkpt>
    <trkpt lat="49.435195" lon="20.700541">
      <ele>388</ele>
      <time>2026-05-07T16:13:55Z</time>
    </trkpt>
    <trkpt lat="49.435134" lon="20.700792">
      <ele>387</ele>
      <time>2026-05-07T16:14:15Z</time>
    </trkpt>
    <trkpt lat="49.434605" lon="20.703437">
      <ele>381</ele>
      <time>2026-05-07T16:17:40Z</time>
    </trkpt>
    <trkpt lat="49.434412" lon="20.704664">
      <ele>382</ele>
      <time>2026-05-07T16:19:13Z</time>
    </trkpt>
    <trkpt lat="49.434292" lon="20.705474">
      <ele>380</ele>
      <time>2026-05-07T16:20:15Z</time>
    </trkpt>
    <trkpt lat="49.434457" lon="20.706374">
      <ele>377</ele>
      <time>2026-05-07T16:21:20Z</time>
    </trkpt>
    <trkpt lat="49.434473" lon="20.706383">
      <ele>378</ele>
      <time>2026-05-07T16:21:22Z</time>
    </trkpt>
    <trkpt lat="49.43466" lon="20.706454">
      <ele>381</ele>
      <time>2026-05-07T16:21:43Z</time>
    </trkpt>
    <trkpt lat="49.434738" lon="20.706503">
      <ele>381</ele>
      <time>2026-05-07T16:21:52Z</time>
    </trkpt>
    <trkpt lat="49.434847" lon="20.706573">
      <ele>383</ele>
      <time>2026-05-07T16:22:05Z</time>
    </trkpt>
    <trkpt lat="49.435007" lon="20.706728">
      <ele>384</ele>
      <time>2026-05-07T16:22:25Z</time>
    </trkpt>
    <trkpt lat="49.435263" lon="20.707111">
      <ele>391</ele>
      <time>2026-05-07T16:23:04Z</time>
    </trkpt>
    <trkpt lat="49.435376" lon="20.707292">
      <ele>392</ele>
      <time>2026-05-07T16:23:22Z</time>
    </trkpt>
    <trkpt lat="49.435653" lon="20.707882">
      <ele>394</ele>
      <time>2026-05-07T16:24:13Z</time>
    </trkpt>
    <trkpt lat="49.435753" lon="20.708063">
      <ele>398</ele>
      <time>2026-05-07T16:24:30Z</time>
    </trkpt>
    <trkpt lat="49.435942" lon="20.708613">
      <ele>395</ele>
      <time>2026-05-07T16:25:13Z</time>
    </trkpt>
    <trkpt lat="49.436022" lon="20.708845">
      <ele>396</ele>
      <time>2026-05-07T16:25:32Z</time>
    </trkpt>
    <trkpt lat="49.436068" lon="20.709402">
      <ele>395</ele>
      <time>2026-05-07T16:26:11Z</time>
    </trkpt>
    <trkpt lat="49.43606" lon="20.709499">
      <ele>394</ele>
      <time>2026-05-07T16:26:18Z</time>
    </trkpt>
    <trkpt lat="49.436039" lon="20.709569">
      <ele>392</ele>
      <time>2026-05-07T16:26:24Z</time>
    </trkpt>
    <trkpt lat="49.436142" lon="20.710325">
      <ele>395</ele>
      <time>2026-05-07T16:27:18Z</time>
    </trkpt>
    <trkpt lat="49.436262" lon="20.711213">
      <ele>389</ele>
      <time>2026-05-07T16:28:21Z</time>
    </trkpt>
    <trkpt lat="49.436315" lon="20.711479">
      <ele>385</ele>
      <time>2026-05-07T16:28:41Z</time>
    </trkpt>
    <trkpt lat="49.436395" lon="20.711712">
      <ele>383</ele>
      <time>2026-05-07T16:29:00Z</time>
    </trkpt>
    <trkpt lat="49.436499" lon="20.711962">
      <ele>383</ele>
      <time>2026-05-07T16:29:20Z</time>
    </trkpt>
    <trkpt lat="49.436578" lon="20.712107">
      <ele>385</ele>
      <time>2026-05-07T16:29:34Z</time>
    </trkpt>
    <trkpt lat="49.436623" lon="20.712203">
      <ele>385</ele>
      <time>2026-05-07T16:29:42Z</time>
    </trkpt>
    <trkpt lat="49.436684" lon="20.7123">
      <ele>385</ele>
      <time>2026-05-07T16:29:51Z</time>
    </trkpt>
    <trkpt lat="49.436784" lon="20.712407">
      <ele>387</ele>
      <time>2026-05-07T16:30:04Z</time>
    </trkpt>
    <trkpt lat="49.436839" lon="20.712533">
      <ele>386</ele>
      <time>2026-05-07T16:30:15Z</time>
    </trkpt>
    <trkpt lat="49.43696" lon="20.712779">
      <ele>383</ele>
      <time>2026-05-07T16:30:38Z</time>
    </trkpt>
    <trkpt lat="49.437039" lon="20.712948">
      <ele>382</ele>
      <time>2026-05-07T16:30:54Z</time>
    </trkpt>
    <trkpt lat="49.437077" lon="20.713058">
      <ele>380</ele>
      <time>2026-05-07T16:31:04Z</time>
    </trkpt>
    <trkpt lat="49.437115" lon="20.713203">
      <ele>379</ele>
      <time>2026-05-07T16:31:15Z</time>
    </trkpt>
    <trkpt lat="49.437211" lon="20.71364">
      <ele>376</ele>
      <time>2026-05-07T16:31:50Z</time>
    </trkpt>
    <trkpt lat="49.437286" lon="20.713844">
      <ele>375</ele>
      <time>2026-05-07T16:32:08Z</time>
    </trkpt>
    <trkpt lat="49.437444" lon="20.714197">
      <ele>374</ele>
      <time>2026-05-07T16:32:40Z</time>
    </trkpt>
    <trkpt lat="49.43782" lon="20.71497">
      <ele>374</ele>
      <time>2026-05-07T16:33:53Z</time>
    </trkpt>
    <trkpt lat="49.438008" lon="20.71522">
      <ele>374</ele>
      <time>2026-05-07T16:34:22Z</time>
    </trkpt>
    <trkpt lat="49.438063" lon="20.715269">
      <ele>374</ele>
      <time>2026-05-07T16:34:29Z</time>
    </trkpt>
    <trkpt lat="49.438142" lon="20.715341">
      <ele>374</ele>
      <time>2026-05-07T16:34:40Z</time>
    </trkpt>
    <trkpt lat="49.438244" lon="20.715494">
      <ele>375</ele>
      <time>2026-05-07T16:34:57Z</time>
    </trkpt>
    <trkpt lat="49.438312" lon="20.715598">
      <ele>375</ele>
      <time>2026-05-07T16:35:08Z</time>
    </trkpt>
    <trkpt lat="49.43844" lon="20.71585">
      <ele>375</ele>
      <time>2026-05-07T16:35:32Z</time>
    </trkpt>
    <trkpt lat="49.438618" lon="20.716131">
      <ele>375</ele>
      <time>2026-05-07T16:36:01Z</time>
    </trkpt>
    <trkpt lat="49.438746" lon="20.716288">
      <ele>375</ele>
      <time>2026-05-07T16:36:20Z</time>
    </trkpt>
    <trkpt lat="49.438849" lon="20.716369">
      <ele>375</ele>
      <time>2026-05-07T16:36:34Z</time>
    </trkpt>
    <trkpt lat="49.438957" lon="20.716428">
      <ele>375</ele>
      <time>2026-05-07T16:36:47Z</time>
    </trkpt>
    <trkpt lat="49.439122" lon="20.716526">
      <ele>375</ele>
      <time>2026-05-07T16:37:08Z</time>
    </trkpt>
    <trkpt lat="49.439266" lon="20.716691">
      <ele>375</ele>
      <time>2026-05-07T16:37:28Z</time>
    </trkpt>
    <trkpt lat="49.439384" lon="20.716864">
      <ele>375</ele>
      <time>2026-05-07T16:37:47Z</time>
    </trkpt>
    <trkpt lat="49.439417" lon="20.716937">
      <ele>375</ele>
      <time>2026-05-07T16:37:54Z</time>
    </trkpt>
    <trkpt lat="49.439566" lon="20.717263">
      <ele>373</ele>
      <time>2026-05-07T16:38:24Z</time>
    </trkpt>
    <trkpt lat="49.439694" lon="20.717387">
      <ele>371</ele>
      <time>2026-05-07T16:38:42Z</time>
    </trkpt>
    <trkpt lat="49.439805" lon="20.717434">
      <ele>371</ele>
      <time>2026-05-07T16:38:55Z</time>
    </trkpt>
    <trkpt lat="49.439966" lon="20.717421">
      <ele>370</ele>
      <time>2026-05-07T16:39:14Z</time>
    </trkpt>
    <trkpt lat="49.440159" lon="20.717381">
      <ele>370</ele>
      <time>2026-05-07T16:39:36Z</time>
    </trkpt>
    <trkpt lat="49.440344" lon="20.717304">
      <ele>371</ele>
      <time>2026-05-07T16:39:59Z</time>
    </trkpt>
    <trkpt lat="49.440477" lon="20.717231">
      <ele>372</ele>
      <time>2026-05-07T16:40:15Z</time>
    </trkpt>
  </trkseg>
</trk>
</gpx>