<?xml version="1.0" encoding="UTF-8"?><gpx creator="https://mapa-turystyczna.pl" xmlns="http://www.topografix.com/GPX/1/1" version="1.1" xmlns:xsi="http://www.w3.org/2001/XMLSchema-instance" xsi:schemaLocation="http://www.topografix.com/GPX/1/1 http://www.topografix.com/GPX/1/1/gpx.xsd">
  <metadata>
    <link href="https://mapa-turystyczna.pl">
      <text>mapa-turystyczna.pl</text>
    </link>
    <time>2026-05-07T08:43:13Z</time>
    <bounds maxlat="49.595081" maxlon="20.1186" minlat="49.542823" minlon="20.080849"/>
  </metadata>

<trk>
  <name>Koninki – Koninki</name>
  <link href="https://mapa-turystyczna.pl/route/z4oh">
    <text>Koninki – Koninki</text>
  </link>
  <trkseg>
    <trkpt lat="49.592821" lon="20.080849">
      <ele>605</ele>
      <time>2026-05-07T08:43:13Z</time>
    </trkpt>
    <trkpt lat="49.592741" lon="20.080963">
      <ele>605</ele>
      <time>2026-05-07T08:43:22Z</time>
    </trkpt>
    <trkpt lat="49.592651" lon="20.081155">
      <ele>604</ele>
      <time>2026-05-07T08:43:36Z</time>
    </trkpt>
    <trkpt lat="49.592458" lon="20.081673">
      <ele>605</ele>
      <time>2026-05-07T08:44:09Z</time>
    </trkpt>
    <trkpt lat="49.592292" lon="20.081952">
      <ele>603</ele>
      <time>2026-05-07T08:44:31Z</time>
    </trkpt>
    <trkpt lat="49.592093" lon="20.082228">
      <ele>602</ele>
      <time>2026-05-07T08:44:54Z</time>
    </trkpt>
    <trkpt lat="49.591909" lon="20.082424">
      <ele>603</ele>
      <time>2026-05-07T08:45:13Z</time>
    </trkpt>
    <trkpt lat="49.591806" lon="20.082533">
      <ele>604</ele>
      <time>2026-05-07T08:45:30Z</time>
    </trkpt>
    <trkpt lat="49.591731" lon="20.082606">
      <ele>605</ele>
      <time>2026-05-07T08:45:43Z</time>
    </trkpt>
    <trkpt lat="49.591639" lon="20.082673">
      <ele>606</ele>
      <time>2026-05-07T08:45:57Z</time>
    </trkpt>
    <trkpt lat="49.591451" lon="20.082791">
      <ele>607</ele>
      <time>2026-05-07T08:46:25Z</time>
    </trkpt>
    <trkpt lat="49.590361" lon="20.083369">
      <ele>613</ele>
      <time>2026-05-07T08:49:06Z</time>
    </trkpt>
    <trkpt lat="49.590066" lon="20.083511">
      <ele>614</ele>
      <time>2026-05-07T08:49:49Z</time>
    </trkpt>
    <trkpt lat="49.589757" lon="20.083606">
      <ele>615</ele>
      <time>2026-05-07T08:50:33Z</time>
    </trkpt>
    <trkpt lat="49.58944" lon="20.083706">
      <ele>616</ele>
      <time>2026-05-07T08:51:18Z</time>
    </trkpt>
    <trkpt lat="49.589122" lon="20.083844">
      <ele>618</ele>
      <time>2026-05-07T08:52:04Z</time>
    </trkpt>
    <trkpt lat="49.589028" lon="20.083894">
      <ele>619</ele>
      <time>2026-05-07T08:52:17Z</time>
    </trkpt>
    <trkpt lat="49.588907" lon="20.083957">
      <ele>620</ele>
      <time>2026-05-07T08:52:35Z</time>
    </trkpt>
    <trkpt lat="49.588679" lon="20.084079">
      <ele>620</ele>
      <time>2026-05-07T08:53:09Z</time>
    </trkpt>
    <trkpt lat="49.588646" lon="20.084097">
      <ele>620</ele>
      <time>2026-05-07T08:53:14Z</time>
    </trkpt>
    <trkpt lat="49.588315" lon="20.084242">
      <ele>621</ele>
      <time>2026-05-07T08:54:01Z</time>
    </trkpt>
    <trkpt lat="49.588088" lon="20.084274">
      <ele>621</ele>
      <time>2026-05-07T08:54:33Z</time>
    </trkpt>
    <trkpt lat="49.58799" lon="20.084278">
      <ele>622</ele>
      <time>2026-05-07T08:54:47Z</time>
    </trkpt>
    <trkpt lat="49.587125" lon="20.084308">
      <ele>630</ele>
      <time>2026-05-07T08:56:48Z</time>
    </trkpt>
    <trkpt lat="49.586849" lon="20.084349">
      <ele>631</ele>
      <time>2026-05-07T08:57:26Z</time>
    </trkpt>
    <trkpt lat="49.586441" lon="20.08447">
      <ele>628</ele>
      <time>2026-05-07T08:58:24Z</time>
    </trkpt>
    <trkpt lat="49.586204" lon="20.084511">
      <ele>628</ele>
      <time>2026-05-07T08:58:57Z</time>
    </trkpt>
    <trkpt lat="49.585136" lon="20.084256">
      <ele>631</ele>
      <time>2026-05-07T09:01:28Z</time>
    </trkpt>
    <trkpt lat="49.585062" lon="20.084241">
      <ele>631</ele>
      <time>2026-05-07T09:01:38Z</time>
    </trkpt>
    <trkpt lat="49.58498" lon="20.084224">
      <ele>631</ele>
      <time>2026-05-07T09:01:49Z</time>
    </trkpt>
    <trkpt lat="49.584099" lon="20.084043">
      <ele>632</ele>
      <time>2026-05-07T09:03:53Z</time>
    </trkpt>
    <trkpt lat="49.584008" lon="20.084024">
      <ele>631</ele>
      <time>2026-05-07T09:04:06Z</time>
    </trkpt>
    <trkpt lat="49.583945" lon="20.084011">
      <ele>632</ele>
      <time>2026-05-07T09:04:15Z</time>
    </trkpt>
    <trkpt lat="49.583801" lon="20.083998">
      <ele>633</ele>
      <time>2026-05-07T09:04:35Z</time>
    </trkpt>
    <trkpt lat="49.583746" lon="20.084031">
      <ele>634</ele>
      <time>2026-05-07T09:04:43Z</time>
    </trkpt>
    <trkpt lat="49.58363" lon="20.084063">
      <ele>635</ele>
      <time>2026-05-07T09:05:00Z</time>
    </trkpt>
    <trkpt lat="49.583536" lon="20.084072">
      <ele>638</ele>
      <time>2026-05-07T09:05:13Z</time>
    </trkpt>
    <trkpt lat="49.583046" lon="20.083968">
      <ele>644</ele>
      <time>2026-05-07T09:06:41Z</time>
    </trkpt>
    <trkpt lat="49.582755" lon="20.083953">
      <ele>645</ele>
      <time>2026-05-07T09:07:33Z</time>
    </trkpt>
    <trkpt lat="49.582409" lon="20.084087">
      <ele>644</ele>
      <time>2026-05-07T09:08:36Z</time>
    </trkpt>
    <trkpt lat="49.581414" lon="20.084709">
      <ele>650</ele>
      <time>2026-05-07T09:11:46Z</time>
    </trkpt>
    <trkpt lat="49.580326" lon="20.085364">
      <ele>659</ele>
      <time>2026-05-07T09:15:13Z</time>
    </trkpt>
    <trkpt lat="49.580178" lon="20.085981">
      <ele>666</ele>
      <time>2026-05-07T09:16:08Z</time>
    </trkpt>
    <trkpt lat="49.58012" lon="20.086641">
      <ele>670</ele>
      <time>2026-05-07T09:17:04Z</time>
    </trkpt>
    <trkpt lat="49.580037" lon="20.08705">
      <ele>671</ele>
      <time>2026-05-07T09:17:39Z</time>
    </trkpt>
    <trkpt lat="49.579925" lon="20.087414">
      <ele>672</ele>
      <time>2026-05-07T09:18:13Z</time>
    </trkpt>
    <trkpt lat="49.579807" lon="20.08772">
      <ele>672</ele>
      <time>2026-05-07T09:19:13Z</time>
    </trkpt>
    <trkpt lat="49.579573" lon="20.088127">
      <ele>674</ele>
      <time>2026-05-07T09:20:06Z</time>
    </trkpt>
    <trkpt lat="49.579166" lon="20.088741">
      <ele>676</ele>
      <time>2026-05-07T09:21:31Z</time>
    </trkpt>
    <trkpt lat="49.579089" lon="20.088858">
      <ele>678</ele>
      <time>2026-05-07T09:21:47Z</time>
    </trkpt>
    <trkpt lat="49.578974" lon="20.089182">
      <ele>680</ele>
      <time>2026-05-07T09:22:23Z</time>
    </trkpt>
    <trkpt lat="49.578922" lon="20.089445">
      <ele>680</ele>
      <time>2026-05-07T09:22:50Z</time>
    </trkpt>
    <trkpt lat="49.578894" lon="20.089788">
      <ele>681</ele>
      <time>2026-05-07T09:23:23Z</time>
    </trkpt>
    <trkpt lat="49.578869" lon="20.09015">
      <ele>684</ele>
      <time>2026-05-07T09:23:59Z</time>
    </trkpt>
    <trkpt lat="49.578857" lon="20.090293">
      <ele>685</ele>
      <time>2026-05-07T09:24:13Z</time>
    </trkpt>
    <trkpt lat="49.578801" lon="20.090446">
      <ele>688</ele>
      <time>2026-05-07T09:24:33Z</time>
    </trkpt>
    <trkpt lat="49.57825" lon="20.091473">
      <ele>696</ele>
      <time>2026-05-07T09:27:05Z</time>
    </trkpt>
    <trkpt lat="49.577962" lon="20.091921">
      <ele>698</ele>
      <time>2026-05-07T09:28:17Z</time>
    </trkpt>
    <trkpt lat="49.577765" lon="20.092308">
      <ele>697</ele>
      <time>2026-05-07T09:29:13Z</time>
    </trkpt>
    <trkpt lat="49.57766" lon="20.092222">
      <ele>701</ele>
      <time>2026-05-07T09:29:42Z</time>
    </trkpt>
    <trkpt lat="49.577429" lon="20.092118">
      <ele>715</ele>
      <time>2026-05-07T09:30:44Z</time>
    </trkpt>
    <trkpt lat="49.577373" lon="20.092018">
      <ele>720</ele>
      <time>2026-05-07T09:31:06Z</time>
    </trkpt>
    <trkpt lat="49.577386" lon="20.091856">
      <ele>721</ele>
      <time>2026-05-07T09:31:30Z</time>
    </trkpt>
    <trkpt lat="49.577404" lon="20.091633">
      <ele>723</ele>
      <time>2026-05-07T09:32:04Z</time>
    </trkpt>
    <trkpt lat="49.577392" lon="20.091319">
      <ele>729</ele>
      <time>2026-05-07T09:32:52Z</time>
    </trkpt>
    <trkpt lat="49.577379" lon="20.090649">
      <ele>738</ele>
      <time>2026-05-07T09:34:33Z</time>
    </trkpt>
    <trkpt lat="49.577433" lon="20.090142">
      <ele>740</ele>
      <time>2026-05-07T09:35:49Z</time>
    </trkpt>
    <trkpt lat="49.577475" lon="20.089826">
      <ele>743</ele>
      <time>2026-05-07T09:36:37Z</time>
    </trkpt>
    <trkpt lat="49.57744" lon="20.089392">
      <ele>749</ele>
      <time>2026-05-07T09:37:43Z</time>
    </trkpt>
    <trkpt lat="49.577437" lon="20.089059">
      <ele>754</ele>
      <time>2026-05-07T09:38:33Z</time>
    </trkpt>
    <trkpt lat="49.577416" lon="20.088914">
      <ele>757</ele>
      <time>2026-05-07T09:38:56Z</time>
    </trkpt>
    <trkpt lat="49.577346" lon="20.088914">
      <ele>760</ele>
      <time>2026-05-07T09:39:13Z</time>
    </trkpt>
    <trkpt lat="49.577244" lon="20.089063">
      <ele>761</ele>
      <time>2026-05-07T09:39:45Z</time>
    </trkpt>
    <trkpt lat="49.577122" lon="20.08926">
      <ele>765</ele>
      <time>2026-05-07T09:40:27Z</time>
    </trkpt>
    <trkpt lat="49.577057" lon="20.08942">
      <ele>767</ele>
      <time>2026-05-07T09:40:55Z</time>
    </trkpt>
    <trkpt lat="49.576939" lon="20.089617">
      <ele>773</ele>
      <time>2026-05-07T09:41:37Z</time>
    </trkpt>
    <trkpt lat="49.576838" lon="20.089681">
      <ele>779</ele>
      <time>2026-05-07T09:42:04Z</time>
    </trkpt>
    <trkpt lat="49.576723" lon="20.08967">
      <ele>786</ele>
      <time>2026-05-07T09:42:34Z</time>
    </trkpt>
    <trkpt lat="49.576699" lon="20.089547">
      <ele>788</ele>
      <time>2026-05-07T09:42:53Z</time>
    </trkpt>
    <trkpt lat="49.576657" lon="20.089236">
      <ele>790</ele>
      <time>2026-05-07T09:43:41Z</time>
    </trkpt>
    <trkpt lat="49.576654" lon="20.088898">
      <ele>791</ele>
      <time>2026-05-07T09:44:31Z</time>
    </trkpt>
    <trkpt lat="49.576602" lon="20.088876">
      <ele>793</ele>
      <time>2026-05-07T09:44:44Z</time>
    </trkpt>
    <trkpt lat="49.576519" lon="20.088904">
      <ele>796</ele>
      <time>2026-05-07T09:45:04Z</time>
    </trkpt>
    <trkpt lat="49.576421" lon="20.088962">
      <ele>799</ele>
      <time>2026-05-07T09:45:29Z</time>
    </trkpt>
    <trkpt lat="49.576375" lon="20.0888">
      <ele>800</ele>
      <time>2026-05-07T09:45:55Z</time>
    </trkpt>
    <trkpt lat="49.576294" lon="20.0887">
      <ele>801</ele>
      <time>2026-05-07T09:46:19Z</time>
    </trkpt>
    <trkpt lat="49.57614" lon="20.088743">
      <ele>807</ele>
      <time>2026-05-07T09:46:56Z</time>
    </trkpt>
    <trkpt lat="49.576017" lon="20.088786">
      <ele>812</ele>
      <time>2026-05-07T09:47:27Z</time>
    </trkpt>
    <trkpt lat="49.575878" lon="20.088807">
      <ele>817</ele>
      <time>2026-05-07T09:48:01Z</time>
    </trkpt>
    <trkpt lat="49.575798" lon="20.088871">
      <ele>821</ele>
      <time>2026-05-07T09:48:22Z</time>
    </trkpt>
    <trkpt lat="49.575602" lon="20.089013">
      <ele>826</ele>
      <time>2026-05-07T09:49:13Z</time>
    </trkpt>
    <trkpt lat="49.575449" lon="20.089043">
      <ele>830</ele>
      <time>2026-05-07T09:49:55Z</time>
    </trkpt>
    <trkpt lat="49.575327" lon="20.089118">
      <ele>834</ele>
      <time>2026-05-07T09:50:30Z</time>
    </trkpt>
    <trkpt lat="49.575249" lon="20.08923">
      <ele>838</ele>
      <time>2026-05-07T09:51:00Z</time>
    </trkpt>
    <trkpt lat="49.575202" lon="20.089332">
      <ele>840</ele>
      <time>2026-05-07T09:51:22Z</time>
    </trkpt>
    <trkpt lat="49.575163" lon="20.08941">
      <ele>843</ele>
      <time>2026-05-07T09:51:39Z</time>
    </trkpt>
    <trkpt lat="49.574942" lon="20.089432">
      <ele>852</ele>
      <time>2026-05-07T09:52:42Z</time>
    </trkpt>
    <trkpt lat="49.574878" lon="20.089467">
      <ele>854</ele>
      <time>2026-05-07T09:53:00Z</time>
    </trkpt>
    <trkpt lat="49.574791" lon="20.089614">
      <ele>855</ele>
      <time>2026-05-07T09:53:34Z</time>
    </trkpt>
    <trkpt lat="49.574738" lon="20.089656">
      <ele>857</ele>
      <time>2026-05-07T09:53:50Z</time>
    </trkpt>
    <trkpt lat="49.574548" lon="20.089668">
      <ele>859</ele>
      <time>2026-05-07T09:54:40Z</time>
    </trkpt>
    <trkpt lat="49.574324" lon="20.089634">
      <ele>861</ele>
      <time>2026-05-07T09:55:39Z</time>
    </trkpt>
    <trkpt lat="49.574022" lon="20.08978">
      <ele>863</ele>
      <time>2026-05-07T09:57:02Z</time>
    </trkpt>
    <trkpt lat="49.573874" lon="20.089818">
      <ele>864</ele>
      <time>2026-05-07T09:57:42Z</time>
    </trkpt>
    <trkpt lat="49.573725" lon="20.089931">
      <ele>865</ele>
      <time>2026-05-07T09:58:26Z</time>
    </trkpt>
    <trkpt lat="49.573596" lon="20.08999">
      <ele>866</ele>
      <time>2026-05-07T09:59:01Z</time>
    </trkpt>
    <trkpt lat="49.573514" lon="20.090045">
      <ele>869</ele>
      <time>2026-05-07T09:59:25Z</time>
    </trkpt>
    <trkpt lat="49.573407" lon="20.090062">
      <ele>873</ele>
      <time>2026-05-07T09:59:55Z</time>
    </trkpt>
    <trkpt lat="49.573304" lon="20.090126">
      <ele>875</ele>
      <time>2026-05-07T10:00:25Z</time>
    </trkpt>
    <trkpt lat="49.573062" lon="20.090314">
      <ele>879</ele>
      <time>2026-05-07T10:01:36Z</time>
    </trkpt>
    <trkpt lat="49.572949" lon="20.090354">
      <ele>882</ele>
      <time>2026-05-07T10:02:07Z</time>
    </trkpt>
    <trkpt lat="49.57274" lon="20.090389">
      <ele>887</ele>
      <time>2026-05-07T10:03:04Z</time>
    </trkpt>
    <trkpt lat="49.57249" lon="20.090373">
      <ele>896</ele>
      <time>2026-05-07T10:04:13Z</time>
    </trkpt>
    <trkpt lat="49.572278" lon="20.090336">
      <ele>902</ele>
      <time>2026-05-07T10:04:52Z</time>
    </trkpt>
    <trkpt lat="49.572126" lon="20.090306">
      <ele>907</ele>
      <time>2026-05-07T10:05:20Z</time>
    </trkpt>
    <trkpt lat="49.572005" lon="20.090301">
      <ele>912</ele>
      <time>2026-05-07T10:05:42Z</time>
    </trkpt>
    <trkpt lat="49.571834" lon="20.090403">
      <ele>918</ele>
      <time>2026-05-07T10:06:16Z</time>
    </trkpt>
    <trkpt lat="49.571683" lon="20.09044">
      <ele>923</ele>
      <time>2026-05-07T10:06:44Z</time>
    </trkpt>
    <trkpt lat="49.571526" lon="20.09037">
      <ele>927</ele>
      <time>2026-05-07T10:07:13Z</time>
    </trkpt>
    <trkpt lat="49.571382" lon="20.090336">
      <ele>930</ele>
      <time>2026-05-07T10:07:40Z</time>
    </trkpt>
    <trkpt lat="49.571163" lon="20.090389">
      <ele>937</ele>
      <time>2026-05-07T10:08:20Z</time>
    </trkpt>
    <trkpt lat="49.570924" lon="20.0904">
      <ele>943</ele>
      <time>2026-05-07T10:09:04Z</time>
    </trkpt>
    <trkpt lat="49.57077" lon="20.090459">
      <ele>946</ele>
      <time>2026-05-07T10:09:32Z</time>
    </trkpt>
    <trkpt lat="49.570631" lon="20.09058">
      <ele>947</ele>
      <time>2026-05-07T10:10:00Z</time>
    </trkpt>
    <trkpt lat="49.570462" lon="20.090652">
      <ele>948</ele>
      <time>2026-05-07T10:10:31Z</time>
    </trkpt>
    <trkpt lat="49.570292" lon="20.090881">
      <ele>952</ele>
      <time>2026-05-07T10:11:11Z</time>
    </trkpt>
    <trkpt lat="49.570199" lon="20.091057">
      <ele>954</ele>
      <time>2026-05-07T10:11:37Z</time>
    </trkpt>
    <trkpt lat="49.570053" lon="20.091229">
      <ele>954</ele>
      <time>2026-05-07T10:12:10Z</time>
    </trkpt>
    <trkpt lat="49.569719" lon="20.091776">
      <ele>952</ele>
      <time>2026-05-07T10:13:35Z</time>
    </trkpt>
    <trkpt lat="49.569451" lon="20.092237">
      <ele>953</ele>
      <time>2026-05-07T10:14:46Z</time>
    </trkpt>
    <trkpt lat="49.569302" lon="20.092514">
      <ele>956</ele>
      <time>2026-05-07T10:15:27Z</time>
    </trkpt>
    <trkpt lat="49.5691" lon="20.092747">
      <ele>959</ele>
      <time>2026-05-07T10:16:12Z</time>
    </trkpt>
    <trkpt lat="49.568959" lon="20.092916">
      <ele>960</ele>
      <time>2026-05-07T10:16:44Z</time>
    </trkpt>
    <trkpt lat="49.568872" lon="20.093125">
      <ele>963</ele>
      <time>2026-05-07T10:17:12Z</time>
    </trkpt>
    <trkpt lat="49.568759" lon="20.093321">
      <ele>965</ele>
      <time>2026-05-07T10:17:42Z</time>
    </trkpt>
    <trkpt lat="49.568663" lon="20.093538">
      <ele>967</ele>
      <time>2026-05-07T10:18:13Z</time>
    </trkpt>
    <trkpt lat="49.568576" lon="20.093721">
      <ele>969</ele>
      <time>2026-05-07T10:18:39Z</time>
    </trkpt>
    <trkpt lat="49.568484" lon="20.094032">
      <ele>969</ele>
      <time>2026-05-07T10:19:18Z</time>
    </trkpt>
    <trkpt lat="49.568463" lon="20.0943">
      <ele>968</ele>
      <time>2026-05-07T10:19:49Z</time>
    </trkpt>
    <trkpt lat="49.568467" lon="20.094643">
      <ele>966</ele>
      <time>2026-05-07T10:20:28Z</time>
    </trkpt>
    <trkpt lat="49.568498" lon="20.09489">
      <ele>964</ele>
      <time>2026-05-07T10:20:57Z</time>
    </trkpt>
    <trkpt lat="49.568505" lon="20.095102">
      <ele>963</ele>
      <time>2026-05-07T10:21:21Z</time>
    </trkpt>
    <trkpt lat="49.568446" lon="20.095432">
      <ele>963</ele>
      <time>2026-05-07T10:22:00Z</time>
    </trkpt>
    <trkpt lat="49.56834" lon="20.09577">
      <ele>965</ele>
      <time>2026-05-07T10:22:43Z</time>
    </trkpt>
    <trkpt lat="49.568261" lon="20.095974">
      <ele>968</ele>
      <time>2026-05-07T10:23:11Z</time>
    </trkpt>
    <trkpt lat="49.568166" lon="20.096231">
      <ele>972</ele>
      <time>2026-05-07T10:23:45Z</time>
    </trkpt>
    <trkpt lat="49.568086" lon="20.096419">
      <ele>975</ele>
      <time>2026-05-07T10:24:11Z</time>
    </trkpt>
    <trkpt lat="49.568026" lon="20.096658">
      <ele>979</ele>
      <time>2026-05-07T10:24:41Z</time>
    </trkpt>
    <trkpt lat="49.567939" lon="20.096883">
      <ele>981</ele>
      <time>2026-05-07T10:25:11Z</time>
    </trkpt>
    <trkpt lat="49.567863" lon="20.097162">
      <ele>984</ele>
      <time>2026-05-07T10:25:46Z</time>
    </trkpt>
    <trkpt lat="49.567816" lon="20.097451">
      <ele>985</ele>
      <time>2026-05-07T10:26:20Z</time>
    </trkpt>
    <trkpt lat="49.567766" lon="20.097658">
      <ele>987</ele>
      <time>2026-05-07T10:26:45Z</time>
    </trkpt>
    <trkpt lat="49.567738" lon="20.097822">
      <ele>988</ele>
      <time>2026-05-07T10:27:05Z</time>
    </trkpt>
    <trkpt lat="49.5677" lon="20.098017">
      <ele>990</ele>
      <time>2026-05-07T10:27:28Z</time>
    </trkpt>
    <trkpt lat="49.567659" lon="20.098162">
      <ele>993</ele>
      <time>2026-05-07T10:27:47Z</time>
    </trkpt>
    <trkpt lat="49.5676" lon="20.098366">
      <ele>998</ele>
      <time>2026-05-07T10:28:14Z</time>
    </trkpt>
    <trkpt lat="49.567552" lon="20.098573">
      <ele>1004</ele>
      <time>2026-05-07T10:28:41Z</time>
    </trkpt>
    <trkpt lat="49.567519" lon="20.09886">
      <ele>1008</ele>
      <time>2026-05-07T10:29:15Z</time>
    </trkpt>
    <trkpt lat="49.567524" lon="20.099098">
      <ele>1011</ele>
      <time>2026-05-07T10:29:42Z</time>
    </trkpt>
    <trkpt lat="49.567491" lon="20.099356">
      <ele>1014</ele>
      <time>2026-05-07T10:30:13Z</time>
    </trkpt>
    <trkpt lat="49.567458" lon="20.099568">
      <ele>1018</ele>
      <time>2026-05-07T10:30:38Z</time>
    </trkpt>
    <trkpt lat="49.567334" lon="20.099686">
      <ele>1022</ele>
      <time>2026-05-07T10:31:04Z</time>
    </trkpt>
    <trkpt lat="49.56727" lon="20.099785">
      <ele>1025</ele>
      <time>2026-05-07T10:31:21Z</time>
    </trkpt>
    <trkpt lat="49.567211" lon="20.099986">
      <ele>1030</ele>
      <time>2026-05-07T10:31:48Z</time>
    </trkpt>
    <trkpt lat="49.567122" lon="20.100187">
      <ele>1036</ele>
      <time>2026-05-07T10:32:17Z</time>
    </trkpt>
    <trkpt lat="49.567038" lon="20.100405">
      <ele>1041</ele>
      <time>2026-05-07T10:32:47Z</time>
    </trkpt>
    <trkpt lat="49.56699" lon="20.100625">
      <ele>1046</ele>
      <time>2026-05-07T10:33:15Z</time>
    </trkpt>
    <trkpt lat="49.56688" lon="20.100895">
      <ele>1048</ele>
      <time>2026-05-07T10:33:51Z</time>
    </trkpt>
    <trkpt lat="49.566779" lon="20.10111">
      <ele>1049</ele>
      <time>2026-05-07T10:34:22Z</time>
    </trkpt>
    <trkpt lat="49.566609" lon="20.1013">
      <ele>1048</ele>
      <time>2026-05-07T10:34:59Z</time>
    </trkpt>
    <trkpt lat="49.566444" lon="20.101507">
      <ele>1048</ele>
      <time>2026-05-07T10:35:36Z</time>
    </trkpt>
    <trkpt lat="49.566325" lon="20.101716">
      <ele>1048</ele>
      <time>2026-05-07T10:36:08Z</time>
    </trkpt>
    <trkpt lat="49.566064" lon="20.10207">
      <ele>1047</ele>
      <time>2026-05-07T10:37:09Z</time>
    </trkpt>
    <trkpt lat="49.56587" lon="20.102291">
      <ele>1043</ele>
      <time>2026-05-07T10:37:52Z</time>
    </trkpt>
    <trkpt lat="49.565735" lon="20.10251">
      <ele>1041</ele>
      <time>2026-05-07T10:38:27Z</time>
    </trkpt>
    <trkpt lat="49.565595" lon="20.102625">
      <ele>1042</ele>
      <time>2026-05-07T10:38:55Z</time>
    </trkpt>
    <trkpt lat="49.565384" lon="20.102808">
      <ele>1045</ele>
      <time>2026-05-07T10:39:37Z</time>
    </trkpt>
    <trkpt lat="49.565155" lon="20.103014">
      <ele>1045</ele>
      <time>2026-05-07T10:40:24Z</time>
    </trkpt>
    <trkpt lat="49.564939" lon="20.103162">
      <ele>1044</ele>
      <time>2026-05-07T10:41:06Z</time>
    </trkpt>
    <trkpt lat="49.564767" lon="20.10321">
      <ele>1044</ele>
      <time>2026-05-07T10:41:36Z</time>
    </trkpt>
    <trkpt lat="49.564434" lon="20.103409">
      <ele>1043</ele>
      <time>2026-05-07T10:42:39Z</time>
    </trkpt>
    <trkpt lat="49.564319" lon="20.103469">
      <ele>1043</ele>
      <time>2026-05-07T10:43:01Z</time>
    </trkpt>
    <trkpt lat="49.564145" lon="20.103676">
      <ele>1041</ele>
      <time>2026-05-07T10:43:40Z</time>
    </trkpt>
    <trkpt lat="49.563954" lon="20.103849">
      <ele>1039</ele>
      <time>2026-05-07T10:44:19Z</time>
    </trkpt>
    <trkpt lat="49.563661" lon="20.103983">
      <ele>1037</ele>
      <time>2026-05-07T10:45:13Z</time>
    </trkpt>
    <trkpt lat="49.563276" lon="20.104055">
      <ele>1036</ele>
      <time>2026-05-07T10:46:21Z</time>
    </trkpt>
    <trkpt lat="49.56306" lon="20.104077">
      <ele>1036</ele>
      <time>2026-05-07T10:46:59Z</time>
    </trkpt>
    <trkpt lat="49.562926" lon="20.104071">
      <ele>1039</ele>
      <time>2026-05-07T10:47:23Z</time>
    </trkpt>
    <trkpt lat="49.562796" lon="20.104099">
      <ele>1043</ele>
      <time>2026-05-07T10:47:47Z</time>
    </trkpt>
    <trkpt lat="49.562555" lon="20.104269">
      <ele>1050</ele>
      <time>2026-05-07T10:48:35Z</time>
    </trkpt>
    <trkpt lat="49.56247" lon="20.104326">
      <ele>1052</ele>
      <time>2026-05-07T10:48:52Z</time>
    </trkpt>
    <trkpt lat="49.562249" lon="20.104575">
      <ele>1054</ele>
      <time>2026-05-07T10:49:40Z</time>
    </trkpt>
    <trkpt lat="49.562084" lon="20.104613">
      <ele>1057</ele>
      <time>2026-05-07T10:50:10Z</time>
    </trkpt>
    <trkpt lat="49.561953" lon="20.104573">
      <ele>1059</ele>
      <time>2026-05-07T10:50:34Z</time>
    </trkpt>
    <trkpt lat="49.561826" lon="20.104693">
      <ele>1062</ele>
      <time>2026-05-07T10:51:00Z</time>
    </trkpt>
    <trkpt lat="49.561673" lon="20.10486">
      <ele>1064</ele>
      <time>2026-05-07T10:51:34Z</time>
    </trkpt>
    <trkpt lat="49.56144" lon="20.105281">
      <ele>1068</ele>
      <time>2026-05-07T10:52:37Z</time>
    </trkpt>
    <trkpt lat="49.561146" lon="20.10578">
      <ele>1068</ele>
      <time>2026-05-07T10:53:54Z</time>
    </trkpt>
    <trkpt lat="49.560892" lon="20.106268">
      <ele>1068</ele>
      <time>2026-05-07T10:55:05Z</time>
    </trkpt>
    <trkpt lat="49.560799" lon="20.106433">
      <ele>1068</ele>
      <time>2026-05-07T10:55:30Z</time>
    </trkpt>
    <trkpt lat="49.560655" lon="20.106641">
      <ele>1070</ele>
      <time>2026-05-07T10:56:05Z</time>
    </trkpt>
    <trkpt lat="49.560485" lon="20.106848">
      <ele>1071</ele>
      <time>2026-05-07T10:56:43Z</time>
    </trkpt>
    <trkpt lat="49.560365" lon="20.107033">
      <ele>1070</ele>
      <time>2026-05-07T10:57:13Z</time>
    </trkpt>
    <trkpt lat="49.560245" lon="20.107107">
      <ele>1070</ele>
      <time>2026-05-07T10:57:36Z</time>
    </trkpt>
    <trkpt lat="49.560167" lon="20.107183">
      <ele>1070</ele>
      <time>2026-05-07T10:57:52Z</time>
    </trkpt>
    <trkpt lat="49.560061" lon="20.107325">
      <ele>1070</ele>
      <time>2026-05-07T10:58:17Z</time>
    </trkpt>
    <trkpt lat="49.559932" lon="20.107424">
      <ele>1070</ele>
      <time>2026-05-07T10:58:42Z</time>
    </trkpt>
    <trkpt lat="49.559716" lon="20.107574">
      <ele>1073</ele>
      <time>2026-05-07T10:59:24Z</time>
    </trkpt>
    <trkpt lat="49.559556" lon="20.107687">
      <ele>1075</ele>
      <time>2026-05-07T10:59:56Z</time>
    </trkpt>
    <trkpt lat="49.559448" lon="20.107703">
      <ele>1077</ele>
      <time>2026-05-07T11:00:15Z</time>
    </trkpt>
    <trkpt lat="49.559179" lon="20.107665">
      <ele>1082</ele>
      <time>2026-05-07T11:01:03Z</time>
    </trkpt>
    <trkpt lat="49.559026" lon="20.107736">
      <ele>1084</ele>
      <time>2026-05-07T11:01:31Z</time>
    </trkpt>
    <trkpt lat="49.558834" lon="20.107928">
      <ele>1086</ele>
      <time>2026-05-07T11:02:12Z</time>
    </trkpt>
    <trkpt lat="49.558568" lon="20.10817">
      <ele>1089</ele>
      <time>2026-05-07T11:03:06Z</time>
    </trkpt>
    <trkpt lat="49.558432" lon="20.108309">
      <ele>1090</ele>
      <time>2026-05-07T11:03:35Z</time>
    </trkpt>
    <trkpt lat="49.558349" lon="20.108438">
      <ele>1091</ele>
      <time>2026-05-07T11:03:56Z</time>
    </trkpt>
    <trkpt lat="49.558253" lon="20.108513">
      <ele>1093</ele>
      <time>2026-05-07T11:04:15Z</time>
    </trkpt>
    <trkpt lat="49.558128" lon="20.108537">
      <ele>1096</ele>
      <time>2026-05-07T11:04:38Z</time>
    </trkpt>
    <trkpt lat="49.558055" lon="20.108607">
      <ele>1098</ele>
      <time>2026-05-07T11:04:53Z</time>
    </trkpt>
    <trkpt lat="49.558009" lon="20.108701">
      <ele>1099</ele>
      <time>2026-05-07T11:05:07Z</time>
    </trkpt>
    <trkpt lat="49.557924" lon="20.10884">
      <ele>1102</ele>
      <time>2026-05-07T11:05:29Z</time>
    </trkpt>
    <trkpt lat="49.557809" lon="20.108985">
      <ele>1106</ele>
      <time>2026-05-07T11:05:56Z</time>
    </trkpt>
    <trkpt lat="49.557701" lon="20.109082">
      <ele>1109</ele>
      <time>2026-05-07T11:06:19Z</time>
    </trkpt>
    <trkpt lat="49.557574" lon="20.109106">
      <ele>1111</ele>
      <time>2026-05-07T11:06:41Z</time>
    </trkpt>
    <trkpt lat="49.55748" lon="20.109138">
      <ele>1113</ele>
      <time>2026-05-07T11:06:59Z</time>
    </trkpt>
    <trkpt lat="49.557396" lon="20.109229">
      <ele>1116</ele>
      <time>2026-05-07T11:07:17Z</time>
    </trkpt>
    <trkpt lat="49.557308" lon="20.109336">
      <ele>1118</ele>
      <time>2026-05-07T11:07:37Z</time>
    </trkpt>
    <trkpt lat="49.557209" lon="20.10942">
      <ele>1121</ele>
      <time>2026-05-07T11:07:58Z</time>
    </trkpt>
    <trkpt lat="49.557092" lon="20.109497">
      <ele>1124</ele>
      <time>2026-05-07T11:08:21Z</time>
    </trkpt>
    <trkpt lat="49.556925" lon="20.109573">
      <ele>1128</ele>
      <time>2026-05-07T11:08:52Z</time>
    </trkpt>
    <trkpt lat="49.556734" lon="20.109653">
      <ele>1134</ele>
      <time>2026-05-07T11:09:28Z</time>
    </trkpt>
    <trkpt lat="49.556609" lon="20.109749">
      <ele>1138</ele>
      <time>2026-05-07T11:09:53Z</time>
    </trkpt>
    <trkpt lat="49.556475" lon="20.109961">
      <ele>1143</ele>
      <time>2026-05-07T11:10:28Z</time>
    </trkpt>
    <trkpt lat="49.556398" lon="20.110039">
      <ele>1145</ele>
      <time>2026-05-07T11:10:45Z</time>
    </trkpt>
    <trkpt lat="49.556283" lon="20.110093">
      <ele>1148</ele>
      <time>2026-05-07T11:11:06Z</time>
    </trkpt>
    <trkpt lat="49.556155" lon="20.110144">
      <ele>1151</ele>
      <time>2026-05-07T11:11:30Z</time>
    </trkpt>
    <trkpt lat="49.556047" lon="20.110243">
      <ele>1154</ele>
      <time>2026-05-07T11:11:53Z</time>
    </trkpt>
    <trkpt lat="49.555963" lon="20.110393">
      <ele>1158</ele>
      <time>2026-05-07T11:12:16Z</time>
    </trkpt>
    <trkpt lat="49.555878" lon="20.110525">
      <ele>1162</ele>
      <time>2026-05-07T11:12:38Z</time>
    </trkpt>
    <trkpt lat="49.55581" lon="20.110809">
      <ele>1167</ele>
      <time>2026-05-07T11:13:14Z</time>
    </trkpt>
    <trkpt lat="49.555737" lon="20.110946">
      <ele>1168</ele>
      <time>2026-05-07T11:13:34Z</time>
    </trkpt>
    <trkpt lat="49.555636" lon="20.111101">
      <ele>1170</ele>
      <time>2026-05-07T11:13:59Z</time>
    </trkpt>
    <trkpt lat="49.555584" lon="20.111278">
      <ele>1171</ele>
      <time>2026-05-07T11:14:22Z</time>
    </trkpt>
    <trkpt lat="49.555497" lon="20.111568">
      <ele>1172</ele>
      <time>2026-05-07T11:14:58Z</time>
    </trkpt>
    <trkpt lat="49.555405" lon="20.111756">
      <ele>1173</ele>
      <time>2026-05-07T11:15:25Z</time>
    </trkpt>
    <trkpt lat="49.555274" lon="20.111916">
      <ele>1175</ele>
      <time>2026-05-07T11:15:55Z</time>
    </trkpt>
    <trkpt lat="49.555202" lon="20.112018">
      <ele>1176</ele>
      <time>2026-05-07T11:16:12Z</time>
    </trkpt>
    <trkpt lat="49.555164" lon="20.11209">
      <ele>1177</ele>
      <time>2026-05-07T11:16:23Z</time>
    </trkpt>
    <trkpt lat="49.555072" lon="20.112258">
      <ele>1179</ele>
      <time>2026-05-07T11:16:48Z</time>
    </trkpt>
    <trkpt lat="49.554862" lon="20.112563">
      <ele>1188</ele>
      <time>2026-05-07T11:17:41Z</time>
    </trkpt>
    <trkpt lat="49.554589" lon="20.112894">
      <ele>1198</ele>
      <time>2026-05-07T11:18:44Z</time>
    </trkpt>
    <trkpt lat="49.554446" lon="20.113003">
      <ele>1202</ele>
      <time>2026-05-07T11:19:13Z</time>
    </trkpt>
    <trkpt lat="49.554195" lon="20.113124">
      <ele>1211</ele>
      <time>2026-05-07T11:19:58Z</time>
    </trkpt>
    <trkpt lat="49.554023" lon="20.11326">
      <ele>1218</ele>
      <time>2026-05-07T11:20:31Z</time>
    </trkpt>
    <trkpt lat="49.553887" lon="20.113427">
      <ele>1224</ele>
      <time>2026-05-07T11:21:00Z</time>
    </trkpt>
    <trkpt lat="49.553827" lon="20.113552">
      <ele>1225</ele>
      <time>2026-05-07T11:21:17Z</time>
    </trkpt>
    <trkpt lat="49.553738" lon="20.113797">
      <ele>1229</ele>
      <time>2026-05-07T11:21:47Z</time>
    </trkpt>
    <trkpt lat="49.553082" lon="20.114797">
      <ele>1240</ele>
      <time>2026-05-07T11:24:18Z</time>
    </trkpt>
    <trkpt lat="49.552846" lon="20.11499">
      <ele>1244</ele>
      <time>2026-05-07T11:25:02Z</time>
    </trkpt>
    <trkpt lat="49.552795" lon="20.115069">
      <ele>1245</ele>
      <time>2026-05-07T11:25:13Z</time>
    </trkpt>
    <trkpt lat="49.552606" lon="20.115168">
      <ele>1247</ele>
      <time>2026-05-07T11:25:46Z</time>
    </trkpt>
    <trkpt lat="49.552434" lon="20.115144">
      <ele>1248</ele>
      <time>2026-05-07T11:26:14Z</time>
    </trkpt>
    <trkpt lat="49.552289" lon="20.115207">
      <ele>1250</ele>
      <time>2026-05-07T11:26:39Z</time>
    </trkpt>
    <trkpt lat="49.552228" lon="20.115273">
      <ele>1251</ele>
      <time>2026-05-07T11:26:51Z</time>
    </trkpt>
    <trkpt lat="49.552127" lon="20.115431">
      <ele>1250</ele>
      <time>2026-05-07T11:27:14Z</time>
    </trkpt>
    <trkpt lat="49.552059" lon="20.115508">
      <ele>1249</ele>
      <time>2026-05-07T11:27:28Z</time>
    </trkpt>
    <trkpt lat="49.551994" lon="20.115575">
      <ele>1248</ele>
      <time>2026-05-07T11:27:41Z</time>
    </trkpt>
    <trkpt lat="49.551781" lon="20.115794">
      <ele>1244</ele>
      <time>2026-05-07T11:28:23Z</time>
    </trkpt>
    <trkpt lat="49.551589" lon="20.115817">
      <ele>1241</ele>
      <time>2026-05-07T11:28:55Z</time>
    </trkpt>
    <trkpt lat="49.551386" lon="20.115651">
      <ele>1238</ele>
      <time>2026-05-07T11:29:32Z</time>
    </trkpt>
    <trkpt lat="49.551072" lon="20.115628">
      <ele>1235</ele>
      <time>2026-05-07T11:30:24Z</time>
    </trkpt>
    <trkpt lat="49.550986" lon="20.115599">
      <ele>1234</ele>
      <time>2026-05-07T11:30:38Z</time>
    </trkpt>
    <trkpt lat="49.550755" lon="20.115443">
      <ele>1231</ele>
      <time>2026-05-07T11:31:19Z</time>
    </trkpt>
    <trkpt lat="49.550469" lon="20.115292">
      <ele>1228</ele>
      <time>2026-05-07T11:32:08Z</time>
    </trkpt>
    <trkpt lat="49.549981" lon="20.114921">
      <ele>1226</ele>
      <time>2026-05-07T11:33:37Z</time>
    </trkpt>
    <trkpt lat="49.549774" lon="20.114802">
      <ele>1224</ele>
      <time>2026-05-07T11:34:13Z</time>
    </trkpt>
    <trkpt lat="49.549424" lon="20.114277">
      <ele>1225</ele>
      <time>2026-05-07T11:35:24Z</time>
    </trkpt>
    <trkpt lat="49.548801" lon="20.113408">
      <ele>1226</ele>
      <time>2026-05-07T11:37:27Z</time>
    </trkpt>
    <trkpt lat="49.548548" lon="20.112946">
      <ele>1227</ele>
      <time>2026-05-07T11:38:24Z</time>
    </trkpt>
    <trkpt lat="49.548498" lon="20.112855">
      <ele>1228</ele>
      <time>2026-05-07T11:38:36Z</time>
    </trkpt>
    <trkpt lat="49.548305" lon="20.112511">
      <ele>1230</ele>
      <time>2026-05-07T11:39:19Z</time>
    </trkpt>
    <trkpt lat="49.547976" lon="20.111995">
      <ele>1233</ele>
      <time>2026-05-07T11:40:28Z</time>
    </trkpt>
    <trkpt lat="49.54792" lon="20.111893">
      <ele>1233</ele>
      <time>2026-05-07T11:40:40Z</time>
    </trkpt>
    <trkpt lat="49.547759" lon="20.111757">
      <ele>1235</ele>
      <time>2026-05-07T11:41:07Z</time>
    </trkpt>
    <trkpt lat="49.54762" lon="20.111626">
      <ele>1236</ele>
      <time>2026-05-07T11:41:31Z</time>
    </trkpt>
    <trkpt lat="49.547405" lon="20.111479">
      <ele>1239</ele>
      <time>2026-05-07T11:42:06Z</time>
    </trkpt>
    <trkpt lat="49.5473" lon="20.111419">
      <ele>1240</ele>
      <time>2026-05-07T11:42:22Z</time>
    </trkpt>
    <trkpt lat="49.547248" lon="20.111386">
      <ele>1241</ele>
      <time>2026-05-07T11:42:30Z</time>
    </trkpt>
    <trkpt lat="49.547123" lon="20.111396">
      <ele>1242</ele>
      <time>2026-05-07T11:42:49Z</time>
    </trkpt>
    <trkpt lat="49.547003" lon="20.111394">
      <ele>1244</ele>
      <time>2026-05-07T11:43:06Z</time>
    </trkpt>
    <trkpt lat="49.546939" lon="20.111396">
      <ele>1245</ele>
      <time>2026-05-07T11:43:16Z</time>
    </trkpt>
    <trkpt lat="49.546826" lon="20.111426">
      <ele>1246</ele>
      <time>2026-05-07T11:43:33Z</time>
    </trkpt>
    <trkpt lat="49.546683" lon="20.111474">
      <ele>1247</ele>
      <time>2026-05-07T11:43:54Z</time>
    </trkpt>
    <trkpt lat="49.546615" lon="20.111493">
      <ele>1247</ele>
      <time>2026-05-07T11:44:04Z</time>
    </trkpt>
    <trkpt lat="49.5465" lon="20.111504">
      <ele>1249</ele>
      <time>2026-05-07T11:44:21Z</time>
    </trkpt>
    <trkpt lat="49.54641" lon="20.111509">
      <ele>1250</ele>
      <time>2026-05-07T11:44:34Z</time>
    </trkpt>
    <trkpt lat="49.546319" lon="20.111512">
      <ele>1251</ele>
      <time>2026-05-07T11:44:48Z</time>
    </trkpt>
    <trkpt lat="49.546229" lon="20.111598">
      <ele>1252</ele>
      <time>2026-05-07T11:45:03Z</time>
    </trkpt>
    <trkpt lat="49.546102" lon="20.111784">
      <ele>1254</ele>
      <time>2026-05-07T11:45:29Z</time>
    </trkpt>
    <trkpt lat="49.546071" lon="20.111902">
      <ele>1254</ele>
      <time>2026-05-07T11:45:41Z</time>
    </trkpt>
    <trkpt lat="49.546004" lon="20.112111">
      <ele>1253</ele>
      <time>2026-05-07T11:46:03Z</time>
    </trkpt>
    <trkpt lat="49.545957" lon="20.112253">
      <ele>1252</ele>
      <time>2026-05-07T11:46:18Z</time>
    </trkpt>
    <trkpt lat="49.545873" lon="20.11238">
      <ele>1252</ele>
      <time>2026-05-07T11:46:35Z</time>
    </trkpt>
    <trkpt lat="49.545742" lon="20.11264">
      <ele>1253</ele>
      <time>2026-05-07T11:47:07Z</time>
    </trkpt>
    <trkpt lat="49.545683" lon="20.112777">
      <ele>1254</ele>
      <time>2026-05-07T11:47:22Z</time>
    </trkpt>
    <trkpt lat="49.545622" lon="20.112933">
      <ele>1254</ele>
      <time>2026-05-07T11:47:40Z</time>
    </trkpt>
    <trkpt lat="49.545541" lon="20.113176">
      <ele>1255</ele>
      <time>2026-05-07T11:48:06Z</time>
    </trkpt>
    <trkpt lat="49.545511" lon="20.113298">
      <ele>1256</ele>
      <time>2026-05-07T11:48:18Z</time>
    </trkpt>
    <trkpt lat="49.545475" lon="20.113484">
      <ele>1257</ele>
      <time>2026-05-07T11:48:36Z</time>
    </trkpt>
    <trkpt lat="49.545438" lon="20.113705">
      <ele>1257</ele>
      <time>2026-05-07T11:48:58Z</time>
    </trkpt>
    <trkpt lat="49.545393" lon="20.113785">
      <ele>1258</ele>
      <time>2026-05-07T11:49:08Z</time>
    </trkpt>
    <trkpt lat="49.545334" lon="20.113919">
      <ele>1259</ele>
      <time>2026-05-07T11:49:23Z</time>
    </trkpt>
    <trkpt lat="49.545258" lon="20.114041">
      <ele>1260</ele>
      <time>2026-05-07T11:49:40Z</time>
    </trkpt>
    <trkpt lat="49.545186" lon="20.11419">
      <ele>1261</ele>
      <time>2026-05-07T11:49:57Z</time>
    </trkpt>
    <trkpt lat="49.545157" lon="20.114318">
      <ele>1261</ele>
      <time>2026-05-07T11:50:10Z</time>
    </trkpt>
    <trkpt lat="49.545148" lon="20.114419">
      <ele>1261</ele>
      <time>2026-05-07T11:50:20Z</time>
    </trkpt>
    <trkpt lat="49.545142" lon="20.114514">
      <ele>1261</ele>
      <time>2026-05-07T11:50:29Z</time>
    </trkpt>
    <trkpt lat="49.545145" lon="20.114657">
      <ele>1261</ele>
      <time>2026-05-07T11:50:42Z</time>
    </trkpt>
    <trkpt lat="49.545181" lon="20.114871">
      <ele>1261</ele>
      <time>2026-05-07T11:51:03Z</time>
    </trkpt>
    <trkpt lat="49.545206" lon="20.115028">
      <ele>1262</ele>
      <time>2026-05-07T11:51:19Z</time>
    </trkpt>
    <trkpt lat="49.545214" lon="20.115087">
      <ele>1262</ele>
      <time>2026-05-07T11:51:24Z</time>
    </trkpt>
    <trkpt lat="49.545205" lon="20.115181">
      <ele>1263</ele>
      <time>2026-05-07T11:51:33Z</time>
    </trkpt>
    <trkpt lat="49.545206" lon="20.115372">
      <ele>1263</ele>
      <time>2026-05-07T11:51:52Z</time>
    </trkpt>
    <trkpt lat="49.545206" lon="20.115499">
      <ele>1263</ele>
      <time>2026-05-07T11:52:04Z</time>
    </trkpt>
    <trkpt lat="49.545199" lon="20.115654">
      <ele>1263</ele>
      <time>2026-05-07T11:52:18Z</time>
    </trkpt>
    <trkpt lat="49.545192" lon="20.115796">
      <ele>1263</ele>
      <time>2026-05-07T11:52:32Z</time>
    </trkpt>
    <trkpt lat="49.54519" lon="20.115934">
      <ele>1263</ele>
      <time>2026-05-07T11:52:45Z</time>
    </trkpt>
    <trkpt lat="49.545196" lon="20.116106">
      <ele>1264</ele>
      <time>2026-05-07T11:53:01Z</time>
    </trkpt>
    <trkpt lat="49.545205" lon="20.116241">
      <ele>1265</ele>
      <time>2026-05-07T11:53:14Z</time>
    </trkpt>
    <trkpt lat="49.545207" lon="20.116333">
      <ele>1266</ele>
      <time>2026-05-07T11:53:23Z</time>
    </trkpt>
    <trkpt lat="49.545207" lon="20.116443">
      <ele>1267</ele>
      <time>2026-05-07T11:53:34Z</time>
    </trkpt>
    <trkpt lat="49.545188" lon="20.116586">
      <ele>1268</ele>
      <time>2026-05-07T11:53:48Z</time>
    </trkpt>
    <trkpt lat="49.545174" lon="20.116704">
      <ele>1269</ele>
      <time>2026-05-07T11:53:59Z</time>
    </trkpt>
    <trkpt lat="49.545146" lon="20.116852">
      <ele>1269</ele>
      <time>2026-05-07T11:54:14Z</time>
    </trkpt>
    <trkpt lat="49.54513" lon="20.116989">
      <ele>1269</ele>
      <time>2026-05-07T11:54:27Z</time>
    </trkpt>
    <trkpt lat="49.54511" lon="20.117157">
      <ele>1268</ele>
      <time>2026-05-07T11:54:43Z</time>
    </trkpt>
    <trkpt lat="49.545103" lon="20.117385">
      <ele>1268</ele>
      <time>2026-05-07T11:55:05Z</time>
    </trkpt>
    <trkpt lat="49.54509" lon="20.117535">
      <ele>1268</ele>
      <time>2026-05-07T11:55:19Z</time>
    </trkpt>
    <trkpt lat="49.545054" lon="20.117695">
      <ele>1269</ele>
      <time>2026-05-07T11:55:35Z</time>
    </trkpt>
    <trkpt lat="49.545004" lon="20.117857">
      <ele>1270</ele>
      <time>2026-05-07T11:55:52Z</time>
    </trkpt>
    <trkpt lat="49.544977" lon="20.117944">
      <ele>1270</ele>
      <time>2026-05-07T11:56:01Z</time>
    </trkpt>
    <trkpt lat="49.544911" lon="20.118083">
      <ele>1270</ele>
      <time>2026-05-07T11:56:18Z</time>
    </trkpt>
    <trkpt lat="49.544857" lon="20.118135">
      <ele>1270</ele>
      <time>2026-05-07T11:56:27Z</time>
    </trkpt>
    <trkpt lat="49.544802" lon="20.118239">
      <ele>1270</ele>
      <time>2026-05-07T11:56:40Z</time>
    </trkpt>
    <trkpt lat="49.544746" lon="20.118315">
      <ele>1271</ele>
      <time>2026-05-07T11:56:51Z</time>
    </trkpt>
    <trkpt lat="49.544706" lon="20.118384">
      <ele>1271</ele>
      <time>2026-05-07T11:56:59Z</time>
    </trkpt>
    <trkpt lat="49.544663" lon="20.118423">
      <ele>1271</ele>
      <time>2026-05-07T11:57:07Z</time>
    </trkpt>
    <trkpt lat="49.544618" lon="20.118442">
      <ele>1271</ele>
      <time>2026-05-07T11:57:13Z</time>
    </trkpt>
    <trkpt lat="49.54457" lon="20.118446">
      <ele>1272</ele>
      <time>2026-05-07T11:57:21Z</time>
    </trkpt>
    <trkpt lat="49.544428" lon="20.118501">
      <ele>1273</ele>
      <time>2026-05-07T11:57:42Z</time>
    </trkpt>
    <trkpt lat="49.544343" lon="20.118518">
      <ele>1273</ele>
      <time>2026-05-07T11:57:54Z</time>
    </trkpt>
    <trkpt lat="49.544231" lon="20.118517">
      <ele>1274</ele>
      <time>2026-05-07T11:58:11Z</time>
    </trkpt>
    <trkpt lat="49.544094" lon="20.118513">
      <ele>1275</ele>
      <time>2026-05-07T11:58:31Z</time>
    </trkpt>
    <trkpt lat="49.544061" lon="20.118513">
      <ele>1275</ele>
      <time>2026-05-07T11:58:36Z</time>
    </trkpt>
    <trkpt lat="49.543925" lon="20.118505">
      <ele>1280</ele>
      <time>2026-05-07T11:58:57Z</time>
    </trkpt>
    <trkpt lat="49.543821" lon="20.118554">
      <ele>1283</ele>
      <time>2026-05-07T11:59:13Z</time>
    </trkpt>
    <trkpt lat="49.54375" lon="20.11857">
      <ele>1281</ele>
      <time>2026-05-07T11:59:24Z</time>
    </trkpt>
    <trkpt lat="49.543458" lon="20.1186">
      <ele>1274</ele>
      <time>2026-05-07T12:00:09Z</time>
    </trkpt>
    <trkpt lat="49.54344" lon="20.118161">
      <ele>1280</ele>
      <time>2026-05-07T12:00:53Z</time>
    </trkpt>
    <trkpt lat="49.543438" lon="20.11811">
      <ele>1281</ele>
      <time>2026-05-07T12:00:58Z</time>
    </trkpt>
    <trkpt lat="49.543419" lon="20.118047">
      <ele>1282</ele>
      <time>2026-05-07T12:01:04Z</time>
    </trkpt>
    <trkpt lat="49.543379" lon="20.117987">
      <ele>1283</ele>
      <time>2026-05-07T12:01:13Z</time>
    </trkpt>
    <trkpt lat="49.543338" lon="20.117316">
      <ele>1286</ele>
      <time>2026-05-07T12:02:12Z</time>
    </trkpt>
    <trkpt lat="49.543256" lon="20.116754">
      <ele>1286</ele>
      <time>2026-05-07T12:03:02Z</time>
    </trkpt>
    <trkpt lat="49.543296" lon="20.116589">
      <ele>1287</ele>
      <time>2026-05-07T12:03:17Z</time>
    </trkpt>
    <trkpt lat="49.543312" lon="20.116458">
      <ele>1288</ele>
      <time>2026-05-07T12:03:29Z</time>
    </trkpt>
    <trkpt lat="49.543326" lon="20.116239">
      <ele>1289</ele>
      <time>2026-05-07T12:03:48Z</time>
    </trkpt>
    <trkpt lat="49.543296" lon="20.116069">
      <ele>1288</ele>
      <time>2026-05-07T12:04:04Z</time>
    </trkpt>
    <trkpt lat="49.543279" lon="20.115728">
      <ele>1288</ele>
      <time>2026-05-07T12:04:34Z</time>
    </trkpt>
    <trkpt lat="49.54326" lon="20.115363">
      <ele>1291</ele>
      <time>2026-05-07T12:05:06Z</time>
    </trkpt>
    <trkpt lat="49.543263" lon="20.115194">
      <ele>1292</ele>
      <time>2026-05-07T12:05:20Z</time>
    </trkpt>
    <trkpt lat="49.543242" lon="20.115004">
      <ele>1293</ele>
      <time>2026-05-07T12:05:37Z</time>
    </trkpt>
    <trkpt lat="49.543216" lon="20.114781">
      <ele>1294</ele>
      <time>2026-05-07T12:05:57Z</time>
    </trkpt>
    <trkpt lat="49.54315" lon="20.114604">
      <ele>1294</ele>
      <time>2026-05-07T12:06:15Z</time>
    </trkpt>
    <trkpt lat="49.543103" lon="20.114481">
      <ele>1294</ele>
      <time>2026-05-07T12:06:27Z</time>
    </trkpt>
    <trkpt lat="49.543107" lon="20.114357">
      <ele>1295</ele>
      <time>2026-05-07T12:06:38Z</time>
    </trkpt>
    <trkpt lat="49.543094" lon="20.114207">
      <ele>1296</ele>
      <time>2026-05-07T12:06:51Z</time>
    </trkpt>
    <trkpt lat="49.543079" lon="20.114079">
      <ele>1297</ele>
      <time>2026-05-07T12:07:03Z</time>
    </trkpt>
    <trkpt lat="49.543114" lon="20.113727">
      <ele>1300</ele>
      <time>2026-05-07T12:07:34Z</time>
    </trkpt>
    <trkpt lat="49.543111" lon="20.113635">
      <ele>1301</ele>
      <time>2026-05-07T12:07:42Z</time>
    </trkpt>
    <trkpt lat="49.543095" lon="20.113524">
      <ele>1302</ele>
      <time>2026-05-07T12:07:52Z</time>
    </trkpt>
    <trkpt lat="49.543089" lon="20.113362">
      <ele>1303</ele>
      <time>2026-05-07T12:08:06Z</time>
    </trkpt>
    <trkpt lat="49.543095" lon="20.113184">
      <ele>1302</ele>
      <time>2026-05-07T12:08:22Z</time>
    </trkpt>
    <trkpt lat="49.543076" lon="20.113035">
      <ele>1302</ele>
      <time>2026-05-07T12:08:35Z</time>
    </trkpt>
    <trkpt lat="49.543037" lon="20.112823">
      <ele>1301</ele>
      <time>2026-05-07T12:08:54Z</time>
    </trkpt>
    <trkpt lat="49.543006" lon="20.112708">
      <ele>1301</ele>
      <time>2026-05-07T12:09:05Z</time>
    </trkpt>
    <trkpt lat="49.54295" lon="20.112593">
      <ele>1302</ele>
      <time>2026-05-07T12:09:18Z</time>
    </trkpt>
    <trkpt lat="49.542933" lon="20.112499">
      <ele>1303</ele>
      <time>2026-05-07T12:09:26Z</time>
    </trkpt>
    <trkpt lat="49.542922" lon="20.112351">
      <ele>1304</ele>
      <time>2026-05-07T12:09:39Z</time>
    </trkpt>
    <trkpt lat="49.542891" lon="20.112268">
      <ele>1305</ele>
      <time>2026-05-07T12:09:48Z</time>
    </trkpt>
    <trkpt lat="49.542892" lon="20.112213">
      <ele>1305</ele>
      <time>2026-05-07T12:09:53Z</time>
    </trkpt>
    <trkpt lat="49.542903" lon="20.112069">
      <ele>1307</ele>
      <time>2026-05-07T12:10:05Z</time>
    </trkpt>
    <trkpt lat="49.542896" lon="20.111996">
      <ele>1307</ele>
      <time>2026-05-07T12:10:12Z</time>
    </trkpt>
    <trkpt lat="49.542882" lon="20.111922">
      <ele>1308</ele>
      <time>2026-05-07T12:10:19Z</time>
    </trkpt>
    <trkpt lat="49.542885" lon="20.111873">
      <ele>1308</ele>
      <time>2026-05-07T12:10:23Z</time>
    </trkpt>
    <trkpt lat="49.542879" lon="20.111842">
      <ele>1308</ele>
      <time>2026-05-07T12:10:26Z</time>
    </trkpt>
    <trkpt lat="49.542859" lon="20.111829">
      <ele>1308</ele>
      <time>2026-05-07T12:10:29Z</time>
    </trkpt>
    <trkpt lat="49.542846" lon="20.111791">
      <ele>1308</ele>
      <time>2026-05-07T12:10:32Z</time>
    </trkpt>
    <trkpt lat="49.542849" lon="20.11174">
      <ele>1308</ele>
      <time>2026-05-07T12:10:37Z</time>
    </trkpt>
    <trkpt lat="49.542851" lon="20.111659">
      <ele>1308</ele>
      <time>2026-05-07T12:10:44Z</time>
    </trkpt>
    <trkpt lat="49.542844" lon="20.111591">
      <ele>1308</ele>
      <time>2026-05-07T12:10:50Z</time>
    </trkpt>
    <trkpt lat="49.542823" lon="20.111521">
      <ele>1308</ele>
      <time>2026-05-07T12:10:57Z</time>
    </trkpt>
    <trkpt lat="49.542825" lon="20.111481">
      <ele>1308</ele>
      <time>2026-05-07T12:11:00Z</time>
    </trkpt>
    <trkpt lat="49.54283" lon="20.111408">
      <ele>1309</ele>
      <time>2026-05-07T12:11:07Z</time>
    </trkpt>
    <trkpt lat="49.542847" lon="20.111341">
      <ele>1310</ele>
      <time>2026-05-07T12:11:13Z</time>
    </trkpt>
    <trkpt lat="49.54283" lon="20.111408">
      <ele>1309</ele>
      <time>2026-05-07T12:11:16Z</time>
    </trkpt>
    <trkpt lat="49.542825" lon="20.111481">
      <ele>1308</ele>
      <time>2026-05-07T12:11:19Z</time>
    </trkpt>
    <trkpt lat="49.542823" lon="20.111521">
      <ele>1308</ele>
      <time>2026-05-07T12:11:21Z</time>
    </trkpt>
    <trkpt lat="49.542844" lon="20.111591">
      <ele>1308</ele>
      <time>2026-05-07T12:11:25Z</time>
    </trkpt>
    <trkpt lat="49.542851" lon="20.111659">
      <ele>1308</ele>
      <time>2026-05-07T12:11:28Z</time>
    </trkpt>
    <trkpt lat="49.542849" lon="20.11174">
      <ele>1308</ele>
      <time>2026-05-07T12:11:31Z</time>
    </trkpt>
    <trkpt lat="49.542846" lon="20.111791">
      <ele>1308</ele>
      <time>2026-05-07T12:11:33Z</time>
    </trkpt>
    <trkpt lat="49.542859" lon="20.111829">
      <ele>1308</ele>
      <time>2026-05-07T12:11:35Z</time>
    </trkpt>
    <trkpt lat="49.542879" lon="20.111842">
      <ele>1308</ele>
      <time>2026-05-07T12:11:37Z</time>
    </trkpt>
    <trkpt lat="49.542885" lon="20.111873">
      <ele>1308</ele>
      <time>2026-05-07T12:11:38Z</time>
    </trkpt>
    <trkpt lat="49.542882" lon="20.111922">
      <ele>1308</ele>
      <time>2026-05-07T12:11:40Z</time>
    </trkpt>
    <trkpt lat="49.542896" lon="20.111996">
      <ele>1307</ele>
      <time>2026-05-07T12:11:44Z</time>
    </trkpt>
    <trkpt lat="49.542903" lon="20.112069">
      <ele>1307</ele>
      <time>2026-05-07T12:11:47Z</time>
    </trkpt>
    <trkpt lat="49.542892" lon="20.112213">
      <ele>1305</ele>
      <time>2026-05-07T12:11:53Z</time>
    </trkpt>
    <trkpt lat="49.542891" lon="20.112268">
      <ele>1305</ele>
      <time>2026-05-07T12:11:56Z</time>
    </trkpt>
    <trkpt lat="49.542922" lon="20.112351">
      <ele>1304</ele>
      <time>2026-05-07T12:12:00Z</time>
    </trkpt>
    <trkpt lat="49.542933" lon="20.112499">
      <ele>1303</ele>
      <time>2026-05-07T12:12:06Z</time>
    </trkpt>
    <trkpt lat="49.54295" lon="20.112593">
      <ele>1302</ele>
      <time>2026-05-07T12:12:11Z</time>
    </trkpt>
    <trkpt lat="49.543006" lon="20.112708">
      <ele>1301</ele>
      <time>2026-05-07T12:12:17Z</time>
    </trkpt>
    <trkpt lat="49.543037" lon="20.112823">
      <ele>1301</ele>
      <time>2026-05-07T12:12:22Z</time>
    </trkpt>
    <trkpt lat="49.543076" lon="20.113035">
      <ele>1302</ele>
      <time>2026-05-07T12:12:32Z</time>
    </trkpt>
    <trkpt lat="49.543095" lon="20.113184">
      <ele>1302</ele>
      <time>2026-05-07T12:12:39Z</time>
    </trkpt>
    <trkpt lat="49.543089" lon="20.113362">
      <ele>1303</ele>
      <time>2026-05-07T12:12:46Z</time>
    </trkpt>
    <trkpt lat="49.543095" lon="20.113524">
      <ele>1302</ele>
      <time>2026-05-07T12:12:53Z</time>
    </trkpt>
    <trkpt lat="49.543111" lon="20.113635">
      <ele>1301</ele>
      <time>2026-05-07T12:12:58Z</time>
    </trkpt>
    <trkpt lat="49.543114" lon="20.113727">
      <ele>1300</ele>
      <time>2026-05-07T12:13:02Z</time>
    </trkpt>
    <trkpt lat="49.543079" lon="20.114079">
      <ele>1297</ele>
      <time>2026-05-07T12:13:18Z</time>
    </trkpt>
    <trkpt lat="49.543094" lon="20.114207">
      <ele>1296</ele>
      <time>2026-05-07T12:13:24Z</time>
    </trkpt>
    <trkpt lat="49.543107" lon="20.114357">
      <ele>1295</ele>
      <time>2026-05-07T12:13:30Z</time>
    </trkpt>
    <trkpt lat="49.543103" lon="20.114481">
      <ele>1294</ele>
      <time>2026-05-07T12:13:36Z</time>
    </trkpt>
    <trkpt lat="49.54315" lon="20.114604">
      <ele>1294</ele>
      <time>2026-05-07T12:13:42Z</time>
    </trkpt>
    <trkpt lat="49.543216" lon="20.114781">
      <ele>1294</ele>
      <time>2026-05-07T12:13:51Z</time>
    </trkpt>
    <trkpt lat="49.543242" lon="20.115004">
      <ele>1293</ele>
      <time>2026-05-07T12:14:01Z</time>
    </trkpt>
    <trkpt lat="49.543263" lon="20.115194">
      <ele>1292</ele>
      <time>2026-05-07T12:14:09Z</time>
    </trkpt>
    <trkpt lat="49.54326" lon="20.115363">
      <ele>1291</ele>
      <time>2026-05-07T12:14:17Z</time>
    </trkpt>
    <trkpt lat="49.543279" lon="20.115728">
      <ele>1288</ele>
      <time>2026-05-07T12:14:33Z</time>
    </trkpt>
    <trkpt lat="49.543296" lon="20.116069">
      <ele>1288</ele>
      <time>2026-05-07T12:14:48Z</time>
    </trkpt>
    <trkpt lat="49.543326" lon="20.116239">
      <ele>1289</ele>
      <time>2026-05-07T12:14:55Z</time>
    </trkpt>
    <trkpt lat="49.543312" lon="20.116458">
      <ele>1288</ele>
      <time>2026-05-07T12:15:05Z</time>
    </trkpt>
    <trkpt lat="49.543296" lon="20.116589">
      <ele>1287</ele>
      <time>2026-05-07T12:15:11Z</time>
    </trkpt>
    <trkpt lat="49.543256" lon="20.116754">
      <ele>1286</ele>
      <time>2026-05-07T12:15:18Z</time>
    </trkpt>
    <trkpt lat="49.543338" lon="20.117316">
      <ele>1286</ele>
      <time>2026-05-07T12:15:44Z</time>
    </trkpt>
    <trkpt lat="49.543379" lon="20.117987">
      <ele>1283</ele>
      <time>2026-05-07T12:16:13Z</time>
    </trkpt>
    <trkpt lat="49.543419" lon="20.118047">
      <ele>1282</ele>
      <time>2026-05-07T12:16:22Z</time>
    </trkpt>
    <trkpt lat="49.543438" lon="20.11811">
      <ele>1281</ele>
      <time>2026-05-07T12:16:28Z</time>
    </trkpt>
    <trkpt lat="49.54344" lon="20.118161">
      <ele>1280</ele>
      <time>2026-05-07T12:16:33Z</time>
    </trkpt>
    <trkpt lat="49.543458" lon="20.1186">
      <ele>1274</ele>
      <time>2026-05-07T12:17:17Z</time>
    </trkpt>
    <trkpt lat="49.54375" lon="20.11857">
      <ele>1281</ele>
      <time>2026-05-07T12:18:02Z</time>
    </trkpt>
    <trkpt lat="49.543821" lon="20.118554">
      <ele>1283</ele>
      <time>2026-05-07T12:18:13Z</time>
    </trkpt>
    <trkpt lat="49.543925" lon="20.118505">
      <ele>1280</ele>
      <time>2026-05-07T12:18:23Z</time>
    </trkpt>
    <trkpt lat="49.544061" lon="20.118513">
      <ele>1275</ele>
      <time>2026-05-07T12:18:35Z</time>
    </trkpt>
    <trkpt lat="49.544094" lon="20.118513">
      <ele>1275</ele>
      <time>2026-05-07T12:18:38Z</time>
    </trkpt>
    <trkpt lat="49.544231" lon="20.118517">
      <ele>1274</ele>
      <time>2026-05-07T12:18:50Z</time>
    </trkpt>
    <trkpt lat="49.544343" lon="20.118518">
      <ele>1273</ele>
      <time>2026-05-07T12:19:00Z</time>
    </trkpt>
    <trkpt lat="49.544428" lon="20.118501">
      <ele>1273</ele>
      <time>2026-05-07T12:19:08Z</time>
    </trkpt>
    <trkpt lat="49.54457" lon="20.118446">
      <ele>1272</ele>
      <time>2026-05-07T12:19:20Z</time>
    </trkpt>
    <trkpt lat="49.544618" lon="20.118442">
      <ele>1271</ele>
      <time>2026-05-07T12:19:25Z</time>
    </trkpt>
    <trkpt lat="49.544663" lon="20.118423">
      <ele>1271</ele>
      <time>2026-05-07T12:19:29Z</time>
    </trkpt>
    <trkpt lat="49.544706" lon="20.118384">
      <ele>1271</ele>
      <time>2026-05-07T12:19:33Z</time>
    </trkpt>
    <trkpt lat="49.544746" lon="20.118315">
      <ele>1271</ele>
      <time>2026-05-07T12:19:38Z</time>
    </trkpt>
    <trkpt lat="49.544802" lon="20.118239">
      <ele>1270</ele>
      <time>2026-05-07T12:19:45Z</time>
    </trkpt>
    <trkpt lat="49.544857" lon="20.118135">
      <ele>1270</ele>
      <time>2026-05-07T12:19:53Z</time>
    </trkpt>
    <trkpt lat="49.544911" lon="20.118083">
      <ele>1270</ele>
      <time>2026-05-07T12:19:58Z</time>
    </trkpt>
    <trkpt lat="49.544977" lon="20.117944">
      <ele>1270</ele>
      <time>2026-05-07T12:20:08Z</time>
    </trkpt>
    <trkpt lat="49.545004" lon="20.117857">
      <ele>1270</ele>
      <time>2026-05-07T12:20:14Z</time>
    </trkpt>
    <trkpt lat="49.545054" lon="20.117695">
      <ele>1269</ele>
      <time>2026-05-07T12:20:24Z</time>
    </trkpt>
    <trkpt lat="49.54509" lon="20.117535">
      <ele>1268</ele>
      <time>2026-05-07T12:20:33Z</time>
    </trkpt>
    <trkpt lat="49.545103" lon="20.117385">
      <ele>1268</ele>
      <time>2026-05-07T12:20:42Z</time>
    </trkpt>
    <trkpt lat="49.54511" lon="20.117157">
      <ele>1268</ele>
      <time>2026-05-07T12:20:55Z</time>
    </trkpt>
    <trkpt lat="49.54513" lon="20.116989">
      <ele>1269</ele>
      <time>2026-05-07T12:21:05Z</time>
    </trkpt>
    <trkpt lat="49.545146" lon="20.116852">
      <ele>1269</ele>
      <time>2026-05-07T12:21:13Z</time>
    </trkpt>
    <trkpt lat="49.545174" lon="20.116704">
      <ele>1269</ele>
      <time>2026-05-07T12:21:21Z</time>
    </trkpt>
    <trkpt lat="49.545188" lon="20.116586">
      <ele>1268</ele>
      <time>2026-05-07T12:21:28Z</time>
    </trkpt>
    <trkpt lat="49.545207" lon="20.116443">
      <ele>1267</ele>
      <time>2026-05-07T12:21:37Z</time>
    </trkpt>
    <trkpt lat="49.545207" lon="20.116333">
      <ele>1266</ele>
      <time>2026-05-07T12:21:43Z</time>
    </trkpt>
    <trkpt lat="49.545205" lon="20.116241">
      <ele>1265</ele>
      <time>2026-05-07T12:21:48Z</time>
    </trkpt>
    <trkpt lat="49.545196" lon="20.116106">
      <ele>1264</ele>
      <time>2026-05-07T12:21:56Z</time>
    </trkpt>
    <trkpt lat="49.54519" lon="20.115934">
      <ele>1263</ele>
      <time>2026-05-07T12:22:06Z</time>
    </trkpt>
    <trkpt lat="49.545192" lon="20.115796">
      <ele>1263</ele>
      <time>2026-05-07T12:22:14Z</time>
    </trkpt>
    <trkpt lat="49.545199" lon="20.115654">
      <ele>1263</ele>
      <time>2026-05-07T12:22:22Z</time>
    </trkpt>
    <trkpt lat="49.545206" lon="20.115499">
      <ele>1263</ele>
      <time>2026-05-07T12:22:31Z</time>
    </trkpt>
    <trkpt lat="49.545206" lon="20.115372">
      <ele>1263</ele>
      <time>2026-05-07T12:22:38Z</time>
    </trkpt>
    <trkpt lat="49.545205" lon="20.115181">
      <ele>1263</ele>
      <time>2026-05-07T12:22:49Z</time>
    </trkpt>
    <trkpt lat="49.545214" lon="20.115087">
      <ele>1262</ele>
      <time>2026-05-07T12:22:54Z</time>
    </trkpt>
    <trkpt lat="49.545206" lon="20.115028">
      <ele>1262</ele>
      <time>2026-05-07T12:22:58Z</time>
    </trkpt>
    <trkpt lat="49.545181" lon="20.114871">
      <ele>1261</ele>
      <time>2026-05-07T12:23:07Z</time>
    </trkpt>
    <trkpt lat="49.545145" lon="20.114657">
      <ele>1261</ele>
      <time>2026-05-07T12:23:19Z</time>
    </trkpt>
    <trkpt lat="49.545142" lon="20.114514">
      <ele>1261</ele>
      <time>2026-05-07T12:23:27Z</time>
    </trkpt>
    <trkpt lat="49.545148" lon="20.114419">
      <ele>1261</ele>
      <time>2026-05-07T12:23:33Z</time>
    </trkpt>
    <trkpt lat="49.545157" lon="20.114318">
      <ele>1261</ele>
      <time>2026-05-07T12:23:39Z</time>
    </trkpt>
    <trkpt lat="49.545186" lon="20.11419">
      <ele>1261</ele>
      <time>2026-05-07T12:23:46Z</time>
    </trkpt>
    <trkpt lat="49.545258" lon="20.114041">
      <ele>1260</ele>
      <time>2026-05-07T12:23:57Z</time>
    </trkpt>
    <trkpt lat="49.545334" lon="20.113919">
      <ele>1259</ele>
      <time>2026-05-07T12:24:07Z</time>
    </trkpt>
    <trkpt lat="49.545393" lon="20.113785">
      <ele>1258</ele>
      <time>2026-05-07T12:24:16Z</time>
    </trkpt>
    <trkpt lat="49.545438" lon="20.113705">
      <ele>1257</ele>
      <time>2026-05-07T12:24:22Z</time>
    </trkpt>
    <trkpt lat="49.545475" lon="20.113484">
      <ele>1257</ele>
      <time>2026-05-07T12:24:35Z</time>
    </trkpt>
    <trkpt lat="49.545511" lon="20.113298">
      <ele>1256</ele>
      <time>2026-05-07T12:24:46Z</time>
    </trkpt>
    <trkpt lat="49.545541" lon="20.113176">
      <ele>1255</ele>
      <time>2026-05-07T12:24:53Z</time>
    </trkpt>
    <trkpt lat="49.545622" lon="20.112933">
      <ele>1254</ele>
      <time>2026-05-07T12:25:09Z</time>
    </trkpt>
    <trkpt lat="49.545683" lon="20.112777">
      <ele>1254</ele>
      <time>2026-05-07T12:25:19Z</time>
    </trkpt>
    <trkpt lat="49.545742" lon="20.11264">
      <ele>1253</ele>
      <time>2026-05-07T12:25:29Z</time>
    </trkpt>
    <trkpt lat="49.545873" lon="20.11238">
      <ele>1252</ele>
      <time>2026-05-07T12:25:47Z</time>
    </trkpt>
    <trkpt lat="49.545957" lon="20.112253">
      <ele>1252</ele>
      <time>2026-05-07T12:25:58Z</time>
    </trkpt>
    <trkpt lat="49.546004" lon="20.112111">
      <ele>1253</ele>
      <time>2026-05-07T12:26:07Z</time>
    </trkpt>
    <trkpt lat="49.546071" lon="20.111902">
      <ele>1254</ele>
      <time>2026-05-07T12:26:20Z</time>
    </trkpt>
    <trkpt lat="49.546102" lon="20.111784">
      <ele>1254</ele>
      <time>2026-05-07T12:26:27Z</time>
    </trkpt>
    <trkpt lat="49.546229" lon="20.111598">
      <ele>1252</ele>
      <time>2026-05-07T12:26:43Z</time>
    </trkpt>
    <trkpt lat="49.546319" lon="20.111512">
      <ele>1251</ele>
      <time>2026-05-07T12:26:52Z</time>
    </trkpt>
    <trkpt lat="49.54641" lon="20.111509">
      <ele>1250</ele>
      <time>2026-05-07T12:27:00Z</time>
    </trkpt>
    <trkpt lat="49.5465" lon="20.111504">
      <ele>1249</ele>
      <time>2026-05-07T12:27:08Z</time>
    </trkpt>
    <trkpt lat="49.546615" lon="20.111493">
      <ele>1247</ele>
      <time>2026-05-07T12:27:18Z</time>
    </trkpt>
    <trkpt lat="49.546683" lon="20.111474">
      <ele>1247</ele>
      <time>2026-05-07T12:27:24Z</time>
    </trkpt>
    <trkpt lat="49.546826" lon="20.111426">
      <ele>1246</ele>
      <time>2026-05-07T12:27:37Z</time>
    </trkpt>
    <trkpt lat="49.546939" lon="20.111396">
      <ele>1245</ele>
      <time>2026-05-07T12:27:47Z</time>
    </trkpt>
    <trkpt lat="49.547003" lon="20.111394">
      <ele>1244</ele>
      <time>2026-05-07T12:27:53Z</time>
    </trkpt>
    <trkpt lat="49.547123" lon="20.111396">
      <ele>1242</ele>
      <time>2026-05-07T12:28:04Z</time>
    </trkpt>
    <trkpt lat="49.547248" lon="20.111386">
      <ele>1241</ele>
      <time>2026-05-07T12:28:15Z</time>
    </trkpt>
    <trkpt lat="49.5473" lon="20.111419">
      <ele>1240</ele>
      <time>2026-05-07T12:28:20Z</time>
    </trkpt>
    <trkpt lat="49.547405" lon="20.111479">
      <ele>1239</ele>
      <time>2026-05-07T12:28:29Z</time>
    </trkpt>
    <trkpt lat="49.54762" lon="20.111626">
      <ele>1236</ele>
      <time>2026-05-07T12:28:50Z</time>
    </trkpt>
    <trkpt lat="49.547759" lon="20.111757">
      <ele>1235</ele>
      <time>2026-05-07T12:29:04Z</time>
    </trkpt>
    <trkpt lat="49.54792" lon="20.111893">
      <ele>1233</ele>
      <time>2026-05-07T12:29:21Z</time>
    </trkpt>
    <trkpt lat="49.547976" lon="20.111995">
      <ele>1233</ele>
      <time>2026-05-07T12:29:28Z</time>
    </trkpt>
    <trkpt lat="49.548305" lon="20.112511">
      <ele>1230</ele>
      <time>2026-05-07T12:30:09Z</time>
    </trkpt>
    <trkpt lat="49.548498" lon="20.112855">
      <ele>1228</ele>
      <time>2026-05-07T12:30:35Z</time>
    </trkpt>
    <trkpt lat="49.548548" lon="20.112946">
      <ele>1227</ele>
      <time>2026-05-07T12:30:42Z</time>
    </trkpt>
    <trkpt lat="49.548801" lon="20.113408">
      <ele>1226</ele>
      <time>2026-05-07T12:31:17Z</time>
    </trkpt>
    <trkpt lat="49.549424" lon="20.114277">
      <ele>1225</ele>
      <time>2026-05-07T12:32:30Z</time>
    </trkpt>
    <trkpt lat="49.549774" lon="20.114802">
      <ele>1224</ele>
      <time>2026-05-07T12:33:13Z</time>
    </trkpt>
    <trkpt lat="49.549981" lon="20.114921">
      <ele>1226</ele>
      <time>2026-05-07T12:33:37Z</time>
    </trkpt>
    <trkpt lat="49.550469" lon="20.115292">
      <ele>1228</ele>
      <time>2026-05-07T12:34:36Z</time>
    </trkpt>
    <trkpt lat="49.550755" lon="20.115443">
      <ele>1231</ele>
      <time>2026-05-07T12:35:09Z</time>
    </trkpt>
    <trkpt lat="49.550986" lon="20.115599">
      <ele>1234</ele>
      <time>2026-05-07T12:35:36Z</time>
    </trkpt>
    <trkpt lat="49.551072" lon="20.115628">
      <ele>1235</ele>
      <time>2026-05-07T12:35:46Z</time>
    </trkpt>
    <trkpt lat="49.551386" lon="20.115651">
      <ele>1238</ele>
      <time>2026-05-07T12:36:20Z</time>
    </trkpt>
    <trkpt lat="49.551589" lon="20.115817">
      <ele>1241</ele>
      <time>2026-05-07T12:36:45Z</time>
    </trkpt>
    <trkpt lat="49.551781" lon="20.115794">
      <ele>1244</ele>
      <time>2026-05-07T12:37:06Z</time>
    </trkpt>
    <trkpt lat="49.551994" lon="20.115575">
      <ele>1248</ele>
      <time>2026-05-07T12:37:34Z</time>
    </trkpt>
    <trkpt lat="49.552059" lon="20.115508">
      <ele>1249</ele>
      <time>2026-05-07T12:37:43Z</time>
    </trkpt>
    <trkpt lat="49.552127" lon="20.115431">
      <ele>1250</ele>
      <time>2026-05-07T12:37:52Z</time>
    </trkpt>
    <trkpt lat="49.552228" lon="20.115273">
      <ele>1251</ele>
      <time>2026-05-07T12:38:08Z</time>
    </trkpt>
    <trkpt lat="49.552289" lon="20.115207">
      <ele>1250</ele>
      <time>2026-05-07T12:38:16Z</time>
    </trkpt>
    <trkpt lat="49.552434" lon="20.115144">
      <ele>1248</ele>
      <time>2026-05-07T12:38:32Z</time>
    </trkpt>
    <trkpt lat="49.552606" lon="20.115168">
      <ele>1247</ele>
      <time>2026-05-07T12:38:51Z</time>
    </trkpt>
    <trkpt lat="49.552795" lon="20.115069">
      <ele>1245</ele>
      <time>2026-05-07T12:39:13Z</time>
    </trkpt>
    <trkpt lat="49.552846" lon="20.11499">
      <ele>1244</ele>
      <time>2026-05-07T12:39:21Z</time>
    </trkpt>
    <trkpt lat="49.553082" lon="20.114797">
      <ele>1240</ele>
      <time>2026-05-07T12:39:50Z</time>
    </trkpt>
    <trkpt lat="49.553738" lon="20.113797">
      <ele>1229</ele>
      <time>2026-05-07T12:41:31Z</time>
    </trkpt>
    <trkpt lat="49.553827" lon="20.113552">
      <ele>1225</ele>
      <time>2026-05-07T12:41:51Z</time>
    </trkpt>
    <trkpt lat="49.553887" lon="20.113427">
      <ele>1224</ele>
      <time>2026-05-07T12:42:02Z</time>
    </trkpt>
    <trkpt lat="49.554023" lon="20.11326">
      <ele>1218</ele>
      <time>2026-05-07T12:42:21Z</time>
    </trkpt>
    <trkpt lat="49.554195" lon="20.113124">
      <ele>1211</ele>
      <time>2026-05-07T12:42:43Z</time>
    </trkpt>
    <trkpt lat="49.554446" lon="20.113003">
      <ele>1202</ele>
      <time>2026-05-07T12:43:13Z</time>
    </trkpt>
    <trkpt lat="49.554597" lon="20.113183">
      <ele>1200</ele>
      <time>2026-05-07T12:43:37Z</time>
    </trkpt>
    <trkpt lat="49.554774" lon="20.113442">
      <ele>1197</ele>
      <time>2026-05-07T12:44:08Z</time>
    </trkpt>
    <trkpt lat="49.555014" lon="20.113861">
      <ele>1194</ele>
      <time>2026-05-07T12:44:54Z</time>
    </trkpt>
    <trkpt lat="49.555163" lon="20.114171">
      <ele>1190</ele>
      <time>2026-05-07T12:45:26Z</time>
    </trkpt>
    <trkpt lat="49.555354" lon="20.114446">
      <ele>1187</ele>
      <time>2026-05-07T12:45:59Z</time>
    </trkpt>
    <trkpt lat="49.555584" lon="20.114665">
      <ele>1182</ele>
      <time>2026-05-07T12:46:33Z</time>
    </trkpt>
    <trkpt lat="49.555763" lon="20.114803">
      <ele>1177</ele>
      <time>2026-05-07T12:46:59Z</time>
    </trkpt>
    <trkpt lat="49.555905" lon="20.11483">
      <ele>1174</ele>
      <time>2026-05-07T12:47:18Z</time>
    </trkpt>
    <trkpt lat="49.556093" lon="20.114835">
      <ele>1170</ele>
      <time>2026-05-07T12:47:42Z</time>
    </trkpt>
    <trkpt lat="49.556375" lon="20.114915">
      <ele>1164</ele>
      <time>2026-05-07T12:48:18Z</time>
    </trkpt>
    <trkpt lat="49.556838" lon="20.114995">
      <ele>1158</ele>
      <time>2026-05-07T12:49:18Z</time>
    </trkpt>
    <trkpt lat="49.557032" lon="20.115025">
      <ele>1155</ele>
      <time>2026-05-07T12:49:42Z</time>
    </trkpt>
    <trkpt lat="49.557359" lon="20.115025">
      <ele>1152</ele>
      <time>2026-05-07T12:50:24Z</time>
    </trkpt>
    <trkpt lat="49.557495" lon="20.115035">
      <ele>1153</ele>
      <time>2026-05-07T12:50:41Z</time>
    </trkpt>
    <trkpt lat="49.557813" lon="20.11513">
      <ele>1155</ele>
      <time>2026-05-07T12:51:22Z</time>
    </trkpt>
    <trkpt lat="49.558133" lon="20.1152">
      <ele>1155</ele>
      <time>2026-05-07T12:52:02Z</time>
    </trkpt>
    <trkpt lat="49.55835" lon="20.115205">
      <ele>1155</ele>
      <time>2026-05-07T12:52:30Z</time>
    </trkpt>
    <trkpt lat="49.55881" lon="20.115265">
      <ele>1149</ele>
      <time>2026-05-07T12:53:28Z</time>
    </trkpt>
    <trkpt lat="49.558982" lon="20.115289">
      <ele>1146</ele>
      <time>2026-05-07T12:53:50Z</time>
    </trkpt>
    <trkpt lat="49.559224" lon="20.115226">
      <ele>1141</ele>
      <time>2026-05-07T12:54:22Z</time>
    </trkpt>
    <trkpt lat="49.559792" lon="20.115225">
      <ele>1126</ele>
      <time>2026-05-07T12:55:35Z</time>
    </trkpt>
    <trkpt lat="49.55995" lon="20.11515">
      <ele>1121</ele>
      <time>2026-05-07T12:55:57Z</time>
    </trkpt>
    <trkpt lat="49.560076" lon="20.115098">
      <ele>1119</ele>
      <time>2026-05-07T12:56:13Z</time>
    </trkpt>
    <trkpt lat="49.560236" lon="20.115092">
      <ele>1116</ele>
      <time>2026-05-07T12:56:34Z</time>
    </trkpt>
    <trkpt lat="49.560381" lon="20.11514">
      <ele>1112</ele>
      <time>2026-05-07T12:56:53Z</time>
    </trkpt>
    <trkpt lat="49.560533" lon="20.11532">
      <ele>1108</ele>
      <time>2026-05-07T12:57:18Z</time>
    </trkpt>
    <trkpt lat="49.560739" lon="20.115371">
      <ele>1100</ele>
      <time>2026-05-07T12:57:45Z</time>
    </trkpt>
    <trkpt lat="49.560961" lon="20.115484">
      <ele>1094</ele>
      <time>2026-05-07T12:58:16Z</time>
    </trkpt>
    <trkpt lat="49.56111" lon="20.115639">
      <ele>1089</ele>
      <time>2026-05-07T12:58:39Z</time>
    </trkpt>
    <trkpt lat="49.56121" lon="20.115784">
      <ele>1086</ele>
      <time>2026-05-07T12:58:57Z</time>
    </trkpt>
    <trkpt lat="49.561287" lon="20.115827">
      <ele>1083</ele>
      <time>2026-05-07T12:59:07Z</time>
    </trkpt>
    <trkpt lat="49.561376" lon="20.115814">
      <ele>1081</ele>
      <time>2026-05-07T12:59:19Z</time>
    </trkpt>
    <trkpt lat="49.561466" lon="20.115709">
      <ele>1077</ele>
      <time>2026-05-07T12:59:34Z</time>
    </trkpt>
    <trkpt lat="49.56157" lon="20.115534">
      <ele>1071</ele>
      <time>2026-05-07T12:59:54Z</time>
    </trkpt>
    <trkpt lat="49.561618" lon="20.115406">
      <ele>1068</ele>
      <time>2026-05-07T13:00:07Z</time>
    </trkpt>
    <trkpt lat="49.561686" lon="20.115358">
      <ele>1064</ele>
      <time>2026-05-07T13:00:17Z</time>
    </trkpt>
    <trkpt lat="49.561759" lon="20.115363">
      <ele>1061</ele>
      <time>2026-05-07T13:00:27Z</time>
    </trkpt>
    <trkpt lat="49.562014" lon="20.1155">
      <ele>1050</ele>
      <time>2026-05-07T13:01:03Z</time>
    </trkpt>
    <trkpt lat="49.562279" lon="20.115699">
      <ele>1041</ele>
      <time>2026-05-07T13:01:42Z</time>
    </trkpt>
    <trkpt lat="49.562575" lon="20.115881">
      <ele>1031</ele>
      <time>2026-05-07T13:02:24Z</time>
    </trkpt>
    <trkpt lat="49.562769" lon="20.116036">
      <ele>1026</ele>
      <time>2026-05-07T13:02:52Z</time>
    </trkpt>
    <trkpt lat="49.562995" lon="20.116193">
      <ele>1026</ele>
      <time>2026-05-07T13:03:23Z</time>
    </trkpt>
    <trkpt lat="49.563222" lon="20.116278">
      <ele>1029</ele>
      <time>2026-05-07T13:03:52Z</time>
    </trkpt>
    <trkpt lat="49.563552" lon="20.116444">
      <ele>1034</ele>
      <time>2026-05-07T13:04:36Z</time>
    </trkpt>
    <trkpt lat="49.564088" lon="20.116385">
      <ele>1042</ele>
      <time>2026-05-07T13:05:45Z</time>
    </trkpt>
    <trkpt lat="49.564303" lon="20.116423">
      <ele>1047</ele>
      <time>2026-05-07T13:06:13Z</time>
    </trkpt>
    <trkpt lat="49.564714" lon="20.11653">
      <ele>1056</ele>
      <time>2026-05-07T13:07:06Z</time>
    </trkpt>
    <trkpt lat="49.564979" lon="20.116648">
      <ele>1061</ele>
      <time>2026-05-07T13:07:41Z</time>
    </trkpt>
    <trkpt lat="49.565605" lon="20.117018">
      <ele>1063</ele>
      <time>2026-05-07T13:09:06Z</time>
    </trkpt>
    <trkpt lat="49.565883" lon="20.117093">
      <ele>1066</ele>
      <time>2026-05-07T13:09:42Z</time>
    </trkpt>
    <trkpt lat="49.566435" lon="20.117226">
      <ele>1067</ele>
      <time>2026-05-07T13:10:52Z</time>
    </trkpt>
    <trkpt lat="49.56668" lon="20.117324">
      <ele>1063</ele>
      <time>2026-05-07T13:11:24Z</time>
    </trkpt>
    <trkpt lat="49.566973" lon="20.1175">
      <ele>1061</ele>
      <time>2026-05-07T13:12:04Z</time>
    </trkpt>
    <trkpt lat="49.567136" lon="20.117619">
      <ele>1059</ele>
      <time>2026-05-07T13:12:27Z</time>
    </trkpt>
    <trkpt lat="49.567494" lon="20.117662">
      <ele>1057</ele>
      <time>2026-05-07T13:13:12Z</time>
    </trkpt>
    <trkpt lat="49.567793" lon="20.117748">
      <ele>1053</ele>
      <time>2026-05-07T13:13:50Z</time>
    </trkpt>
    <trkpt lat="49.568075" lon="20.117839">
      <ele>1046</ele>
      <time>2026-05-07T13:14:28Z</time>
    </trkpt>
    <trkpt lat="49.568388" lon="20.11785">
      <ele>1038</ele>
      <time>2026-05-07T13:15:08Z</time>
    </trkpt>
    <trkpt lat="49.568663" lon="20.117748">
      <ele>1031</ele>
      <time>2026-05-07T13:15:45Z</time>
    </trkpt>
    <trkpt lat="49.568771" lon="20.117673">
      <ele>1030</ele>
      <time>2026-05-07T13:16:00Z</time>
    </trkpt>
    <trkpt lat="49.569066" lon="20.117587">
      <ele>1026</ele>
      <time>2026-05-07T13:16:38Z</time>
    </trkpt>
    <trkpt lat="49.569515" lon="20.117246">
      <ele>1022</ele>
      <time>2026-05-07T13:17:41Z</time>
    </trkpt>
    <trkpt lat="49.569964" lon="20.117072">
      <ele>1023</ele>
      <time>2026-05-07T13:18:39Z</time>
    </trkpt>
    <trkpt lat="49.570229" lon="20.117018">
      <ele>1023</ele>
      <time>2026-05-07T13:19:13Z</time>
    </trkpt>
    <trkpt lat="49.570531" lon="20.116911">
      <ele>1024</ele>
      <time>2026-05-07T13:19:52Z</time>
    </trkpt>
    <trkpt lat="49.570855" lon="20.116873">
      <ele>1028</ele>
      <time>2026-05-07T13:20:33Z</time>
    </trkpt>
    <trkpt lat="49.57113" lon="20.116755">
      <ele>1031</ele>
      <time>2026-05-07T13:21:09Z</time>
    </trkpt>
    <trkpt lat="49.571343" lon="20.11671">
      <ele>1038</ele>
      <time>2026-05-07T13:21:37Z</time>
    </trkpt>
    <trkpt lat="49.571464" lon="20.116755">
      <ele>1043</ele>
      <time>2026-05-07T13:21:54Z</time>
    </trkpt>
    <trkpt lat="49.571609" lon="20.116895">
      <ele>1050</ele>
      <time>2026-05-07T13:22:17Z</time>
    </trkpt>
    <trkpt lat="49.57178" lon="20.116944">
      <ele>1055</ele>
      <time>2026-05-07T13:22:40Z</time>
    </trkpt>
    <trkpt lat="49.571947" lon="20.11675">
      <ele>1058</ele>
      <time>2026-05-07T13:23:06Z</time>
    </trkpt>
    <trkpt lat="49.572109" lon="20.116602">
      <ele>1063</ele>
      <time>2026-05-07T13:23:31Z</time>
    </trkpt>
    <trkpt lat="49.572201" lon="20.116632">
      <ele>1067</ele>
      <time>2026-05-07T13:23:43Z</time>
    </trkpt>
    <trkpt lat="49.572281" lon="20.116745">
      <ele>1070</ele>
      <time>2026-05-07T13:23:57Z</time>
    </trkpt>
    <trkpt lat="49.572379" lon="20.1169">
      <ele>1073</ele>
      <time>2026-05-07T13:24:15Z</time>
    </trkpt>
    <trkpt lat="49.572528" lon="20.117061">
      <ele>1076</ele>
      <time>2026-05-07T13:24:39Z</time>
    </trkpt>
    <trkpt lat="49.572758" lon="20.117104">
      <ele>1081</ele>
      <time>2026-05-07T13:25:08Z</time>
    </trkpt>
    <trkpt lat="49.572897" lon="20.117056">
      <ele>1083</ele>
      <time>2026-05-07T13:25:26Z</time>
    </trkpt>
    <trkpt lat="49.573057" lon="20.116905">
      <ele>1086</ele>
      <time>2026-05-07T13:25:50Z</time>
    </trkpt>
    <trkpt lat="49.573253" lon="20.116651">
      <ele>1088</ele>
      <time>2026-05-07T13:26:22Z</time>
    </trkpt>
    <trkpt lat="49.573436" lon="20.116176">
      <ele>1090</ele>
      <time>2026-05-07T13:27:08Z</time>
    </trkpt>
    <trkpt lat="49.573537" lon="20.115827">
      <ele>1089</ele>
      <time>2026-05-07T13:27:39Z</time>
    </trkpt>
    <trkpt lat="49.57362" lon="20.115383">
      <ele>1086</ele>
      <time>2026-05-07T13:28:17Z</time>
    </trkpt>
    <trkpt lat="49.573797" lon="20.114896">
      <ele>1085</ele>
      <time>2026-05-07T13:29:02Z</time>
    </trkpt>
    <trkpt lat="49.573943" lon="20.114613">
      <ele>1083</ele>
      <time>2026-05-07T13:29:32Z</time>
    </trkpt>
    <trkpt lat="49.574082" lon="20.114554">
      <ele>1082</ele>
      <time>2026-05-07T13:29:50Z</time>
    </trkpt>
    <trkpt lat="49.574215" lon="20.114632">
      <ele>1080</ele>
      <time>2026-05-07T13:30:08Z</time>
    </trkpt>
    <trkpt lat="49.57432" lon="20.114695">
      <ele>1076</ele>
      <time>2026-05-07T13:30:23Z</time>
    </trkpt>
    <trkpt lat="49.574511" lon="20.114749">
      <ele>1071</ele>
      <time>2026-05-07T13:30:48Z</time>
    </trkpt>
    <trkpt lat="49.574862" lon="20.114669">
      <ele>1068</ele>
      <time>2026-05-07T13:31:33Z</time>
    </trkpt>
    <trkpt lat="49.575151" lon="20.11461">
      <ele>1066</ele>
      <time>2026-05-07T13:32:10Z</time>
    </trkpt>
    <trkpt lat="49.575402" lon="20.114647">
      <ele>1065</ele>
      <time>2026-05-07T13:32:42Z</time>
    </trkpt>
    <trkpt lat="49.5756" lon="20.11477">
      <ele>1063</ele>
      <time>2026-05-07T13:33:09Z</time>
    </trkpt>
    <trkpt lat="49.575753" lon="20.114931">
      <ele>1061</ele>
      <time>2026-05-07T13:33:32Z</time>
    </trkpt>
    <trkpt lat="49.575954" lon="20.115091">
      <ele>1057</ele>
      <time>2026-05-07T13:34:01Z</time>
    </trkpt>
    <trkpt lat="49.576191" lon="20.115071">
      <ele>1053</ele>
      <time>2026-05-07T13:34:31Z</time>
    </trkpt>
    <trkpt lat="49.576386" lon="20.115114">
      <ele>1050</ele>
      <time>2026-05-07T13:34:56Z</time>
    </trkpt>
    <trkpt lat="49.576584" lon="20.115302">
      <ele>1046</ele>
      <time>2026-05-07T13:35:26Z</time>
    </trkpt>
    <trkpt lat="49.577162" lon="20.115383">
      <ele>1038</ele>
      <time>2026-05-07T13:36:40Z</time>
    </trkpt>
    <trkpt lat="49.577535" lon="20.115374">
      <ele>1039</ele>
      <time>2026-05-07T13:37:27Z</time>
    </trkpt>
    <trkpt lat="49.577769" lon="20.115549">
      <ele>1045</ele>
      <time>2026-05-07T13:38:00Z</time>
    </trkpt>
    <trkpt lat="49.578117" lon="20.115647">
      <ele>1049</ele>
      <time>2026-05-07T13:38:45Z</time>
    </trkpt>
    <trkpt lat="49.578257" lon="20.115704">
      <ele>1052</ele>
      <time>2026-05-07T13:39:04Z</time>
    </trkpt>
    <trkpt lat="49.578393" lon="20.11587">
      <ele>1057</ele>
      <time>2026-05-07T13:39:26Z</time>
    </trkpt>
    <trkpt lat="49.578619" lon="20.116042">
      <ele>1064</ele>
      <time>2026-05-07T13:39:59Z</time>
    </trkpt>
    <trkpt lat="49.578984" lon="20.116348">
      <ele>1065</ele>
      <time>2026-05-07T13:40:51Z</time>
    </trkpt>
    <trkpt lat="49.579245" lon="20.11661">
      <ele>1065</ele>
      <time>2026-05-07T13:41:30Z</time>
    </trkpt>
    <trkpt lat="49.57936" lon="20.116696">
      <ele>1064</ele>
      <time>2026-05-07T13:41:47Z</time>
    </trkpt>
    <trkpt lat="49.579506" lon="20.116696">
      <ele>1064</ele>
      <time>2026-05-07T13:42:05Z</time>
    </trkpt>
    <trkpt lat="49.579694" lon="20.116551">
      <ele>1064</ele>
      <time>2026-05-07T13:42:31Z</time>
    </trkpt>
    <trkpt lat="49.579862" lon="20.116398">
      <ele>1061</ele>
      <time>2026-05-07T13:42:56Z</time>
    </trkpt>
    <trkpt lat="49.580115" lon="20.116144">
      <ele>1057</ele>
      <time>2026-05-07T13:43:35Z</time>
    </trkpt>
    <trkpt lat="49.580376" lon="20.115977">
      <ele>1052</ele>
      <time>2026-05-07T13:44:11Z</time>
    </trkpt>
    <trkpt lat="49.580734" lon="20.115892">
      <ele>1049</ele>
      <time>2026-05-07T13:44:56Z</time>
    </trkpt>
    <trkpt lat="49.581279" lon="20.115578">
      <ele>1054</ele>
      <time>2026-05-07T13:46:10Z</time>
    </trkpt>
    <trkpt lat="49.581626" lon="20.115364">
      <ele>1055</ele>
      <time>2026-05-07T13:46:57Z</time>
    </trkpt>
    <trkpt lat="49.581885" lon="20.115194">
      <ele>1050</ele>
      <time>2026-05-07T13:47:33Z</time>
    </trkpt>
    <trkpt lat="49.582163" lon="20.114969">
      <ele>1044</ele>
      <time>2026-05-07T13:48:13Z</time>
    </trkpt>
    <trkpt lat="49.582166" lon="20.114397">
      <ele>1054</ele>
      <time>2026-05-07T13:49:53Z</time>
    </trkpt>
    <trkpt lat="49.582018" lon="20.113989">
      <ele>1059</ele>
      <time>2026-05-07T13:51:13Z</time>
    </trkpt>
    <trkpt lat="49.58217" lon="20.11355">
      <ele>1051</ele>
      <time>2026-05-07T13:51:44Z</time>
    </trkpt>
    <trkpt lat="49.582195" lon="20.113188">
      <ele>1048</ele>
      <time>2026-05-07T13:52:06Z</time>
    </trkpt>
    <trkpt lat="49.582379" lon="20.112838">
      <ele>1043</ele>
      <time>2026-05-07T13:52:34Z</time>
    </trkpt>
    <trkpt lat="49.58241" lon="20.11237">
      <ele>1036</ele>
      <time>2026-05-07T13:53:03Z</time>
    </trkpt>
    <trkpt lat="49.58239" lon="20.112121">
      <ele>1033</ele>
      <time>2026-05-07T13:53:18Z</time>
    </trkpt>
    <trkpt lat="49.582417" lon="20.111931">
      <ele>1030</ele>
      <time>2026-05-07T13:53:30Z</time>
    </trkpt>
    <trkpt lat="49.582515" lon="20.111493">
      <ele>1028</ele>
      <time>2026-05-07T13:53:59Z</time>
    </trkpt>
    <trkpt lat="49.582536" lon="20.111257">
      <ele>1027</ele>
      <time>2026-05-07T13:54:13Z</time>
    </trkpt>
    <trkpt lat="49.582613" lon="20.11079">
      <ele>1019</ele>
      <time>2026-05-07T13:54:46Z</time>
    </trkpt>
    <trkpt lat="49.582752" lon="20.110468">
      <ele>1016</ele>
      <time>2026-05-07T13:55:11Z</time>
    </trkpt>
    <trkpt lat="49.582796" lon="20.11">
      <ele>1014</ele>
      <time>2026-05-07T13:55:43Z</time>
    </trkpt>
    <trkpt lat="49.582891" lon="20.109746">
      <ele>1012</ele>
      <time>2026-05-07T13:56:02Z</time>
    </trkpt>
    <trkpt lat="49.583125" lon="20.10957">
      <ele>1010</ele>
      <time>2026-05-07T13:56:29Z</time>
    </trkpt>
    <trkpt lat="49.583239" lon="20.109405">
      <ele>1009</ele>
      <time>2026-05-07T13:56:45Z</time>
    </trkpt>
    <trkpt lat="49.583412" lon="20.108955">
      <ele>1006</ele>
      <time>2026-05-07T13:57:20Z</time>
    </trkpt>
    <trkpt lat="49.583506" lon="20.108575">
      <ele>1004</ele>
      <time>2026-05-07T13:57:46Z</time>
    </trkpt>
    <trkpt lat="49.583544" lon="20.108065">
      <ele>1003</ele>
      <time>2026-05-07T13:58:20Z</time>
    </trkpt>
    <trkpt lat="49.583688" lon="20.107298">
      <ele>1006</ele>
      <time>2026-05-07T13:59:13Z</time>
    </trkpt>
    <trkpt lat="49.58368" lon="20.1066">
      <ele>1005</ele>
      <time>2026-05-07T14:00:00Z</time>
    </trkpt>
    <trkpt lat="49.58376" lon="20.106043">
      <ele>1005</ele>
      <time>2026-05-07T14:00:37Z</time>
    </trkpt>
    <trkpt lat="49.583877" lon="20.105552">
      <ele>1005</ele>
      <time>2026-05-07T14:01:12Z</time>
    </trkpt>
    <trkpt lat="49.583955" lon="20.105415">
      <ele>1007</ele>
      <time>2026-05-07T14:01:24Z</time>
    </trkpt>
    <trkpt lat="49.584153" lon="20.105141">
      <ele>1009</ele>
      <time>2026-05-07T14:01:51Z</time>
    </trkpt>
    <trkpt lat="49.584362" lon="20.104771">
      <ele>1015</ele>
      <time>2026-05-07T14:02:24Z</time>
    </trkpt>
    <trkpt lat="49.584518" lon="20.10438">
      <ele>1019</ele>
      <time>2026-05-07T14:02:55Z</time>
    </trkpt>
    <trkpt lat="49.584629" lon="20.104294">
      <ele>1019</ele>
      <time>2026-05-07T14:03:07Z</time>
    </trkpt>
    <trkpt lat="49.584761" lon="20.104278">
      <ele>1019</ele>
      <time>2026-05-07T14:03:21Z</time>
    </trkpt>
    <trkpt lat="49.584889" lon="20.104197">
      <ele>1019</ele>
      <time>2026-05-07T14:03:35Z</time>
    </trkpt>
    <trkpt lat="49.585022" lon="20.103943">
      <ele>1017</ele>
      <time>2026-05-07T14:03:57Z</time>
    </trkpt>
    <trkpt lat="49.585167" lon="20.103797">
      <ele>1014</ele>
      <time>2026-05-07T14:04:15Z</time>
    </trkpt>
    <trkpt lat="49.585446" lon="20.103807">
      <ele>1009</ele>
      <time>2026-05-07T14:04:44Z</time>
    </trkpt>
    <trkpt lat="49.58573" lon="20.103553">
      <ele>1004</ele>
      <time>2026-05-07T14:05:17Z</time>
    </trkpt>
    <trkpt lat="49.585826" lon="20.103489">
      <ele>1003</ele>
      <time>2026-05-07T14:05:28Z</time>
    </trkpt>
    <trkpt lat="49.586017" lon="20.103457">
      <ele>1002</ele>
      <time>2026-05-07T14:05:48Z</time>
    </trkpt>
    <trkpt lat="49.586222" lon="20.103355">
      <ele>1002</ele>
      <time>2026-05-07T14:06:10Z</time>
    </trkpt>
    <trkpt lat="49.586464" lon="20.103134">
      <ele>1003</ele>
      <time>2026-05-07T14:06:38Z</time>
    </trkpt>
    <trkpt lat="49.586716" lon="20.102948">
      <ele>1003</ele>
      <time>2026-05-07T14:07:07Z</time>
    </trkpt>
    <trkpt lat="49.586874" lon="20.102753">
      <ele>1002</ele>
      <time>2026-05-07T14:07:28Z</time>
    </trkpt>
    <trkpt lat="49.586912" lon="20.102509">
      <ele>1001</ele>
      <time>2026-05-07T14:07:44Z</time>
    </trkpt>
    <trkpt lat="49.586855" lon="20.101895">
      <ele>993</ele>
      <time>2026-05-07T14:08:26Z</time>
    </trkpt>
    <trkpt lat="49.586869" lon="20.101381">
      <ele>978</ele>
      <time>2026-05-07T14:09:03Z</time>
    </trkpt>
    <trkpt lat="49.586945" lon="20.101032">
      <ele>972</ele>
      <time>2026-05-07T14:09:27Z</time>
    </trkpt>
    <trkpt lat="49.586991" lon="20.100555">
      <ele>966</ele>
      <time>2026-05-07T14:10:00Z</time>
    </trkpt>
    <trkpt lat="49.58702" lon="20.099954">
      <ele>956</ele>
      <time>2026-05-07T14:10:41Z</time>
    </trkpt>
    <trkpt lat="49.587025" lon="20.099589">
      <ele>951</ele>
      <time>2026-05-07T14:11:05Z</time>
    </trkpt>
    <trkpt lat="49.587032" lon="20.099214">
      <ele>946</ele>
      <time>2026-05-07T14:11:31Z</time>
    </trkpt>
    <trkpt lat="49.58706" lon="20.09901">
      <ele>941</ele>
      <time>2026-05-07T14:11:45Z</time>
    </trkpt>
    <trkpt lat="49.587147" lon="20.098908">
      <ele>939</ele>
      <time>2026-05-07T14:11:56Z</time>
    </trkpt>
    <trkpt lat="49.587241" lon="20.09879">
      <ele>936</ele>
      <time>2026-05-07T14:12:09Z</time>
    </trkpt>
    <trkpt lat="49.587323" lon="20.098579">
      <ele>931</ele>
      <time>2026-05-07T14:12:26Z</time>
    </trkpt>
    <trkpt lat="49.587425" lon="20.097974">
      <ele>919</ele>
      <time>2026-05-07T14:13:09Z</time>
    </trkpt>
    <trkpt lat="49.587464" lon="20.097755">
      <ele>916</ele>
      <time>2026-05-07T14:13:24Z</time>
    </trkpt>
    <trkpt lat="49.587568" lon="20.097545">
      <ele>912</ele>
      <time>2026-05-07T14:13:42Z</time>
    </trkpt>
    <trkpt lat="49.587676" lon="20.097529">
      <ele>910</ele>
      <time>2026-05-07T14:13:53Z</time>
    </trkpt>
    <trkpt lat="49.587808" lon="20.097588">
      <ele>908</ele>
      <time>2026-05-07T14:14:07Z</time>
    </trkpt>
    <trkpt lat="49.587937" lon="20.097722">
      <ele>902</ele>
      <time>2026-05-07T14:14:24Z</time>
    </trkpt>
    <trkpt lat="49.588041" lon="20.097985">
      <ele>898</ele>
      <time>2026-05-07T14:14:45Z</time>
    </trkpt>
    <trkpt lat="49.588183" lon="20.098287">
      <ele>895</ele>
      <time>2026-05-07T14:15:10Z</time>
    </trkpt>
    <trkpt lat="49.588284" lon="20.098404">
      <ele>892</ele>
      <time>2026-05-07T14:15:23Z</time>
    </trkpt>
    <trkpt lat="49.588417" lon="20.098495">
      <ele>887</ele>
      <time>2026-05-07T14:15:38Z</time>
    </trkpt>
    <trkpt lat="49.588597" lon="20.098656">
      <ele>879</ele>
      <time>2026-05-07T14:16:01Z</time>
    </trkpt>
    <trkpt lat="49.588866" lon="20.09895">
      <ele>870</ele>
      <time>2026-05-07T14:16:35Z</time>
    </trkpt>
    <trkpt lat="49.589237" lon="20.09909">
      <ele>860</ele>
      <time>2026-05-07T14:17:15Z</time>
    </trkpt>
    <trkpt lat="49.589376" lon="20.099235">
      <ele>858</ele>
      <time>2026-05-07T14:17:33Z</time>
    </trkpt>
    <trkpt lat="49.589676" lon="20.099434">
      <ele>852</ele>
      <time>2026-05-07T14:18:06Z</time>
    </trkpt>
    <trkpt lat="49.589873" lon="20.099478">
      <ele>846</ele>
      <time>2026-05-07T14:18:27Z</time>
    </trkpt>
    <trkpt lat="49.590043" lon="20.099347">
      <ele>840</ele>
      <time>2026-05-07T14:18:48Z</time>
    </trkpt>
    <trkpt lat="49.590156" lon="20.099172">
      <ele>835</ele>
      <time>2026-05-07T14:19:05Z</time>
    </trkpt>
    <trkpt lat="49.5902" lon="20.099072">
      <ele>832</ele>
      <time>2026-05-07T14:19:13Z</time>
    </trkpt>
    <trkpt lat="49.590479" lon="20.098817">
      <ele>824</ele>
      <time>2026-05-07T14:19:48Z</time>
    </trkpt>
    <trkpt lat="49.590595" lon="20.098685">
      <ele>820</ele>
      <time>2026-05-07T14:20:04Z</time>
    </trkpt>
    <trkpt lat="49.590814" lon="20.098527">
      <ele>814</ele>
      <time>2026-05-07T14:20:31Z</time>
    </trkpt>
    <trkpt lat="49.590964" lon="20.098436">
      <ele>811</ele>
      <time>2026-05-07T14:20:48Z</time>
    </trkpt>
    <trkpt lat="49.591087" lon="20.098393">
      <ele>809</ele>
      <time>2026-05-07T14:21:01Z</time>
    </trkpt>
    <trkpt lat="49.591258" lon="20.098422">
      <ele>806</ele>
      <time>2026-05-07T14:21:20Z</time>
    </trkpt>
    <trkpt lat="49.591409" lon="20.098487">
      <ele>805</ele>
      <time>2026-05-07T14:21:37Z</time>
    </trkpt>
    <trkpt lat="49.591538" lon="20.098605">
      <ele>805</ele>
      <time>2026-05-07T14:21:53Z</time>
    </trkpt>
    <trkpt lat="49.591675" lon="20.098779">
      <ele>804</ele>
      <time>2026-05-07T14:22:12Z</time>
    </trkpt>
    <trkpt lat="49.591823" lon="20.098986">
      <ele>801</ele>
      <time>2026-05-07T14:22:33Z</time>
    </trkpt>
    <trkpt lat="49.591948" lon="20.099399">
      <ele>799</ele>
      <time>2026-05-07T14:23:04Z</time>
    </trkpt>
    <trkpt lat="49.592071" lon="20.099879">
      <ele>792</ele>
      <time>2026-05-07T14:23:41Z</time>
    </trkpt>
    <trkpt lat="49.592242" lon="20.10067">
      <ele>781</ele>
      <time>2026-05-07T14:24:39Z</time>
    </trkpt>
    <trkpt lat="49.59253" lon="20.10148">
      <ele>770</ele>
      <time>2026-05-07T14:25:44Z</time>
    </trkpt>
    <trkpt lat="49.592666" lon="20.101783">
      <ele>766</ele>
      <time>2026-05-07T14:26:10Z</time>
    </trkpt>
    <trkpt lat="49.592774" lon="20.10196">
      <ele>761</ele>
      <time>2026-05-07T14:26:27Z</time>
    </trkpt>
    <trkpt lat="49.592861" lon="20.102043">
      <ele>758</ele>
      <time>2026-05-07T14:26:38Z</time>
    </trkpt>
    <trkpt lat="49.592935" lon="20.102092">
      <ele>756</ele>
      <time>2026-05-07T14:26:47Z</time>
    </trkpt>
    <trkpt lat="49.592993" lon="20.101984">
      <ele>753</ele>
      <time>2026-05-07T14:26:57Z</time>
    </trkpt>
    <trkpt lat="49.593064" lon="20.101724">
      <ele>749</ele>
      <time>2026-05-07T14:27:17Z</time>
    </trkpt>
    <trkpt lat="49.593165" lon="20.101512">
      <ele>745</ele>
      <time>2026-05-07T14:27:35Z</time>
    </trkpt>
    <trkpt lat="49.593311" lon="20.10136">
      <ele>737</ele>
      <time>2026-05-07T14:27:56Z</time>
    </trkpt>
    <trkpt lat="49.593492" lon="20.101196">
      <ele>730</ele>
      <time>2026-05-07T14:28:19Z</time>
    </trkpt>
    <trkpt lat="49.593739" lon="20.100968">
      <ele>721</ele>
      <time>2026-05-07T14:28:51Z</time>
    </trkpt>
    <trkpt lat="49.593813" lon="20.100836">
      <ele>718</ele>
      <time>2026-05-07T14:29:03Z</time>
    </trkpt>
    <trkpt lat="49.593878" lon="20.100603">
      <ele>716</ele>
      <time>2026-05-07T14:29:21Z</time>
    </trkpt>
    <trkpt lat="49.593975" lon="20.100474">
      <ele>711</ele>
      <time>2026-05-07T14:29:35Z</time>
    </trkpt>
    <trkpt lat="49.594074" lon="20.100418">
      <ele>707</ele>
      <time>2026-05-07T14:29:47Z</time>
    </trkpt>
    <trkpt lat="49.59412" lon="20.100316">
      <ele>703</ele>
      <time>2026-05-07T14:29:56Z</time>
    </trkpt>
    <trkpt lat="49.594196" lon="20.100169">
      <ele>698</ele>
      <time>2026-05-07T14:30:10Z</time>
    </trkpt>
    <trkpt lat="49.594293" lon="20.100016">
      <ele>692</ele>
      <time>2026-05-07T14:30:26Z</time>
    </trkpt>
    <trkpt lat="49.59437" lon="20.099794">
      <ele>688</ele>
      <time>2026-05-07T14:30:44Z</time>
    </trkpt>
    <trkpt lat="49.594403" lon="20.099621">
      <ele>686</ele>
      <time>2026-05-07T14:30:56Z</time>
    </trkpt>
    <trkpt lat="49.594434" lon="20.099513">
      <ele>684</ele>
      <time>2026-05-07T14:31:05Z</time>
    </trkpt>
    <trkpt lat="49.594469" lon="20.099393">
      <ele>683</ele>
      <time>2026-05-07T14:31:14Z</time>
    </trkpt>
    <trkpt lat="49.594499" lon="20.099291">
      <ele>683</ele>
      <time>2026-05-07T14:31:22Z</time>
    </trkpt>
    <trkpt lat="49.594697" lon="20.098809">
      <ele>682</ele>
      <time>2026-05-07T14:32:01Z</time>
    </trkpt>
    <trkpt lat="49.59474" lon="20.098581">
      <ele>682</ele>
      <time>2026-05-07T14:32:17Z</time>
    </trkpt>
    <trkpt lat="49.594752" lon="20.098232">
      <ele>684</ele>
      <time>2026-05-07T14:32:41Z</time>
    </trkpt>
    <trkpt lat="49.594751" lon="20.097907">
      <ele>685</ele>
      <time>2026-05-07T14:33:04Z</time>
    </trkpt>
    <trkpt lat="49.594785" lon="20.097733">
      <ele>685</ele>
      <time>2026-05-07T14:33:16Z</time>
    </trkpt>
    <trkpt lat="49.594864" lon="20.097502">
      <ele>685</ele>
      <time>2026-05-07T14:33:34Z</time>
    </trkpt>
    <trkpt lat="49.595081" lon="20.097054">
      <ele>685</ele>
      <time>2026-05-07T14:34:13Z</time>
    </trkpt>
    <trkpt lat="49.594933" lon="20.0967">
      <ele>687</ele>
      <time>2026-05-07T14:34:42Z</time>
    </trkpt>
    <trkpt lat="49.594775" lon="20.096263">
      <ele>687</ele>
      <time>2026-05-07T14:35:17Z</time>
    </trkpt>
    <trkpt lat="49.594638" lon="20.095936">
      <ele>686</ele>
      <time>2026-05-07T14:35:44Z</time>
    </trkpt>
    <trkpt lat="49.594372" lon="20.095397">
      <ele>684</ele>
      <time>2026-05-07T14:36:30Z</time>
    </trkpt>
    <trkpt lat="49.594161" lon="20.095051">
      <ele>681</ele>
      <time>2026-05-07T14:37:03Z</time>
    </trkpt>
    <trkpt lat="49.594033" lon="20.094879">
      <ele>679</ele>
      <time>2026-05-07T14:37:21Z</time>
    </trkpt>
    <trkpt lat="49.593817" lon="20.094649">
      <ele>677</ele>
      <time>2026-05-07T14:37:49Z</time>
    </trkpt>
    <trkpt lat="49.59368" lon="20.094437">
      <ele>677</ele>
      <time>2026-05-07T14:38:10Z</time>
    </trkpt>
    <trkpt lat="49.593478" lon="20.09405">
      <ele>676</ele>
      <time>2026-05-07T14:38:44Z</time>
    </trkpt>
    <trkpt lat="49.593172" lon="20.093734">
      <ele>678</ele>
      <time>2026-05-07T14:39:23Z</time>
    </trkpt>
    <trkpt lat="49.592694" lon="20.093101">
      <ele>679</ele>
      <time>2026-05-07T14:40:30Z</time>
    </trkpt>
    <trkpt lat="49.592591" lon="20.093031">
      <ele>678</ele>
      <time>2026-05-07T14:40:42Z</time>
    </trkpt>
    <trkpt lat="49.59247" lon="20.092996">
      <ele>679</ele>
      <time>2026-05-07T14:40:56Z</time>
    </trkpt>
    <trkpt lat="49.592414" lon="20.092994">
      <ele>679</ele>
      <time>2026-05-07T14:41:02Z</time>
    </trkpt>
    <trkpt lat="49.592367" lon="20.09294">
      <ele>679</ele>
      <time>2026-05-07T14:41:08Z</time>
    </trkpt>
    <trkpt lat="49.59237" lon="20.092822">
      <ele>677</ele>
      <time>2026-05-07T14:41:16Z</time>
    </trkpt>
    <trkpt lat="49.592654" lon="20.091934">
      <ele>666</ele>
      <time>2026-05-07T14:42:25Z</time>
    </trkpt>
    <trkpt lat="49.592769" lon="20.091695">
      <ele>663</ele>
      <time>2026-05-07T14:42:46Z</time>
    </trkpt>
    <trkpt lat="49.592838" lon="20.091628">
      <ele>662</ele>
      <time>2026-05-07T14:42:55Z</time>
    </trkpt>
    <trkpt lat="49.592909" lon="20.09147">
      <ele>659</ele>
      <time>2026-05-07T14:43:08Z</time>
    </trkpt>
    <trkpt lat="49.592996" lon="20.091159">
      <ele>655</ele>
      <time>2026-05-07T14:43:32Z</time>
    </trkpt>
    <trkpt lat="49.59308" lon="20.090821">
      <ele>651</ele>
      <time>2026-05-07T14:43:57Z</time>
    </trkpt>
    <trkpt lat="49.593139" lon="20.090526">
      <ele>649</ele>
      <time>2026-05-07T14:44:19Z</time>
    </trkpt>
    <trkpt lat="49.59316" lon="20.090328">
      <ele>647</ele>
      <time>2026-05-07T14:44:33Z</time>
    </trkpt>
    <trkpt lat="49.593139" lon="20.089947">
      <ele>646</ele>
      <time>2026-05-07T14:44:59Z</time>
    </trkpt>
    <trkpt lat="49.593088" lon="20.08934">
      <ele>640</ele>
      <time>2026-05-07T14:45:42Z</time>
    </trkpt>
    <trkpt lat="49.593059" lon="20.089072">
      <ele>638</ele>
      <time>2026-05-07T14:46:00Z</time>
    </trkpt>
    <trkpt lat="49.593002" lon="20.088697">
      <ele>637</ele>
      <time>2026-05-07T14:46:27Z</time>
    </trkpt>
    <trkpt lat="49.592944" lon="20.088426">
      <ele>635</ele>
      <time>2026-05-07T14:46:47Z</time>
    </trkpt>
    <trkpt lat="49.592887" lon="20.087946">
      <ele>629</ele>
      <time>2026-05-07T14:47:21Z</time>
    </trkpt>
    <trkpt lat="49.592748" lon="20.087299">
      <ele>625</ele>
      <time>2026-05-07T14:48:08Z</time>
    </trkpt>
    <trkpt lat="49.592692" lon="20.086887">
      <ele>623</ele>
      <time>2026-05-07T14:48:37Z</time>
    </trkpt>
    <trkpt lat="49.592707" lon="20.086274">
      <ele>616</ele>
      <time>2026-05-07T14:49:20Z</time>
    </trkpt>
    <trkpt lat="49.592661" lon="20.086106">
      <ele>614</ele>
      <time>2026-05-07T14:49:33Z</time>
    </trkpt>
    <trkpt lat="49.592596" lon="20.085992">
      <ele>612</ele>
      <time>2026-05-07T14:49:43Z</time>
    </trkpt>
    <trkpt lat="49.592443" lon="20.085868">
      <ele>609</ele>
      <time>2026-05-07T14:50:02Z</time>
    </trkpt>
    <trkpt lat="49.592292" lon="20.085459">
      <ele>603</ele>
      <time>2026-05-07T14:50:35Z</time>
    </trkpt>
    <trkpt lat="49.592281" lon="20.085433">
      <ele>603</ele>
      <time>2026-05-07T14:50:37Z</time>
    </trkpt>
    <trkpt lat="49.592246" lon="20.085318">
      <ele>602</ele>
      <time>2026-05-07T14:50:46Z</time>
    </trkpt>
    <trkpt lat="49.592161" lon="20.08505">
      <ele>600</ele>
      <time>2026-05-07T14:51:06Z</time>
    </trkpt>
    <trkpt lat="49.592161" lon="20.084946">
      <ele>600</ele>
      <time>2026-05-07T14:51:14Z</time>
    </trkpt>
    <trkpt lat="49.592186" lon="20.084727">
      <ele>600</ele>
      <time>2026-05-07T14:51:29Z</time>
    </trkpt>
    <trkpt lat="49.592207" lon="20.08451">
      <ele>602</ele>
      <time>2026-05-07T14:51:44Z</time>
    </trkpt>
    <trkpt lat="49.592221" lon="20.084242">
      <ele>604</ele>
      <time>2026-05-07T14:52:03Z</time>
    </trkpt>
    <trkpt lat="49.592202" lon="20.083917">
      <ele>605</ele>
      <time>2026-05-07T14:52:25Z</time>
    </trkpt>
    <trkpt lat="49.591938" lon="20.082575">
      <ele>603</ele>
      <time>2026-05-07T14:54:02Z</time>
    </trkpt>
    <trkpt lat="49.591909" lon="20.082424">
      <ele>603</ele>
      <time>2026-05-07T14:54:13Z</time>
    </trkpt>
    <trkpt lat="49.592093" lon="20.082228">
      <ele>603</ele>
      <time>2026-05-07T14:54:32Z</time>
    </trkpt>
    <trkpt lat="49.592292" lon="20.081952">
      <ele>603</ele>
      <time>2026-05-07T14:54:55Z</time>
    </trkpt>
    <trkpt lat="49.592458" lon="20.081673">
      <ele>605</ele>
      <time>2026-05-07T14:55:17Z</time>
    </trkpt>
    <trkpt lat="49.592651" lon="20.081155">
      <ele>604</ele>
      <time>2026-05-07T14:55:50Z</time>
    </trkpt>
    <trkpt lat="49.592741" lon="20.080963">
      <ele>605</ele>
      <time>2026-05-07T14:56:04Z</time>
    </trkpt>
    <trkpt lat="49.592821" lon="20.080849">
      <ele>605</ele>
      <time>2026-05-07T14:56:13Z</time>
    </trkpt>
  </trkseg>
</trk>
</gpx>