<?xml version="1.0" encoding="UTF-8"?><gpx creator="https://mapa-turystyczna.pl" xmlns="http://www.topografix.com/GPX/1/1" version="1.1" xmlns:xsi="http://www.w3.org/2001/XMLSchema-instance" xsi:schemaLocation="http://www.topografix.com/GPX/1/1 http://www.topografix.com/GPX/1/1/gpx.xsd">
  <metadata>
    <link href="https://mapa-turystyczna.pl">
      <text>mapa-turystyczna.pl</text>
    </link>
    <time>2026-05-07T08:43:14Z</time>
    <bounds maxlat="49.545426" maxlon="20.149943" minlat="49.476281" minlon="20.104966"/>
  </metadata>

<trk>
  <name>Łopuszna – Łopuszna</name>
  <link href="https://mapa-turystyczna.pl/route/r1t6">
    <text>Łopuszna – Łopuszna</text>
  </link>
  <trkseg>
    <trkpt lat="49.476281" lon="20.132426">
      <ele>567</ele>
      <time>2026-05-07T08:43:14Z</time>
    </trkpt>
    <trkpt lat="49.476347" lon="20.132475">
      <ele>567</ele>
      <time>2026-05-07T08:43:23Z</time>
    </trkpt>
    <trkpt lat="49.476413" lon="20.132512">
      <ele>567</ele>
      <time>2026-05-07T08:43:32Z</time>
    </trkpt>
    <trkpt lat="49.476499" lon="20.13255">
      <ele>568</ele>
      <time>2026-05-07T08:43:44Z</time>
    </trkpt>
    <trkpt lat="49.476586" lon="20.132579">
      <ele>568</ele>
      <time>2026-05-07T08:43:55Z</time>
    </trkpt>
    <trkpt lat="49.476669" lon="20.132602">
      <ele>569</ele>
      <time>2026-05-07T08:44:06Z</time>
    </trkpt>
    <trkpt lat="49.476741" lon="20.132616">
      <ele>569</ele>
      <time>2026-05-07T08:44:15Z</time>
    </trkpt>
    <trkpt lat="49.476814" lon="20.132624">
      <ele>569</ele>
      <time>2026-05-07T08:44:24Z</time>
    </trkpt>
    <trkpt lat="49.476896" lon="20.132624">
      <ele>569</ele>
      <time>2026-05-07T08:44:35Z</time>
    </trkpt>
    <trkpt lat="49.477013" lon="20.132607">
      <ele>569</ele>
      <time>2026-05-07T08:44:49Z</time>
    </trkpt>
    <trkpt lat="49.477402" lon="20.132533">
      <ele>571</ele>
      <time>2026-05-07T08:45:39Z</time>
    </trkpt>
    <trkpt lat="49.47755" lon="20.13251">
      <ele>571</ele>
      <time>2026-05-07T08:45:58Z</time>
    </trkpt>
    <trkpt lat="49.477721" lon="20.132499">
      <ele>572</ele>
      <time>2026-05-07T08:46:20Z</time>
    </trkpt>
    <trkpt lat="49.478051" lon="20.132487">
      <ele>572</ele>
      <time>2026-05-07T08:47:02Z</time>
    </trkpt>
    <trkpt lat="49.47811" lon="20.132488">
      <ele>572</ele>
      <time>2026-05-07T08:47:09Z</time>
    </trkpt>
    <trkpt lat="49.478373" lon="20.132517">
      <ele>573</ele>
      <time>2026-05-07T08:47:43Z</time>
    </trkpt>
    <trkpt lat="49.478405" lon="20.13252">
      <ele>574</ele>
      <time>2026-05-07T08:47:47Z</time>
    </trkpt>
    <trkpt lat="49.478512" lon="20.132565">
      <ele>574</ele>
      <time>2026-05-07T08:48:01Z</time>
    </trkpt>
    <trkpt lat="49.47868" lon="20.132637">
      <ele>575</ele>
      <time>2026-05-07T08:48:23Z</time>
    </trkpt>
    <trkpt lat="49.478816" lon="20.132704">
      <ele>575</ele>
      <time>2026-05-07T08:48:41Z</time>
    </trkpt>
    <trkpt lat="49.478879" lon="20.132726">
      <ele>575</ele>
      <time>2026-05-07T08:48:49Z</time>
    </trkpt>
    <trkpt lat="49.478937" lon="20.132727">
      <ele>575</ele>
      <time>2026-05-07T08:48:57Z</time>
    </trkpt>
    <trkpt lat="49.478993" lon="20.132714">
      <ele>575</ele>
      <time>2026-05-07T08:49:04Z</time>
    </trkpt>
    <trkpt lat="49.479052" lon="20.132676">
      <ele>575</ele>
      <time>2026-05-07T08:49:12Z</time>
    </trkpt>
    <trkpt lat="49.479057" lon="20.132672">
      <ele>575</ele>
      <time>2026-05-07T08:49:13Z</time>
    </trkpt>
    <trkpt lat="49.479091" lon="20.132639">
      <ele>575</ele>
      <time>2026-05-07T08:49:18Z</time>
    </trkpt>
    <trkpt lat="49.479115" lon="20.132608">
      <ele>575</ele>
      <time>2026-05-07T08:49:22Z</time>
    </trkpt>
    <trkpt lat="49.479198" lon="20.132464">
      <ele>575</ele>
      <time>2026-05-07T08:49:38Z</time>
    </trkpt>
    <trkpt lat="49.479233" lon="20.132389">
      <ele>575</ele>
      <time>2026-05-07T08:49:45Z</time>
    </trkpt>
    <trkpt lat="49.479275" lon="20.132332">
      <ele>575</ele>
      <time>2026-05-07T08:49:52Z</time>
    </trkpt>
    <trkpt lat="49.479328" lon="20.132283">
      <ele>575</ele>
      <time>2026-05-07T08:50:00Z</time>
    </trkpt>
    <trkpt lat="49.479387" lon="20.132242">
      <ele>574</ele>
      <time>2026-05-07T08:50:08Z</time>
    </trkpt>
    <trkpt lat="49.47945" lon="20.132223">
      <ele>574</ele>
      <time>2026-05-07T08:50:17Z</time>
    </trkpt>
    <trkpt lat="49.479532" lon="20.132221">
      <ele>574</ele>
      <time>2026-05-07T08:50:27Z</time>
    </trkpt>
    <trkpt lat="49.479695" lon="20.132248">
      <ele>574</ele>
      <time>2026-05-07T08:50:48Z</time>
    </trkpt>
    <trkpt lat="49.480168" lon="20.132384">
      <ele>578</ele>
      <time>2026-05-07T08:51:49Z</time>
    </trkpt>
    <trkpt lat="49.480352" lon="20.132455">
      <ele>578</ele>
      <time>2026-05-07T08:52:13Z</time>
    </trkpt>
    <trkpt lat="49.480527" lon="20.132545">
      <ele>579</ele>
      <time>2026-05-07T08:52:36Z</time>
    </trkpt>
    <trkpt lat="49.480773" lon="20.132694">
      <ele>579</ele>
      <time>2026-05-07T08:53:10Z</time>
    </trkpt>
    <trkpt lat="49.481103" lon="20.132974">
      <ele>579</ele>
      <time>2026-05-07T08:53:58Z</time>
    </trkpt>
    <trkpt lat="49.481299" lon="20.133146">
      <ele>580</ele>
      <time>2026-05-07T08:54:26Z</time>
    </trkpt>
    <trkpt lat="49.481444" lon="20.133276">
      <ele>580</ele>
      <time>2026-05-07T08:54:48Z</time>
    </trkpt>
    <trkpt lat="49.481714" lon="20.133514">
      <ele>582</ele>
      <time>2026-05-07T08:55:27Z</time>
    </trkpt>
    <trkpt lat="49.482043" lon="20.133804">
      <ele>584</ele>
      <time>2026-05-07T08:56:15Z</time>
    </trkpt>
    <trkpt lat="49.482432" lon="20.134137">
      <ele>587</ele>
      <time>2026-05-07T08:57:12Z</time>
    </trkpt>
    <trkpt lat="49.48253" lon="20.134232">
      <ele>587</ele>
      <time>2026-05-07T08:57:27Z</time>
    </trkpt>
    <trkpt lat="49.482559" lon="20.134255">
      <ele>587</ele>
      <time>2026-05-07T08:57:31Z</time>
    </trkpt>
    <trkpt lat="49.482606" lon="20.134295">
      <ele>587</ele>
      <time>2026-05-07T08:57:38Z</time>
    </trkpt>
    <trkpt lat="49.482715" lon="20.134391">
      <ele>588</ele>
      <time>2026-05-07T08:57:54Z</time>
    </trkpt>
    <trkpt lat="49.483248" lon="20.134857">
      <ele>589</ele>
      <time>2026-05-07T08:59:11Z</time>
    </trkpt>
    <trkpt lat="49.483307" lon="20.134922">
      <ele>589</ele>
      <time>2026-05-07T08:59:21Z</time>
    </trkpt>
    <trkpt lat="49.483382" lon="20.135006">
      <ele>589</ele>
      <time>2026-05-07T08:59:32Z</time>
    </trkpt>
    <trkpt lat="49.48348" lon="20.135125">
      <ele>590</ele>
      <time>2026-05-07T08:59:48Z</time>
    </trkpt>
    <trkpt lat="49.483585" lon="20.135266">
      <ele>591</ele>
      <time>2026-05-07T09:00:06Z</time>
    </trkpt>
    <trkpt lat="49.483664" lon="20.135377">
      <ele>591</ele>
      <time>2026-05-07T09:00:20Z</time>
    </trkpt>
    <trkpt lat="49.483763" lon="20.135536">
      <ele>592</ele>
      <time>2026-05-07T09:00:38Z</time>
    </trkpt>
    <trkpt lat="49.483887" lon="20.135748">
      <ele>592</ele>
      <time>2026-05-07T09:01:01Z</time>
    </trkpt>
    <trkpt lat="49.484255" lon="20.136382">
      <ele>594</ele>
      <time>2026-05-07T09:02:11Z</time>
    </trkpt>
    <trkpt lat="49.48434" lon="20.136524">
      <ele>595</ele>
      <time>2026-05-07T09:02:27Z</time>
    </trkpt>
    <trkpt lat="49.484473" lon="20.136748">
      <ele>595</ele>
      <time>2026-05-07T09:02:52Z</time>
    </trkpt>
    <trkpt lat="49.484644" lon="20.13701">
      <ele>597</ele>
      <time>2026-05-07T09:03:23Z</time>
    </trkpt>
    <trkpt lat="49.484885" lon="20.137294">
      <ele>599</ele>
      <time>2026-05-07T09:04:02Z</time>
    </trkpt>
    <trkpt lat="49.485183" lon="20.137634">
      <ele>601</ele>
      <time>2026-05-07T09:04:49Z</time>
    </trkpt>
    <trkpt lat="49.485254" lon="20.1377">
      <ele>601</ele>
      <time>2026-05-07T09:04:59Z</time>
    </trkpt>
    <trkpt lat="49.485346" lon="20.137775">
      <ele>601</ele>
      <time>2026-05-07T09:05:12Z</time>
    </trkpt>
    <trkpt lat="49.485457" lon="20.137859">
      <ele>601</ele>
      <time>2026-05-07T09:05:28Z</time>
    </trkpt>
    <trkpt lat="49.485555" lon="20.137911">
      <ele>601</ele>
      <time>2026-05-07T09:05:41Z</time>
    </trkpt>
    <trkpt lat="49.485672" lon="20.137946">
      <ele>601</ele>
      <time>2026-05-07T09:05:56Z</time>
    </trkpt>
    <trkpt lat="49.485829" lon="20.137956">
      <ele>601</ele>
      <time>2026-05-07T09:06:16Z</time>
    </trkpt>
    <trkpt lat="49.486105" lon="20.13794">
      <ele>604</ele>
      <time>2026-05-07T09:06:51Z</time>
    </trkpt>
    <trkpt lat="49.486382" lon="20.137921">
      <ele>606</ele>
      <time>2026-05-07T09:07:27Z</time>
    </trkpt>
    <trkpt lat="49.486664" lon="20.137905">
      <ele>608</ele>
      <time>2026-05-07T09:08:03Z</time>
    </trkpt>
    <trkpt lat="49.487047" lon="20.137884">
      <ele>609</ele>
      <time>2026-05-07T09:08:51Z</time>
    </trkpt>
    <trkpt lat="49.487273" lon="20.137871">
      <ele>610</ele>
      <time>2026-05-07T09:09:20Z</time>
    </trkpt>
    <trkpt lat="49.48822" lon="20.137839">
      <ele>610</ele>
      <time>2026-05-07T09:11:20Z</time>
    </trkpt>
    <trkpt lat="49.48836" lon="20.137832">
      <ele>611</ele>
      <time>2026-05-07T09:11:38Z</time>
    </trkpt>
    <trkpt lat="49.488684" lon="20.137849">
      <ele>615</ele>
      <time>2026-05-07T09:12:19Z</time>
    </trkpt>
    <trkpt lat="49.489145" lon="20.13788">
      <ele>617</ele>
      <time>2026-05-07T09:13:18Z</time>
    </trkpt>
    <trkpt lat="49.489373" lon="20.137896">
      <ele>617</ele>
      <time>2026-05-07T09:13:47Z</time>
    </trkpt>
    <trkpt lat="49.489665" lon="20.137912">
      <ele>618</ele>
      <time>2026-05-07T09:14:24Z</time>
    </trkpt>
    <trkpt lat="49.490158" lon="20.137944">
      <ele>618</ele>
      <time>2026-05-07T09:15:27Z</time>
    </trkpt>
    <trkpt lat="49.490729" lon="20.137967">
      <ele>624</ele>
      <time>2026-05-07T09:16:39Z</time>
    </trkpt>
    <trkpt lat="49.490923" lon="20.137961">
      <ele>628</ele>
      <time>2026-05-07T09:17:04Z</time>
    </trkpt>
    <trkpt lat="49.491041" lon="20.137932">
      <ele>629</ele>
      <time>2026-05-07T09:17:20Z</time>
    </trkpt>
    <trkpt lat="49.491207" lon="20.137898">
      <ele>631</ele>
      <time>2026-05-07T09:17:41Z</time>
    </trkpt>
    <trkpt lat="49.491348" lon="20.137873">
      <ele>633</ele>
      <time>2026-05-07T09:17:59Z</time>
    </trkpt>
    <trkpt lat="49.491443" lon="20.137901">
      <ele>633</ele>
      <time>2026-05-07T09:18:11Z</time>
    </trkpt>
    <trkpt lat="49.491623" lon="20.138073">
      <ele>631</ele>
      <time>2026-05-07T09:18:38Z</time>
    </trkpt>
    <trkpt lat="49.491795" lon="20.138272">
      <ele>629</ele>
      <time>2026-05-07T09:19:06Z</time>
    </trkpt>
    <trkpt lat="49.491939" lon="20.13851">
      <ele>626</ele>
      <time>2026-05-07T09:19:33Z</time>
    </trkpt>
    <trkpt lat="49.492146" lon="20.138911">
      <ele>623</ele>
      <time>2026-05-07T09:20:15Z</time>
    </trkpt>
    <trkpt lat="49.492266" lon="20.139122">
      <ele>623</ele>
      <time>2026-05-07T09:20:38Z</time>
    </trkpt>
    <trkpt lat="49.492419" lon="20.139238">
      <ele>625</ele>
      <time>2026-05-07T09:21:00Z</time>
    </trkpt>
    <trkpt lat="49.492523" lon="20.139265">
      <ele>626</ele>
      <time>2026-05-07T09:21:13Z</time>
    </trkpt>
    <trkpt lat="49.492687" lon="20.139277">
      <ele>627</ele>
      <time>2026-05-07T09:21:34Z</time>
    </trkpt>
    <trkpt lat="49.493008" lon="20.139234">
      <ele>627</ele>
      <time>2026-05-07T09:22:15Z</time>
    </trkpt>
    <trkpt lat="49.493204" lon="20.139229">
      <ele>628</ele>
      <time>2026-05-07T09:22:40Z</time>
    </trkpt>
    <trkpt lat="49.49339" lon="20.139265">
      <ele>630</ele>
      <time>2026-05-07T09:23:04Z</time>
    </trkpt>
    <trkpt lat="49.493687" lon="20.139364">
      <ele>634</ele>
      <time>2026-05-07T09:23:43Z</time>
    </trkpt>
    <trkpt lat="49.49418" lon="20.139475">
      <ele>638</ele>
      <time>2026-05-07T09:24:46Z</time>
    </trkpt>
    <trkpt lat="49.494243" lon="20.13949">
      <ele>638</ele>
      <time>2026-05-07T09:24:54Z</time>
    </trkpt>
    <trkpt lat="49.494427" lon="20.139476">
      <ele>639</ele>
      <time>2026-05-07T09:25:18Z</time>
    </trkpt>
    <trkpt lat="49.494777" lon="20.139394">
      <ele>640</ele>
      <time>2026-05-07T09:26:03Z</time>
    </trkpt>
    <trkpt lat="49.495149" lon="20.139361">
      <ele>642</ele>
      <time>2026-05-07T09:26:50Z</time>
    </trkpt>
    <trkpt lat="49.49551" lon="20.139277">
      <ele>644</ele>
      <time>2026-05-07T09:27:36Z</time>
    </trkpt>
    <trkpt lat="49.495865" lon="20.139156">
      <ele>647</ele>
      <time>2026-05-07T09:28:22Z</time>
    </trkpt>
    <trkpt lat="49.496334" lon="20.139007">
      <ele>646</ele>
      <time>2026-05-07T09:29:23Z</time>
    </trkpt>
    <trkpt lat="49.496549" lon="20.138898">
      <ele>645</ele>
      <time>2026-05-07T09:29:52Z</time>
    </trkpt>
    <trkpt lat="49.497343" lon="20.138513">
      <ele>648</ele>
      <time>2026-05-07T09:31:38Z</time>
    </trkpt>
    <trkpt lat="49.497832" lon="20.138303">
      <ele>650</ele>
      <time>2026-05-07T09:32:42Z</time>
    </trkpt>
    <trkpt lat="49.498075" lon="20.13821">
      <ele>652</ele>
      <time>2026-05-07T09:33:14Z</time>
    </trkpt>
    <trkpt lat="49.498192" lon="20.138047">
      <ele>652</ele>
      <time>2026-05-07T09:33:36Z</time>
    </trkpt>
    <trkpt lat="49.498347" lon="20.137789">
      <ele>653</ele>
      <time>2026-05-07T09:34:07Z</time>
    </trkpt>
    <trkpt lat="49.498519" lon="20.137414">
      <ele>654</ele>
      <time>2026-05-07T09:34:48Z</time>
    </trkpt>
    <trkpt lat="49.498629" lon="20.136942">
      <ele>656</ele>
      <time>2026-05-07T09:35:33Z</time>
    </trkpt>
    <trkpt lat="49.498735" lon="20.136641">
      <ele>660</ele>
      <time>2026-05-07T09:36:04Z</time>
    </trkpt>
    <trkpt lat="49.498777" lon="20.136537">
      <ele>661</ele>
      <time>2026-05-07T09:36:15Z</time>
    </trkpt>
    <trkpt lat="49.498861" lon="20.13633">
      <ele>662</ele>
      <time>2026-05-07T09:36:36Z</time>
    </trkpt>
    <trkpt lat="49.498967" lon="20.136024">
      <ele>665</ele>
      <time>2026-05-07T09:37:07Z</time>
    </trkpt>
    <trkpt lat="49.498993" lon="20.135952">
      <ele>665</ele>
      <time>2026-05-07T09:37:15Z</time>
    </trkpt>
    <trkpt lat="49.499046" lon="20.135806">
      <ele>666</ele>
      <time>2026-05-07T09:37:30Z</time>
    </trkpt>
    <trkpt lat="49.499077" lon="20.135721">
      <ele>667</ele>
      <time>2026-05-07T09:37:38Z</time>
    </trkpt>
    <trkpt lat="49.499188" lon="20.135526">
      <ele>667</ele>
      <time>2026-05-07T09:38:01Z</time>
    </trkpt>
    <trkpt lat="49.499362" lon="20.135295">
      <ele>668</ele>
      <time>2026-05-07T09:38:33Z</time>
    </trkpt>
    <trkpt lat="49.499556" lon="20.13504">
      <ele>669</ele>
      <time>2026-05-07T09:39:08Z</time>
    </trkpt>
    <trkpt lat="49.5" lon="20.134364">
      <ele>673</ele>
      <time>2026-05-07T09:40:34Z</time>
    </trkpt>
    <trkpt lat="49.500127" lon="20.13427">
      <ele>672</ele>
      <time>2026-05-07T09:40:53Z</time>
    </trkpt>
    <trkpt lat="49.500191" lon="20.134247">
      <ele>670</ele>
      <time>2026-05-07T09:41:02Z</time>
    </trkpt>
    <trkpt lat="49.500245" lon="20.134228">
      <ele>668</ele>
      <time>2026-05-07T09:41:10Z</time>
    </trkpt>
    <trkpt lat="49.500307" lon="20.134206">
      <ele>667</ele>
      <time>2026-05-07T09:41:19Z</time>
    </trkpt>
    <trkpt lat="49.500491" lon="20.134152">
      <ele>667</ele>
      <time>2026-05-07T09:41:45Z</time>
    </trkpt>
    <trkpt lat="49.500613" lon="20.13408">
      <ele>667</ele>
      <time>2026-05-07T09:42:03Z</time>
    </trkpt>
    <trkpt lat="49.500737" lon="20.133938">
      <ele>668</ele>
      <time>2026-05-07T09:42:24Z</time>
    </trkpt>
    <trkpt lat="49.50084" lon="20.133758">
      <ele>670</ele>
      <time>2026-05-07T09:42:46Z</time>
    </trkpt>
    <trkpt lat="49.500952" lon="20.133538">
      <ele>671</ele>
      <time>2026-05-07T09:43:10Z</time>
    </trkpt>
    <trkpt lat="49.501131" lon="20.133291">
      <ele>671</ele>
      <time>2026-05-07T09:43:43Z</time>
    </trkpt>
    <trkpt lat="49.501502" lon="20.132908">
      <ele>672</ele>
      <time>2026-05-07T09:44:45Z</time>
    </trkpt>
    <trkpt lat="49.501841" lon="20.132551">
      <ele>674</ele>
      <time>2026-05-07T09:45:41Z</time>
    </trkpt>
    <trkpt lat="49.502089" lon="20.13229">
      <ele>676</ele>
      <time>2026-05-07T09:46:22Z</time>
    </trkpt>
    <trkpt lat="49.502183" lon="20.132234">
      <ele>676</ele>
      <time>2026-05-07T09:46:36Z</time>
    </trkpt>
    <trkpt lat="49.502413" lon="20.132159">
      <ele>677</ele>
      <time>2026-05-07T09:47:08Z</time>
    </trkpt>
    <trkpt lat="49.502669" lon="20.132065">
      <ele>678</ele>
      <time>2026-05-07T09:47:45Z</time>
    </trkpt>
    <trkpt lat="49.502886" lon="20.131934">
      <ele>680</ele>
      <time>2026-05-07T09:48:17Z</time>
    </trkpt>
    <trkpt lat="49.503061" lon="20.13179">
      <ele>681</ele>
      <time>2026-05-07T09:48:44Z</time>
    </trkpt>
    <trkpt lat="49.503116" lon="20.131724">
      <ele>681</ele>
      <time>2026-05-07T09:48:53Z</time>
    </trkpt>
    <trkpt lat="49.503188" lon="20.131639">
      <ele>681</ele>
      <time>2026-05-07T09:49:06Z</time>
    </trkpt>
    <trkpt lat="49.503231" lon="20.131588">
      <ele>681</ele>
      <time>2026-05-07T09:49:13Z</time>
    </trkpt>
    <trkpt lat="49.503435" lon="20.131238">
      <ele>682</ele>
      <time>2026-05-07T09:49:55Z</time>
    </trkpt>
    <trkpt lat="49.503686" lon="20.130979">
      <ele>685</ele>
      <time>2026-05-07T09:50:37Z</time>
    </trkpt>
    <trkpt lat="49.503846" lon="20.13077">
      <ele>687</ele>
      <time>2026-05-07T09:51:06Z</time>
    </trkpt>
    <trkpt lat="49.504083" lon="20.130526">
      <ele>687</ele>
      <time>2026-05-07T09:51:45Z</time>
    </trkpt>
    <trkpt lat="49.504349" lon="20.130298">
      <ele>686</ele>
      <time>2026-05-07T09:52:27Z</time>
    </trkpt>
    <trkpt lat="49.504459" lon="20.130207">
      <ele>686</ele>
      <time>2026-05-07T09:52:44Z</time>
    </trkpt>
    <trkpt lat="49.504622" lon="20.129982">
      <ele>689</ele>
      <time>2026-05-07T09:53:14Z</time>
    </trkpt>
    <trkpt lat="49.504575" lon="20.129883">
      <ele>690</ele>
      <time>2026-05-07T09:53:28Z</time>
    </trkpt>
    <trkpt lat="49.50456" lon="20.12985">
      <ele>690</ele>
      <time>2026-05-07T09:53:32Z</time>
    </trkpt>
    <trkpt lat="49.504515" lon="20.129797">
      <ele>690</ele>
      <time>2026-05-07T09:53:42Z</time>
    </trkpt>
    <trkpt lat="49.504458" lon="20.12967">
      <ele>691</ele>
      <time>2026-05-07T09:53:59Z</time>
    </trkpt>
    <trkpt lat="49.504468" lon="20.129533">
      <ele>692</ele>
      <time>2026-05-07T09:54:15Z</time>
    </trkpt>
    <trkpt lat="49.504491" lon="20.129316">
      <ele>694</ele>
      <time>2026-05-07T09:54:40Z</time>
    </trkpt>
    <trkpt lat="49.504473" lon="20.129217">
      <ele>695</ele>
      <time>2026-05-07T09:54:51Z</time>
    </trkpt>
    <trkpt lat="49.504432" lon="20.129132">
      <ele>697</ele>
      <time>2026-05-07T09:55:03Z</time>
    </trkpt>
    <trkpt lat="49.504383" lon="20.129054">
      <ele>699</ele>
      <time>2026-05-07T09:55:16Z</time>
    </trkpt>
    <trkpt lat="49.504179" lon="20.128895">
      <ele>703</ele>
      <time>2026-05-07T09:55:56Z</time>
    </trkpt>
    <trkpt lat="49.504052" lon="20.128769">
      <ele>709</ele>
      <time>2026-05-07T09:56:23Z</time>
    </trkpt>
    <trkpt lat="49.50402" lon="20.128683">
      <ele>713</ele>
      <time>2026-05-07T09:56:36Z</time>
    </trkpt>
    <trkpt lat="49.504036" lon="20.12857">
      <ele>716</ele>
      <time>2026-05-07T09:56:50Z</time>
    </trkpt>
    <trkpt lat="49.504109" lon="20.128399">
      <ele>721</ele>
      <time>2026-05-07T09:57:14Z</time>
    </trkpt>
    <trkpt lat="49.504149" lon="20.128211">
      <ele>725</ele>
      <time>2026-05-07T09:57:37Z</time>
    </trkpt>
    <trkpt lat="49.504141" lon="20.12805">
      <ele>729</ele>
      <time>2026-05-07T09:57:56Z</time>
    </trkpt>
    <trkpt lat="49.504128" lon="20.127824">
      <ele>734</ele>
      <time>2026-05-07T09:58:22Z</time>
    </trkpt>
    <trkpt lat="49.504172" lon="20.127656">
      <ele>738</ele>
      <time>2026-05-07T09:58:43Z</time>
    </trkpt>
    <trkpt lat="49.504196" lon="20.127481">
      <ele>742</ele>
      <time>2026-05-07T09:59:04Z</time>
    </trkpt>
    <trkpt lat="49.50416" lon="20.127331">
      <ele>747</ele>
      <time>2026-05-07T09:59:24Z</time>
    </trkpt>
    <trkpt lat="49.504081" lon="20.127165">
      <ele>753</ele>
      <time>2026-05-07T09:59:48Z</time>
    </trkpt>
    <trkpt lat="49.504055" lon="20.127082">
      <ele>755</ele>
      <time>2026-05-07T09:59:59Z</time>
    </trkpt>
    <trkpt lat="49.504043" lon="20.126956">
      <ele>758</ele>
      <time>2026-05-07T10:00:14Z</time>
    </trkpt>
    <trkpt lat="49.504124" lon="20.12674">
      <ele>760</ele>
      <time>2026-05-07T10:00:42Z</time>
    </trkpt>
    <trkpt lat="49.504179" lon="20.126455">
      <ele>763</ele>
      <time>2026-05-07T10:01:16Z</time>
    </trkpt>
    <trkpt lat="49.50422" lon="20.126338">
      <ele>764</ele>
      <time>2026-05-07T10:01:31Z</time>
    </trkpt>
    <trkpt lat="49.504358" lon="20.126111">
      <ele>766</ele>
      <time>2026-05-07T10:02:06Z</time>
    </trkpt>
    <trkpt lat="49.504392" lon="20.125945">
      <ele>769</ele>
      <time>2026-05-07T10:02:26Z</time>
    </trkpt>
    <trkpt lat="49.504387" lon="20.125659">
      <ele>777</ele>
      <time>2026-05-07T10:03:00Z</time>
    </trkpt>
    <trkpt lat="49.504396" lon="20.125542">
      <ele>779</ele>
      <time>2026-05-07T10:03:14Z</time>
    </trkpt>
    <trkpt lat="49.504433" lon="20.125333">
      <ele>784</ele>
      <time>2026-05-07T10:03:39Z</time>
    </trkpt>
    <trkpt lat="49.504414" lon="20.125207">
      <ele>787</ele>
      <time>2026-05-07T10:03:54Z</time>
    </trkpt>
    <trkpt lat="49.504426" lon="20.125084">
      <ele>790</ele>
      <time>2026-05-07T10:04:08Z</time>
    </trkpt>
    <trkpt lat="49.504417" lon="20.12492">
      <ele>793</ele>
      <time>2026-05-07T10:04:28Z</time>
    </trkpt>
    <trkpt lat="49.504362" lon="20.124751">
      <ele>797</ele>
      <time>2026-05-07T10:04:50Z</time>
    </trkpt>
    <trkpt lat="49.504351" lon="20.124571">
      <ele>800</ele>
      <time>2026-05-07T10:05:10Z</time>
    </trkpt>
    <trkpt lat="49.504316" lon="20.124477">
      <ele>802</ele>
      <time>2026-05-07T10:05:23Z</time>
    </trkpt>
    <trkpt lat="49.504233" lon="20.124335">
      <ele>805</ele>
      <time>2026-05-07T10:05:45Z</time>
    </trkpt>
    <trkpt lat="49.504165" lon="20.124322">
      <ele>805</ele>
      <time>2026-05-07T10:05:56Z</time>
    </trkpt>
    <trkpt lat="49.504118" lon="20.124274">
      <ele>806</ele>
      <time>2026-05-07T10:06:06Z</time>
    </trkpt>
    <trkpt lat="49.504087" lon="20.124204">
      <ele>808</ele>
      <time>2026-05-07T10:06:16Z</time>
    </trkpt>
    <trkpt lat="49.504083" lon="20.124094">
      <ele>809</ele>
      <time>2026-05-07T10:06:28Z</time>
    </trkpt>
    <trkpt lat="49.504116" lon="20.123998">
      <ele>810</ele>
      <time>2026-05-07T10:06:41Z</time>
    </trkpt>
    <trkpt lat="49.504144" lon="20.123761">
      <ele>813</ele>
      <time>2026-05-07T10:07:08Z</time>
    </trkpt>
    <trkpt lat="49.504138" lon="20.1232">
      <ele>820</ele>
      <time>2026-05-07T10:08:12Z</time>
    </trkpt>
    <trkpt lat="49.504189" lon="20.123059">
      <ele>821</ele>
      <time>2026-05-07T10:08:30Z</time>
    </trkpt>
    <trkpt lat="49.504287" lon="20.12292">
      <ele>820</ele>
      <time>2026-05-07T10:08:53Z</time>
    </trkpt>
    <trkpt lat="49.504384" lon="20.122855">
      <ele>820</ele>
      <time>2026-05-07T10:09:11Z</time>
    </trkpt>
    <trkpt lat="49.504529" lon="20.122798">
      <ele>821</ele>
      <time>2026-05-07T10:09:37Z</time>
    </trkpt>
    <trkpt lat="49.504635" lon="20.122731">
      <ele>822</ele>
      <time>2026-05-07T10:09:56Z</time>
    </trkpt>
    <trkpt lat="49.504872" lon="20.122534">
      <ele>824</ele>
      <time>2026-05-07T10:10:43Z</time>
    </trkpt>
    <trkpt lat="49.504977" lon="20.122458">
      <ele>826</ele>
      <time>2026-05-07T10:11:03Z</time>
    </trkpt>
    <trkpt lat="49.505111" lon="20.122412">
      <ele>826</ele>
      <time>2026-05-07T10:11:27Z</time>
    </trkpt>
    <trkpt lat="49.505203" lon="20.122369">
      <ele>826</ele>
      <time>2026-05-07T10:11:43Z</time>
    </trkpt>
    <trkpt lat="49.505349" lon="20.122248">
      <ele>826</ele>
      <time>2026-05-07T10:12:12Z</time>
    </trkpt>
    <trkpt lat="49.50538" lon="20.122233">
      <ele>826</ele>
      <time>2026-05-07T10:12:17Z</time>
    </trkpt>
    <trkpt lat="49.505572" lon="20.122137">
      <ele>826</ele>
      <time>2026-05-07T10:12:52Z</time>
    </trkpt>
    <trkpt lat="49.505872" lon="20.12212">
      <ele>828</ele>
      <time>2026-05-07T10:13:44Z</time>
    </trkpt>
    <trkpt lat="49.506043" lon="20.122128">
      <ele>830</ele>
      <time>2026-05-07T10:14:13Z</time>
    </trkpt>
    <trkpt lat="49.506401" lon="20.122189">
      <ele>831</ele>
      <time>2026-05-07T10:15:15Z</time>
    </trkpt>
    <trkpt lat="49.506633" lon="20.122206">
      <ele>831</ele>
      <time>2026-05-07T10:15:55Z</time>
    </trkpt>
    <trkpt lat="49.506746" lon="20.122163">
      <ele>833</ele>
      <time>2026-05-07T10:16:15Z</time>
    </trkpt>
    <trkpt lat="49.506924" lon="20.122072">
      <ele>836</ele>
      <time>2026-05-07T10:16:48Z</time>
    </trkpt>
    <trkpt lat="49.507067" lon="20.121964">
      <ele>837</ele>
      <time>2026-05-07T10:17:15Z</time>
    </trkpt>
    <trkpt lat="49.507206" lon="20.121744">
      <ele>840</ele>
      <time>2026-05-07T10:17:50Z</time>
    </trkpt>
    <trkpt lat="49.507383" lon="20.121632">
      <ele>839</ele>
      <time>2026-05-07T10:18:23Z</time>
    </trkpt>
    <trkpt lat="49.507714" lon="20.12146">
      <ele>837</ele>
      <time>2026-05-07T10:19:23Z</time>
    </trkpt>
    <trkpt lat="49.508185" lon="20.121284">
      <ele>835</ele>
      <time>2026-05-07T10:20:47Z</time>
    </trkpt>
    <trkpt lat="49.50863" lon="20.121064">
      <ele>840</ele>
      <time>2026-05-07T10:22:08Z</time>
    </trkpt>
    <trkpt lat="49.508881" lon="20.120838">
      <ele>842</ele>
      <time>2026-05-07T10:22:58Z</time>
    </trkpt>
    <trkpt lat="49.50916" lon="20.12043">
      <ele>847</ele>
      <time>2026-05-07T10:24:04Z</time>
    </trkpt>
    <trkpt lat="49.509421" lon="20.120097">
      <ele>849</ele>
      <time>2026-05-07T10:25:03Z</time>
    </trkpt>
    <trkpt lat="49.509641" lon="20.11994">
      <ele>848</ele>
      <time>2026-05-07T10:25:44Z</time>
    </trkpt>
    <trkpt lat="49.510163" lon="20.119824">
      <ele>846</ele>
      <time>2026-05-07T10:27:15Z</time>
    </trkpt>
    <trkpt lat="49.510338" lon="20.119704">
      <ele>846</ele>
      <time>2026-05-07T10:27:48Z</time>
    </trkpt>
    <trkpt lat="49.510665" lon="20.119539">
      <ele>844</ele>
      <time>2026-05-07T10:28:47Z</time>
    </trkpt>
    <trkpt lat="49.510789" lon="20.119507">
      <ele>844</ele>
      <time>2026-05-07T10:29:09Z</time>
    </trkpt>
    <trkpt lat="49.510816" lon="20.119501">
      <ele>844</ele>
      <time>2026-05-07T10:29:14Z</time>
    </trkpt>
    <trkpt lat="49.510974" lon="20.119435">
      <ele>846</ele>
      <time>2026-05-07T10:29:42Z</time>
    </trkpt>
    <trkpt lat="49.511079" lon="20.119406">
      <ele>847</ele>
      <time>2026-05-07T10:30:00Z</time>
    </trkpt>
    <trkpt lat="49.51116" lon="20.119405">
      <ele>848</ele>
      <time>2026-05-07T10:30:14Z</time>
    </trkpt>
    <trkpt lat="49.511279" lon="20.11943">
      <ele>849</ele>
      <time>2026-05-07T10:30:35Z</time>
    </trkpt>
    <trkpt lat="49.511564" lon="20.119512">
      <ele>853</ele>
      <time>2026-05-07T10:31:26Z</time>
    </trkpt>
    <trkpt lat="49.511653" lon="20.11944">
      <ele>855</ele>
      <time>2026-05-07T10:31:43Z</time>
    </trkpt>
    <trkpt lat="49.511757" lon="20.119356">
      <ele>855</ele>
      <time>2026-05-07T10:32:03Z</time>
    </trkpt>
    <trkpt lat="49.512048" lon="20.119183">
      <ele>859</ele>
      <time>2026-05-07T10:32:57Z</time>
    </trkpt>
    <trkpt lat="49.512229" lon="20.118995">
      <ele>862</ele>
      <time>2026-05-07T10:33:35Z</time>
    </trkpt>
    <trkpt lat="49.512905" lon="20.118165">
      <ele>873</ele>
      <time>2026-05-07T10:36:05Z</time>
    </trkpt>
    <trkpt lat="49.513271" lon="20.117861">
      <ele>878</ele>
      <time>2026-05-07T10:37:17Z</time>
    </trkpt>
    <trkpt lat="49.513543" lon="20.117751">
      <ele>878</ele>
      <time>2026-05-07T10:38:05Z</time>
    </trkpt>
    <trkpt lat="49.513902" lon="20.117632">
      <ele>881</ele>
      <time>2026-05-07T10:39:08Z</time>
    </trkpt>
    <trkpt lat="49.51405" lon="20.117564">
      <ele>886</ele>
      <time>2026-05-07T10:39:36Z</time>
    </trkpt>
    <trkpt lat="49.514134" lon="20.117488">
      <ele>890</ele>
      <time>2026-05-07T10:39:54Z</time>
    </trkpt>
    <trkpt lat="49.514239" lon="20.117344">
      <ele>894</ele>
      <time>2026-05-07T10:40:19Z</time>
    </trkpt>
    <trkpt lat="49.514346" lon="20.11712">
      <ele>898</ele>
      <time>2026-05-07T10:40:51Z</time>
    </trkpt>
    <trkpt lat="49.514476" lon="20.117022">
      <ele>903</ele>
      <time>2026-05-07T10:41:17Z</time>
    </trkpt>
    <trkpt lat="49.514643" lon="20.117129">
      <ele>905</ele>
      <time>2026-05-07T10:41:48Z</time>
    </trkpt>
    <trkpt lat="49.514792" lon="20.117115">
      <ele>908</ele>
      <time>2026-05-07T10:42:14Z</time>
    </trkpt>
    <trkpt lat="49.514939" lon="20.117034">
      <ele>911</ele>
      <time>2026-05-07T10:42:41Z</time>
    </trkpt>
    <trkpt lat="49.515173" lon="20.116829">
      <ele>916</ele>
      <time>2026-05-07T10:43:28Z</time>
    </trkpt>
    <trkpt lat="49.515318" lon="20.116562">
      <ele>921</ele>
      <time>2026-05-07T10:44:08Z</time>
    </trkpt>
    <trkpt lat="49.515409" lon="20.116342">
      <ele>925</ele>
      <time>2026-05-07T10:44:38Z</time>
    </trkpt>
    <trkpt lat="49.515507" lon="20.116164">
      <ele>928</ele>
      <time>2026-05-07T10:45:04Z</time>
    </trkpt>
    <trkpt lat="49.515607" lon="20.116138">
      <ele>930</ele>
      <time>2026-05-07T10:45:22Z</time>
    </trkpt>
    <trkpt lat="49.515743" lon="20.116208">
      <ele>933</ele>
      <time>2026-05-07T10:45:47Z</time>
    </trkpt>
    <trkpt lat="49.515949" lon="20.116321">
      <ele>939</ele>
      <time>2026-05-07T10:46:26Z</time>
    </trkpt>
    <trkpt lat="49.516224" lon="20.116391">
      <ele>945</ele>
      <time>2026-05-07T10:47:14Z</time>
    </trkpt>
    <trkpt lat="49.516649" lon="20.116374">
      <ele>953</ele>
      <time>2026-05-07T10:48:29Z</time>
    </trkpt>
    <trkpt lat="49.516833" lon="20.116423">
      <ele>956</ele>
      <time>2026-05-07T10:49:01Z</time>
    </trkpt>
    <trkpt lat="49.517035" lon="20.11653">
      <ele>956</ele>
      <time>2026-05-07T10:49:38Z</time>
    </trkpt>
    <trkpt lat="49.517318" lon="20.116571">
      <ele>956</ele>
      <time>2026-05-07T10:50:27Z</time>
    </trkpt>
    <trkpt lat="49.517708" lon="20.116464">
      <ele>955</ele>
      <time>2026-05-07T10:51:35Z</time>
    </trkpt>
    <trkpt lat="49.517903" lon="20.116035">
      <ele>963</ele>
      <time>2026-05-07T10:52:35Z</time>
    </trkpt>
    <trkpt lat="49.517886" lon="20.115579">
      <ele>976</ele>
      <time>2026-05-07T10:53:30Z</time>
    </trkpt>
    <trkpt lat="49.517875" lon="20.115284">
      <ele>985</ele>
      <time>2026-05-07T10:54:05Z</time>
    </trkpt>
    <trkpt lat="49.517779" lon="20.113939">
      <ele>1002</ele>
      <time>2026-05-07T10:56:39Z</time>
    </trkpt>
    <trkpt lat="49.517786" lon="20.113728">
      <ele>1005</ele>
      <time>2026-05-07T10:57:03Z</time>
    </trkpt>
    <trkpt lat="49.517835" lon="20.113539">
      <ele>1009</ele>
      <time>2026-05-07T10:57:26Z</time>
    </trkpt>
    <trkpt lat="49.518328" lon="20.11307">
      <ele>1015</ele>
      <time>2026-05-07T10:59:06Z</time>
    </trkpt>
    <trkpt lat="49.518498" lon="20.112882">
      <ele>1018</ele>
      <time>2026-05-07T10:59:43Z</time>
    </trkpt>
    <trkpt lat="49.518677" lon="20.112734">
      <ele>1020</ele>
      <time>2026-05-07T11:00:18Z</time>
    </trkpt>
    <trkpt lat="49.518812" lon="20.112684">
      <ele>1021</ele>
      <time>2026-05-07T11:00:42Z</time>
    </trkpt>
    <trkpt lat="49.519095" lon="20.11257">
      <ele>1023</ele>
      <time>2026-05-07T11:01:32Z</time>
    </trkpt>
    <trkpt lat="49.519271" lon="20.112541">
      <ele>1024</ele>
      <time>2026-05-07T11:02:03Z</time>
    </trkpt>
    <trkpt lat="49.519393" lon="20.112554">
      <ele>1024</ele>
      <time>2026-05-07T11:02:24Z</time>
    </trkpt>
    <trkpt lat="49.519731" lon="20.112782">
      <ele>1026</ele>
      <time>2026-05-07T11:03:27Z</time>
    </trkpt>
    <trkpt lat="49.519928" lon="20.112841">
      <ele>1031</ele>
      <time>2026-05-07T11:04:03Z</time>
    </trkpt>
    <trkpt lat="49.520207" lon="20.112834">
      <ele>1037</ele>
      <time>2026-05-07T11:04:51Z</time>
    </trkpt>
    <trkpt lat="49.520482" lon="20.11268">
      <ele>1044</ele>
      <time>2026-05-07T11:05:43Z</time>
    </trkpt>
    <trkpt lat="49.520607" lon="20.11253">
      <ele>1048</ele>
      <time>2026-05-07T11:06:11Z</time>
    </trkpt>
    <trkpt lat="49.520732" lon="20.111996">
      <ele>1048</ele>
      <time>2026-05-07T11:07:14Z</time>
    </trkpt>
    <trkpt lat="49.520794" lon="20.111864">
      <ele>1047</ele>
      <time>2026-05-07T11:07:33Z</time>
    </trkpt>
    <trkpt lat="49.521003" lon="20.111582">
      <ele>1047</ele>
      <time>2026-05-07T11:08:20Z</time>
    </trkpt>
    <trkpt lat="49.521435" lon="20.111037">
      <ele>1049</ele>
      <time>2026-05-07T11:09:56Z</time>
    </trkpt>
    <trkpt lat="49.521568" lon="20.110774">
      <ele>1050</ele>
      <time>2026-05-07T11:10:34Z</time>
    </trkpt>
    <trkpt lat="49.521698" lon="20.110431">
      <ele>1053</ele>
      <time>2026-05-07T11:11:18Z</time>
    </trkpt>
    <trkpt lat="49.521932" lon="20.110023">
      <ele>1056</ele>
      <time>2026-05-07T11:12:19Z</time>
    </trkpt>
    <trkpt lat="49.522029" lon="20.109723">
      <ele>1056</ele>
      <time>2026-05-07T11:12:57Z</time>
    </trkpt>
    <trkpt lat="49.522127" lon="20.109444">
      <ele>1057</ele>
      <time>2026-05-07T11:13:32Z</time>
    </trkpt>
    <trkpt lat="49.52221" lon="20.109267">
      <ele>1058</ele>
      <time>2026-05-07T11:13:57Z</time>
    </trkpt>
    <trkpt lat="49.522248" lon="20.109127">
      <ele>1058</ele>
      <time>2026-05-07T11:14:14Z</time>
    </trkpt>
    <trkpt lat="49.522301" lon="20.109009">
      <ele>1059</ele>
      <time>2026-05-07T11:14:30Z</time>
    </trkpt>
    <trkpt lat="49.522381" lon="20.10887">
      <ele>1059</ele>
      <time>2026-05-07T11:14:50Z</time>
    </trkpt>
    <trkpt lat="49.522531" lon="20.108727">
      <ele>1060</ele>
      <time>2026-05-07T11:15:21Z</time>
    </trkpt>
    <trkpt lat="49.522714" lon="20.108537">
      <ele>1059</ele>
      <time>2026-05-07T11:15:59Z</time>
    </trkpt>
    <trkpt lat="49.522947" lon="20.108209">
      <ele>1059</ele>
      <time>2026-05-07T11:16:53Z</time>
    </trkpt>
    <trkpt lat="49.52312" lon="20.108183">
      <ele>1059</ele>
      <time>2026-05-07T11:17:23Z</time>
    </trkpt>
    <trkpt lat="49.523381" lon="20.107964">
      <ele>1059</ele>
      <time>2026-05-07T11:18:14Z</time>
    </trkpt>
    <trkpt lat="49.523514" lon="20.107824">
      <ele>1060</ele>
      <time>2026-05-07T11:18:39Z</time>
    </trkpt>
    <trkpt lat="49.523594" lon="20.10764">
      <ele>1062</ele>
      <time>2026-05-07T11:19:01Z</time>
    </trkpt>
    <trkpt lat="49.523668" lon="20.107509">
      <ele>1064</ele>
      <time>2026-05-07T11:19:18Z</time>
    </trkpt>
    <trkpt lat="49.523747" lon="20.107373">
      <ele>1066</ele>
      <time>2026-05-07T11:19:36Z</time>
    </trkpt>
    <trkpt lat="49.523821" lon="20.107331">
      <ele>1068</ele>
      <time>2026-05-07T11:19:49Z</time>
    </trkpt>
    <trkpt lat="49.523909" lon="20.10732">
      <ele>1070</ele>
      <time>2026-05-07T11:20:02Z</time>
    </trkpt>
    <trkpt lat="49.5241" lon="20.107312">
      <ele>1071</ele>
      <time>2026-05-07T11:20:31Z</time>
    </trkpt>
    <trkpt lat="49.524163" lon="20.107263">
      <ele>1072</ele>
      <time>2026-05-07T11:20:42Z</time>
    </trkpt>
    <trkpt lat="49.524288" lon="20.107251">
      <ele>1073</ele>
      <time>2026-05-07T11:21:01Z</time>
    </trkpt>
    <trkpt lat="49.524419" lon="20.107215">
      <ele>1074</ele>
      <time>2026-05-07T11:21:22Z</time>
    </trkpt>
    <trkpt lat="49.524549" lon="20.107163">
      <ele>1076</ele>
      <time>2026-05-07T11:21:42Z</time>
    </trkpt>
    <trkpt lat="49.524652" lon="20.107096">
      <ele>1078</ele>
      <time>2026-05-07T11:21:59Z</time>
    </trkpt>
    <trkpt lat="49.52474" lon="20.10693">
      <ele>1080</ele>
      <time>2026-05-07T11:22:21Z</time>
    </trkpt>
    <trkpt lat="49.524819" lon="20.106766">
      <ele>1082</ele>
      <time>2026-05-07T11:22:41Z</time>
    </trkpt>
    <trkpt lat="49.524918" lon="20.106635">
      <ele>1082</ele>
      <time>2026-05-07T11:23:01Z</time>
    </trkpt>
    <trkpt lat="49.525034" lon="20.106569">
      <ele>1082</ele>
      <time>2026-05-07T11:23:20Z</time>
    </trkpt>
    <trkpt lat="49.525135" lon="20.106524">
      <ele>1082</ele>
      <time>2026-05-07T11:23:36Z</time>
    </trkpt>
    <trkpt lat="49.525472" lon="20.106265">
      <ele>1086</ele>
      <time>2026-05-07T11:24:33Z</time>
    </trkpt>
    <trkpt lat="49.525564" lon="20.106231">
      <ele>1087</ele>
      <time>2026-05-07T11:24:48Z</time>
    </trkpt>
    <trkpt lat="49.525638" lon="20.106153">
      <ele>1088</ele>
      <time>2026-05-07T11:25:01Z</time>
    </trkpt>
    <trkpt lat="49.525752" lon="20.105977">
      <ele>1089</ele>
      <time>2026-05-07T11:25:26Z</time>
    </trkpt>
    <trkpt lat="49.525836" lon="20.10588">
      <ele>1090</ele>
      <time>2026-05-07T11:25:42Z</time>
    </trkpt>
    <trkpt lat="49.525897" lon="20.105758">
      <ele>1090</ele>
      <time>2026-05-07T11:25:57Z</time>
    </trkpt>
    <trkpt lat="49.525907" lon="20.105689">
      <ele>1091</ele>
      <time>2026-05-07T11:26:04Z</time>
    </trkpt>
    <trkpt lat="49.526206" lon="20.10548">
      <ele>1091</ele>
      <time>2026-05-07T11:26:54Z</time>
    </trkpt>
    <trkpt lat="49.526516" lon="20.1052">
      <ele>1100</ele>
      <time>2026-05-07T11:27:50Z</time>
    </trkpt>
    <trkpt lat="49.526648" lon="20.105079">
      <ele>1103</ele>
      <time>2026-05-07T11:28:14Z</time>
    </trkpt>
    <trkpt lat="49.526805" lon="20.105088">
      <ele>1097</ele>
      <time>2026-05-07T11:28:39Z</time>
    </trkpt>
    <trkpt lat="49.527124" lon="20.105216">
      <ele>1089</ele>
      <time>2026-05-07T11:29:31Z</time>
    </trkpt>
    <trkpt lat="49.527337" lon="20.105221">
      <ele>1090</ele>
      <time>2026-05-07T11:30:04Z</time>
    </trkpt>
    <trkpt lat="49.527542" lon="20.105255">
      <ele>1094</ele>
      <time>2026-05-07T11:30:36Z</time>
    </trkpt>
    <trkpt lat="49.527718" lon="20.105374">
      <ele>1098</ele>
      <time>2026-05-07T11:31:06Z</time>
    </trkpt>
    <trkpt lat="49.52784" lon="20.105387">
      <ele>1100</ele>
      <time>2026-05-07T11:31:25Z</time>
    </trkpt>
    <trkpt lat="49.527945" lon="20.105341">
      <ele>1102</ele>
      <time>2026-05-07T11:31:41Z</time>
    </trkpt>
    <trkpt lat="49.528053" lon="20.10533">
      <ele>1104</ele>
      <time>2026-05-07T11:31:58Z</time>
    </trkpt>
    <trkpt lat="49.528305" lon="20.105353">
      <ele>1105</ele>
      <time>2026-05-07T11:32:37Z</time>
    </trkpt>
    <trkpt lat="49.528556" lon="20.105323">
      <ele>1108</ele>
      <time>2026-05-07T11:33:16Z</time>
    </trkpt>
    <trkpt lat="49.52866" lon="20.105276">
      <ele>1109</ele>
      <time>2026-05-07T11:33:32Z</time>
    </trkpt>
    <trkpt lat="49.52891" lon="20.105054">
      <ele>1108</ele>
      <time>2026-05-07T11:34:16Z</time>
    </trkpt>
    <trkpt lat="49.529155" lon="20.104966">
      <ele>1108</ele>
      <time>2026-05-07T11:34:55Z</time>
    </trkpt>
    <trkpt lat="49.529437" lon="20.105068">
      <ele>1108</ele>
      <time>2026-05-07T11:35:39Z</time>
    </trkpt>
    <trkpt lat="49.529558" lon="20.105164">
      <ele>1110</ele>
      <time>2026-05-07T11:36:00Z</time>
    </trkpt>
    <trkpt lat="49.529791" lon="20.10527">
      <ele>1113</ele>
      <time>2026-05-07T11:36:37Z</time>
    </trkpt>
    <trkpt lat="49.529985" lon="20.105234">
      <ele>1118</ele>
      <time>2026-05-07T11:37:08Z</time>
    </trkpt>
    <trkpt lat="49.530021" lon="20.105244">
      <ele>1118</ele>
      <time>2026-05-07T11:37:14Z</time>
    </trkpt>
    <trkpt lat="49.530048" lon="20.105253">
      <ele>1119</ele>
      <time>2026-05-07T11:37:18Z</time>
    </trkpt>
    <trkpt lat="49.53011" lon="20.105296">
      <ele>1120</ele>
      <time>2026-05-07T11:37:28Z</time>
    </trkpt>
    <trkpt lat="49.530233" lon="20.105398">
      <ele>1121</ele>
      <time>2026-05-07T11:37:50Z</time>
    </trkpt>
    <trkpt lat="49.530271" lon="20.105477">
      <ele>1121</ele>
      <time>2026-05-07T11:38:00Z</time>
    </trkpt>
    <trkpt lat="49.530316" lon="20.105541">
      <ele>1122</ele>
      <time>2026-05-07T11:38:09Z</time>
    </trkpt>
    <trkpt lat="49.530372" lon="20.105611">
      <ele>1122</ele>
      <time>2026-05-07T11:38:20Z</time>
    </trkpt>
    <trkpt lat="49.530456" lon="20.105691">
      <ele>1123</ele>
      <time>2026-05-07T11:38:35Z</time>
    </trkpt>
    <trkpt lat="49.530635" lon="20.105796">
      <ele>1126</ele>
      <time>2026-05-07T11:39:05Z</time>
    </trkpt>
    <trkpt lat="49.531051" lon="20.105975">
      <ele>1135</ele>
      <time>2026-05-07T11:40:12Z</time>
    </trkpt>
    <trkpt lat="49.531284" lon="20.106142">
      <ele>1140</ele>
      <time>2026-05-07T11:40:52Z</time>
    </trkpt>
    <trkpt lat="49.531527" lon="20.106361">
      <ele>1147</ele>
      <time>2026-05-07T11:41:36Z</time>
    </trkpt>
    <trkpt lat="49.531793" lon="20.106533">
      <ele>1156</ele>
      <time>2026-05-07T11:42:22Z</time>
    </trkpt>
    <trkpt lat="49.531853" lon="20.106559">
      <ele>1158</ele>
      <time>2026-05-07T11:42:32Z</time>
    </trkpt>
    <trkpt lat="49.532011" lon="20.106824">
      <ele>1161</ele>
      <time>2026-05-07T11:43:08Z</time>
    </trkpt>
    <trkpt lat="49.532337" lon="20.107419">
      <ele>1163</ele>
      <time>2026-05-07T11:44:25Z</time>
    </trkpt>
    <trkpt lat="49.532501" lon="20.107635">
      <ele>1165</ele>
      <time>2026-05-07T11:44:58Z</time>
    </trkpt>
    <trkpt lat="49.532705" lon="20.107746">
      <ele>1166</ele>
      <time>2026-05-07T11:45:31Z</time>
    </trkpt>
    <trkpt lat="49.532745" lon="20.107781">
      <ele>1166</ele>
      <time>2026-05-07T11:45:38Z</time>
    </trkpt>
    <trkpt lat="49.53295" lon="20.107922">
      <ele>1167</ele>
      <time>2026-05-07T11:46:12Z</time>
    </trkpt>
    <trkpt lat="49.533072" lon="20.107969">
      <ele>1168</ele>
      <time>2026-05-07T11:46:32Z</time>
    </trkpt>
    <trkpt lat="49.533288" lon="20.107993">
      <ele>1166</ele>
      <time>2026-05-07T11:47:05Z</time>
    </trkpt>
    <trkpt lat="49.533702" lon="20.107839">
      <ele>1172</ele>
      <time>2026-05-07T11:48:10Z</time>
    </trkpt>
    <trkpt lat="49.533813" lon="20.107798">
      <ele>1174</ele>
      <time>2026-05-07T11:48:28Z</time>
    </trkpt>
    <trkpt lat="49.533888" lon="20.107762">
      <ele>1175</ele>
      <time>2026-05-07T11:48:40Z</time>
    </trkpt>
    <trkpt lat="49.533988" lon="20.10777">
      <ele>1175</ele>
      <time>2026-05-07T11:48:56Z</time>
    </trkpt>
    <trkpt lat="49.534301" lon="20.107913">
      <ele>1176</ele>
      <time>2026-05-07T11:49:46Z</time>
    </trkpt>
    <trkpt lat="49.534364" lon="20.107934">
      <ele>1176</ele>
      <time>2026-05-07T11:49:55Z</time>
    </trkpt>
    <trkpt lat="49.534653" lon="20.10803">
      <ele>1175</ele>
      <time>2026-05-07T11:50:41Z</time>
    </trkpt>
    <trkpt lat="49.535227" lon="20.10812">
      <ele>1184</ele>
      <time>2026-05-07T11:52:10Z</time>
    </trkpt>
    <trkpt lat="49.535605" lon="20.108437">
      <ele>1189</ele>
      <time>2026-05-07T11:53:16Z</time>
    </trkpt>
    <trkpt lat="49.536331" lon="20.108761">
      <ele>1194</ele>
      <time>2026-05-07T11:55:12Z</time>
    </trkpt>
    <trkpt lat="49.53703" lon="20.109211">
      <ele>1200</ele>
      <time>2026-05-07T11:57:08Z</time>
    </trkpt>
    <trkpt lat="49.537328" lon="20.109436">
      <ele>1207</ele>
      <time>2026-05-07T11:57:59Z</time>
    </trkpt>
    <trkpt lat="49.537418" lon="20.109478">
      <ele>1209</ele>
      <time>2026-05-07T11:58:14Z</time>
    </trkpt>
    <trkpt lat="49.537619" lon="20.109789">
      <ele>1211</ele>
      <time>2026-05-07T11:58:54Z</time>
    </trkpt>
    <trkpt lat="49.537984" lon="20.109949">
      <ele>1214</ele>
      <time>2026-05-07T11:59:47Z</time>
    </trkpt>
    <trkpt lat="49.538491" lon="20.110098">
      <ele>1216</ele>
      <time>2026-05-07T12:00:58Z</time>
    </trkpt>
    <trkpt lat="49.538998" lon="20.110138">
      <ele>1220</ele>
      <time>2026-05-07T12:02:09Z</time>
    </trkpt>
    <trkpt lat="49.539302" lon="20.11029">
      <ele>1222</ele>
      <time>2026-05-07T12:02:54Z</time>
    </trkpt>
    <trkpt lat="49.539609" lon="20.110543">
      <ele>1226</ele>
      <time>2026-05-07T12:03:42Z</time>
    </trkpt>
    <trkpt lat="49.539772" lon="20.11071">
      <ele>1229</ele>
      <time>2026-05-07T12:04:10Z</time>
    </trkpt>
    <trkpt lat="49.540017" lon="20.111012">
      <ele>1232</ele>
      <time>2026-05-07T12:04:54Z</time>
    </trkpt>
    <trkpt lat="49.54027" lon="20.111269">
      <ele>1234</ele>
      <time>2026-05-07T12:05:36Z</time>
    </trkpt>
    <trkpt lat="49.540378" lon="20.111471">
      <ele>1234</ele>
      <time>2026-05-07T12:05:59Z</time>
    </trkpt>
    <trkpt lat="49.540567" lon="20.11192">
      <ele>1233</ele>
      <time>2026-05-07T12:06:48Z</time>
    </trkpt>
    <trkpt lat="49.540705" lon="20.1122">
      <ele>1234</ele>
      <time>2026-05-07T12:07:20Z</time>
    </trkpt>
    <trkpt lat="49.540812" lon="20.112367">
      <ele>1236</ele>
      <time>2026-05-07T12:07:41Z</time>
    </trkpt>
    <trkpt lat="49.541018" lon="20.11261">
      <ele>1241</ele>
      <time>2026-05-07T12:08:17Z</time>
    </trkpt>
    <trkpt lat="49.541251" lon="20.112932">
      <ele>1243</ele>
      <time>2026-05-07T12:09:01Z</time>
    </trkpt>
    <trkpt lat="49.541884" lon="20.114">
      <ele>1249</ele>
      <time>2026-05-07T12:11:12Z</time>
    </trkpt>
    <trkpt lat="49.542011" lon="20.114243">
      <ele>1252</ele>
      <time>2026-05-07T12:11:40Z</time>
    </trkpt>
    <trkpt lat="49.542097" lon="20.114467">
      <ele>1253</ele>
      <time>2026-05-07T12:12:04Z</time>
    </trkpt>
    <trkpt lat="49.542183" lon="20.114688">
      <ele>1255</ele>
      <time>2026-05-07T12:12:27Z</time>
    </trkpt>
    <trkpt lat="49.542272" lon="20.114806">
      <ele>1258</ele>
      <time>2026-05-07T12:12:44Z</time>
    </trkpt>
    <trkpt lat="49.54251" lon="20.115531">
      <ele>1263</ele>
      <time>2026-05-07T12:13:57Z</time>
    </trkpt>
    <trkpt lat="49.542586" lon="20.115746">
      <ele>1265</ele>
      <time>2026-05-07T12:14:20Z</time>
    </trkpt>
    <trkpt lat="49.542765" lon="20.116125">
      <ele>1272</ele>
      <time>2026-05-07T12:15:03Z</time>
    </trkpt>
    <trkpt lat="49.542812" lon="20.116257">
      <ele>1274</ele>
      <time>2026-05-07T12:15:17Z</time>
    </trkpt>
    <trkpt lat="49.542872" lon="20.116515">
      <ele>1276</ele>
      <time>2026-05-07T12:15:41Z</time>
    </trkpt>
    <trkpt lat="49.543134" lon="20.117428">
      <ele>1280</ele>
      <time>2026-05-07T12:17:12Z</time>
    </trkpt>
    <trkpt lat="49.543168" lon="20.117576">
      <ele>1280</ele>
      <time>2026-05-07T12:17:26Z</time>
    </trkpt>
    <trkpt lat="49.543263" lon="20.117823">
      <ele>1280</ele>
      <time>2026-05-07T12:17:52Z</time>
    </trkpt>
    <trkpt lat="49.543379" lon="20.117987">
      <ele>1283</ele>
      <time>2026-05-07T12:18:14Z</time>
    </trkpt>
    <trkpt lat="49.543338" lon="20.117316">
      <ele>1286</ele>
      <time>2026-05-07T12:19:13Z</time>
    </trkpt>
    <trkpt lat="49.543256" lon="20.116754">
      <ele>1286</ele>
      <time>2026-05-07T12:20:03Z</time>
    </trkpt>
    <trkpt lat="49.543296" lon="20.116589">
      <ele>1287</ele>
      <time>2026-05-07T12:20:18Z</time>
    </trkpt>
    <trkpt lat="49.543312" lon="20.116458">
      <ele>1288</ele>
      <time>2026-05-07T12:20:30Z</time>
    </trkpt>
    <trkpt lat="49.543326" lon="20.116239">
      <ele>1289</ele>
      <time>2026-05-07T12:20:49Z</time>
    </trkpt>
    <trkpt lat="49.543296" lon="20.116069">
      <ele>1288</ele>
      <time>2026-05-07T12:21:05Z</time>
    </trkpt>
    <trkpt lat="49.543279" lon="20.115728">
      <ele>1288</ele>
      <time>2026-05-07T12:21:35Z</time>
    </trkpt>
    <trkpt lat="49.54326" lon="20.115363">
      <ele>1291</ele>
      <time>2026-05-07T12:22:07Z</time>
    </trkpt>
    <trkpt lat="49.543263" lon="20.115194">
      <ele>1292</ele>
      <time>2026-05-07T12:22:21Z</time>
    </trkpt>
    <trkpt lat="49.543242" lon="20.115004">
      <ele>1293</ele>
      <time>2026-05-07T12:22:38Z</time>
    </trkpt>
    <trkpt lat="49.543216" lon="20.114781">
      <ele>1294</ele>
      <time>2026-05-07T12:22:58Z</time>
    </trkpt>
    <trkpt lat="49.54315" lon="20.114604">
      <ele>1294</ele>
      <time>2026-05-07T12:23:16Z</time>
    </trkpt>
    <trkpt lat="49.543103" lon="20.114481">
      <ele>1294</ele>
      <time>2026-05-07T12:23:28Z</time>
    </trkpt>
    <trkpt lat="49.543107" lon="20.114357">
      <ele>1295</ele>
      <time>2026-05-07T12:23:39Z</time>
    </trkpt>
    <trkpt lat="49.543094" lon="20.114207">
      <ele>1296</ele>
      <time>2026-05-07T12:23:52Z</time>
    </trkpt>
    <trkpt lat="49.543079" lon="20.114079">
      <ele>1297</ele>
      <time>2026-05-07T12:24:04Z</time>
    </trkpt>
    <trkpt lat="49.543114" lon="20.113727">
      <ele>1301</ele>
      <time>2026-05-07T12:24:35Z</time>
    </trkpt>
    <trkpt lat="49.543111" lon="20.113635">
      <ele>1301</ele>
      <time>2026-05-07T12:24:43Z</time>
    </trkpt>
    <trkpt lat="49.543095" lon="20.113524">
      <ele>1302</ele>
      <time>2026-05-07T12:24:53Z</time>
    </trkpt>
    <trkpt lat="49.543089" lon="20.113362">
      <ele>1303</ele>
      <time>2026-05-07T12:25:07Z</time>
    </trkpt>
    <trkpt lat="49.543095" lon="20.113184">
      <ele>1302</ele>
      <time>2026-05-07T12:25:23Z</time>
    </trkpt>
    <trkpt lat="49.543076" lon="20.113035">
      <ele>1302</ele>
      <time>2026-05-07T12:25:36Z</time>
    </trkpt>
    <trkpt lat="49.543037" lon="20.112823">
      <ele>1301</ele>
      <time>2026-05-07T12:25:55Z</time>
    </trkpt>
    <trkpt lat="49.543006" lon="20.112708">
      <ele>1301</ele>
      <time>2026-05-07T12:26:06Z</time>
    </trkpt>
    <trkpt lat="49.54295" lon="20.112593">
      <ele>1302</ele>
      <time>2026-05-07T12:26:19Z</time>
    </trkpt>
    <trkpt lat="49.542933" lon="20.112499">
      <ele>1303</ele>
      <time>2026-05-07T12:26:27Z</time>
    </trkpt>
    <trkpt lat="49.542922" lon="20.112351">
      <ele>1304</ele>
      <time>2026-05-07T12:26:40Z</time>
    </trkpt>
    <trkpt lat="49.542891" lon="20.112268">
      <ele>1305</ele>
      <time>2026-05-07T12:26:49Z</time>
    </trkpt>
    <trkpt lat="49.542892" lon="20.112213">
      <ele>1305</ele>
      <time>2026-05-07T12:26:54Z</time>
    </trkpt>
    <trkpt lat="49.542903" lon="20.112069">
      <ele>1307</ele>
      <time>2026-05-07T12:27:06Z</time>
    </trkpt>
    <trkpt lat="49.542896" lon="20.111996">
      <ele>1308</ele>
      <time>2026-05-07T12:27:13Z</time>
    </trkpt>
    <trkpt lat="49.542882" lon="20.111922">
      <ele>1308</ele>
      <time>2026-05-07T12:27:20Z</time>
    </trkpt>
    <trkpt lat="49.542885" lon="20.111873">
      <ele>1308</ele>
      <time>2026-05-07T12:27:24Z</time>
    </trkpt>
    <trkpt lat="49.542879" lon="20.111842">
      <ele>1308</ele>
      <time>2026-05-07T12:27:27Z</time>
    </trkpt>
    <trkpt lat="49.542859" lon="20.111829">
      <ele>1308</ele>
      <time>2026-05-07T12:27:30Z</time>
    </trkpt>
    <trkpt lat="49.542846" lon="20.111791">
      <ele>1308</ele>
      <time>2026-05-07T12:27:33Z</time>
    </trkpt>
    <trkpt lat="49.542849" lon="20.11174">
      <ele>1308</ele>
      <time>2026-05-07T12:27:38Z</time>
    </trkpt>
    <trkpt lat="49.542851" lon="20.111659">
      <ele>1308</ele>
      <time>2026-05-07T12:27:45Z</time>
    </trkpt>
    <trkpt lat="49.542844" lon="20.111591">
      <ele>1308</ele>
      <time>2026-05-07T12:27:51Z</time>
    </trkpt>
    <trkpt lat="49.542823" lon="20.111521">
      <ele>1308</ele>
      <time>2026-05-07T12:27:58Z</time>
    </trkpt>
    <trkpt lat="49.542825" lon="20.111481">
      <ele>1308</ele>
      <time>2026-05-07T12:28:01Z</time>
    </trkpt>
    <trkpt lat="49.54283" lon="20.111408">
      <ele>1309</ele>
      <time>2026-05-07T12:28:08Z</time>
    </trkpt>
    <trkpt lat="49.542847" lon="20.111341">
      <ele>1310</ele>
      <time>2026-05-07T12:28:14Z</time>
    </trkpt>
    <trkpt lat="49.54283" lon="20.111408">
      <ele>1309</ele>
      <time>2026-05-07T12:28:17Z</time>
    </trkpt>
    <trkpt lat="49.542825" lon="20.111481">
      <ele>1308</ele>
      <time>2026-05-07T12:28:20Z</time>
    </trkpt>
    <trkpt lat="49.542823" lon="20.111521">
      <ele>1308</ele>
      <time>2026-05-07T12:28:22Z</time>
    </trkpt>
    <trkpt lat="49.542844" lon="20.111591">
      <ele>1308</ele>
      <time>2026-05-07T12:28:26Z</time>
    </trkpt>
    <trkpt lat="49.542851" lon="20.111659">
      <ele>1308</ele>
      <time>2026-05-07T12:28:29Z</time>
    </trkpt>
    <trkpt lat="49.542849" lon="20.11174">
      <ele>1308</ele>
      <time>2026-05-07T12:28:32Z</time>
    </trkpt>
    <trkpt lat="49.542846" lon="20.111791">
      <ele>1308</ele>
      <time>2026-05-07T12:28:34Z</time>
    </trkpt>
    <trkpt lat="49.542859" lon="20.111829">
      <ele>1308</ele>
      <time>2026-05-07T12:28:36Z</time>
    </trkpt>
    <trkpt lat="49.542879" lon="20.111842">
      <ele>1308</ele>
      <time>2026-05-07T12:28:38Z</time>
    </trkpt>
    <trkpt lat="49.542885" lon="20.111873">
      <ele>1308</ele>
      <time>2026-05-07T12:28:39Z</time>
    </trkpt>
    <trkpt lat="49.542882" lon="20.111922">
      <ele>1308</ele>
      <time>2026-05-07T12:28:41Z</time>
    </trkpt>
    <trkpt lat="49.542896" lon="20.111996">
      <ele>1308</ele>
      <time>2026-05-07T12:28:45Z</time>
    </trkpt>
    <trkpt lat="49.542903" lon="20.112069">
      <ele>1307</ele>
      <time>2026-05-07T12:28:48Z</time>
    </trkpt>
    <trkpt lat="49.542892" lon="20.112213">
      <ele>1305</ele>
      <time>2026-05-07T12:28:54Z</time>
    </trkpt>
    <trkpt lat="49.542891" lon="20.112268">
      <ele>1305</ele>
      <time>2026-05-07T12:28:57Z</time>
    </trkpt>
    <trkpt lat="49.542922" lon="20.112351">
      <ele>1304</ele>
      <time>2026-05-07T12:29:01Z</time>
    </trkpt>
    <trkpt lat="49.542933" lon="20.112499">
      <ele>1303</ele>
      <time>2026-05-07T12:29:07Z</time>
    </trkpt>
    <trkpt lat="49.54295" lon="20.112593">
      <ele>1302</ele>
      <time>2026-05-07T12:29:12Z</time>
    </trkpt>
    <trkpt lat="49.543006" lon="20.112708">
      <ele>1301</ele>
      <time>2026-05-07T12:29:18Z</time>
    </trkpt>
    <trkpt lat="49.543037" lon="20.112823">
      <ele>1301</ele>
      <time>2026-05-07T12:29:23Z</time>
    </trkpt>
    <trkpt lat="49.543076" lon="20.113035">
      <ele>1302</ele>
      <time>2026-05-07T12:29:33Z</time>
    </trkpt>
    <trkpt lat="49.543095" lon="20.113184">
      <ele>1302</ele>
      <time>2026-05-07T12:29:40Z</time>
    </trkpt>
    <trkpt lat="49.543089" lon="20.113362">
      <ele>1303</ele>
      <time>2026-05-07T12:29:47Z</time>
    </trkpt>
    <trkpt lat="49.543095" lon="20.113524">
      <ele>1302</ele>
      <time>2026-05-07T12:29:54Z</time>
    </trkpt>
    <trkpt lat="49.543111" lon="20.113635">
      <ele>1301</ele>
      <time>2026-05-07T12:29:59Z</time>
    </trkpt>
    <trkpt lat="49.543114" lon="20.113727">
      <ele>1301</ele>
      <time>2026-05-07T12:30:03Z</time>
    </trkpt>
    <trkpt lat="49.543079" lon="20.114079">
      <ele>1297</ele>
      <time>2026-05-07T12:30:19Z</time>
    </trkpt>
    <trkpt lat="49.543094" lon="20.114207">
      <ele>1296</ele>
      <time>2026-05-07T12:30:25Z</time>
    </trkpt>
    <trkpt lat="49.543107" lon="20.114357">
      <ele>1295</ele>
      <time>2026-05-07T12:30:31Z</time>
    </trkpt>
    <trkpt lat="49.543103" lon="20.114481">
      <ele>1294</ele>
      <time>2026-05-07T12:30:37Z</time>
    </trkpt>
    <trkpt lat="49.54315" lon="20.114604">
      <ele>1294</ele>
      <time>2026-05-07T12:30:43Z</time>
    </trkpt>
    <trkpt lat="49.543216" lon="20.114781">
      <ele>1294</ele>
      <time>2026-05-07T12:30:52Z</time>
    </trkpt>
    <trkpt lat="49.543242" lon="20.115004">
      <ele>1293</ele>
      <time>2026-05-07T12:31:02Z</time>
    </trkpt>
    <trkpt lat="49.543263" lon="20.115194">
      <ele>1292</ele>
      <time>2026-05-07T12:31:10Z</time>
    </trkpt>
    <trkpt lat="49.54326" lon="20.115363">
      <ele>1291</ele>
      <time>2026-05-07T12:31:18Z</time>
    </trkpt>
    <trkpt lat="49.543279" lon="20.115728">
      <ele>1288</ele>
      <time>2026-05-07T12:31:34Z</time>
    </trkpt>
    <trkpt lat="49.543296" lon="20.116069">
      <ele>1288</ele>
      <time>2026-05-07T12:31:49Z</time>
    </trkpt>
    <trkpt lat="49.543326" lon="20.116239">
      <ele>1289</ele>
      <time>2026-05-07T12:31:56Z</time>
    </trkpt>
    <trkpt lat="49.543312" lon="20.116458">
      <ele>1288</ele>
      <time>2026-05-07T12:32:06Z</time>
    </trkpt>
    <trkpt lat="49.543296" lon="20.116589">
      <ele>1287</ele>
      <time>2026-05-07T12:32:12Z</time>
    </trkpt>
    <trkpt lat="49.543256" lon="20.116754">
      <ele>1286</ele>
      <time>2026-05-07T12:32:19Z</time>
    </trkpt>
    <trkpt lat="49.543338" lon="20.117316">
      <ele>1286</ele>
      <time>2026-05-07T12:32:45Z</time>
    </trkpt>
    <trkpt lat="49.543379" lon="20.117987">
      <ele>1283</ele>
      <time>2026-05-07T12:33:14Z</time>
    </trkpt>
    <trkpt lat="49.543419" lon="20.118047">
      <ele>1282</ele>
      <time>2026-05-07T12:33:23Z</time>
    </trkpt>
    <trkpt lat="49.543438" lon="20.11811">
      <ele>1281</ele>
      <time>2026-05-07T12:33:29Z</time>
    </trkpt>
    <trkpt lat="49.54344" lon="20.118161">
      <ele>1280</ele>
      <time>2026-05-07T12:33:34Z</time>
    </trkpt>
    <trkpt lat="49.543458" lon="20.1186">
      <ele>1275</ele>
      <time>2026-05-07T12:34:18Z</time>
    </trkpt>
    <trkpt lat="49.54375" lon="20.11857">
      <ele>1281</ele>
      <time>2026-05-07T12:35:03Z</time>
    </trkpt>
    <trkpt lat="49.543821" lon="20.118554">
      <ele>1283</ele>
      <time>2026-05-07T12:35:14Z</time>
    </trkpt>
    <trkpt lat="49.543945" lon="20.118704">
      <ele>1276</ele>
      <time>2026-05-07T12:35:25Z</time>
    </trkpt>
    <trkpt lat="49.544064" lon="20.118882">
      <ele>1270</ele>
      <time>2026-05-07T12:35:37Z</time>
    </trkpt>
    <trkpt lat="49.54413" lon="20.118994">
      <ele>1268</ele>
      <time>2026-05-07T12:35:44Z</time>
    </trkpt>
    <trkpt lat="49.54416" lon="20.119089">
      <ele>1267</ele>
      <time>2026-05-07T12:35:49Z</time>
    </trkpt>
    <trkpt lat="49.544155" lon="20.119298">
      <ele>1265</ele>
      <time>2026-05-07T12:35:58Z</time>
    </trkpt>
    <trkpt lat="49.544186" lon="20.119525">
      <ele>1263</ele>
      <time>2026-05-07T12:36:08Z</time>
    </trkpt>
    <trkpt lat="49.544229" lon="20.119636">
      <ele>1262</ele>
      <time>2026-05-07T12:36:14Z</time>
    </trkpt>
    <trkpt lat="49.544313" lon="20.11976">
      <ele>1262</ele>
      <time>2026-05-07T12:36:29Z</time>
    </trkpt>
    <trkpt lat="49.544444" lon="20.119957">
      <ele>1260</ele>
      <time>2026-05-07T12:36:52Z</time>
    </trkpt>
    <trkpt lat="49.544562" lon="20.120074">
      <ele>1259</ele>
      <time>2026-05-07T12:37:10Z</time>
    </trkpt>
    <trkpt lat="49.544654" lon="20.120193">
      <ele>1258</ele>
      <time>2026-05-07T12:37:26Z</time>
    </trkpt>
    <trkpt lat="49.544727" lon="20.120304">
      <ele>1258</ele>
      <time>2026-05-07T12:37:39Z</time>
    </trkpt>
    <trkpt lat="49.544891" lon="20.120629">
      <ele>1255</ele>
      <time>2026-05-07T12:38:13Z</time>
    </trkpt>
    <trkpt lat="49.544971" lon="20.120763">
      <ele>1254</ele>
      <time>2026-05-07T12:38:28Z</time>
    </trkpt>
    <trkpt lat="49.545018" lon="20.120874">
      <ele>1252</ele>
      <time>2026-05-07T12:38:39Z</time>
    </trkpt>
    <trkpt lat="49.545051" lon="20.120977">
      <ele>1251</ele>
      <time>2026-05-07T12:38:49Z</time>
    </trkpt>
    <trkpt lat="49.545101" lon="20.121224">
      <ele>1248</ele>
      <time>2026-05-07T12:39:11Z</time>
    </trkpt>
    <trkpt lat="49.545105" lon="20.121401">
      <ele>1246</ele>
      <time>2026-05-07T12:39:26Z</time>
    </trkpt>
    <trkpt lat="49.545094" lon="20.121594">
      <ele>1245</ele>
      <time>2026-05-07T12:39:42Z</time>
    </trkpt>
    <trkpt lat="49.545101" lon="20.121878">
      <ele>1244</ele>
      <time>2026-05-07T12:40:05Z</time>
    </trkpt>
    <trkpt lat="49.545119" lon="20.122114">
      <ele>1243</ele>
      <time>2026-05-07T12:40:25Z</time>
    </trkpt>
    <trkpt lat="49.545073" lon="20.122297">
      <ele>1242</ele>
      <time>2026-05-07T12:40:41Z</time>
    </trkpt>
    <trkpt lat="49.545063" lon="20.122431">
      <ele>1241</ele>
      <time>2026-05-07T12:40:53Z</time>
    </trkpt>
    <trkpt lat="49.54507" lon="20.122597">
      <ele>1240</ele>
      <time>2026-05-07T12:41:06Z</time>
    </trkpt>
    <trkpt lat="49.545087" lon="20.12278">
      <ele>1239</ele>
      <time>2026-05-07T12:41:22Z</time>
    </trkpt>
    <trkpt lat="49.545077" lon="20.122957">
      <ele>1238</ele>
      <time>2026-05-07T12:41:37Z</time>
    </trkpt>
    <trkpt lat="49.545052" lon="20.12308">
      <ele>1237</ele>
      <time>2026-05-07T12:41:47Z</time>
    </trkpt>
    <trkpt lat="49.545052" lon="20.12322">
      <ele>1236</ele>
      <time>2026-05-07T12:41:59Z</time>
    </trkpt>
    <trkpt lat="49.545039" lon="20.123429">
      <ele>1234</ele>
      <time>2026-05-07T12:42:17Z</time>
    </trkpt>
    <trkpt lat="49.545045" lon="20.123595">
      <ele>1233</ele>
      <time>2026-05-07T12:42:30Z</time>
    </trkpt>
    <trkpt lat="49.545049" lon="20.123804">
      <ele>1231</ele>
      <time>2026-05-07T12:42:48Z</time>
    </trkpt>
    <trkpt lat="49.545077" lon="20.124118">
      <ele>1228</ele>
      <time>2026-05-07T12:43:14Z</time>
    </trkpt>
    <trkpt lat="49.545103" lon="20.12446">
      <ele>1224</ele>
      <time>2026-05-07T12:43:43Z</time>
    </trkpt>
    <trkpt lat="49.545136" lon="20.124533">
      <ele>1224</ele>
      <time>2026-05-07T12:43:51Z</time>
    </trkpt>
    <trkpt lat="49.545167" lon="20.124703">
      <ele>1223</ele>
      <time>2026-05-07T12:44:05Z</time>
    </trkpt>
    <trkpt lat="49.545209" lon="20.124991">
      <ele>1224</ele>
      <time>2026-05-07T12:44:30Z</time>
    </trkpt>
    <trkpt lat="49.545243" lon="20.125407">
      <ele>1222</ele>
      <time>2026-05-07T12:45:05Z</time>
    </trkpt>
    <trkpt lat="49.545253" lon="20.125755">
      <ele>1220</ele>
      <time>2026-05-07T12:45:34Z</time>
    </trkpt>
    <trkpt lat="49.545267" lon="20.126015">
      <ele>1218</ele>
      <time>2026-05-07T12:45:55Z</time>
    </trkpt>
    <trkpt lat="49.545283" lon="20.126147">
      <ele>1216</ele>
      <time>2026-05-07T12:46:07Z</time>
    </trkpt>
    <trkpt lat="49.545289" lon="20.126317">
      <ele>1214</ele>
      <time>2026-05-07T12:46:21Z</time>
    </trkpt>
    <trkpt lat="49.545316" lon="20.126614">
      <ele>1210</ele>
      <time>2026-05-07T12:46:46Z</time>
    </trkpt>
    <trkpt lat="49.545336" lon="20.126798">
      <ele>1208</ele>
      <time>2026-05-07T12:47:02Z</time>
    </trkpt>
    <trkpt lat="49.545385" lon="20.1272">
      <ele>1202</ele>
      <time>2026-05-07T12:47:37Z</time>
    </trkpt>
    <trkpt lat="49.545402" lon="20.127444">
      <ele>1200</ele>
      <time>2026-05-07T12:47:57Z</time>
    </trkpt>
    <trkpt lat="49.545407" lon="20.12841">
      <ele>1199</ele>
      <time>2026-05-07T12:49:17Z</time>
    </trkpt>
    <trkpt lat="49.545426" lon="20.128761">
      <ele>1198</ele>
      <time>2026-05-07T12:49:46Z</time>
    </trkpt>
    <trkpt lat="49.545409" lon="20.129299">
      <ele>1197</ele>
      <time>2026-05-07T12:50:31Z</time>
    </trkpt>
    <trkpt lat="49.545362" lon="20.129521">
      <ele>1197</ele>
      <time>2026-05-07T12:50:50Z</time>
    </trkpt>
    <trkpt lat="49.545309" lon="20.129999">
      <ele>1196</ele>
      <time>2026-05-07T12:51:31Z</time>
    </trkpt>
    <trkpt lat="49.545312" lon="20.130266">
      <ele>1198</ele>
      <time>2026-05-07T12:51:53Z</time>
    </trkpt>
    <trkpt lat="49.54538" lon="20.130789">
      <ele>1201</ele>
      <time>2026-05-07T12:52:37Z</time>
    </trkpt>
    <trkpt lat="49.545401" lon="20.131203">
      <ele>1203</ele>
      <time>2026-05-07T12:53:12Z</time>
    </trkpt>
    <trkpt lat="49.545418" lon="20.131946">
      <ele>1206</ele>
      <time>2026-05-07T12:54:13Z</time>
    </trkpt>
    <trkpt lat="49.545385" lon="20.132355">
      <ele>1207</ele>
      <time>2026-05-07T12:54:47Z</time>
    </trkpt>
    <trkpt lat="49.545369" lon="20.13268">
      <ele>1209</ele>
      <time>2026-05-07T12:55:15Z</time>
    </trkpt>
    <trkpt lat="49.545287" lon="20.13295">
      <ele>1211</ele>
      <time>2026-05-07T12:55:39Z</time>
    </trkpt>
    <trkpt lat="49.545173" lon="20.133532">
      <ele>1214</ele>
      <time>2026-05-07T12:56:30Z</time>
    </trkpt>
    <trkpt lat="49.545051" lon="20.133954">
      <ele>1219</ele>
      <time>2026-05-07T12:57:09Z</time>
    </trkpt>
    <trkpt lat="49.544906" lon="20.134273">
      <ele>1224</ele>
      <time>2026-05-07T12:57:41Z</time>
    </trkpt>
    <trkpt lat="49.544833" lon="20.134453">
      <ele>1225</ele>
      <time>2026-05-07T12:57:59Z</time>
    </trkpt>
    <trkpt lat="49.544777" lon="20.134587">
      <ele>1226</ele>
      <time>2026-05-07T12:58:12Z</time>
    </trkpt>
    <trkpt lat="49.544739" lon="20.134906">
      <ele>1229</ele>
      <time>2026-05-07T12:58:39Z</time>
    </trkpt>
    <trkpt lat="49.544712" lon="20.134995">
      <ele>1230</ele>
      <time>2026-05-07T12:58:48Z</time>
    </trkpt>
    <trkpt lat="49.544332" lon="20.13566">
      <ele>1234</ele>
      <time>2026-05-07T13:00:01Z</time>
    </trkpt>
    <trkpt lat="49.544189" lon="20.136019">
      <ele>1235</ele>
      <time>2026-05-07T13:00:36Z</time>
    </trkpt>
    <trkpt lat="49.544019" lon="20.136153">
      <ele>1233</ele>
      <time>2026-05-07T13:01:01Z</time>
    </trkpt>
    <trkpt lat="49.543977" lon="20.136287">
      <ele>1235</ele>
      <time>2026-05-07T13:01:13Z</time>
    </trkpt>
    <trkpt lat="49.543897" lon="20.136545">
      <ele>1238</ele>
      <time>2026-05-07T13:01:37Z</time>
    </trkpt>
    <trkpt lat="49.543869" lon="20.136775">
      <ele>1241</ele>
      <time>2026-05-07T13:01:57Z</time>
    </trkpt>
    <trkpt lat="49.543799" lon="20.137006">
      <ele>1241</ele>
      <time>2026-05-07T13:02:18Z</time>
    </trkpt>
    <trkpt lat="49.543759" lon="20.137298">
      <ele>1243</ele>
      <time>2026-05-07T13:02:43Z</time>
    </trkpt>
    <trkpt lat="49.543724" lon="20.137462">
      <ele>1244</ele>
      <time>2026-05-07T13:02:57Z</time>
    </trkpt>
    <trkpt lat="49.543674" lon="20.137654">
      <ele>1244</ele>
      <time>2026-05-07T13:03:14Z</time>
    </trkpt>
    <trkpt lat="49.543667" lon="20.137829">
      <ele>1246</ele>
      <time>2026-05-07T13:03:29Z</time>
    </trkpt>
    <trkpt lat="49.543653" lon="20.13805">
      <ele>1248</ele>
      <time>2026-05-07T13:03:48Z</time>
    </trkpt>
    <trkpt lat="49.543597" lon="20.138222">
      <ele>1249</ele>
      <time>2026-05-07T13:04:04Z</time>
    </trkpt>
    <trkpt lat="49.543486" lon="20.138402">
      <ele>1249</ele>
      <time>2026-05-07T13:04:24Z</time>
    </trkpt>
    <trkpt lat="49.543303" lon="20.138843">
      <ele>1250</ele>
      <time>2026-05-07T13:05:08Z</time>
    </trkpt>
    <trkpt lat="49.54307" lon="20.139315">
      <ele>1247</ele>
      <time>2026-05-07T13:05:57Z</time>
    </trkpt>
    <trkpt lat="49.542961" lon="20.1396">
      <ele>1245</ele>
      <time>2026-05-07T13:06:24Z</time>
    </trkpt>
    <trkpt lat="49.542924" lon="20.139806">
      <ele>1244</ele>
      <time>2026-05-07T13:06:42Z</time>
    </trkpt>
    <trkpt lat="49.542884" lon="20.139935">
      <ele>1244</ele>
      <time>2026-05-07T13:06:54Z</time>
    </trkpt>
    <trkpt lat="49.542807" lon="20.140109">
      <ele>1243</ele>
      <time>2026-05-07T13:07:11Z</time>
    </trkpt>
    <trkpt lat="49.542779" lon="20.14023">
      <ele>1243</ele>
      <time>2026-05-07T13:07:22Z</time>
    </trkpt>
    <trkpt lat="49.542766" lon="20.140311">
      <ele>1243</ele>
      <time>2026-05-07T13:07:29Z</time>
    </trkpt>
    <trkpt lat="49.542739" lon="20.140412">
      <ele>1243</ele>
      <time>2026-05-07T13:07:38Z</time>
    </trkpt>
    <trkpt lat="49.542673" lon="20.140538">
      <ele>1243</ele>
      <time>2026-05-07T13:07:51Z</time>
    </trkpt>
    <trkpt lat="49.542659" lon="20.140603">
      <ele>1243</ele>
      <time>2026-05-07T13:07:57Z</time>
    </trkpt>
    <trkpt lat="49.542648" lon="20.140714">
      <ele>1244</ele>
      <time>2026-05-07T13:08:06Z</time>
    </trkpt>
    <trkpt lat="49.542581" lon="20.141086">
      <ele>1242</ele>
      <time>2026-05-07T13:08:39Z</time>
    </trkpt>
    <trkpt lat="49.542581" lon="20.141279">
      <ele>1242</ele>
      <time>2026-05-07T13:08:55Z</time>
    </trkpt>
    <trkpt lat="49.542623" lon="20.141617">
      <ele>1241</ele>
      <time>2026-05-07T13:09:23Z</time>
    </trkpt>
    <trkpt lat="49.542588" lon="20.141896">
      <ele>1239</ele>
      <time>2026-05-07T13:09:47Z</time>
    </trkpt>
    <trkpt lat="49.542592" lon="20.142208">
      <ele>1239</ele>
      <time>2026-05-07T13:10:13Z</time>
    </trkpt>
    <trkpt lat="49.542651" lon="20.142577">
      <ele>1240</ele>
      <time>2026-05-07T13:10:44Z</time>
    </trkpt>
    <trkpt lat="49.542688" lon="20.143257">
      <ele>1241</ele>
      <time>2026-05-07T13:11:41Z</time>
    </trkpt>
    <trkpt lat="49.542674" lon="20.143705">
      <ele>1241</ele>
      <time>2026-05-07T13:12:18Z</time>
    </trkpt>
    <trkpt lat="49.542635" lon="20.144039">
      <ele>1243</ele>
      <time>2026-05-07T13:12:46Z</time>
    </trkpt>
    <trkpt lat="49.542638" lon="20.14475">
      <ele>1247</ele>
      <time>2026-05-07T13:13:45Z</time>
    </trkpt>
    <trkpt lat="49.542663" lon="20.144999">
      <ele>1249</ele>
      <time>2026-05-07T13:14:06Z</time>
    </trkpt>
    <trkpt lat="49.542681" lon="20.145239">
      <ele>1250</ele>
      <time>2026-05-07T13:14:26Z</time>
    </trkpt>
    <trkpt lat="49.542719" lon="20.145431">
      <ele>1252</ele>
      <time>2026-05-07T13:14:43Z</time>
    </trkpt>
    <trkpt lat="49.542758" lon="20.1465">
      <ele>1269</ele>
      <time>2026-05-07T13:16:14Z</time>
    </trkpt>
    <trkpt lat="49.54263" lon="20.146762">
      <ele>1263</ele>
      <time>2026-05-07T13:16:50Z</time>
    </trkpt>
    <trkpt lat="49.542478" lon="20.147051">
      <ele>1259</ele>
      <time>2026-05-07T13:17:29Z</time>
    </trkpt>
    <trkpt lat="49.542376" lon="20.14725">
      <ele>1259</ele>
      <time>2026-05-07T13:17:56Z</time>
    </trkpt>
    <trkpt lat="49.542233" lon="20.147464">
      <ele>1261</ele>
      <time>2026-05-07T13:18:28Z</time>
    </trkpt>
    <trkpt lat="49.542102" lon="20.147614">
      <ele>1261</ele>
      <time>2026-05-07T13:18:55Z</time>
    </trkpt>
    <trkpt lat="49.542005" lon="20.147789">
      <ele>1262</ele>
      <time>2026-05-07T13:19:19Z</time>
    </trkpt>
    <trkpt lat="49.541403" lon="20.148568">
      <ele>1265</ele>
      <time>2026-05-07T13:21:27Z</time>
    </trkpt>
    <trkpt lat="49.541123" lon="20.148801">
      <ele>1264</ele>
      <time>2026-05-07T13:22:18Z</time>
    </trkpt>
    <trkpt lat="49.540809" lon="20.149283">
      <ele>1266</ele>
      <time>2026-05-07T13:23:30Z</time>
    </trkpt>
    <trkpt lat="49.540721" lon="20.149364">
      <ele>1267</ele>
      <time>2026-05-07T13:23:47Z</time>
    </trkpt>
    <trkpt lat="49.540597" lon="20.149414">
      <ele>1266</ele>
      <time>2026-05-07T13:24:08Z</time>
    </trkpt>
    <trkpt lat="49.540459" lon="20.149465">
      <ele>1267</ele>
      <time>2026-05-07T13:24:31Z</time>
    </trkpt>
    <trkpt lat="49.540087" lon="20.149808">
      <ele>1276</ele>
      <time>2026-05-07T13:25:42Z</time>
    </trkpt>
    <trkpt lat="49.539968" lon="20.149905">
      <ele>1281</ele>
      <time>2026-05-07T13:26:05Z</time>
    </trkpt>
    <trkpt lat="49.539921" lon="20.149943">
      <ele>1282</ele>
      <time>2026-05-07T13:26:14Z</time>
    </trkpt>
    <trkpt lat="49.539829" lon="20.14991">
      <ele>1279</ele>
      <time>2026-05-07T13:26:24Z</time>
    </trkpt>
    <trkpt lat="49.539611" lon="20.149771">
      <ele>1273</ele>
      <time>2026-05-07T13:26:47Z</time>
    </trkpt>
    <trkpt lat="49.539453" lon="20.14969">
      <ele>1272</ele>
      <time>2026-05-07T13:27:03Z</time>
    </trkpt>
    <trkpt lat="49.539032" lon="20.14963">
      <ele>1261</ele>
      <time>2026-05-07T13:27:45Z</time>
    </trkpt>
    <trkpt lat="49.538428" lon="20.149457">
      <ele>1242</ele>
      <time>2026-05-07T13:28:46Z</time>
    </trkpt>
    <trkpt lat="49.538005" lon="20.149149">
      <ele>1229</ele>
      <time>2026-05-07T13:29:32Z</time>
    </trkpt>
    <trkpt lat="49.536928" lon="20.148277">
      <ele>1215</ele>
      <time>2026-05-07T13:31:30Z</time>
    </trkpt>
    <trkpt lat="49.536849" lon="20.148215">
      <ele>1215</ele>
      <time>2026-05-07T13:31:39Z</time>
    </trkpt>
    <trkpt lat="49.5367" lon="20.148185">
      <ele>1215</ele>
      <time>2026-05-07T13:31:53Z</time>
    </trkpt>
    <trkpt lat="49.536587" lon="20.148137">
      <ele>1216</ele>
      <time>2026-05-07T13:32:04Z</time>
    </trkpt>
    <trkpt lat="49.53644" lon="20.148116">
      <ele>1216</ele>
      <time>2026-05-07T13:32:19Z</time>
    </trkpt>
    <trkpt lat="49.536289" lon="20.148049">
      <ele>1218</ele>
      <time>2026-05-07T13:32:34Z</time>
    </trkpt>
    <trkpt lat="49.536233" lon="20.148043">
      <ele>1218</ele>
      <time>2026-05-07T13:32:39Z</time>
    </trkpt>
    <trkpt lat="49.536153" lon="20.148065">
      <ele>1219</ele>
      <time>2026-05-07T13:32:47Z</time>
    </trkpt>
    <trkpt lat="49.535293" lon="20.148159">
      <ele>1223</ele>
      <time>2026-05-07T13:34:10Z</time>
    </trkpt>
    <trkpt lat="49.535076" lon="20.148145">
      <ele>1225</ele>
      <time>2026-05-07T13:34:31Z</time>
    </trkpt>
    <trkpt lat="49.534915" lon="20.148135">
      <ele>1226</ele>
      <time>2026-05-07T13:34:47Z</time>
    </trkpt>
    <trkpt lat="49.534186" lon="20.147955">
      <ele>1225</ele>
      <time>2026-05-07T13:35:58Z</time>
    </trkpt>
    <trkpt lat="49.533828" lon="20.147786">
      <ele>1223</ele>
      <time>2026-05-07T13:36:34Z</time>
    </trkpt>
    <trkpt lat="49.533676" lon="20.147636">
      <ele>1222</ele>
      <time>2026-05-07T13:36:51Z</time>
    </trkpt>
    <trkpt lat="49.53358" lon="20.147477">
      <ele>1221</ele>
      <time>2026-05-07T13:37:05Z</time>
    </trkpt>
    <trkpt lat="49.533499" lon="20.147418">
      <ele>1219</ele>
      <time>2026-05-07T13:37:14Z</time>
    </trkpt>
    <trkpt lat="49.533351" lon="20.147325">
      <ele>1215</ele>
      <time>2026-05-07T13:37:29Z</time>
    </trkpt>
    <trkpt lat="49.53326" lon="20.147225">
      <ele>1212</ele>
      <time>2026-05-07T13:37:41Z</time>
    </trkpt>
    <trkpt lat="49.53298" lon="20.14708">
      <ele>1204</ele>
      <time>2026-05-07T13:38:10Z</time>
    </trkpt>
    <trkpt lat="49.53277" lon="20.147012">
      <ele>1200</ele>
      <time>2026-05-07T13:38:31Z</time>
    </trkpt>
    <trkpt lat="49.532239" lon="20.146712">
      <ele>1195</ele>
      <time>2026-05-07T13:39:25Z</time>
    </trkpt>
    <trkpt lat="49.531464" lon="20.145928">
      <ele>1188</ele>
      <time>2026-05-07T13:40:55Z</time>
    </trkpt>
    <trkpt lat="49.53122" lon="20.145763">
      <ele>1185</ele>
      <time>2026-05-07T13:41:20Z</time>
    </trkpt>
    <trkpt lat="49.530981" lon="20.145672">
      <ele>1181</ele>
      <time>2026-05-07T13:41:44Z</time>
    </trkpt>
    <trkpt lat="49.530805" lon="20.145614">
      <ele>1178</ele>
      <time>2026-05-07T13:42:02Z</time>
    </trkpt>
    <trkpt lat="49.530315" lon="20.145699">
      <ele>1165</ele>
      <time>2026-05-07T13:42:51Z</time>
    </trkpt>
    <trkpt lat="49.530039" lon="20.145731">
      <ele>1162</ele>
      <time>2026-05-07T13:43:17Z</time>
    </trkpt>
    <trkpt lat="49.52958" lon="20.145831">
      <ele>1158</ele>
      <time>2026-05-07T13:44:02Z</time>
    </trkpt>
    <trkpt lat="49.529341" lon="20.145873">
      <ele>1158</ele>
      <time>2026-05-07T13:44:25Z</time>
    </trkpt>
    <trkpt lat="49.528685" lon="20.146091">
      <ele>1152</ele>
      <time>2026-05-07T13:45:30Z</time>
    </trkpt>
    <trkpt lat="49.52836" lon="20.146123">
      <ele>1149</ele>
      <time>2026-05-07T13:46:02Z</time>
    </trkpt>
    <trkpt lat="49.527829" lon="20.146111">
      <ele>1145</ele>
      <time>2026-05-07T13:46:53Z</time>
    </trkpt>
    <trkpt lat="49.527343" lon="20.146115">
      <ele>1138</ele>
      <time>2026-05-07T13:47:40Z</time>
    </trkpt>
    <trkpt lat="49.526782" lon="20.14619">
      <ele>1133</ele>
      <time>2026-05-07T13:48:34Z</time>
    </trkpt>
    <trkpt lat="49.526451" lon="20.146125">
      <ele>1135</ele>
      <time>2026-05-07T13:49:06Z</time>
    </trkpt>
    <trkpt lat="49.526239" lon="20.146109">
      <ele>1136</ele>
      <time>2026-05-07T13:49:27Z</time>
    </trkpt>
    <trkpt lat="49.526023" lon="20.146115">
      <ele>1136</ele>
      <time>2026-05-07T13:49:48Z</time>
    </trkpt>
    <trkpt lat="49.525842" lon="20.146227">
      <ele>1135</ele>
      <time>2026-05-07T13:50:06Z</time>
    </trkpt>
    <trkpt lat="49.52563" lon="20.146313">
      <ele>1133</ele>
      <time>2026-05-07T13:50:28Z</time>
    </trkpt>
    <trkpt lat="49.525424" lon="20.146313">
      <ele>1131</ele>
      <time>2026-05-07T13:50:48Z</time>
    </trkpt>
    <trkpt lat="49.52515" lon="20.14633">
      <ele>1129</ele>
      <time>2026-05-07T13:51:14Z</time>
    </trkpt>
    <trkpt lat="49.525207" lon="20.146061">
      <ele>1131</ele>
      <time>2026-05-07T13:51:28Z</time>
    </trkpt>
    <trkpt lat="49.525261" lon="20.145814">
      <ele>1131</ele>
      <time>2026-05-07T13:51:40Z</time>
    </trkpt>
    <trkpt lat="49.525306" lon="20.1456">
      <ele>1130</ele>
      <time>2026-05-07T13:51:51Z</time>
    </trkpt>
    <trkpt lat="49.525407" lon="20.145353">
      <ele>1128</ele>
      <time>2026-05-07T13:52:05Z</time>
    </trkpt>
    <trkpt lat="49.525543" lon="20.145144">
      <ele>1125</ele>
      <time>2026-05-07T13:52:19Z</time>
    </trkpt>
    <trkpt lat="49.525689" lon="20.144972">
      <ele>1124</ele>
      <time>2026-05-07T13:52:32Z</time>
    </trkpt>
    <trkpt lat="49.525854" lon="20.144845">
      <ele>1124</ele>
      <time>2026-05-07T13:52:46Z</time>
    </trkpt>
    <trkpt lat="49.52619" lon="20.144369">
      <ele>1119</ele>
      <time>2026-05-07T13:53:20Z</time>
    </trkpt>
    <trkpt lat="49.526472" lon="20.143698">
      <ele>1114</ele>
      <time>2026-05-07T13:53:58Z</time>
    </trkpt>
    <trkpt lat="49.526521" lon="20.143493">
      <ele>1111</ele>
      <time>2026-05-07T13:54:09Z</time>
    </trkpt>
    <trkpt lat="49.52654" lon="20.143261">
      <ele>1105</ele>
      <time>2026-05-07T13:54:20Z</time>
    </trkpt>
    <trkpt lat="49.526572" lon="20.142142">
      <ele>1097</ele>
      <time>2026-05-07T13:55:14Z</time>
    </trkpt>
    <trkpt lat="49.526562" lon="20.141979">
      <ele>1096</ele>
      <time>2026-05-07T13:55:22Z</time>
    </trkpt>
    <trkpt lat="49.526495" lon="20.141741">
      <ele>1095</ele>
      <time>2026-05-07T13:55:34Z</time>
    </trkpt>
    <trkpt lat="49.526355" lon="20.14134">
      <ele>1091</ele>
      <time>2026-05-07T13:55:56Z</time>
    </trkpt>
    <trkpt lat="49.526306" lon="20.141198">
      <ele>1090</ele>
      <time>2026-05-07T13:56:04Z</time>
    </trkpt>
    <trkpt lat="49.526218" lon="20.141034">
      <ele>1088</ele>
      <time>2026-05-07T13:56:14Z</time>
    </trkpt>
    <trkpt lat="49.526109" lon="20.140881">
      <ele>1086</ele>
      <time>2026-05-07T13:56:29Z</time>
    </trkpt>
    <trkpt lat="49.52605" lon="20.140827">
      <ele>1085</ele>
      <time>2026-05-07T13:56:35Z</time>
    </trkpt>
    <trkpt lat="49.525863" lon="20.140658">
      <ele>1083</ele>
      <time>2026-05-07T13:56:57Z</time>
    </trkpt>
    <trkpt lat="49.525618" lon="20.140469">
      <ele>1080</ele>
      <time>2026-05-07T13:57:24Z</time>
    </trkpt>
    <trkpt lat="49.525168" lon="20.139969">
      <ele>1079</ele>
      <time>2026-05-07T13:58:18Z</time>
    </trkpt>
    <trkpt lat="49.525097" lon="20.139919">
      <ele>1079</ele>
      <time>2026-05-07T13:58:26Z</time>
    </trkpt>
    <trkpt lat="49.525007" lon="20.139856">
      <ele>1080</ele>
      <time>2026-05-07T13:58:36Z</time>
    </trkpt>
    <trkpt lat="49.52474" lon="20.139718">
      <ele>1081</ele>
      <time>2026-05-07T13:59:03Z</time>
    </trkpt>
    <trkpt lat="49.524167" lon="20.139311">
      <ele>1082</ele>
      <time>2026-05-07T14:00:05Z</time>
    </trkpt>
    <trkpt lat="49.52377" lon="20.138975">
      <ele>1081</ele>
      <time>2026-05-07T14:00:50Z</time>
    </trkpt>
    <trkpt lat="49.523534" lon="20.138876">
      <ele>1083</ele>
      <time>2026-05-07T14:01:14Z</time>
    </trkpt>
    <trkpt lat="49.523414" lon="20.138995">
      <ele>1083</ele>
      <time>2026-05-07T14:01:31Z</time>
    </trkpt>
    <trkpt lat="49.523301" lon="20.139094">
      <ele>1083</ele>
      <time>2026-05-07T14:01:47Z</time>
    </trkpt>
    <trkpt lat="49.52294" lon="20.139371">
      <ele>1083</ele>
      <time>2026-05-07T14:02:35Z</time>
    </trkpt>
    <trkpt lat="49.522286" lon="20.139712">
      <ele>1082</ele>
      <time>2026-05-07T14:03:57Z</time>
    </trkpt>
    <trkpt lat="49.521609" lon="20.139963">
      <ele>1075</ele>
      <time>2026-05-07T14:05:21Z</time>
    </trkpt>
    <trkpt lat="49.521481" lon="20.140027">
      <ele>1073</ele>
      <time>2026-05-07T14:05:37Z</time>
    </trkpt>
    <trkpt lat="49.521247" lon="20.14019">
      <ele>1070</ele>
      <time>2026-05-07T14:06:08Z</time>
    </trkpt>
    <trkpt lat="49.520914" lon="20.140588">
      <ele>1064</ele>
      <time>2026-05-07T14:06:58Z</time>
    </trkpt>
    <trkpt lat="49.520751" lon="20.140757">
      <ele>1061</ele>
      <time>2026-05-07T14:07:22Z</time>
    </trkpt>
    <trkpt lat="49.520467" lon="20.14099">
      <ele>1059</ele>
      <time>2026-05-07T14:08:00Z</time>
    </trkpt>
    <trkpt lat="49.519943" lon="20.1413">
      <ele>1055</ele>
      <time>2026-05-07T14:09:08Z</time>
    </trkpt>
    <trkpt lat="49.519219" lon="20.141618">
      <ele>1044</ele>
      <time>2026-05-07T14:10:38Z</time>
    </trkpt>
    <trkpt lat="49.519077" lon="20.14165">
      <ele>1042</ele>
      <time>2026-05-07T14:10:56Z</time>
    </trkpt>
    <trkpt lat="49.518918" lon="20.14163">
      <ele>1040</ele>
      <time>2026-05-07T14:11:15Z</time>
    </trkpt>
    <trkpt lat="49.518799" lon="20.141578">
      <ele>1038</ele>
      <time>2026-05-07T14:11:30Z</time>
    </trkpt>
    <trkpt lat="49.518623" lon="20.141417">
      <ele>1037</ele>
      <time>2026-05-07T14:11:54Z</time>
    </trkpt>
    <trkpt lat="49.518549" lon="20.141375">
      <ele>1035</ele>
      <time>2026-05-07T14:12:04Z</time>
    </trkpt>
    <trkpt lat="49.518416" lon="20.14138">
      <ele>1031</ele>
      <time>2026-05-07T14:12:20Z</time>
    </trkpt>
    <trkpt lat="49.518133" lon="20.141434">
      <ele>1021</ele>
      <time>2026-05-07T14:12:56Z</time>
    </trkpt>
    <trkpt lat="49.517755" lon="20.141434">
      <ele>1010</ele>
      <time>2026-05-07T14:13:42Z</time>
    </trkpt>
    <trkpt lat="49.516985" lon="20.141634">
      <ele>994</ele>
      <time>2026-05-07T14:15:17Z</time>
    </trkpt>
    <trkpt lat="49.516528" lon="20.141735">
      <ele>981</ele>
      <time>2026-05-07T14:16:14Z</time>
    </trkpt>
    <trkpt lat="49.516443" lon="20.141869">
      <ele>979</ele>
      <time>2026-05-07T14:16:30Z</time>
    </trkpt>
    <trkpt lat="49.51633" lon="20.142155">
      <ele>978</ele>
      <time>2026-05-07T14:16:58Z</time>
    </trkpt>
    <trkpt lat="49.516236" lon="20.142282">
      <ele>977</ele>
      <time>2026-05-07T14:17:14Z</time>
    </trkpt>
    <trkpt lat="49.515881" lon="20.142515">
      <ele>974</ele>
      <time>2026-05-07T14:17:49Z</time>
    </trkpt>
    <trkpt lat="49.515723" lon="20.14265">
      <ele>969</ele>
      <time>2026-05-07T14:18:06Z</time>
    </trkpt>
    <trkpt lat="49.515415" lon="20.142722">
      <ele>966</ele>
      <time>2026-05-07T14:18:35Z</time>
    </trkpt>
    <trkpt lat="49.515253" lon="20.142725">
      <ele>966</ele>
      <time>2026-05-07T14:18:50Z</time>
    </trkpt>
    <trkpt lat="49.515131" lon="20.142697">
      <ele>966</ele>
      <time>2026-05-07T14:19:01Z</time>
    </trkpt>
    <trkpt lat="49.514519" lon="20.142382">
      <ele>958</ele>
      <time>2026-05-07T14:20:00Z</time>
    </trkpt>
    <trkpt lat="49.514363" lon="20.142262">
      <ele>955</ele>
      <time>2026-05-07T14:20:16Z</time>
    </trkpt>
    <trkpt lat="49.514093" lon="20.142139">
      <ele>949</ele>
      <time>2026-05-07T14:20:43Z</time>
    </trkpt>
    <trkpt lat="49.514014" lon="20.14212">
      <ele>947</ele>
      <time>2026-05-07T14:20:50Z</time>
    </trkpt>
    <trkpt lat="49.513953" lon="20.142126">
      <ele>946</ele>
      <time>2026-05-07T14:20:56Z</time>
    </trkpt>
    <trkpt lat="49.513592" lon="20.142277">
      <ele>942</ele>
      <time>2026-05-07T14:21:30Z</time>
    </trkpt>
    <trkpt lat="49.513495" lon="20.142365">
      <ele>940</ele>
      <time>2026-05-07T14:21:40Z</time>
    </trkpt>
    <trkpt lat="49.513266" lon="20.142581">
      <ele>936</ele>
      <time>2026-05-07T14:22:05Z</time>
    </trkpt>
    <trkpt lat="49.5132" lon="20.142613">
      <ele>934</ele>
      <time>2026-05-07T14:22:11Z</time>
    </trkpt>
    <trkpt lat="49.512763" lon="20.142513">
      <ele>926</ele>
      <time>2026-05-07T14:22:52Z</time>
    </trkpt>
    <trkpt lat="49.512497" lon="20.142523">
      <ele>921</ele>
      <time>2026-05-07T14:23:17Z</time>
    </trkpt>
    <trkpt lat="49.512353" lon="20.142587">
      <ele>920</ele>
      <time>2026-05-07T14:23:31Z</time>
    </trkpt>
    <trkpt lat="49.51211" lon="20.142767">
      <ele>918</ele>
      <time>2026-05-07T14:23:55Z</time>
    </trkpt>
    <trkpt lat="49.511819" lon="20.142999">
      <ele>914</ele>
      <time>2026-05-07T14:24:26Z</time>
    </trkpt>
    <trkpt lat="49.511604" lon="20.143218">
      <ele>909</ele>
      <time>2026-05-07T14:24:49Z</time>
    </trkpt>
    <trkpt lat="49.511531" lon="20.143264">
      <ele>907</ele>
      <time>2026-05-07T14:24:57Z</time>
    </trkpt>
    <trkpt lat="49.511416" lon="20.143285">
      <ele>904</ele>
      <time>2026-05-07T14:25:08Z</time>
    </trkpt>
    <trkpt lat="49.511262" lon="20.143235">
      <ele>900</ele>
      <time>2026-05-07T14:25:22Z</time>
    </trkpt>
    <trkpt lat="49.510858" lon="20.142957">
      <ele>889</ele>
      <time>2026-05-07T14:26:04Z</time>
    </trkpt>
    <trkpt lat="49.510668" lon="20.142855">
      <ele>883</ele>
      <time>2026-05-07T14:26:23Z</time>
    </trkpt>
    <trkpt lat="49.510518" lon="20.142741">
      <ele>879</ele>
      <time>2026-05-07T14:26:38Z</time>
    </trkpt>
    <trkpt lat="49.51041" lon="20.142621">
      <ele>876</ele>
      <time>2026-05-07T14:26:51Z</time>
    </trkpt>
    <trkpt lat="49.509946" lon="20.14162">
      <ele>860</ele>
      <time>2026-05-07T14:28:05Z</time>
    </trkpt>
    <trkpt lat="49.509872" lon="20.141483">
      <ele>857</ele>
      <time>2026-05-07T14:28:16Z</time>
    </trkpt>
    <trkpt lat="49.509693" lon="20.141266">
      <ele>853</ele>
      <time>2026-05-07T14:28:37Z</time>
    </trkpt>
    <trkpt lat="49.50955" lon="20.141237">
      <ele>850</ele>
      <time>2026-05-07T14:28:50Z</time>
    </trkpt>
    <trkpt lat="49.509457" lon="20.141261">
      <ele>848</ele>
      <time>2026-05-07T14:28:59Z</time>
    </trkpt>
    <trkpt lat="49.509352" lon="20.141284">
      <ele>846</ele>
      <time>2026-05-07T14:29:09Z</time>
    </trkpt>
    <trkpt lat="49.509081" lon="20.141402">
      <ele>841</ele>
      <time>2026-05-07T14:29:35Z</time>
    </trkpt>
    <trkpt lat="49.508931" lon="20.141435">
      <ele>837</ele>
      <time>2026-05-07T14:29:49Z</time>
    </trkpt>
    <trkpt lat="49.508814" lon="20.141438">
      <ele>834</ele>
      <time>2026-05-07T14:30:00Z</time>
    </trkpt>
    <trkpt lat="49.508677" lon="20.141393">
      <ele>831</ele>
      <time>2026-05-07T14:30:13Z</time>
    </trkpt>
    <trkpt lat="49.508583" lon="20.141317">
      <ele>828</ele>
      <time>2026-05-07T14:30:23Z</time>
    </trkpt>
    <trkpt lat="49.508334" lon="20.141006">
      <ele>819</ele>
      <time>2026-05-07T14:30:53Z</time>
    </trkpt>
    <trkpt lat="49.508173" lon="20.14073">
      <ele>812</ele>
      <time>2026-05-07T14:31:16Z</time>
    </trkpt>
    <trkpt lat="49.507976" lon="20.140302">
      <ele>805</ele>
      <time>2026-05-07T14:31:48Z</time>
    </trkpt>
    <trkpt lat="49.507882" lon="20.140214">
      <ele>802</ele>
      <time>2026-05-07T14:31:58Z</time>
    </trkpt>
    <trkpt lat="49.507777" lon="20.140142">
      <ele>799</ele>
      <time>2026-05-07T14:32:09Z</time>
    </trkpt>
    <trkpt lat="49.507676" lon="20.140158">
      <ele>798</ele>
      <time>2026-05-07T14:32:18Z</time>
    </trkpt>
    <trkpt lat="49.507566" lon="20.140219">
      <ele>797</ele>
      <time>2026-05-07T14:32:29Z</time>
    </trkpt>
    <trkpt lat="49.507197" lon="20.140536">
      <ele>793</ele>
      <time>2026-05-07T14:33:07Z</time>
    </trkpt>
    <trkpt lat="49.506957" lon="20.140782">
      <ele>784</ele>
      <time>2026-05-07T14:33:35Z</time>
    </trkpt>
    <trkpt lat="49.506749" lon="20.140899">
      <ele>775</ele>
      <time>2026-05-07T14:33:56Z</time>
    </trkpt>
    <trkpt lat="49.506619" lon="20.140923">
      <ele>770</ele>
      <time>2026-05-07T14:34:09Z</time>
    </trkpt>
    <trkpt lat="49.506406" lon="20.140836">
      <ele>765</ele>
      <time>2026-05-07T14:34:30Z</time>
    </trkpt>
    <trkpt lat="49.506158" lon="20.140772">
      <ele>762</ele>
      <time>2026-05-07T14:34:53Z</time>
    </trkpt>
    <trkpt lat="49.506018" lon="20.140796">
      <ele>760</ele>
      <time>2026-05-07T14:35:06Z</time>
    </trkpt>
    <trkpt lat="49.505915" lon="20.140893">
      <ele>758</ele>
      <time>2026-05-07T14:35:17Z</time>
    </trkpt>
    <trkpt lat="49.505674" lon="20.141278">
      <ele>749</ele>
      <time>2026-05-07T14:35:49Z</time>
    </trkpt>
    <trkpt lat="49.505497" lon="20.141432">
      <ele>744</ele>
      <time>2026-05-07T14:36:08Z</time>
    </trkpt>
    <trkpt lat="49.505341" lon="20.141606">
      <ele>738</ele>
      <time>2026-05-07T14:36:27Z</time>
    </trkpt>
    <trkpt lat="49.505217" lon="20.141896">
      <ele>733</ele>
      <time>2026-05-07T14:36:48Z</time>
    </trkpt>
    <trkpt lat="49.505154" lon="20.142021">
      <ele>731</ele>
      <time>2026-05-07T14:36:57Z</time>
    </trkpt>
    <trkpt lat="49.505012" lon="20.142202">
      <ele>729</ele>
      <time>2026-05-07T14:37:14Z</time>
    </trkpt>
    <trkpt lat="49.504834" lon="20.14226">
      <ele>727</ele>
      <time>2026-05-07T14:37:37Z</time>
    </trkpt>
    <trkpt lat="49.504687" lon="20.142301">
      <ele>725</ele>
      <time>2026-05-07T14:37:55Z</time>
    </trkpt>
    <trkpt lat="49.504583" lon="20.142344">
      <ele>725</ele>
      <time>2026-05-07T14:38:08Z</time>
    </trkpt>
    <trkpt lat="49.504414" lon="20.142502">
      <ele>724</ele>
      <time>2026-05-07T14:38:33Z</time>
    </trkpt>
    <trkpt lat="49.503433" lon="20.143527">
      <ele>714</ele>
      <time>2026-05-07T14:40:59Z</time>
    </trkpt>
    <trkpt lat="49.503194" lon="20.143723">
      <ele>712</ele>
      <time>2026-05-07T14:41:33Z</time>
    </trkpt>
    <trkpt lat="49.503055" lon="20.143783">
      <ele>711</ele>
      <time>2026-05-07T14:41:50Z</time>
    </trkpt>
    <trkpt lat="49.502926" lon="20.143779">
      <ele>708</ele>
      <time>2026-05-07T14:42:07Z</time>
    </trkpt>
    <trkpt lat="49.502866" lon="20.143774">
      <ele>707</ele>
      <time>2026-05-07T14:42:14Z</time>
    </trkpt>
    <trkpt lat="49.502756" lon="20.14376">
      <ele>706</ele>
      <time>2026-05-07T14:42:24Z</time>
    </trkpt>
    <trkpt lat="49.502618" lon="20.143771">
      <ele>704</ele>
      <time>2026-05-07T14:42:37Z</time>
    </trkpt>
    <trkpt lat="49.502506" lon="20.143751">
      <ele>702</ele>
      <time>2026-05-07T14:42:48Z</time>
    </trkpt>
    <trkpt lat="49.502347" lon="20.143586">
      <ele>702</ele>
      <time>2026-05-07T14:43:06Z</time>
    </trkpt>
    <trkpt lat="49.502236" lon="20.14324">
      <ele>703</ele>
      <time>2026-05-07T14:43:29Z</time>
    </trkpt>
    <trkpt lat="49.501904" lon="20.142546">
      <ele>696</ele>
      <time>2026-05-07T14:44:21Z</time>
    </trkpt>
    <trkpt lat="49.501672" lon="20.142129">
      <ele>688</ele>
      <time>2026-05-07T14:44:55Z</time>
    </trkpt>
    <trkpt lat="49.501416" lon="20.141622">
      <ele>682</ele>
      <time>2026-05-07T14:45:34Z</time>
    </trkpt>
    <trkpt lat="49.501049" lon="20.140933">
      <ele>678</ele>
      <time>2026-05-07T14:46:28Z</time>
    </trkpt>
    <trkpt lat="49.50088" lon="20.140509">
      <ele>675</ele>
      <time>2026-05-07T14:46:58Z</time>
    </trkpt>
    <trkpt lat="49.500563" lon="20.139876">
      <ele>672</ele>
      <time>2026-05-07T14:47:46Z</time>
    </trkpt>
    <trkpt lat="49.500326" lon="20.139399">
      <ele>673</ele>
      <time>2026-05-07T14:48:23Z</time>
    </trkpt>
    <trkpt lat="49.500132" lon="20.139082">
      <ele>672</ele>
      <time>2026-05-07T14:48:49Z</time>
    </trkpt>
    <trkpt lat="49.499895" lon="20.138822">
      <ele>667</ele>
      <time>2026-05-07T14:49:16Z</time>
    </trkpt>
    <trkpt lat="49.4997" lon="20.138666">
      <ele>663</ele>
      <time>2026-05-07T14:49:37Z</time>
    </trkpt>
    <trkpt lat="49.499437" lon="20.13854">
      <ele>660</ele>
      <time>2026-05-07T14:50:03Z</time>
    </trkpt>
    <trkpt lat="49.499106" lon="20.138445">
      <ele>657</ele>
      <time>2026-05-07T14:50:34Z</time>
    </trkpt>
    <trkpt lat="49.498932" lon="20.138389">
      <ele>656</ele>
      <time>2026-05-07T14:50:51Z</time>
    </trkpt>
    <trkpt lat="49.498824" lon="20.138309">
      <ele>655</ele>
      <time>2026-05-07T14:51:02Z</time>
    </trkpt>
    <trkpt lat="49.498737" lon="20.138247">
      <ele>655</ele>
      <time>2026-05-07T14:51:11Z</time>
    </trkpt>
    <trkpt lat="49.498672" lon="20.138189">
      <ele>655</ele>
      <time>2026-05-07T14:51:18Z</time>
    </trkpt>
    <trkpt lat="49.498428" lon="20.138226">
      <ele>653</ele>
      <time>2026-05-07T14:51:40Z</time>
    </trkpt>
    <trkpt lat="49.498136" lon="20.138254">
      <ele>651</ele>
      <time>2026-05-07T14:52:08Z</time>
    </trkpt>
    <trkpt lat="49.498075" lon="20.13821">
      <ele>652</ele>
      <time>2026-05-07T14:52:14Z</time>
    </trkpt>
    <trkpt lat="49.497832" lon="20.138303">
      <ele>650</ele>
      <time>2026-05-07T14:52:39Z</time>
    </trkpt>
    <trkpt lat="49.497343" lon="20.138513">
      <ele>648</ele>
      <time>2026-05-07T14:53:31Z</time>
    </trkpt>
    <trkpt lat="49.496549" lon="20.138898">
      <ele>645</ele>
      <time>2026-05-07T14:54:56Z</time>
    </trkpt>
    <trkpt lat="49.496334" lon="20.139007">
      <ele>646</ele>
      <time>2026-05-07T14:55:19Z</time>
    </trkpt>
    <trkpt lat="49.495865" lon="20.139156">
      <ele>647</ele>
      <time>2026-05-07T14:56:07Z</time>
    </trkpt>
    <trkpt lat="49.49551" lon="20.139277">
      <ele>645</ele>
      <time>2026-05-07T14:56:44Z</time>
    </trkpt>
    <trkpt lat="49.495149" lon="20.139361">
      <ele>642</ele>
      <time>2026-05-07T14:57:21Z</time>
    </trkpt>
    <trkpt lat="49.494777" lon="20.139394">
      <ele>640</ele>
      <time>2026-05-07T14:57:59Z</time>
    </trkpt>
    <trkpt lat="49.494427" lon="20.139476">
      <ele>639</ele>
      <time>2026-05-07T14:58:35Z</time>
    </trkpt>
    <trkpt lat="49.494243" lon="20.13949">
      <ele>638</ele>
      <time>2026-05-07T14:58:54Z</time>
    </trkpt>
    <trkpt lat="49.49418" lon="20.139475">
      <ele>638</ele>
      <time>2026-05-07T14:59:00Z</time>
    </trkpt>
    <trkpt lat="49.493687" lon="20.139364">
      <ele>634</ele>
      <time>2026-05-07T14:59:51Z</time>
    </trkpt>
    <trkpt lat="49.49339" lon="20.139265">
      <ele>630</ele>
      <time>2026-05-07T15:00:22Z</time>
    </trkpt>
    <trkpt lat="49.493204" lon="20.139229">
      <ele>628</ele>
      <time>2026-05-07T15:00:41Z</time>
    </trkpt>
    <trkpt lat="49.493008" lon="20.139234">
      <ele>627</ele>
      <time>2026-05-07T15:01:01Z</time>
    </trkpt>
    <trkpt lat="49.492687" lon="20.139277">
      <ele>627</ele>
      <time>2026-05-07T15:01:34Z</time>
    </trkpt>
    <trkpt lat="49.492523" lon="20.139265">
      <ele>626</ele>
      <time>2026-05-07T15:01:51Z</time>
    </trkpt>
    <trkpt lat="49.492419" lon="20.139238">
      <ele>625</ele>
      <time>2026-05-07T15:02:01Z</time>
    </trkpt>
    <trkpt lat="49.492266" lon="20.139122">
      <ele>623</ele>
      <time>2026-05-07T15:02:19Z</time>
    </trkpt>
    <trkpt lat="49.492146" lon="20.138911">
      <ele>623</ele>
      <time>2026-05-07T15:02:37Z</time>
    </trkpt>
    <trkpt lat="49.491939" lon="20.13851">
      <ele>626</ele>
      <time>2026-05-07T15:03:11Z</time>
    </trkpt>
    <trkpt lat="49.491795" lon="20.138272">
      <ele>629</ele>
      <time>2026-05-07T15:03:33Z</time>
    </trkpt>
    <trkpt lat="49.491623" lon="20.138073">
      <ele>631</ele>
      <time>2026-05-07T15:03:54Z</time>
    </trkpt>
    <trkpt lat="49.491443" lon="20.137901">
      <ele>633</ele>
      <time>2026-05-07T15:04:16Z</time>
    </trkpt>
    <trkpt lat="49.491348" lon="20.137873">
      <ele>633</ele>
      <time>2026-05-07T15:04:26Z</time>
    </trkpt>
    <trkpt lat="49.491207" lon="20.137898">
      <ele>631</ele>
      <time>2026-05-07T15:04:40Z</time>
    </trkpt>
    <trkpt lat="49.491041" lon="20.137932">
      <ele>629</ele>
      <time>2026-05-07T15:04:58Z</time>
    </trkpt>
    <trkpt lat="49.490923" lon="20.137961">
      <ele>628</ele>
      <time>2026-05-07T15:05:10Z</time>
    </trkpt>
    <trkpt lat="49.490729" lon="20.137967">
      <ele>624</ele>
      <time>2026-05-07T15:05:30Z</time>
    </trkpt>
    <trkpt lat="49.490158" lon="20.137944">
      <ele>618</ele>
      <time>2026-05-07T15:06:28Z</time>
    </trkpt>
    <trkpt lat="49.489665" lon="20.137912">
      <ele>618</ele>
      <time>2026-05-07T15:07:18Z</time>
    </trkpt>
    <trkpt lat="49.489373" lon="20.137896">
      <ele>617</ele>
      <time>2026-05-07T15:07:48Z</time>
    </trkpt>
    <trkpt lat="49.489145" lon="20.13788">
      <ele>617</ele>
      <time>2026-05-07T15:08:11Z</time>
    </trkpt>
    <trkpt lat="49.488684" lon="20.137849">
      <ele>615</ele>
      <time>2026-05-07T15:08:58Z</time>
    </trkpt>
    <trkpt lat="49.48836" lon="20.137832">
      <ele>611</ele>
      <time>2026-05-07T15:09:31Z</time>
    </trkpt>
    <trkpt lat="49.48822" lon="20.137839">
      <ele>610</ele>
      <time>2026-05-07T15:09:45Z</time>
    </trkpt>
    <trkpt lat="49.487273" lon="20.137871">
      <ele>610</ele>
      <time>2026-05-07T15:11:21Z</time>
    </trkpt>
    <trkpt lat="49.487047" lon="20.137884">
      <ele>609</ele>
      <time>2026-05-07T15:11:44Z</time>
    </trkpt>
    <trkpt lat="49.486664" lon="20.137905">
      <ele>608</ele>
      <time>2026-05-07T15:12:23Z</time>
    </trkpt>
    <trkpt lat="49.486382" lon="20.137921">
      <ele>606</ele>
      <time>2026-05-07T15:12:52Z</time>
    </trkpt>
    <trkpt lat="49.486105" lon="20.13794">
      <ele>604</ele>
      <time>2026-05-07T15:13:20Z</time>
    </trkpt>
    <trkpt lat="49.485829" lon="20.137956">
      <ele>601</ele>
      <time>2026-05-07T15:13:48Z</time>
    </trkpt>
    <trkpt lat="49.485672" lon="20.137946">
      <ele>601</ele>
      <time>2026-05-07T15:14:04Z</time>
    </trkpt>
    <trkpt lat="49.485555" lon="20.137911">
      <ele>601</ele>
      <time>2026-05-07T15:14:16Z</time>
    </trkpt>
    <trkpt lat="49.485457" lon="20.137859">
      <ele>601</ele>
      <time>2026-05-07T15:14:27Z</time>
    </trkpt>
    <trkpt lat="49.485346" lon="20.137775">
      <ele>601</ele>
      <time>2026-05-07T15:14:39Z</time>
    </trkpt>
    <trkpt lat="49.485254" lon="20.1377">
      <ele>601</ele>
      <time>2026-05-07T15:14:50Z</time>
    </trkpt>
    <trkpt lat="49.485183" lon="20.137634">
      <ele>601</ele>
      <time>2026-05-07T15:14:58Z</time>
    </trkpt>
    <trkpt lat="49.484885" lon="20.137294">
      <ele>599</ele>
      <time>2026-05-07T15:15:36Z</time>
    </trkpt>
    <trkpt lat="49.484644" lon="20.13701">
      <ele>597</ele>
      <time>2026-05-07T15:16:07Z</time>
    </trkpt>
    <trkpt lat="49.484473" lon="20.136748">
      <ele>595</ele>
      <time>2026-05-07T15:16:31Z</time>
    </trkpt>
    <trkpt lat="49.48434" lon="20.136524">
      <ele>595</ele>
      <time>2026-05-07T15:16:51Z</time>
    </trkpt>
    <trkpt lat="49.484255" lon="20.136382">
      <ele>594</ele>
      <time>2026-05-07T15:17:04Z</time>
    </trkpt>
    <trkpt lat="49.483887" lon="20.135748">
      <ele>592</ele>
      <time>2026-05-07T15:18:00Z</time>
    </trkpt>
    <trkpt lat="49.483763" lon="20.135536">
      <ele>592</ele>
      <time>2026-05-07T15:18:19Z</time>
    </trkpt>
    <trkpt lat="49.483664" lon="20.135377">
      <ele>591</ele>
      <time>2026-05-07T15:18:34Z</time>
    </trkpt>
    <trkpt lat="49.483585" lon="20.135266">
      <ele>591</ele>
      <time>2026-05-07T15:18:44Z</time>
    </trkpt>
    <trkpt lat="49.48348" lon="20.135125">
      <ele>590</ele>
      <time>2026-05-07T15:18:59Z</time>
    </trkpt>
    <trkpt lat="49.483382" lon="20.135006">
      <ele>589</ele>
      <time>2026-05-07T15:19:11Z</time>
    </trkpt>
    <trkpt lat="49.483307" lon="20.134922">
      <ele>589</ele>
      <time>2026-05-07T15:19:21Z</time>
    </trkpt>
    <trkpt lat="49.483248" lon="20.134857">
      <ele>589</ele>
      <time>2026-05-07T15:19:28Z</time>
    </trkpt>
    <trkpt lat="49.482715" lon="20.134391">
      <ele>588</ele>
      <time>2026-05-07T15:20:30Z</time>
    </trkpt>
    <trkpt lat="49.482606" lon="20.134295">
      <ele>587</ele>
      <time>2026-05-07T15:20:43Z</time>
    </trkpt>
    <trkpt lat="49.482559" lon="20.134255">
      <ele>587</ele>
      <time>2026-05-07T15:20:49Z</time>
    </trkpt>
    <trkpt lat="49.48253" lon="20.134232">
      <ele>587</ele>
      <time>2026-05-07T15:20:52Z</time>
    </trkpt>
    <trkpt lat="49.482432" lon="20.134137">
      <ele>587</ele>
      <time>2026-05-07T15:21:04Z</time>
    </trkpt>
    <trkpt lat="49.482043" lon="20.133804">
      <ele>584</ele>
      <time>2026-05-07T15:21:49Z</time>
    </trkpt>
    <trkpt lat="49.481714" lon="20.133514">
      <ele>582</ele>
      <time>2026-05-07T15:22:27Z</time>
    </trkpt>
    <trkpt lat="49.481444" lon="20.133276">
      <ele>580</ele>
      <time>2026-05-07T15:22:59Z</time>
    </trkpt>
    <trkpt lat="49.481299" lon="20.133146">
      <ele>580</ele>
      <time>2026-05-07T15:23:16Z</time>
    </trkpt>
    <trkpt lat="49.481103" lon="20.132974">
      <ele>579</ele>
      <time>2026-05-07T15:23:39Z</time>
    </trkpt>
    <trkpt lat="49.480773" lon="20.132694">
      <ele>579</ele>
      <time>2026-05-07T15:24:17Z</time>
    </trkpt>
    <trkpt lat="49.480527" lon="20.132545">
      <ele>579</ele>
      <time>2026-05-07T15:24:44Z</time>
    </trkpt>
    <trkpt lat="49.480352" lon="20.132455">
      <ele>578</ele>
      <time>2026-05-07T15:25:03Z</time>
    </trkpt>
    <trkpt lat="49.480168" lon="20.132384">
      <ele>578</ele>
      <time>2026-05-07T15:25:22Z</time>
    </trkpt>
    <trkpt lat="49.479695" lon="20.132248">
      <ele>574</ele>
      <time>2026-05-07T15:26:11Z</time>
    </trkpt>
    <trkpt lat="49.479532" lon="20.132221">
      <ele>574</ele>
      <time>2026-05-07T15:26:28Z</time>
    </trkpt>
    <trkpt lat="49.47945" lon="20.132223">
      <ele>574</ele>
      <time>2026-05-07T15:26:36Z</time>
    </trkpt>
    <trkpt lat="49.479387" lon="20.132242">
      <ele>574</ele>
      <time>2026-05-07T15:26:42Z</time>
    </trkpt>
    <trkpt lat="49.479328" lon="20.132283">
      <ele>575</ele>
      <time>2026-05-07T15:26:49Z</time>
    </trkpt>
    <trkpt lat="49.479275" lon="20.132332">
      <ele>575</ele>
      <time>2026-05-07T15:26:55Z</time>
    </trkpt>
    <trkpt lat="49.479233" lon="20.132389">
      <ele>575</ele>
      <time>2026-05-07T15:27:01Z</time>
    </trkpt>
    <trkpt lat="49.479198" lon="20.132464">
      <ele>575</ele>
      <time>2026-05-07T15:27:07Z</time>
    </trkpt>
    <trkpt lat="49.479115" lon="20.132608">
      <ele>575</ele>
      <time>2026-05-07T15:27:20Z</time>
    </trkpt>
    <trkpt lat="49.479091" lon="20.132639">
      <ele>575</ele>
      <time>2026-05-07T15:27:23Z</time>
    </trkpt>
    <trkpt lat="49.479057" lon="20.132672">
      <ele>575</ele>
      <time>2026-05-07T15:27:27Z</time>
    </trkpt>
    <trkpt lat="49.479052" lon="20.132676">
      <ele>575</ele>
      <time>2026-05-07T15:27:28Z</time>
    </trkpt>
    <trkpt lat="49.478993" lon="20.132714">
      <ele>575</ele>
      <time>2026-05-07T15:27:34Z</time>
    </trkpt>
    <trkpt lat="49.478937" lon="20.132727">
      <ele>575</ele>
      <time>2026-05-07T15:27:40Z</time>
    </trkpt>
    <trkpt lat="49.478879" lon="20.132726">
      <ele>575</ele>
      <time>2026-05-07T15:27:46Z</time>
    </trkpt>
    <trkpt lat="49.478816" lon="20.132704">
      <ele>575</ele>
      <time>2026-05-07T15:27:52Z</time>
    </trkpt>
    <trkpt lat="49.47868" lon="20.132637">
      <ele>575</ele>
      <time>2026-05-07T15:28:07Z</time>
    </trkpt>
    <trkpt lat="49.478512" lon="20.132565">
      <ele>574</ele>
      <time>2026-05-07T15:28:25Z</time>
    </trkpt>
    <trkpt lat="49.478405" lon="20.13252">
      <ele>574</ele>
      <time>2026-05-07T15:28:36Z</time>
    </trkpt>
    <trkpt lat="49.478373" lon="20.132517">
      <ele>573</ele>
      <time>2026-05-07T15:28:39Z</time>
    </trkpt>
    <trkpt lat="49.47811" lon="20.132488">
      <ele>572</ele>
      <time>2026-05-07T15:29:06Z</time>
    </trkpt>
    <trkpt lat="49.478051" lon="20.132487">
      <ele>572</ele>
      <time>2026-05-07T15:29:12Z</time>
    </trkpt>
    <trkpt lat="49.477721" lon="20.132499">
      <ele>572</ele>
      <time>2026-05-07T15:29:45Z</time>
    </trkpt>
    <trkpt lat="49.47755" lon="20.13251">
      <ele>571</ele>
      <time>2026-05-07T15:30:03Z</time>
    </trkpt>
    <trkpt lat="49.477402" lon="20.132533">
      <ele>571</ele>
      <time>2026-05-07T15:30:18Z</time>
    </trkpt>
    <trkpt lat="49.477013" lon="20.132607">
      <ele>569</ele>
      <time>2026-05-07T15:30:58Z</time>
    </trkpt>
    <trkpt lat="49.476896" lon="20.132624">
      <ele>569</ele>
      <time>2026-05-07T15:31:10Z</time>
    </trkpt>
    <trkpt lat="49.476814" lon="20.132624">
      <ele>569</ele>
      <time>2026-05-07T15:31:18Z</time>
    </trkpt>
    <trkpt lat="49.476741" lon="20.132616">
      <ele>569</ele>
      <time>2026-05-07T15:31:25Z</time>
    </trkpt>
    <trkpt lat="49.476669" lon="20.132602">
      <ele>569</ele>
      <time>2026-05-07T15:31:33Z</time>
    </trkpt>
    <trkpt lat="49.476586" lon="20.132579">
      <ele>568</ele>
      <time>2026-05-07T15:31:41Z</time>
    </trkpt>
    <trkpt lat="49.476499" lon="20.13255">
      <ele>568</ele>
      <time>2026-05-07T15:31:50Z</time>
    </trkpt>
    <trkpt lat="49.476413" lon="20.132512">
      <ele>567</ele>
      <time>2026-05-07T15:31:59Z</time>
    </trkpt>
    <trkpt lat="49.476347" lon="20.132475">
      <ele>567</ele>
      <time>2026-05-07T15:32:07Z</time>
    </trkpt>
    <trkpt lat="49.476281" lon="20.132426">
      <ele>567</ele>
      <time>2026-05-07T15:32:14Z</time>
    </trkpt>
  </trkseg>
</trk>
</gpx>