<?xml version="1.0" encoding="UTF-8"?><gpx creator="https://mapa-turystyczna.pl" xmlns="http://www.topografix.com/GPX/1/1" version="1.1" xmlns:xsi="http://www.w3.org/2001/XMLSchema-instance" xsi:schemaLocation="http://www.topografix.com/GPX/1/1 http://www.topografix.com/GPX/1/1/gpx.xsd">
  <metadata>
    <link href="https://mapa-turystyczna.pl">
      <text>mapa-turystyczna.pl</text>
    </link>
    <time>2026-05-07T08:43:08Z</time>
    <bounds maxlat="49.614221" maxlon="19.551744" minlat="49.572104" minlon="19.510188"/>
  </metadata>

<trk>
  <name>Zawoja, Policzne – Zawoja, Policzne</name>
  <link href="https://mapa-turystyczna.pl/route/s96s">
    <text>Zawoja, Policzne – Zawoja, Policzne</text>
  </link>
  <trkseg>
    <trkpt lat="49.613726" lon="19.551744">
      <ele>705</ele>
      <time>2026-05-07T08:43:08Z</time>
    </trkpt>
    <trkpt lat="49.613836" lon="19.55165">
      <ele>704</ele>
      <time>2026-05-07T08:43:28Z</time>
    </trkpt>
    <trkpt lat="49.613915" lon="19.551595">
      <ele>704</ele>
      <time>2026-05-07T08:43:42Z</time>
    </trkpt>
    <trkpt lat="49.613984" lon="19.551555">
      <ele>704</ele>
      <time>2026-05-07T08:43:54Z</time>
    </trkpt>
    <trkpt lat="49.61405" lon="19.551525">
      <ele>704</ele>
      <time>2026-05-07T08:44:04Z</time>
    </trkpt>
    <trkpt lat="49.614221" lon="19.55147">
      <ele>704</ele>
      <time>2026-05-07T08:44:32Z</time>
    </trkpt>
    <trkpt lat="49.614189" lon="19.551259">
      <ele>705</ele>
      <time>2026-05-07T08:44:55Z</time>
    </trkpt>
    <trkpt lat="49.613889" lon="19.551089">
      <ele>706</ele>
      <time>2026-05-07T08:45:45Z</time>
    </trkpt>
    <trkpt lat="49.613676" lon="19.551106">
      <ele>708</ele>
      <time>2026-05-07T08:46:19Z</time>
    </trkpt>
    <trkpt lat="49.613528" lon="19.551137">
      <ele>709</ele>
      <time>2026-05-07T08:46:43Z</time>
    </trkpt>
    <trkpt lat="49.613469" lon="19.551124">
      <ele>709</ele>
      <time>2026-05-07T08:46:53Z</time>
    </trkpt>
    <trkpt lat="49.613282" lon="19.551108">
      <ele>710</ele>
      <time>2026-05-07T08:47:23Z</time>
    </trkpt>
    <trkpt lat="49.613184" lon="19.551075">
      <ele>711</ele>
      <time>2026-05-07T08:47:39Z</time>
    </trkpt>
    <trkpt lat="49.613071" lon="19.55101">
      <ele>711</ele>
      <time>2026-05-07T08:47:58Z</time>
    </trkpt>
    <trkpt lat="49.61301" lon="19.550977">
      <ele>712</ele>
      <time>2026-05-07T08:48:08Z</time>
    </trkpt>
    <trkpt lat="49.613009" lon="19.55093">
      <ele>712</ele>
      <time>2026-05-07T08:48:12Z</time>
    </trkpt>
    <trkpt lat="49.613011" lon="19.550839">
      <ele>712</ele>
      <time>2026-05-07T08:48:20Z</time>
    </trkpt>
    <trkpt lat="49.613007" lon="19.550781">
      <ele>714</ele>
      <time>2026-05-07T08:48:25Z</time>
    </trkpt>
    <trkpt lat="49.612993" lon="19.550744">
      <ele>715</ele>
      <time>2026-05-07T08:48:29Z</time>
    </trkpt>
    <trkpt lat="49.612961" lon="19.550666">
      <ele>717</ele>
      <time>2026-05-07T08:48:37Z</time>
    </trkpt>
    <trkpt lat="49.612872" lon="19.550611">
      <ele>717</ele>
      <time>2026-05-07T08:48:50Z</time>
    </trkpt>
    <trkpt lat="49.612804" lon="19.550541">
      <ele>718</ele>
      <time>2026-05-07T08:49:01Z</time>
    </trkpt>
    <trkpt lat="49.612727" lon="19.550481">
      <ele>719</ele>
      <time>2026-05-07T08:49:13Z</time>
    </trkpt>
    <trkpt lat="49.612655" lon="19.55035">
      <ele>721</ele>
      <time>2026-05-07T08:49:28Z</time>
    </trkpt>
    <trkpt lat="49.612615" lon="19.550242">
      <ele>722</ele>
      <time>2026-05-07T08:49:38Z</time>
    </trkpt>
    <trkpt lat="49.61259" lon="19.550108">
      <ele>724</ele>
      <time>2026-05-07T08:49:51Z</time>
    </trkpt>
    <trkpt lat="49.612527" lon="19.549975">
      <ele>725</ele>
      <time>2026-05-07T08:50:05Z</time>
    </trkpt>
    <trkpt lat="49.612446" lon="19.549879">
      <ele>727</ele>
      <time>2026-05-07T08:50:19Z</time>
    </trkpt>
    <trkpt lat="49.612319" lon="19.549765">
      <ele>728</ele>
      <time>2026-05-07T08:50:38Z</time>
    </trkpt>
    <trkpt lat="49.612031" lon="19.549461">
      <ele>728</ele>
      <time>2026-05-07T08:51:25Z</time>
    </trkpt>
    <trkpt lat="49.611778" lon="19.549149">
      <ele>730</ele>
      <time>2026-05-07T08:52:08Z</time>
    </trkpt>
    <trkpt lat="49.611546" lon="19.548855">
      <ele>737</ele>
      <time>2026-05-07T08:52:49Z</time>
    </trkpt>
    <trkpt lat="49.611235" lon="19.548572">
      <ele>743</ele>
      <time>2026-05-07T08:53:37Z</time>
    </trkpt>
    <trkpt lat="49.61117" lon="19.548491">
      <ele>745</ele>
      <time>2026-05-07T08:53:48Z</time>
    </trkpt>
    <trkpt lat="49.611112" lon="19.548453">
      <ele>745</ele>
      <time>2026-05-07T08:53:57Z</time>
    </trkpt>
    <trkpt lat="49.611018" lon="19.548349">
      <ele>748</ele>
      <time>2026-05-07T08:54:13Z</time>
    </trkpt>
    <trkpt lat="49.610963" lon="19.548287">
      <ele>749</ele>
      <time>2026-05-07T08:54:22Z</time>
    </trkpt>
    <trkpt lat="49.610919" lon="19.54822">
      <ele>750</ele>
      <time>2026-05-07T08:54:30Z</time>
    </trkpt>
    <trkpt lat="49.610886" lon="19.548144">
      <ele>751</ele>
      <time>2026-05-07T08:54:38Z</time>
    </trkpt>
    <trkpt lat="49.61085" lon="19.548025">
      <ele>753</ele>
      <time>2026-05-07T08:54:50Z</time>
    </trkpt>
    <trkpt lat="49.610824" lon="19.547964">
      <ele>754</ele>
      <time>2026-05-07T08:54:56Z</time>
    </trkpt>
    <trkpt lat="49.610713" lon="19.547809">
      <ele>756</ele>
      <time>2026-05-07T08:55:16Z</time>
    </trkpt>
    <trkpt lat="49.610608" lon="19.547674">
      <ele>759</ele>
      <time>2026-05-07T08:55:35Z</time>
    </trkpt>
    <trkpt lat="49.610563" lon="19.547597">
      <ele>760</ele>
      <time>2026-05-07T08:55:44Z</time>
    </trkpt>
    <trkpt lat="49.610526" lon="19.54751">
      <ele>762</ele>
      <time>2026-05-07T08:55:53Z</time>
    </trkpt>
    <trkpt lat="49.610497" lon="19.547407">
      <ele>763</ele>
      <time>2026-05-07T08:56:03Z</time>
    </trkpt>
    <trkpt lat="49.610447" lon="19.54734">
      <ele>763</ele>
      <time>2026-05-07T08:56:11Z</time>
    </trkpt>
    <trkpt lat="49.6104" lon="19.547199">
      <ele>765</ele>
      <time>2026-05-07T08:56:25Z</time>
    </trkpt>
    <trkpt lat="49.610314" lon="19.547018">
      <ele>766</ele>
      <time>2026-05-07T08:56:45Z</time>
    </trkpt>
    <trkpt lat="49.610088" lon="19.547026">
      <ele>767</ele>
      <time>2026-05-07T08:57:15Z</time>
    </trkpt>
    <trkpt lat="49.609941" lon="19.546976">
      <ele>768</ele>
      <time>2026-05-07T08:57:35Z</time>
    </trkpt>
    <trkpt lat="49.609759" lon="19.546969">
      <ele>768</ele>
      <time>2026-05-07T08:57:59Z</time>
    </trkpt>
    <trkpt lat="49.609585" lon="19.547018">
      <ele>766</ele>
      <time>2026-05-07T08:58:23Z</time>
    </trkpt>
    <trkpt lat="49.609289" lon="19.547033">
      <ele>766</ele>
      <time>2026-05-07T08:59:02Z</time>
    </trkpt>
    <trkpt lat="49.609003" lon="19.547004">
      <ele>769</ele>
      <time>2026-05-07T08:59:40Z</time>
    </trkpt>
    <trkpt lat="49.608888" lon="19.547026">
      <ele>770</ele>
      <time>2026-05-07T08:59:56Z</time>
    </trkpt>
    <trkpt lat="49.608792" lon="19.547026">
      <ele>770</ele>
      <time>2026-05-07T09:00:08Z</time>
    </trkpt>
    <trkpt lat="49.608641" lon="19.54701">
      <ele>770</ele>
      <time>2026-05-07T09:00:29Z</time>
    </trkpt>
    <trkpt lat="49.608403" lon="19.547013">
      <ele>772</ele>
      <time>2026-05-07T09:01:00Z</time>
    </trkpt>
    <trkpt lat="49.60816" lon="19.546982">
      <ele>775</ele>
      <time>2026-05-07T09:01:33Z</time>
    </trkpt>
    <trkpt lat="49.607991" lon="19.546955">
      <ele>778</ele>
      <time>2026-05-07T09:01:56Z</time>
    </trkpt>
    <trkpt lat="49.607918" lon="19.546936">
      <ele>778</ele>
      <time>2026-05-07T09:02:06Z</time>
    </trkpt>
    <trkpt lat="49.607841" lon="19.546933">
      <ele>779</ele>
      <time>2026-05-07T09:02:16Z</time>
    </trkpt>
    <trkpt lat="49.607688" lon="19.546901">
      <ele>780</ele>
      <time>2026-05-07T09:02:37Z</time>
    </trkpt>
    <trkpt lat="49.607521" lon="19.546801">
      <ele>780</ele>
      <time>2026-05-07T09:03:00Z</time>
    </trkpt>
    <trkpt lat="49.607367" lon="19.54679">
      <ele>781</ele>
      <time>2026-05-07T09:03:21Z</time>
    </trkpt>
    <trkpt lat="49.60721" lon="19.546762">
      <ele>782</ele>
      <time>2026-05-07T09:03:42Z</time>
    </trkpt>
    <trkpt lat="49.607056" lon="19.546652">
      <ele>783</ele>
      <time>2026-05-07T09:04:05Z</time>
    </trkpt>
    <trkpt lat="49.606643" lon="19.546351">
      <ele>788</ele>
      <time>2026-05-07T09:05:06Z</time>
    </trkpt>
    <trkpt lat="49.606478" lon="19.546277">
      <ele>790</ele>
      <time>2026-05-07T09:05:29Z</time>
    </trkpt>
    <trkpt lat="49.606383" lon="19.546196">
      <ele>791</ele>
      <time>2026-05-07T09:05:43Z</time>
    </trkpt>
    <trkpt lat="49.606168" lon="19.546113">
      <ele>795</ele>
      <time>2026-05-07T09:06:13Z</time>
    </trkpt>
    <trkpt lat="49.605962" lon="19.545623">
      <ele>792</ele>
      <time>2026-05-07T09:07:04Z</time>
    </trkpt>
    <trkpt lat="49.605795" lon="19.545364">
      <ele>789</ele>
      <time>2026-05-07T09:07:35Z</time>
    </trkpt>
    <trkpt lat="49.605703" lon="19.545313">
      <ele>789</ele>
      <time>2026-05-07T09:07:48Z</time>
    </trkpt>
    <trkpt lat="49.605504" lon="19.545256">
      <ele>790</ele>
      <time>2026-05-07T09:08:15Z</time>
    </trkpt>
    <trkpt lat="49.605104" lon="19.545114">
      <ele>790</ele>
      <time>2026-05-07T09:09:10Z</time>
    </trkpt>
    <trkpt lat="49.604782" lon="19.544954">
      <ele>786</ele>
      <time>2026-05-07T09:09:55Z</time>
    </trkpt>
    <trkpt lat="49.604336" lon="19.544891">
      <ele>781</ele>
      <time>2026-05-07T09:10:55Z</time>
    </trkpt>
    <trkpt lat="49.604141" lon="19.544853">
      <ele>778</ele>
      <time>2026-05-07T09:11:21Z</time>
    </trkpt>
    <trkpt lat="49.604091" lon="19.54479">
      <ele>776</ele>
      <time>2026-05-07T09:11:30Z</time>
    </trkpt>
    <trkpt lat="49.604161" lon="19.544694">
      <ele>774</ele>
      <time>2026-05-07T09:11:43Z</time>
    </trkpt>
    <trkpt lat="49.604293" lon="19.544592">
      <ele>773</ele>
      <time>2026-05-07T09:12:03Z</time>
    </trkpt>
    <trkpt lat="49.604667" lon="19.544323">
      <ele>770</ele>
      <time>2026-05-07T09:12:58Z</time>
    </trkpt>
    <trkpt lat="49.604886" lon="19.544119">
      <ele>764</ele>
      <time>2026-05-07T09:13:32Z</time>
    </trkpt>
    <trkpt lat="49.605059" lon="19.543908">
      <ele>760</ele>
      <time>2026-05-07T09:14:02Z</time>
    </trkpt>
    <trkpt lat="49.605214" lon="19.54364">
      <ele>758</ele>
      <time>2026-05-07T09:14:33Z</time>
    </trkpt>
    <trkpt lat="49.605367" lon="19.543359">
      <ele>756</ele>
      <time>2026-05-07T09:15:05Z</time>
    </trkpt>
    <trkpt lat="49.605559" lon="19.543164">
      <ele>754</ele>
      <time>2026-05-07T09:15:36Z</time>
    </trkpt>
    <trkpt lat="49.607132" lon="19.541973">
      <ele>742</ele>
      <time>2026-05-07T09:19:29Z</time>
    </trkpt>
    <trkpt lat="49.607408" lon="19.541863">
      <ele>741</ele>
      <time>2026-05-07T09:20:07Z</time>
    </trkpt>
    <trkpt lat="49.607626" lon="19.541829">
      <ele>741</ele>
      <time>2026-05-07T09:20:36Z</time>
    </trkpt>
    <trkpt lat="49.608759" lon="19.541667">
      <ele>733</ele>
      <time>2026-05-07T09:23:08Z</time>
    </trkpt>
    <trkpt lat="49.608753" lon="19.541561">
      <ele>732</ele>
      <time>2026-05-07T09:23:20Z</time>
    </trkpt>
    <trkpt lat="49.608666" lon="19.541443">
      <ele>732</ele>
      <time>2026-05-07T09:23:41Z</time>
    </trkpt>
    <trkpt lat="49.608572" lon="19.541405">
      <ele>732</ele>
      <time>2026-05-07T09:23:58Z</time>
    </trkpt>
    <trkpt lat="49.608523" lon="19.541338">
      <ele>732</ele>
      <time>2026-05-07T09:24:10Z</time>
    </trkpt>
    <trkpt lat="49.608486" lon="19.541083">
      <ele>732</ele>
      <time>2026-05-07T09:24:40Z</time>
    </trkpt>
    <trkpt lat="49.608477" lon="19.540926">
      <ele>732</ele>
      <time>2026-05-07T09:24:58Z</time>
    </trkpt>
    <trkpt lat="49.608436" lon="19.540769">
      <ele>732</ele>
      <time>2026-05-07T09:25:17Z</time>
    </trkpt>
    <trkpt lat="49.608387" lon="19.540677">
      <ele>732</ele>
      <time>2026-05-07T09:25:31Z</time>
    </trkpt>
    <trkpt lat="49.60832" lon="19.540598">
      <ele>732</ele>
      <time>2026-05-07T09:25:46Z</time>
    </trkpt>
    <trkpt lat="49.608177" lon="19.540539">
      <ele>733</ele>
      <time>2026-05-07T09:26:12Z</time>
    </trkpt>
    <trkpt lat="49.607977" lon="19.540594">
      <ele>734</ele>
      <time>2026-05-07T09:26:48Z</time>
    </trkpt>
    <trkpt lat="49.607628" lon="19.540665">
      <ele>738</ele>
      <time>2026-05-07T09:27:51Z</time>
    </trkpt>
    <trkpt lat="49.607299" lon="19.540766">
      <ele>740</ele>
      <time>2026-05-07T09:28:50Z</time>
    </trkpt>
    <trkpt lat="49.607141" lon="19.540788">
      <ele>741</ele>
      <time>2026-05-07T09:29:18Z</time>
    </trkpt>
    <trkpt lat="49.606924" lon="19.540678">
      <ele>744</ele>
      <time>2026-05-07T09:29:59Z</time>
    </trkpt>
    <trkpt lat="49.606762" lon="19.540584">
      <ele>747</ele>
      <time>2026-05-07T09:30:30Z</time>
    </trkpt>
    <trkpt lat="49.606557" lon="19.540532">
      <ele>750</ele>
      <time>2026-05-07T09:31:07Z</time>
    </trkpt>
    <trkpt lat="49.60624" lon="19.540447">
      <ele>755</ele>
      <time>2026-05-07T09:32:05Z</time>
    </trkpt>
    <trkpt lat="49.606092" lon="19.540409">
      <ele>757</ele>
      <time>2026-05-07T09:32:31Z</time>
    </trkpt>
    <trkpt lat="49.605903" lon="19.540387">
      <ele>760</ele>
      <time>2026-05-07T09:33:05Z</time>
    </trkpt>
    <trkpt lat="49.605762" lon="19.540388">
      <ele>761</ele>
      <time>2026-05-07T09:33:30Z</time>
    </trkpt>
    <trkpt lat="49.605636" lon="19.540354">
      <ele>763</ele>
      <time>2026-05-07T09:33:53Z</time>
    </trkpt>
    <trkpt lat="49.605519" lon="19.540233">
      <ele>763</ele>
      <time>2026-05-07T09:34:18Z</time>
    </trkpt>
    <trkpt lat="49.60536" lon="19.540155">
      <ele>765</ele>
      <time>2026-05-07T09:34:48Z</time>
    </trkpt>
    <trkpt lat="49.605193" lon="19.53995">
      <ele>766</ele>
      <time>2026-05-07T09:35:26Z</time>
    </trkpt>
    <trkpt lat="49.605046" lon="19.539719">
      <ele>769</ele>
      <time>2026-05-07T09:36:03Z</time>
    </trkpt>
    <trkpt lat="49.604972" lon="19.539638">
      <ele>771</ele>
      <time>2026-05-07T09:36:19Z</time>
    </trkpt>
    <trkpt lat="49.604741" lon="19.539622">
      <ele>774</ele>
      <time>2026-05-07T09:37:00Z</time>
    </trkpt>
    <trkpt lat="49.604588" lon="19.539553">
      <ele>776</ele>
      <time>2026-05-07T09:37:29Z</time>
    </trkpt>
    <trkpt lat="49.604264" lon="19.539344">
      <ele>781</ele>
      <time>2026-05-07T09:38:32Z</time>
    </trkpt>
    <trkpt lat="49.604134" lon="19.53922">
      <ele>783</ele>
      <time>2026-05-07T09:38:59Z</time>
    </trkpt>
    <trkpt lat="49.604054" lon="19.539052">
      <ele>784</ele>
      <time>2026-05-07T09:39:23Z</time>
    </trkpt>
    <trkpt lat="49.60398" lon="19.538963">
      <ele>784</ele>
      <time>2026-05-07T09:39:39Z</time>
    </trkpt>
    <trkpt lat="49.603891" lon="19.53889">
      <ele>785</ele>
      <time>2026-05-07T09:39:57Z</time>
    </trkpt>
    <trkpt lat="49.603694" lon="19.538775">
      <ele>789</ele>
      <time>2026-05-07T09:40:35Z</time>
    </trkpt>
    <trkpt lat="49.603551" lon="19.538745">
      <ele>791</ele>
      <time>2026-05-07T09:41:01Z</time>
    </trkpt>
    <trkpt lat="49.603439" lon="19.538653">
      <ele>794</ele>
      <time>2026-05-07T09:41:24Z</time>
    </trkpt>
    <trkpt lat="49.603342" lon="19.538452">
      <ele>798</ele>
      <time>2026-05-07T09:41:53Z</time>
    </trkpt>
    <trkpt lat="49.603253" lon="19.538334">
      <ele>801</ele>
      <time>2026-05-07T09:42:15Z</time>
    </trkpt>
    <trkpt lat="49.602969" lon="19.538014">
      <ele>809</ele>
      <time>2026-05-07T09:43:18Z</time>
    </trkpt>
    <trkpt lat="49.602725" lon="19.537724">
      <ele>816</ele>
      <time>2026-05-07T09:44:14Z</time>
    </trkpt>
    <trkpt lat="49.602589" lon="19.537688">
      <ele>817</ele>
      <time>2026-05-07T09:44:38Z</time>
    </trkpt>
    <trkpt lat="49.602502" lon="19.537709">
      <ele>817</ele>
      <time>2026-05-07T09:44:54Z</time>
    </trkpt>
    <trkpt lat="49.602471" lon="19.537972">
      <ele>817</ele>
      <time>2026-05-07T09:45:25Z</time>
    </trkpt>
    <trkpt lat="49.602457" lon="19.538192">
      <ele>817</ele>
      <time>2026-05-07T09:45:50Z</time>
    </trkpt>
    <trkpt lat="49.602419" lon="19.538417">
      <ele>819</ele>
      <time>2026-05-07T09:46:17Z</time>
    </trkpt>
    <trkpt lat="49.602294" lon="19.538653">
      <ele>823</ele>
      <time>2026-05-07T09:46:52Z</time>
    </trkpt>
    <trkpt lat="49.602151" lon="19.538771">
      <ele>825</ele>
      <time>2026-05-07T09:47:21Z</time>
    </trkpt>
    <trkpt lat="49.60195" lon="19.538879">
      <ele>829</ele>
      <time>2026-05-07T09:47:59Z</time>
    </trkpt>
    <trkpt lat="49.601657" lon="19.538954">
      <ele>834</ele>
      <time>2026-05-07T09:48:53Z</time>
    </trkpt>
    <trkpt lat="49.601324" lon="19.538975">
      <ele>838</ele>
      <time>2026-05-07T09:49:52Z</time>
    </trkpt>
    <trkpt lat="49.60087" lon="19.538967">
      <ele>848</ele>
      <time>2026-05-07T09:51:14Z</time>
    </trkpt>
    <trkpt lat="49.600575" lon="19.538939">
      <ele>852</ele>
      <time>2026-05-07T09:52:07Z</time>
    </trkpt>
    <trkpt lat="49.60034" lon="19.538851">
      <ele>855</ele>
      <time>2026-05-07T09:52:50Z</time>
    </trkpt>
    <trkpt lat="49.600157" lon="19.538765">
      <ele>857</ele>
      <time>2026-05-07T09:53:24Z</time>
    </trkpt>
    <trkpt lat="49.599992" lon="19.538598">
      <ele>859</ele>
      <time>2026-05-07T09:53:59Z</time>
    </trkpt>
    <trkpt lat="49.599816" lon="19.53814">
      <ele>864</ele>
      <time>2026-05-07T09:55:01Z</time>
    </trkpt>
    <trkpt lat="49.5997" lon="19.537935">
      <ele>868</ele>
      <time>2026-05-07T09:55:32Z</time>
    </trkpt>
    <trkpt lat="49.599728" lon="19.537441">
      <ele>869</ele>
      <time>2026-05-07T09:56:29Z</time>
    </trkpt>
    <trkpt lat="49.599686" lon="19.537158">
      <ele>872</ele>
      <time>2026-05-07T09:57:03Z</time>
    </trkpt>
    <trkpt lat="49.59954" lon="19.536831">
      <ele>874</ele>
      <time>2026-05-07T09:57:49Z</time>
    </trkpt>
    <trkpt lat="49.599329" lon="19.536564">
      <ele>879</ele>
      <time>2026-05-07T09:58:37Z</time>
    </trkpt>
    <trkpt lat="49.599142" lon="19.536408">
      <ele>884</ele>
      <time>2026-05-07T09:59:16Z</time>
    </trkpt>
    <trkpt lat="49.599028" lon="19.536192">
      <ele>886</ele>
      <time>2026-05-07T09:59:48Z</time>
    </trkpt>
    <trkpt lat="49.599007" lon="19.535903">
      <ele>887</ele>
      <time>2026-05-07T10:00:22Z</time>
    </trkpt>
    <trkpt lat="49.598992" lon="19.535476">
      <ele>888</ele>
      <time>2026-05-07T10:01:11Z</time>
    </trkpt>
    <trkpt lat="49.598883" lon="19.534872">
      <ele>895</ele>
      <time>2026-05-07T10:02:23Z</time>
    </trkpt>
    <trkpt lat="49.598856" lon="19.534488">
      <ele>898</ele>
      <time>2026-05-07T10:03:08Z</time>
    </trkpt>
    <trkpt lat="49.59815" lon="19.534227">
      <ele>910</ele>
      <time>2026-05-07T10:05:24Z</time>
    </trkpt>
    <trkpt lat="49.597997" lon="19.534212">
      <ele>911</ele>
      <time>2026-05-07T10:05:53Z</time>
    </trkpt>
    <trkpt lat="49.597846" lon="19.534089">
      <ele>913</ele>
      <time>2026-05-07T10:06:25Z</time>
    </trkpt>
    <trkpt lat="49.597633" lon="19.533781">
      <ele>917</ele>
      <time>2026-05-07T10:07:19Z</time>
    </trkpt>
    <trkpt lat="49.5969" lon="19.532957">
      <ele>922</ele>
      <time>2026-05-07T10:10:08Z</time>
    </trkpt>
    <trkpt lat="49.596271" lon="19.532346">
      <ele>925</ele>
      <time>2026-05-07T10:12:26Z</time>
    </trkpt>
    <trkpt lat="49.595921" lon="19.53204">
      <ele>926</ele>
      <time>2026-05-07T10:13:41Z</time>
    </trkpt>
    <trkpt lat="49.595575" lon="19.531735">
      <ele>925</ele>
      <time>2026-05-07T10:14:55Z</time>
    </trkpt>
    <trkpt lat="49.595229" lon="19.531535">
      <ele>930</ele>
      <time>2026-05-07T10:16:04Z</time>
    </trkpt>
    <trkpt lat="49.594535" lon="19.530543">
      <ele>942</ele>
      <time>2026-05-07T10:19:00Z</time>
    </trkpt>
    <trkpt lat="49.594291" lon="19.530387">
      <ele>944</ele>
      <time>2026-05-07T10:19:50Z</time>
    </trkpt>
    <trkpt lat="49.593339" lon="19.529777">
      <ele>951</ele>
      <time>2026-05-07T10:23:01Z</time>
    </trkpt>
    <trkpt lat="49.593062" lon="19.529624">
      <ele>953</ele>
      <time>2026-05-07T10:23:56Z</time>
    </trkpt>
    <trkpt lat="49.592384" lon="19.529278">
      <ele>961</ele>
      <time>2026-05-07T10:26:09Z</time>
    </trkpt>
    <trkpt lat="49.592191" lon="19.529179">
      <ele>964</ele>
      <time>2026-05-07T10:26:47Z</time>
    </trkpt>
    <trkpt lat="49.591758" lon="19.528951">
      <ele>972</ele>
      <time>2026-05-07T10:28:13Z</time>
    </trkpt>
    <trkpt lat="49.590939" lon="19.528679">
      <ele>996</ele>
      <time>2026-05-07T10:30:54Z</time>
    </trkpt>
    <trkpt lat="49.590641" lon="19.528547">
      <ele>1004</ele>
      <time>2026-05-07T10:31:53Z</time>
    </trkpt>
    <trkpt lat="49.590441" lon="19.528461">
      <ele>1008</ele>
      <time>2026-05-07T10:32:32Z</time>
    </trkpt>
    <trkpt lat="49.590334" lon="19.528005">
      <ele>1013</ele>
      <time>2026-05-07T10:33:31Z</time>
    </trkpt>
    <trkpt lat="49.589945" lon="19.527297">
      <ele>1028</ele>
      <time>2026-05-07T10:35:25Z</time>
    </trkpt>
    <trkpt lat="49.589768" lon="19.527088">
      <ele>1037</ele>
      <time>2026-05-07T10:36:10Z</time>
    </trkpt>
    <trkpt lat="49.589658" lon="19.527048">
      <ele>1041</ele>
      <time>2026-05-07T10:36:32Z</time>
    </trkpt>
    <trkpt lat="49.589604" lon="19.526962">
      <ele>1045</ele>
      <time>2026-05-07T10:36:47Z</time>
    </trkpt>
    <trkpt lat="49.589533" lon="19.526879">
      <ele>1048</ele>
      <time>2026-05-07T10:37:05Z</time>
    </trkpt>
    <trkpt lat="49.589481" lon="19.526726">
      <ele>1053</ele>
      <time>2026-05-07T10:37:27Z</time>
    </trkpt>
    <trkpt lat="49.589401" lon="19.526626">
      <ele>1057</ele>
      <time>2026-05-07T10:37:47Z</time>
    </trkpt>
    <trkpt lat="49.589364" lon="19.52649">
      <ele>1060</ele>
      <time>2026-05-07T10:38:06Z</time>
    </trkpt>
    <trkpt lat="49.589262" lon="19.526237">
      <ele>1066</ele>
      <time>2026-05-07T10:38:43Z</time>
    </trkpt>
    <trkpt lat="49.58922" lon="19.525996">
      <ele>1071</ele>
      <time>2026-05-07T10:39:14Z</time>
    </trkpt>
    <trkpt lat="49.589197" lon="19.525771">
      <ele>1075</ele>
      <time>2026-05-07T10:39:42Z</time>
    </trkpt>
    <trkpt lat="49.589113" lon="19.525527">
      <ele>1080</ele>
      <time>2026-05-07T10:40:17Z</time>
    </trkpt>
    <trkpt lat="49.589048" lon="19.525326">
      <ele>1083</ele>
      <time>2026-05-07T10:40:44Z</time>
    </trkpt>
    <trkpt lat="49.588985" lon="19.525041">
      <ele>1088</ele>
      <time>2026-05-07T10:41:21Z</time>
    </trkpt>
    <trkpt lat="49.588991" lon="19.524843">
      <ele>1091</ele>
      <time>2026-05-07T10:41:46Z</time>
    </trkpt>
    <trkpt lat="49.589048" lon="19.524639">
      <ele>1093</ele>
      <time>2026-05-07T10:42:13Z</time>
    </trkpt>
    <trkpt lat="49.589148" lon="19.524371">
      <ele>1096</ele>
      <time>2026-05-07T10:42:50Z</time>
    </trkpt>
    <trkpt lat="49.58917" lon="19.524278">
      <ele>1097</ele>
      <time>2026-05-07T10:43:02Z</time>
    </trkpt>
    <trkpt lat="49.589176" lon="19.524216">
      <ele>1098</ele>
      <time>2026-05-07T10:43:10Z</time>
    </trkpt>
    <trkpt lat="49.589172" lon="19.524153">
      <ele>1099</ele>
      <time>2026-05-07T10:43:18Z</time>
    </trkpt>
    <trkpt lat="49.589173" lon="19.524125">
      <ele>1100</ele>
      <time>2026-05-07T10:43:21Z</time>
    </trkpt>
    <trkpt lat="49.589174" lon="19.524084">
      <ele>1101</ele>
      <time>2026-05-07T10:43:27Z</time>
    </trkpt>
    <trkpt lat="49.589185" lon="19.524048">
      <ele>1101</ele>
      <time>2026-05-07T10:43:31Z</time>
    </trkpt>
    <trkpt lat="49.58921" lon="19.524001">
      <ele>1102</ele>
      <time>2026-05-07T10:43:39Z</time>
    </trkpt>
    <trkpt lat="49.589226" lon="19.523971">
      <ele>1103</ele>
      <time>2026-05-07T10:43:44Z</time>
    </trkpt>
    <trkpt lat="49.589315" lon="19.523816">
      <ele>1106</ele>
      <time>2026-05-07T10:44:09Z</time>
    </trkpt>
    <trkpt lat="49.589337" lon="19.523598">
      <ele>1110</ele>
      <time>2026-05-07T10:44:37Z</time>
    </trkpt>
    <trkpt lat="49.589357" lon="19.523561">
      <ele>1110</ele>
      <time>2026-05-07T10:44:43Z</time>
    </trkpt>
    <trkpt lat="49.589502" lon="19.523389">
      <ele>1111</ele>
      <time>2026-05-07T10:45:16Z</time>
    </trkpt>
    <trkpt lat="49.589541" lon="19.523298">
      <ele>1111</ele>
      <time>2026-05-07T10:45:30Z</time>
    </trkpt>
    <trkpt lat="49.589538" lon="19.52322">
      <ele>1112</ele>
      <time>2026-05-07T10:45:39Z</time>
    </trkpt>
    <trkpt lat="49.589622" lon="19.522877">
      <ele>1113</ele>
      <time>2026-05-07T10:46:23Z</time>
    </trkpt>
    <trkpt lat="49.58959" lon="19.522777">
      <ele>1114</ele>
      <time>2026-05-07T10:46:37Z</time>
    </trkpt>
    <trkpt lat="49.58957" lon="19.522654">
      <ele>1116</ele>
      <time>2026-05-07T10:46:52Z</time>
    </trkpt>
    <trkpt lat="49.589509" lon="19.522513">
      <ele>1117</ele>
      <time>2026-05-07T10:47:13Z</time>
    </trkpt>
    <trkpt lat="49.589449" lon="19.52239">
      <ele>1119</ele>
      <time>2026-05-07T10:47:32Z</time>
    </trkpt>
    <trkpt lat="49.589358" lon="19.522312">
      <ele>1121</ele>
      <time>2026-05-07T10:47:51Z</time>
    </trkpt>
    <trkpt lat="49.589269" lon="19.522323">
      <ele>1122</ele>
      <time>2026-05-07T10:48:08Z</time>
    </trkpt>
    <trkpt lat="49.589072" lon="19.522266">
      <ele>1126</ele>
      <time>2026-05-07T10:48:45Z</time>
    </trkpt>
    <trkpt lat="49.588981" lon="19.522273">
      <ele>1127</ele>
      <time>2026-05-07T10:49:02Z</time>
    </trkpt>
    <trkpt lat="49.588893" lon="19.52225">
      <ele>1128</ele>
      <time>2026-05-07T10:49:19Z</time>
    </trkpt>
    <trkpt lat="49.588804" lon="19.52208">
      <ele>1131</ele>
      <time>2026-05-07T10:49:46Z</time>
    </trkpt>
    <trkpt lat="49.588787" lon="19.521843">
      <ele>1133</ele>
      <time>2026-05-07T10:50:15Z</time>
    </trkpt>
    <trkpt lat="49.588784" lon="19.521536">
      <ele>1136</ele>
      <time>2026-05-07T10:50:52Z</time>
    </trkpt>
    <trkpt lat="49.588749" lon="19.521321">
      <ele>1138</ele>
      <time>2026-05-07T10:51:19Z</time>
    </trkpt>
    <trkpt lat="49.588754" lon="19.521208">
      <ele>1137</ele>
      <time>2026-05-07T10:51:33Z</time>
    </trkpt>
    <trkpt lat="49.588869" lon="19.520883">
      <ele>1138</ele>
      <time>2026-05-07T10:52:17Z</time>
    </trkpt>
    <trkpt lat="49.58893" lon="19.520611">
      <ele>1139</ele>
      <time>2026-05-07T10:52:52Z</time>
    </trkpt>
    <trkpt lat="49.58894" lon="19.52006">
      <ele>1148</ele>
      <time>2026-05-07T10:54:00Z</time>
    </trkpt>
    <trkpt lat="49.588911" lon="19.519847">
      <ele>1153</ele>
      <time>2026-05-07T10:54:27Z</time>
    </trkpt>
    <trkpt lat="49.588878" lon="19.519767">
      <ele>1155</ele>
      <time>2026-05-07T10:54:39Z</time>
    </trkpt>
    <trkpt lat="49.588843" lon="19.519312">
      <ele>1164</ele>
      <time>2026-05-07T10:55:36Z</time>
    </trkpt>
    <trkpt lat="49.588789" lon="19.5191">
      <ele>1168</ele>
      <time>2026-05-07T10:56:05Z</time>
    </trkpt>
    <trkpt lat="49.588646" lon="19.518641">
      <ele>1172</ele>
      <time>2026-05-07T10:57:06Z</time>
    </trkpt>
    <trkpt lat="49.588578" lon="19.518398">
      <ele>1173</ele>
      <time>2026-05-07T10:57:38Z</time>
    </trkpt>
    <trkpt lat="49.588549" lon="19.518156">
      <ele>1176</ele>
      <time>2026-05-07T10:58:08Z</time>
    </trkpt>
    <trkpt lat="49.588363" lon="19.517859">
      <ele>1182</ele>
      <time>2026-05-07T10:59:00Z</time>
    </trkpt>
    <trkpt lat="49.588283" lon="19.51773">
      <ele>1185</ele>
      <time>2026-05-07T10:59:23Z</time>
    </trkpt>
    <trkpt lat="49.588211" lon="19.517722">
      <ele>1186</ele>
      <time>2026-05-07T10:59:37Z</time>
    </trkpt>
    <trkpt lat="49.588139" lon="19.517696">
      <ele>1188</ele>
      <time>2026-05-07T10:59:51Z</time>
    </trkpt>
    <trkpt lat="49.588067" lon="19.517629">
      <ele>1190</ele>
      <time>2026-05-07T11:00:08Z</time>
    </trkpt>
    <trkpt lat="49.588022" lon="19.517567">
      <ele>1190</ele>
      <time>2026-05-07T11:00:19Z</time>
    </trkpt>
    <trkpt lat="49.587972" lon="19.517443">
      <ele>1191</ele>
      <time>2026-05-07T11:00:37Z</time>
    </trkpt>
    <trkpt lat="49.587916" lon="19.517363">
      <ele>1192</ele>
      <time>2026-05-07T11:00:52Z</time>
    </trkpt>
    <trkpt lat="49.587831" lon="19.517289">
      <ele>1193</ele>
      <time>2026-05-07T11:01:11Z</time>
    </trkpt>
    <trkpt lat="49.587712" lon="19.517012">
      <ele>1189</ele>
      <time>2026-05-07T11:01:52Z</time>
    </trkpt>
    <trkpt lat="49.587675" lon="19.516855">
      <ele>1188</ele>
      <time>2026-05-07T11:02:13Z</time>
    </trkpt>
    <trkpt lat="49.587582" lon="19.516775">
      <ele>1188</ele>
      <time>2026-05-07T11:02:33Z</time>
    </trkpt>
    <trkpt lat="49.587535" lon="19.516719">
      <ele>1188</ele>
      <time>2026-05-07T11:02:45Z</time>
    </trkpt>
    <trkpt lat="49.587426" lon="19.516633">
      <ele>1188</ele>
      <time>2026-05-07T11:03:08Z</time>
    </trkpt>
    <trkpt lat="49.587386" lon="19.516778">
      <ele>1191</ele>
      <time>2026-05-07T11:03:23Z</time>
    </trkpt>
    <trkpt lat="49.587346" lon="19.516953">
      <ele>1194</ele>
      <time>2026-05-07T11:03:39Z</time>
    </trkpt>
    <trkpt lat="49.587307" lon="19.517044">
      <ele>1196</ele>
      <time>2026-05-07T11:03:50Z</time>
    </trkpt>
    <trkpt lat="49.587258" lon="19.517066">
      <ele>1198</ele>
      <time>2026-05-07T11:03:57Z</time>
    </trkpt>
    <trkpt lat="49.587205" lon="19.517112">
      <ele>1201</ele>
      <time>2026-05-07T11:04:06Z</time>
    </trkpt>
    <trkpt lat="49.587167" lon="19.517225">
      <ele>1203</ele>
      <time>2026-05-07T11:04:18Z</time>
    </trkpt>
    <trkpt lat="49.587156" lon="19.517332">
      <ele>1205</ele>
      <time>2026-05-07T11:04:28Z</time>
    </trkpt>
    <trkpt lat="49.587117" lon="19.517493">
      <ele>1207</ele>
      <time>2026-05-07T11:04:43Z</time>
    </trkpt>
    <trkpt lat="49.587052" lon="19.517649">
      <ele>1207</ele>
      <time>2026-05-07T11:05:00Z</time>
    </trkpt>
    <trkpt lat="49.586975" lon="19.517736">
      <ele>1208</ele>
      <time>2026-05-07T11:05:13Z</time>
    </trkpt>
    <trkpt lat="49.586912" lon="19.517803">
      <ele>1210</ele>
      <time>2026-05-07T11:05:24Z</time>
    </trkpt>
    <trkpt lat="49.586808" lon="19.517973">
      <ele>1210</ele>
      <time>2026-05-07T11:05:44Z</time>
    </trkpt>
    <trkpt lat="49.586769" lon="19.518108">
      <ele>1209</ele>
      <time>2026-05-07T11:05:58Z</time>
    </trkpt>
    <trkpt lat="49.586737" lon="19.518259">
      <ele>1208</ele>
      <time>2026-05-07T11:06:12Z</time>
    </trkpt>
    <trkpt lat="49.586675" lon="19.518381">
      <ele>1207</ele>
      <time>2026-05-07T11:06:26Z</time>
    </trkpt>
    <trkpt lat="49.586603" lon="19.518479">
      <ele>1209</ele>
      <time>2026-05-07T11:06:39Z</time>
    </trkpt>
    <trkpt lat="49.586571" lon="19.518637">
      <ele>1209</ele>
      <time>2026-05-07T11:06:54Z</time>
    </trkpt>
    <trkpt lat="49.58659" lon="19.518849">
      <ele>1207</ele>
      <time>2026-05-07T11:07:13Z</time>
    </trkpt>
    <trkpt lat="49.58661" lon="19.518949">
      <ele>1206</ele>
      <time>2026-05-07T11:07:23Z</time>
    </trkpt>
    <trkpt lat="49.586615" lon="19.519123">
      <ele>1205</ele>
      <time>2026-05-07T11:07:38Z</time>
    </trkpt>
    <trkpt lat="49.586653" lon="19.519253">
      <ele>1203</ele>
      <time>2026-05-07T11:07:51Z</time>
    </trkpt>
    <trkpt lat="49.586653" lon="19.51942">
      <ele>1201</ele>
      <time>2026-05-07T11:08:06Z</time>
    </trkpt>
    <trkpt lat="49.586603" lon="19.519493">
      <ele>1202</ele>
      <time>2026-05-07T11:08:16Z</time>
    </trkpt>
    <trkpt lat="49.58656" lon="19.519514">
      <ele>1202</ele>
      <time>2026-05-07T11:08:22Z</time>
    </trkpt>
    <trkpt lat="49.586488" lon="19.519565">
      <ele>1203</ele>
      <time>2026-05-07T11:08:33Z</time>
    </trkpt>
    <trkpt lat="49.586386" lon="19.51962">
      <ele>1203</ele>
      <time>2026-05-07T11:08:48Z</time>
    </trkpt>
    <trkpt lat="49.586222" lon="19.519629">
      <ele>1206</ele>
      <time>2026-05-07T11:09:10Z</time>
    </trkpt>
    <trkpt lat="49.586093" lon="19.519646">
      <ele>1207</ele>
      <time>2026-05-07T11:09:28Z</time>
    </trkpt>
    <trkpt lat="49.586024" lon="19.519685">
      <ele>1208</ele>
      <time>2026-05-07T11:09:38Z</time>
    </trkpt>
    <trkpt lat="49.585912" lon="19.519741">
      <ele>1209</ele>
      <time>2026-05-07T11:09:55Z</time>
    </trkpt>
    <trkpt lat="49.5858" lon="19.519756">
      <ele>1211</ele>
      <time>2026-05-07T11:10:10Z</time>
    </trkpt>
    <trkpt lat="49.585688" lon="19.519796">
      <ele>1211</ele>
      <time>2026-05-07T11:10:26Z</time>
    </trkpt>
    <trkpt lat="49.585567" lon="19.519952">
      <ele>1210</ele>
      <time>2026-05-07T11:10:48Z</time>
    </trkpt>
    <trkpt lat="49.585487" lon="19.520091">
      <ele>1208</ele>
      <time>2026-05-07T11:11:05Z</time>
    </trkpt>
    <trkpt lat="49.585372" lon="19.520305">
      <ele>1205</ele>
      <time>2026-05-07T11:11:30Z</time>
    </trkpt>
    <trkpt lat="49.585308" lon="19.520392">
      <ele>1204</ele>
      <time>2026-05-07T11:11:42Z</time>
    </trkpt>
    <trkpt lat="49.585216" lon="19.520459">
      <ele>1205</ele>
      <time>2026-05-07T11:11:56Z</time>
    </trkpt>
    <trkpt lat="49.585145" lon="19.520493">
      <ele>1205</ele>
      <time>2026-05-07T11:12:06Z</time>
    </trkpt>
    <trkpt lat="49.585003" lon="19.520516">
      <ele>1206</ele>
      <time>2026-05-07T11:12:25Z</time>
    </trkpt>
    <trkpt lat="49.584979" lon="19.520571">
      <ele>1206</ele>
      <time>2026-05-07T11:12:31Z</time>
    </trkpt>
    <trkpt lat="49.584903" lon="19.520717">
      <ele>1207</ele>
      <time>2026-05-07T11:12:48Z</time>
    </trkpt>
    <trkpt lat="49.58479" lon="19.520862">
      <ele>1209</ele>
      <time>2026-05-07T11:13:08Z</time>
    </trkpt>
    <trkpt lat="49.584751" lon="19.520996">
      <ele>1208</ele>
      <time>2026-05-07T11:13:22Z</time>
    </trkpt>
    <trkpt lat="49.584687" lon="19.521055">
      <ele>1209</ele>
      <time>2026-05-07T11:13:32Z</time>
    </trkpt>
    <trkpt lat="49.584552" lon="19.521325">
      <ele>1211</ele>
      <time>2026-05-07T11:14:02Z</time>
    </trkpt>
    <trkpt lat="49.584502" lon="19.521384">
      <ele>1212</ele>
      <time>2026-05-07T11:14:11Z</time>
    </trkpt>
    <trkpt lat="49.584419" lon="19.52144">
      <ele>1214</ele>
      <time>2026-05-07T11:14:24Z</time>
    </trkpt>
    <trkpt lat="49.584368" lon="19.521534">
      <ele>1214</ele>
      <time>2026-05-07T11:14:35Z</time>
    </trkpt>
    <trkpt lat="49.584308" lon="19.521732">
      <ele>1213</ele>
      <time>2026-05-07T11:14:54Z</time>
    </trkpt>
    <trkpt lat="49.584196" lon="19.521953">
      <ele>1213</ele>
      <time>2026-05-07T11:15:19Z</time>
    </trkpt>
    <trkpt lat="49.584053" lon="19.522152">
      <ele>1214</ele>
      <time>2026-05-07T11:15:46Z</time>
    </trkpt>
    <trkpt lat="49.583974" lon="19.522328">
      <ele>1214</ele>
      <time>2026-05-07T11:16:05Z</time>
    </trkpt>
    <trkpt lat="49.58397" lon="19.522547">
      <ele>1210</ele>
      <time>2026-05-07T11:16:25Z</time>
    </trkpt>
    <trkpt lat="49.583914" lon="19.522716">
      <ele>1211</ele>
      <time>2026-05-07T11:16:42Z</time>
    </trkpt>
    <trkpt lat="49.583823" lon="19.522907">
      <ele>1213</ele>
      <time>2026-05-07T11:17:03Z</time>
    </trkpt>
    <trkpt lat="49.583759" lon="19.522941">
      <ele>1215</ele>
      <time>2026-05-07T11:17:13Z</time>
    </trkpt>
    <trkpt lat="49.583713" lon="19.523003">
      <ele>1217</ele>
      <time>2026-05-07T11:17:22Z</time>
    </trkpt>
    <trkpt lat="49.583666" lon="19.523111">
      <ele>1217</ele>
      <time>2026-05-07T11:17:33Z</time>
    </trkpt>
    <trkpt lat="49.58365" lon="19.523235">
      <ele>1217</ele>
      <time>2026-05-07T11:17:44Z</time>
    </trkpt>
    <trkpt lat="49.583669" lon="19.523345">
      <ele>1215</ele>
      <time>2026-05-07T11:17:55Z</time>
    </trkpt>
    <trkpt lat="49.583636" lon="19.523446">
      <ele>1215</ele>
      <time>2026-05-07T11:18:05Z</time>
    </trkpt>
    <trkpt lat="49.583617" lon="19.523462">
      <ele>1215</ele>
      <time>2026-05-07T11:18:08Z</time>
    </trkpt>
    <trkpt lat="49.583542" lon="19.523566">
      <ele>1217</ele>
      <time>2026-05-07T11:18:38Z</time>
    </trkpt>
    <trkpt lat="49.583473" lon="19.523663">
      <ele>1219</ele>
      <time>2026-05-07T11:19:06Z</time>
    </trkpt>
    <trkpt lat="49.583391" lon="19.5237">
      <ele>1221</ele>
      <time>2026-05-07T11:19:32Z</time>
    </trkpt>
    <trkpt lat="49.583301" lon="19.523711">
      <ele>1224</ele>
      <time>2026-05-07T11:19:59Z</time>
    </trkpt>
    <trkpt lat="49.583242" lon="19.523781">
      <ele>1225</ele>
      <time>2026-05-07T11:20:21Z</time>
    </trkpt>
    <trkpt lat="49.58316" lon="19.523885">
      <ele>1226</ele>
      <time>2026-05-07T11:20:52Z</time>
    </trkpt>
    <trkpt lat="49.583033" lon="19.523901">
      <ele>1229</ele>
      <time>2026-05-07T11:21:31Z</time>
    </trkpt>
    <trkpt lat="49.58288" lon="19.523917">
      <ele>1233</ele>
      <time>2026-05-07T11:22:17Z</time>
    </trkpt>
    <trkpt lat="49.582722" lon="19.52388">
      <ele>1237</ele>
      <time>2026-05-07T11:23:05Z</time>
    </trkpt>
    <trkpt lat="49.582628" lon="19.523815">
      <ele>1240</ele>
      <time>2026-05-07T11:23:36Z</time>
    </trkpt>
    <trkpt lat="49.582517" lon="19.523767">
      <ele>1242</ele>
      <time>2026-05-07T11:24:10Z</time>
    </trkpt>
    <trkpt lat="49.582445" lon="19.523671">
      <ele>1245</ele>
      <time>2026-05-07T11:24:39Z</time>
    </trkpt>
    <trkpt lat="49.582369" lon="19.523684">
      <ele>1246</ele>
      <time>2026-05-07T11:25:02Z</time>
    </trkpt>
    <trkpt lat="49.582298" lon="19.523646">
      <ele>1248</ele>
      <time>2026-05-07T11:25:24Z</time>
    </trkpt>
    <trkpt lat="49.582171" lon="19.523596">
      <ele>1251</ele>
      <time>2026-05-07T11:26:04Z</time>
    </trkpt>
    <trkpt lat="49.581983" lon="19.523478">
      <ele>1256</ele>
      <time>2026-05-07T11:27:04Z</time>
    </trkpt>
    <trkpt lat="49.581543" lon="19.523092">
      <ele>1269</ele>
      <time>2026-05-07T11:29:37Z</time>
    </trkpt>
    <trkpt lat="49.581499" lon="19.523063">
      <ele>1270</ele>
      <time>2026-05-07T11:29:51Z</time>
    </trkpt>
    <trkpt lat="49.58069" lon="19.522528">
      <ele>1295</ele>
      <time>2026-05-07T11:34:17Z</time>
    </trkpt>
    <trkpt lat="49.580494" lon="19.522445">
      <ele>1299</ele>
      <time>2026-05-07T11:35:18Z</time>
    </trkpt>
    <trkpt lat="49.580366" lon="19.522378">
      <ele>1302</ele>
      <time>2026-05-07T11:35:58Z</time>
    </trkpt>
    <trkpt lat="49.580257" lon="19.522393">
      <ele>1304</ele>
      <time>2026-05-07T11:36:31Z</time>
    </trkpt>
    <trkpt lat="49.579635" lon="19.521944">
      <ele>1322</ele>
      <time>2026-05-07T11:39:57Z</time>
    </trkpt>
    <trkpt lat="49.579535" lon="19.521959">
      <ele>1323</ele>
      <time>2026-05-07T11:40:27Z</time>
    </trkpt>
    <trkpt lat="49.57929" lon="19.522045">
      <ele>1326</ele>
      <time>2026-05-07T11:41:41Z</time>
    </trkpt>
    <trkpt lat="49.578965" lon="19.522048">
      <ele>1330</ele>
      <time>2026-05-07T11:43:17Z</time>
    </trkpt>
    <trkpt lat="49.578667" lon="19.521902">
      <ele>1335</ele>
      <time>2026-05-07T11:44:50Z</time>
    </trkpt>
    <trkpt lat="49.578448" lon="19.521796">
      <ele>1340</ele>
      <time>2026-05-07T11:45:58Z</time>
    </trkpt>
    <trkpt lat="49.578126" lon="19.521787">
      <ele>1345</ele>
      <time>2026-05-07T11:47:33Z</time>
    </trkpt>
    <trkpt lat="49.577815" lon="19.521652">
      <ele>1350</ele>
      <time>2026-05-07T11:49:09Z</time>
    </trkpt>
    <trkpt lat="49.577612" lon="19.521592">
      <ele>1352</ele>
      <time>2026-05-07T11:50:10Z</time>
    </trkpt>
    <trkpt lat="49.577513" lon="19.521608">
      <ele>1353</ele>
      <time>2026-05-07T11:50:39Z</time>
    </trkpt>
    <trkpt lat="49.577452" lon="19.521667">
      <ele>1353</ele>
      <time>2026-05-07T11:51:00Z</time>
    </trkpt>
    <trkpt lat="49.577346" lon="19.52185">
      <ele>1357</ele>
      <time>2026-05-07T11:51:48Z</time>
    </trkpt>
    <trkpt lat="49.577179" lon="19.522007">
      <ele>1362</ele>
      <time>2026-05-07T11:52:47Z</time>
    </trkpt>
    <trkpt lat="49.577059" lon="19.52211">
      <ele>1366</ele>
      <time>2026-05-07T11:53:29Z</time>
    </trkpt>
    <trkpt lat="49.576922" lon="19.522182">
      <ele>1370</ele>
      <time>2026-05-07T11:54:12Z</time>
    </trkpt>
    <trkpt lat="49.57682" lon="19.522236">
      <ele>1374</ele>
      <time>2026-05-07T11:54:45Z</time>
    </trkpt>
    <trkpt lat="49.576678" lon="19.522364">
      <ele>1379</ele>
      <time>2026-05-07T11:55:35Z</time>
    </trkpt>
    <trkpt lat="49.576619" lon="19.522485">
      <ele>1382</ele>
      <time>2026-05-07T11:56:05Z</time>
    </trkpt>
    <trkpt lat="49.576548" lon="19.5226">
      <ele>1385</ele>
      <time>2026-05-07T11:56:36Z</time>
    </trkpt>
    <trkpt lat="49.576496" lon="19.522625">
      <ele>1387</ele>
      <time>2026-05-07T11:56:53Z</time>
    </trkpt>
    <trkpt lat="49.576435" lon="19.52259">
      <ele>1389</ele>
      <time>2026-05-07T11:57:13Z</time>
    </trkpt>
    <trkpt lat="49.576405" lon="19.522533">
      <ele>1390</ele>
      <time>2026-05-07T11:57:27Z</time>
    </trkpt>
    <trkpt lat="49.576349" lon="19.522367">
      <ele>1392</ele>
      <time>2026-05-07T11:58:03Z</time>
    </trkpt>
    <trkpt lat="49.576306" lon="19.522246">
      <ele>1393</ele>
      <time>2026-05-07T11:58:30Z</time>
    </trkpt>
    <trkpt lat="49.57629" lon="19.522193">
      <ele>1394</ele>
      <time>2026-05-07T11:58:41Z</time>
    </trkpt>
    <trkpt lat="49.576242" lon="19.522161">
      <ele>1396</ele>
      <time>2026-05-07T11:58:57Z</time>
    </trkpt>
    <trkpt lat="49.576193" lon="19.522148">
      <ele>1398</ele>
      <time>2026-05-07T11:59:12Z</time>
    </trkpt>
    <trkpt lat="49.576134" lon="19.522179">
      <ele>1400</ele>
      <time>2026-05-07T11:59:32Z</time>
    </trkpt>
    <trkpt lat="49.576087" lon="19.522183">
      <ele>1403</ele>
      <time>2026-05-07T11:59:47Z</time>
    </trkpt>
    <trkpt lat="49.576043" lon="19.522169">
      <ele>1405</ele>
      <time>2026-05-07T12:00:02Z</time>
    </trkpt>
    <trkpt lat="49.575997" lon="19.522162">
      <ele>1409</ele>
      <time>2026-05-07T12:00:18Z</time>
    </trkpt>
    <trkpt lat="49.575964" lon="19.522197">
      <ele>1411</ele>
      <time>2026-05-07T12:00:32Z</time>
    </trkpt>
    <trkpt lat="49.575916" lon="19.522293">
      <ele>1414</ele>
      <time>2026-05-07T12:00:56Z</time>
    </trkpt>
    <trkpt lat="49.575883" lon="19.522319">
      <ele>1417</ele>
      <time>2026-05-07T12:01:09Z</time>
    </trkpt>
    <trkpt lat="49.57584" lon="19.522309">
      <ele>1420</ele>
      <time>2026-05-07T12:01:24Z</time>
    </trkpt>
    <trkpt lat="49.57578" lon="19.522305">
      <ele>1425</ele>
      <time>2026-05-07T12:01:46Z</time>
    </trkpt>
    <trkpt lat="49.575718" lon="19.522313">
      <ele>1430</ele>
      <time>2026-05-07T12:02:09Z</time>
    </trkpt>
    <trkpt lat="49.57568" lon="19.522371">
      <ele>1433</ele>
      <time>2026-05-07T12:02:27Z</time>
    </trkpt>
    <trkpt lat="49.575618" lon="19.522502">
      <ele>1439</ele>
      <time>2026-05-07T12:03:00Z</time>
    </trkpt>
    <trkpt lat="49.575597" lon="19.522558">
      <ele>1440</ele>
      <time>2026-05-07T12:03:14Z</time>
    </trkpt>
    <trkpt lat="49.575578" lon="19.522611">
      <ele>1442</ele>
      <time>2026-05-07T12:03:26Z</time>
    </trkpt>
    <trkpt lat="49.57554" lon="19.522666">
      <ele>1444</ele>
      <time>2026-05-07T12:03:42Z</time>
    </trkpt>
    <trkpt lat="49.575503" lon="19.522759">
      <ele>1446</ele>
      <time>2026-05-07T12:04:04Z</time>
    </trkpt>
    <trkpt lat="49.575467" lon="19.522837">
      <ele>1448</ele>
      <time>2026-05-07T12:04:23Z</time>
    </trkpt>
    <trkpt lat="49.575453" lon="19.522877">
      <ele>1449</ele>
      <time>2026-05-07T12:04:32Z</time>
    </trkpt>
    <trkpt lat="49.575443" lon="19.522969">
      <ele>1449</ele>
      <time>2026-05-07T12:04:49Z</time>
    </trkpt>
    <trkpt lat="49.575431" lon="19.523015">
      <ele>1450</ele>
      <time>2026-05-07T12:04:59Z</time>
    </trkpt>
    <trkpt lat="49.575436" lon="19.523074">
      <ele>1450</ele>
      <time>2026-05-07T12:05:10Z</time>
    </trkpt>
    <trkpt lat="49.575415" lon="19.523158">
      <ele>1451</ele>
      <time>2026-05-07T12:05:28Z</time>
    </trkpt>
    <trkpt lat="49.575415" lon="19.52325">
      <ele>1451</ele>
      <time>2026-05-07T12:05:45Z</time>
    </trkpt>
    <trkpt lat="49.575413" lon="19.523327">
      <ele>1452</ele>
      <time>2026-05-07T12:06:00Z</time>
    </trkpt>
    <trkpt lat="49.575426" lon="19.523447">
      <ele>1452</ele>
      <time>2026-05-07T12:06:23Z</time>
    </trkpt>
    <trkpt lat="49.575438" lon="19.523548">
      <ele>1452</ele>
      <time>2026-05-07T12:06:43Z</time>
    </trkpt>
    <trkpt lat="49.575437" lon="19.52366">
      <ele>1453</ele>
      <time>2026-05-07T12:07:04Z</time>
    </trkpt>
    <trkpt lat="49.575462" lon="19.523782">
      <ele>1452</ele>
      <time>2026-05-07T12:07:28Z</time>
    </trkpt>
    <trkpt lat="49.575481" lon="19.523841">
      <ele>1451</ele>
      <time>2026-05-07T12:07:41Z</time>
    </trkpt>
    <trkpt lat="49.575482" lon="19.523916">
      <ele>1452</ele>
      <time>2026-05-07T12:07:55Z</time>
    </trkpt>
    <trkpt lat="49.575461" lon="19.523964">
      <ele>1454</ele>
      <time>2026-05-07T12:08:07Z</time>
    </trkpt>
    <trkpt lat="49.575449" lon="19.524033">
      <ele>1455</ele>
      <time>2026-05-07T12:08:21Z</time>
    </trkpt>
    <trkpt lat="49.575442" lon="19.524085">
      <ele>1456</ele>
      <time>2026-05-07T12:08:32Z</time>
    </trkpt>
    <trkpt lat="49.575433" lon="19.524174">
      <ele>1457</ele>
      <time>2026-05-07T12:08:49Z</time>
    </trkpt>
    <trkpt lat="49.575412" lon="19.524217">
      <ele>1458</ele>
      <time>2026-05-07T12:09:00Z</time>
    </trkpt>
    <trkpt lat="49.575385" lon="19.524269">
      <ele>1460</ele>
      <time>2026-05-07T12:09:14Z</time>
    </trkpt>
    <trkpt lat="49.575372" lon="19.524322">
      <ele>1461</ele>
      <time>2026-05-07T12:09:25Z</time>
    </trkpt>
    <trkpt lat="49.575348" lon="19.524354">
      <ele>1463</ele>
      <time>2026-05-07T12:09:35Z</time>
    </trkpt>
    <trkpt lat="49.575342" lon="19.52439">
      <ele>1463</ele>
      <time>2026-05-07T12:09:42Z</time>
    </trkpt>
    <trkpt lat="49.575353" lon="19.524454">
      <ele>1463</ele>
      <time>2026-05-07T12:09:55Z</time>
    </trkpt>
    <trkpt lat="49.575347" lon="19.52451">
      <ele>1464</ele>
      <time>2026-05-07T12:10:06Z</time>
    </trkpt>
    <trkpt lat="49.575318" lon="19.524578">
      <ele>1467</ele>
      <time>2026-05-07T12:10:23Z</time>
    </trkpt>
    <trkpt lat="49.575312" lon="19.524774">
      <ele>1470</ele>
      <time>2026-05-07T12:11:02Z</time>
    </trkpt>
    <trkpt lat="49.575328" lon="19.524894">
      <ele>1473</ele>
      <time>2026-05-07T12:11:26Z</time>
    </trkpt>
    <trkpt lat="49.575321" lon="19.524963">
      <ele>1476</ele>
      <time>2026-05-07T12:11:41Z</time>
    </trkpt>
    <trkpt lat="49.575289" lon="19.525022">
      <ele>1480</ele>
      <time>2026-05-07T12:12:00Z</time>
    </trkpt>
    <trkpt lat="49.575275" lon="19.525054">
      <ele>1482</ele>
      <time>2026-05-07T12:12:10Z</time>
    </trkpt>
    <trkpt lat="49.575257" lon="19.525093">
      <ele>1486</ele>
      <time>2026-05-07T12:12:22Z</time>
    </trkpt>
    <trkpt lat="49.575242" lon="19.525124">
      <ele>1488</ele>
      <time>2026-05-07T12:12:32Z</time>
    </trkpt>
    <trkpt lat="49.575247" lon="19.525153">
      <ele>1489</ele>
      <time>2026-05-07T12:12:38Z</time>
    </trkpt>
    <trkpt lat="49.575232" lon="19.525142">
      <ele>1490</ele>
      <time>2026-05-07T12:12:44Z</time>
    </trkpt>
    <trkpt lat="49.575241" lon="19.525189">
      <ele>1491</ele>
      <time>2026-05-07T12:12:53Z</time>
    </trkpt>
    <trkpt lat="49.575231" lon="19.525226">
      <ele>1493</ele>
      <time>2026-05-07T12:13:03Z</time>
    </trkpt>
    <trkpt lat="49.575218" lon="19.525246">
      <ele>1495</ele>
      <time>2026-05-07T12:13:10Z</time>
    </trkpt>
    <trkpt lat="49.5752" lon="19.525249">
      <ele>1497</ele>
      <time>2026-05-07T12:13:17Z</time>
    </trkpt>
    <trkpt lat="49.575184" lon="19.525233">
      <ele>1498</ele>
      <time>2026-05-07T12:13:23Z</time>
    </trkpt>
    <trkpt lat="49.575167" lon="19.525232">
      <ele>1499</ele>
      <time>2026-05-07T12:13:30Z</time>
    </trkpt>
    <trkpt lat="49.575153" lon="19.525212">
      <ele>1500</ele>
      <time>2026-05-07T12:13:35Z</time>
    </trkpt>
    <trkpt lat="49.575136" lon="19.525218">
      <ele>1501</ele>
      <time>2026-05-07T12:13:42Z</time>
    </trkpt>
    <trkpt lat="49.575098" lon="19.525245">
      <ele>1505</ele>
      <time>2026-05-07T12:13:59Z</time>
    </trkpt>
    <trkpt lat="49.575096" lon="19.525275">
      <ele>1507</ele>
      <time>2026-05-07T12:14:05Z</time>
    </trkpt>
    <trkpt lat="49.575116" lon="19.525321">
      <ele>1507</ele>
      <time>2026-05-07T12:14:16Z</time>
    </trkpt>
    <trkpt lat="49.575155" lon="19.525445">
      <ele>1508</ele>
      <time>2026-05-07T12:14:42Z</time>
    </trkpt>
    <trkpt lat="49.575151" lon="19.525523">
      <ele>1511</ele>
      <time>2026-05-07T12:14:59Z</time>
    </trkpt>
    <trkpt lat="49.575112" lon="19.525566">
      <ele>1516</ele>
      <time>2026-05-07T12:15:18Z</time>
    </trkpt>
    <trkpt lat="49.575068" lon="19.525594">
      <ele>1520</ele>
      <time>2026-05-07T12:15:36Z</time>
    </trkpt>
    <trkpt lat="49.575039" lon="19.525591">
      <ele>1522</ele>
      <time>2026-05-07T12:15:46Z</time>
    </trkpt>
    <trkpt lat="49.575013" lon="19.525617">
      <ele>1525</ele>
      <time>2026-05-07T12:15:57Z</time>
    </trkpt>
    <trkpt lat="49.574985" lon="19.525661">
      <ele>1528</ele>
      <time>2026-05-07T12:16:12Z</time>
    </trkpt>
    <trkpt lat="49.574983" lon="19.525729">
      <ele>1530</ele>
      <time>2026-05-07T12:16:25Z</time>
    </trkpt>
    <trkpt lat="49.574999" lon="19.525805">
      <ele>1530</ele>
      <time>2026-05-07T12:16:41Z</time>
    </trkpt>
    <trkpt lat="49.575027" lon="19.52588">
      <ele>1530</ele>
      <time>2026-05-07T12:16:57Z</time>
    </trkpt>
    <trkpt lat="49.575022" lon="19.525913">
      <ele>1531</ele>
      <time>2026-05-07T12:17:04Z</time>
    </trkpt>
    <trkpt lat="49.57501" lon="19.525936">
      <ele>1532</ele>
      <time>2026-05-07T12:17:10Z</time>
    </trkpt>
    <trkpt lat="49.57502" lon="19.525996">
      <ele>1532</ele>
      <time>2026-05-07T12:17:22Z</time>
    </trkpt>
    <trkpt lat="49.575035" lon="19.526003">
      <ele>1531</ele>
      <time>2026-05-07T12:17:27Z</time>
    </trkpt>
    <trkpt lat="49.575059" lon="19.526042">
      <ele>1531</ele>
      <time>2026-05-07T12:17:37Z</time>
    </trkpt>
    <trkpt lat="49.575063" lon="19.526081">
      <ele>1531</ele>
      <time>2026-05-07T12:17:45Z</time>
    </trkpt>
    <trkpt lat="49.575041" lon="19.526104">
      <ele>1533</ele>
      <time>2026-05-07T12:17:54Z</time>
    </trkpt>
    <trkpt lat="49.575016" lon="19.526088">
      <ele>1534</ele>
      <time>2026-05-07T12:18:02Z</time>
    </trkpt>
    <trkpt lat="49.574998" lon="19.526064">
      <ele>1534</ele>
      <time>2026-05-07T12:18:10Z</time>
    </trkpt>
    <trkpt lat="49.574975" lon="19.52604">
      <ele>1536</ele>
      <time>2026-05-07T12:18:19Z</time>
    </trkpt>
    <trkpt lat="49.574955" lon="19.526074">
      <ele>1538</ele>
      <time>2026-05-07T12:18:29Z</time>
    </trkpt>
    <trkpt lat="49.574978" lon="19.526125">
      <ele>1537</ele>
      <time>2026-05-07T12:18:41Z</time>
    </trkpt>
    <trkpt lat="49.574954" lon="19.526159">
      <ele>1539</ele>
      <time>2026-05-07T12:18:52Z</time>
    </trkpt>
    <trkpt lat="49.574968" lon="19.526171">
      <ele>1538</ele>
      <time>2026-05-07T12:18:58Z</time>
    </trkpt>
    <trkpt lat="49.57497" lon="19.526203">
      <ele>1539</ele>
      <time>2026-05-07T12:19:04Z</time>
    </trkpt>
    <trkpt lat="49.574965" lon="19.526236">
      <ele>1540</ele>
      <time>2026-05-07T12:19:11Z</time>
    </trkpt>
    <trkpt lat="49.574932" lon="19.526266">
      <ele>1543</ele>
      <time>2026-05-07T12:19:25Z</time>
    </trkpt>
    <trkpt lat="49.574907" lon="19.526338">
      <ele>1546</ele>
      <time>2026-05-07T12:19:43Z</time>
    </trkpt>
    <trkpt lat="49.574862" lon="19.526562">
      <ele>1556</ele>
      <time>2026-05-07T12:20:34Z</time>
    </trkpt>
    <trkpt lat="49.574859" lon="19.526639">
      <ele>1558</ele>
      <time>2026-05-07T12:20:50Z</time>
    </trkpt>
    <trkpt lat="49.574864" lon="19.526696">
      <ele>1559</ele>
      <time>2026-05-07T12:21:01Z</time>
    </trkpt>
    <trkpt lat="49.574861" lon="19.526774">
      <ele>1561</ele>
      <time>2026-05-07T12:21:17Z</time>
    </trkpt>
    <trkpt lat="49.574851" lon="19.526826">
      <ele>1563</ele>
      <time>2026-05-07T12:21:29Z</time>
    </trkpt>
    <trkpt lat="49.574836" lon="19.526894">
      <ele>1566</ele>
      <time>2026-05-07T12:21:44Z</time>
    </trkpt>
    <trkpt lat="49.574841" lon="19.526926">
      <ele>1567</ele>
      <time>2026-05-07T12:21:51Z</time>
    </trkpt>
    <trkpt lat="49.574849" lon="19.526979">
      <ele>1567</ele>
      <time>2026-05-07T12:22:01Z</time>
    </trkpt>
    <trkpt lat="49.574834" lon="19.527044">
      <ele>1570</ele>
      <time>2026-05-07T12:22:16Z</time>
    </trkpt>
    <trkpt lat="49.574817" lon="19.527109">
      <ele>1573</ele>
      <time>2026-05-07T12:22:32Z</time>
    </trkpt>
    <trkpt lat="49.574805" lon="19.527272">
      <ele>1578</ele>
      <time>2026-05-07T12:23:06Z</time>
    </trkpt>
    <trkpt lat="49.574786" lon="19.527339">
      <ele>1581</ele>
      <time>2026-05-07T12:23:22Z</time>
    </trkpt>
    <trkpt lat="49.574766" lon="19.527374">
      <ele>1583</ele>
      <time>2026-05-07T12:23:32Z</time>
    </trkpt>
    <trkpt lat="49.574748" lon="19.527403">
      <ele>1585</ele>
      <time>2026-05-07T12:23:41Z</time>
    </trkpt>
    <trkpt lat="49.574748" lon="19.527439">
      <ele>1586</ele>
      <time>2026-05-07T12:23:48Z</time>
    </trkpt>
    <trkpt lat="49.574747" lon="19.527501">
      <ele>1587</ele>
      <time>2026-05-07T12:24:01Z</time>
    </trkpt>
    <trkpt lat="49.574715" lon="19.52763">
      <ele>1592</ele>
      <time>2026-05-07T12:24:29Z</time>
    </trkpt>
    <trkpt lat="49.574701" lon="19.527726">
      <ele>1595</ele>
      <time>2026-05-07T12:24:50Z</time>
    </trkpt>
    <trkpt lat="49.57469" lon="19.527796">
      <ele>1597</ele>
      <time>2026-05-07T12:25:04Z</time>
    </trkpt>
    <trkpt lat="49.574681" lon="19.527833">
      <ele>1598</ele>
      <time>2026-05-07T12:25:12Z</time>
    </trkpt>
    <trkpt lat="49.574654" lon="19.527835">
      <ele>1600</ele>
      <time>2026-05-07T12:25:22Z</time>
    </trkpt>
    <trkpt lat="49.574615" lon="19.527824">
      <ele>1603</ele>
      <time>2026-05-07T12:25:36Z</time>
    </trkpt>
    <trkpt lat="49.574576" lon="19.527809">
      <ele>1605</ele>
      <time>2026-05-07T12:25:50Z</time>
    </trkpt>
    <trkpt lat="49.574551" lon="19.527782">
      <ele>1607</ele>
      <time>2026-05-07T12:25:59Z</time>
    </trkpt>
    <trkpt lat="49.574525" lon="19.527778">
      <ele>1609</ele>
      <time>2026-05-07T12:26:09Z</time>
    </trkpt>
    <trkpt lat="49.574493" lon="19.527777">
      <ele>1611</ele>
      <time>2026-05-07T12:26:20Z</time>
    </trkpt>
    <trkpt lat="49.574467" lon="19.527774">
      <ele>1613</ele>
      <time>2026-05-07T12:26:29Z</time>
    </trkpt>
    <trkpt lat="49.574453" lon="19.527796">
      <ele>1615</ele>
      <time>2026-05-07T12:26:36Z</time>
    </trkpt>
    <trkpt lat="49.574453" lon="19.527824">
      <ele>1615</ele>
      <time>2026-05-07T12:26:41Z</time>
    </trkpt>
    <trkpt lat="49.574452" lon="19.527878">
      <ele>1616</ele>
      <time>2026-05-07T12:26:52Z</time>
    </trkpt>
    <trkpt lat="49.574444" lon="19.527934">
      <ele>1617</ele>
      <time>2026-05-07T12:27:03Z</time>
    </trkpt>
    <trkpt lat="49.574433" lon="19.527988">
      <ele>1618</ele>
      <time>2026-05-07T12:27:14Z</time>
    </trkpt>
    <trkpt lat="49.574402" lon="19.528027">
      <ele>1621</ele>
      <time>2026-05-07T12:27:28Z</time>
    </trkpt>
    <trkpt lat="49.574368" lon="19.528059">
      <ele>1623</ele>
      <time>2026-05-07T12:27:42Z</time>
    </trkpt>
    <trkpt lat="49.57435" lon="19.528124">
      <ele>1626</ele>
      <time>2026-05-07T12:27:57Z</time>
    </trkpt>
    <trkpt lat="49.574322" lon="19.528154">
      <ele>1629</ele>
      <time>2026-05-07T12:28:09Z</time>
    </trkpt>
    <trkpt lat="49.574305" lon="19.528164">
      <ele>1630</ele>
      <time>2026-05-07T12:28:16Z</time>
    </trkpt>
    <trkpt lat="49.574275" lon="19.528211">
      <ele>1634</ele>
      <time>2026-05-07T12:28:31Z</time>
    </trkpt>
    <trkpt lat="49.574268" lon="19.52829">
      <ele>1637</ele>
      <time>2026-05-07T12:28:48Z</time>
    </trkpt>
    <trkpt lat="49.574238" lon="19.528341">
      <ele>1640</ele>
      <time>2026-05-07T12:29:04Z</time>
    </trkpt>
    <trkpt lat="49.574231" lon="19.528413">
      <ele>1642</ele>
      <time>2026-05-07T12:29:19Z</time>
    </trkpt>
    <trkpt lat="49.574226" lon="19.528492">
      <ele>1644</ele>
      <time>2026-05-07T12:29:35Z</time>
    </trkpt>
    <trkpt lat="49.574195" lon="19.528587">
      <ele>1648</ele>
      <time>2026-05-07T12:29:58Z</time>
    </trkpt>
    <trkpt lat="49.57417" lon="19.528649">
      <ele>1652</ele>
      <time>2026-05-07T12:30:14Z</time>
    </trkpt>
    <trkpt lat="49.574168" lon="19.528694">
      <ele>1653</ele>
      <time>2026-05-07T12:30:23Z</time>
    </trkpt>
    <trkpt lat="49.574154" lon="19.528709">
      <ele>1654</ele>
      <time>2026-05-07T12:30:29Z</time>
    </trkpt>
    <trkpt lat="49.574134" lon="19.528743">
      <ele>1656</ele>
      <time>2026-05-07T12:30:40Z</time>
    </trkpt>
    <trkpt lat="49.574127" lon="19.528785">
      <ele>1657</ele>
      <time>2026-05-07T12:30:49Z</time>
    </trkpt>
    <trkpt lat="49.574127" lon="19.528826">
      <ele>1658</ele>
      <time>2026-05-07T12:30:57Z</time>
    </trkpt>
    <trkpt lat="49.574129" lon="19.528861">
      <ele>1659</ele>
      <time>2026-05-07T12:31:04Z</time>
    </trkpt>
    <trkpt lat="49.5741" lon="19.52888">
      <ele>1661</ele>
      <time>2026-05-07T12:31:15Z</time>
    </trkpt>
    <trkpt lat="49.574085" lon="19.528924">
      <ele>1663</ele>
      <time>2026-05-07T12:31:25Z</time>
    </trkpt>
    <trkpt lat="49.57403" lon="19.529172">
      <ele>1670</ele>
      <time>2026-05-07T12:32:18Z</time>
    </trkpt>
    <trkpt lat="49.57402" lon="19.529197">
      <ele>1671</ele>
      <time>2026-05-07T12:32:24Z</time>
    </trkpt>
    <trkpt lat="49.574001" lon="19.529194">
      <ele>1672</ele>
      <time>2026-05-07T12:32:31Z</time>
    </trkpt>
    <trkpt lat="49.573973" lon="19.529207">
      <ele>1674</ele>
      <time>2026-05-07T12:32:41Z</time>
    </trkpt>
    <trkpt lat="49.573937" lon="19.529245">
      <ele>1677</ele>
      <time>2026-05-07T12:32:55Z</time>
    </trkpt>
    <trkpt lat="49.573907" lon="19.529278">
      <ele>1679</ele>
      <time>2026-05-07T12:33:08Z</time>
    </trkpt>
    <trkpt lat="49.573875" lon="19.52928">
      <ele>1681</ele>
      <time>2026-05-07T12:33:18Z</time>
    </trkpt>
    <trkpt lat="49.573845" lon="19.529281">
      <ele>1682</ele>
      <time>2026-05-07T12:33:28Z</time>
    </trkpt>
    <trkpt lat="49.573833" lon="19.529303">
      <ele>1683</ele>
      <time>2026-05-07T12:33:33Z</time>
    </trkpt>
    <trkpt lat="49.573818" lon="19.529389">
      <ele>1684</ele>
      <time>2026-05-07T12:33:51Z</time>
    </trkpt>
    <trkpt lat="49.573803" lon="19.529405">
      <ele>1685</ele>
      <time>2026-05-07T12:33:57Z</time>
    </trkpt>
    <trkpt lat="49.573779" lon="19.529408">
      <ele>1687</ele>
      <time>2026-05-07T12:34:05Z</time>
    </trkpt>
    <trkpt lat="49.573747" lon="19.529433">
      <ele>1689</ele>
      <time>2026-05-07T12:34:16Z</time>
    </trkpt>
    <trkpt lat="49.573733" lon="19.529471">
      <ele>1690</ele>
      <time>2026-05-07T12:34:25Z</time>
    </trkpt>
    <trkpt lat="49.573723" lon="19.529545">
      <ele>1692</ele>
      <time>2026-05-07T12:34:41Z</time>
    </trkpt>
    <trkpt lat="49.573708" lon="19.529558">
      <ele>1693</ele>
      <time>2026-05-07T12:34:46Z</time>
    </trkpt>
    <trkpt lat="49.573672" lon="19.529561">
      <ele>1695</ele>
      <time>2026-05-07T12:34:58Z</time>
    </trkpt>
    <trkpt lat="49.573641" lon="19.529613">
      <ele>1697</ele>
      <time>2026-05-07T12:35:13Z</time>
    </trkpt>
    <trkpt lat="49.573594" lon="19.52966">
      <ele>1700</ele>
      <time>2026-05-07T12:35:32Z</time>
    </trkpt>
    <trkpt lat="49.573562" lon="19.529707">
      <ele>1702</ele>
      <time>2026-05-07T12:35:45Z</time>
    </trkpt>
    <trkpt lat="49.573521" lon="19.529718">
      <ele>1704</ele>
      <time>2026-05-07T12:35:58Z</time>
    </trkpt>
    <trkpt lat="49.573509" lon="19.529762">
      <ele>1705</ele>
      <time>2026-05-07T12:36:08Z</time>
    </trkpt>
    <trkpt lat="49.573483" lon="19.529793">
      <ele>1707</ele>
      <time>2026-05-07T12:36:18Z</time>
    </trkpt>
    <trkpt lat="49.573446" lon="19.52983">
      <ele>1709</ele>
      <time>2026-05-07T12:36:33Z</time>
    </trkpt>
    <trkpt lat="49.573425" lon="19.529849">
      <ele>1711</ele>
      <time>2026-05-07T12:36:41Z</time>
    </trkpt>
    <trkpt lat="49.573361" lon="19.529888">
      <ele>1715</ele>
      <time>2026-05-07T12:37:04Z</time>
    </trkpt>
    <trkpt lat="49.573287" lon="19.529952">
      <ele>1719</ele>
      <time>2026-05-07T12:37:31Z</time>
    </trkpt>
    <trkpt lat="49.573245" lon="19.52994">
      <ele>1720</ele>
      <time>2026-05-07T12:37:44Z</time>
    </trkpt>
    <trkpt lat="49.573168" lon="19.529943">
      <ele>1723</ele>
      <time>2026-05-07T12:38:08Z</time>
    </trkpt>
    <trkpt lat="49.57315" lon="19.529657">
      <ele>1722</ele>
      <time>2026-05-07T12:39:08Z</time>
    </trkpt>
    <trkpt lat="49.573139" lon="19.529596">
      <ele>1722</ele>
      <time>2026-05-07T12:39:24Z</time>
    </trkpt>
    <trkpt lat="49.573114" lon="19.529511">
      <ele>1724</ele>
      <time>2026-05-07T12:39:48Z</time>
    </trkpt>
    <trkpt lat="49.573087" lon="19.529446">
      <ele>1725</ele>
      <time>2026-05-07T12:40:08Z</time>
    </trkpt>
    <trkpt lat="49.573038" lon="19.529179">
      <ele>1716</ele>
      <time>2026-05-07T12:40:40Z</time>
    </trkpt>
    <trkpt lat="49.572978" lon="19.52906">
      <ele>1712</ele>
      <time>2026-05-07T12:40:58Z</time>
    </trkpt>
    <trkpt lat="49.573063" lon="19.528966">
      <ele>1709</ele>
      <time>2026-05-07T12:41:15Z</time>
    </trkpt>
    <trkpt lat="49.573025" lon="19.528909">
      <ele>1707</ele>
      <time>2026-05-07T12:41:25Z</time>
    </trkpt>
    <trkpt lat="49.573064" lon="19.528867">
      <ele>1706</ele>
      <time>2026-05-07T12:41:33Z</time>
    </trkpt>
    <trkpt lat="49.572992" lon="19.528797">
      <ele>1704</ele>
      <time>2026-05-07T12:41:47Z</time>
    </trkpt>
    <trkpt lat="49.572988" lon="19.528772">
      <ele>1703</ele>
      <time>2026-05-07T12:41:50Z</time>
    </trkpt>
    <trkpt lat="49.572993" lon="19.528722">
      <ele>1701</ele>
      <time>2026-05-07T12:41:56Z</time>
    </trkpt>
    <trkpt lat="49.572997" lon="19.528553">
      <ele>1698</ele>
      <time>2026-05-07T12:42:15Z</time>
    </trkpt>
    <trkpt lat="49.572985" lon="19.528393">
      <ele>1696</ele>
      <time>2026-05-07T12:42:32Z</time>
    </trkpt>
    <trkpt lat="49.572959" lon="19.528324">
      <ele>1695</ele>
      <time>2026-05-07T12:42:41Z</time>
    </trkpt>
    <trkpt lat="49.572913" lon="19.528232">
      <ele>1694</ele>
      <time>2026-05-07T12:42:53Z</time>
    </trkpt>
    <trkpt lat="49.572904" lon="19.52813">
      <ele>1692</ele>
      <time>2026-05-07T12:43:05Z</time>
    </trkpt>
    <trkpt lat="49.572917" lon="19.528022">
      <ele>1691</ele>
      <time>2026-05-07T12:43:17Z</time>
    </trkpt>
    <trkpt lat="49.572917" lon="19.527976">
      <ele>1690</ele>
      <time>2026-05-07T12:43:22Z</time>
    </trkpt>
    <trkpt lat="49.572815" lon="19.527573">
      <ele>1688</ele>
      <time>2026-05-07T12:44:08Z</time>
    </trkpt>
    <trkpt lat="49.57277" lon="19.527355">
      <ele>1687</ele>
      <time>2026-05-07T12:44:32Z</time>
    </trkpt>
    <trkpt lat="49.572602" lon="19.526879">
      <ele>1687</ele>
      <time>2026-05-07T12:45:30Z</time>
    </trkpt>
    <trkpt lat="49.572531" lon="19.526681">
      <ele>1686</ele>
      <time>2026-05-07T12:45:54Z</time>
    </trkpt>
    <trkpt lat="49.572486" lon="19.526569">
      <ele>1686</ele>
      <time>2026-05-07T12:46:09Z</time>
    </trkpt>
    <trkpt lat="49.572467" lon="19.526396">
      <ele>1684</ele>
      <time>2026-05-07T12:46:27Z</time>
    </trkpt>
    <trkpt lat="49.572402" lon="19.526252">
      <ele>1681</ele>
      <time>2026-05-07T12:46:47Z</time>
    </trkpt>
    <trkpt lat="49.572264" lon="19.525789">
      <ele>1673</ele>
      <time>2026-05-07T12:47:43Z</time>
    </trkpt>
    <trkpt lat="49.572205" lon="19.525727">
      <ele>1672</ele>
      <time>2026-05-07T12:47:54Z</time>
    </trkpt>
    <trkpt lat="49.572181" lon="19.525604">
      <ele>1670</ele>
      <time>2026-05-07T12:48:09Z</time>
    </trkpt>
    <trkpt lat="49.572176" lon="19.525487">
      <ele>1667</ele>
      <time>2026-05-07T12:48:22Z</time>
    </trkpt>
    <trkpt lat="49.57218" lon="19.525095">
      <ele>1659</ele>
      <time>2026-05-07T12:49:06Z</time>
    </trkpt>
    <trkpt lat="49.572144" lon="19.524677">
      <ele>1652</ele>
      <time>2026-05-07T12:49:52Z</time>
    </trkpt>
    <trkpt lat="49.572106" lon="19.524587">
      <ele>1651</ele>
      <time>2026-05-07T12:50:03Z</time>
    </trkpt>
    <trkpt lat="49.572117" lon="19.524406">
      <ele>1649</ele>
      <time>2026-05-07T12:50:23Z</time>
    </trkpt>
    <trkpt lat="49.572125" lon="19.52431">
      <ele>1648</ele>
      <time>2026-05-07T12:50:33Z</time>
    </trkpt>
    <trkpt lat="49.572143" lon="19.524272">
      <ele>1647</ele>
      <time>2026-05-07T12:50:38Z</time>
    </trkpt>
    <trkpt lat="49.572127" lon="19.524105">
      <ele>1645</ele>
      <time>2026-05-07T12:50:57Z</time>
    </trkpt>
    <trkpt lat="49.572104" lon="19.524034">
      <ele>1644</ele>
      <time>2026-05-07T12:51:05Z</time>
    </trkpt>
    <trkpt lat="49.572136" lon="19.524001">
      <ele>1643</ele>
      <time>2026-05-07T12:51:12Z</time>
    </trkpt>
    <trkpt lat="49.572171" lon="19.52397">
      <ele>1643</ele>
      <time>2026-05-07T12:51:18Z</time>
    </trkpt>
    <trkpt lat="49.572183" lon="19.523926">
      <ele>1642</ele>
      <time>2026-05-07T12:51:24Z</time>
    </trkpt>
    <trkpt lat="49.572185" lon="19.523855">
      <ele>1641</ele>
      <time>2026-05-07T12:51:31Z</time>
    </trkpt>
    <trkpt lat="49.572182" lon="19.52362">
      <ele>1636</ele>
      <time>2026-05-07T12:51:58Z</time>
    </trkpt>
    <trkpt lat="49.572187" lon="19.523484">
      <ele>1634</ele>
      <time>2026-05-07T12:52:12Z</time>
    </trkpt>
    <trkpt lat="49.572167" lon="19.523317">
      <ele>1632</ele>
      <time>2026-05-07T12:52:31Z</time>
    </trkpt>
    <trkpt lat="49.572154" lon="19.523136">
      <ele>1631</ele>
      <time>2026-05-07T12:52:50Z</time>
    </trkpt>
    <trkpt lat="49.572146" lon="19.522926">
      <ele>1629</ele>
      <time>2026-05-07T12:53:13Z</time>
    </trkpt>
    <trkpt lat="49.572151" lon="19.522807">
      <ele>1629</ele>
      <time>2026-05-07T12:53:26Z</time>
    </trkpt>
    <trkpt lat="49.572172" lon="19.522696">
      <ele>1628</ele>
      <time>2026-05-07T12:53:38Z</time>
    </trkpt>
    <trkpt lat="49.572213" lon="19.522521">
      <ele>1627</ele>
      <time>2026-05-07T12:53:58Z</time>
    </trkpt>
    <trkpt lat="49.572252" lon="19.522111">
      <ele>1623</ele>
      <time>2026-05-07T12:54:43Z</time>
    </trkpt>
    <trkpt lat="49.57227" lon="19.521598">
      <ele>1618</ele>
      <time>2026-05-07T12:55:38Z</time>
    </trkpt>
    <trkpt lat="49.572306" lon="19.521404">
      <ele>1616</ele>
      <time>2026-05-07T12:56:00Z</time>
    </trkpt>
    <trkpt lat="49.572436" lon="19.521267">
      <ele>1613</ele>
      <time>2026-05-07T12:56:26Z</time>
    </trkpt>
    <trkpt lat="49.57254" lon="19.521137">
      <ele>1611</ele>
      <time>2026-05-07T12:56:49Z</time>
    </trkpt>
    <trkpt lat="49.572639" lon="19.520964">
      <ele>1608</ele>
      <time>2026-05-07T12:57:14Z</time>
    </trkpt>
    <trkpt lat="49.572851" lon="19.520387">
      <ele>1607</ele>
      <time>2026-05-07T12:58:24Z</time>
    </trkpt>
    <trkpt lat="49.572894" lon="19.520014">
      <ele>1607</ele>
      <time>2026-05-07T12:59:05Z</time>
    </trkpt>
    <trkpt lat="49.572972" lon="19.519798">
      <ele>1606</ele>
      <time>2026-05-07T12:59:31Z</time>
    </trkpt>
    <trkpt lat="49.573073" lon="19.519646">
      <ele>1606</ele>
      <time>2026-05-07T12:59:55Z</time>
    </trkpt>
    <trkpt lat="49.573119" lon="19.519526">
      <ele>1605</ele>
      <time>2026-05-07T13:00:10Z</time>
    </trkpt>
    <trkpt lat="49.573158" lon="19.519335">
      <ele>1605</ele>
      <time>2026-05-07T13:00:31Z</time>
    </trkpt>
    <trkpt lat="49.573182" lon="19.519149">
      <ele>1604</ele>
      <time>2026-05-07T13:00:51Z</time>
    </trkpt>
    <trkpt lat="49.573234" lon="19.518789">
      <ele>1603</ele>
      <time>2026-05-07T13:01:31Z</time>
    </trkpt>
    <trkpt lat="49.573276" lon="19.518668">
      <ele>1603</ele>
      <time>2026-05-07T13:01:45Z</time>
    </trkpt>
    <trkpt lat="49.57333" lon="19.518478">
      <ele>1603</ele>
      <time>2026-05-07T13:02:08Z</time>
    </trkpt>
    <trkpt lat="49.573386" lon="19.518359">
      <ele>1603</ele>
      <time>2026-05-07T13:02:23Z</time>
    </trkpt>
    <trkpt lat="49.573518" lon="19.518061">
      <ele>1603</ele>
      <time>2026-05-07T13:03:02Z</time>
    </trkpt>
    <trkpt lat="49.573607" lon="19.517923">
      <ele>1603</ele>
      <time>2026-05-07T13:03:23Z</time>
    </trkpt>
    <trkpt lat="49.573671" lon="19.517783">
      <ele>1602</ele>
      <time>2026-05-07T13:03:41Z</time>
    </trkpt>
    <trkpt lat="49.573755" lon="19.517668">
      <ele>1602</ele>
      <time>2026-05-07T13:03:59Z</time>
    </trkpt>
    <trkpt lat="49.573788" lon="19.517585">
      <ele>1601</ele>
      <time>2026-05-07T13:04:10Z</time>
    </trkpt>
    <trkpt lat="49.573882" lon="19.517494">
      <ele>1601</ele>
      <time>2026-05-07T13:04:28Z</time>
    </trkpt>
    <trkpt lat="49.573973" lon="19.517376">
      <ele>1600</ele>
      <time>2026-05-07T13:04:48Z</time>
    </trkpt>
    <trkpt lat="49.574048" lon="19.517245">
      <ele>1600</ele>
      <time>2026-05-07T13:05:06Z</time>
    </trkpt>
    <trkpt lat="49.57418" lon="19.517123">
      <ele>1598</ele>
      <time>2026-05-07T13:05:32Z</time>
    </trkpt>
    <trkpt lat="49.574284" lon="19.516992">
      <ele>1596</ele>
      <time>2026-05-07T13:05:54Z</time>
    </trkpt>
    <trkpt lat="49.574403" lon="19.516839">
      <ele>1594</ele>
      <time>2026-05-07T13:06:20Z</time>
    </trkpt>
    <trkpt lat="49.574533" lon="19.5167">
      <ele>1591</ele>
      <time>2026-05-07T13:06:47Z</time>
    </trkpt>
    <trkpt lat="49.574687" lon="19.516607">
      <ele>1587</ele>
      <time>2026-05-07T13:07:14Z</time>
    </trkpt>
    <trkpt lat="49.574814" lon="19.516413">
      <ele>1585</ele>
      <time>2026-05-07T13:07:44Z</time>
    </trkpt>
    <trkpt lat="49.574986" lon="19.516179">
      <ele>1582</ele>
      <time>2026-05-07T13:08:22Z</time>
    </trkpt>
    <trkpt lat="49.575116" lon="19.516053">
      <ele>1578</ele>
      <time>2026-05-07T13:08:48Z</time>
    </trkpt>
    <trkpt lat="49.575179" lon="19.51597">
      <ele>1576</ele>
      <time>2026-05-07T13:09:02Z</time>
    </trkpt>
    <trkpt lat="49.575275" lon="19.515873">
      <ele>1574</ele>
      <time>2026-05-07T13:09:21Z</time>
    </trkpt>
    <trkpt lat="49.575335" lon="19.515798">
      <ele>1573</ele>
      <time>2026-05-07T13:09:34Z</time>
    </trkpt>
    <trkpt lat="49.575494" lon="19.515641">
      <ele>1567</ele>
      <time>2026-05-07T13:10:06Z</time>
    </trkpt>
    <trkpt lat="49.575566" lon="19.515644">
      <ele>1564</ele>
      <time>2026-05-07T13:10:19Z</time>
    </trkpt>
    <trkpt lat="49.575696" lon="19.51555">
      <ele>1560</ele>
      <time>2026-05-07T13:10:43Z</time>
    </trkpt>
    <trkpt lat="49.575793" lon="19.51551">
      <ele>1556</ele>
      <time>2026-05-07T13:11:01Z</time>
    </trkpt>
    <trkpt lat="49.575877" lon="19.515478">
      <ele>1554</ele>
      <time>2026-05-07T13:11:15Z</time>
    </trkpt>
    <trkpt lat="49.57592" lon="19.515447">
      <ele>1552</ele>
      <time>2026-05-07T13:11:23Z</time>
    </trkpt>
    <trkpt lat="49.575991" lon="19.515429">
      <ele>1551</ele>
      <time>2026-05-07T13:11:36Z</time>
    </trkpt>
    <trkpt lat="49.57605" lon="19.515438">
      <ele>1549</ele>
      <time>2026-05-07T13:11:46Z</time>
    </trkpt>
    <trkpt lat="49.57612" lon="19.515418">
      <ele>1547</ele>
      <time>2026-05-07T13:11:58Z</time>
    </trkpt>
    <trkpt lat="49.576247" lon="19.515373">
      <ele>1542</ele>
      <time>2026-05-07T13:12:21Z</time>
    </trkpt>
    <trkpt lat="49.576496" lon="19.515247">
      <ele>1533</ele>
      <time>2026-05-07T13:13:06Z</time>
    </trkpt>
    <trkpt lat="49.576616" lon="19.515173">
      <ele>1529</ele>
      <time>2026-05-07T13:13:28Z</time>
    </trkpt>
    <trkpt lat="49.576904" lon="19.515121">
      <ele>1522</ele>
      <time>2026-05-07T13:14:17Z</time>
    </trkpt>
    <trkpt lat="49.577192" lon="19.51497">
      <ele>1518</ele>
      <time>2026-05-07T13:15:07Z</time>
    </trkpt>
    <trkpt lat="49.577351" lon="19.514939">
      <ele>1515</ele>
      <time>2026-05-07T13:15:34Z</time>
    </trkpt>
    <trkpt lat="49.577472" lon="19.514891">
      <ele>1511</ele>
      <time>2026-05-07T13:15:55Z</time>
    </trkpt>
    <trkpt lat="49.57761" lon="19.514725">
      <ele>1506</ele>
      <time>2026-05-07T13:16:25Z</time>
    </trkpt>
    <trkpt lat="49.577687" lon="19.514597">
      <ele>1501</ele>
      <time>2026-05-07T13:16:45Z</time>
    </trkpt>
    <trkpt lat="49.577782" lon="19.514508">
      <ele>1497</ele>
      <time>2026-05-07T13:17:05Z</time>
    </trkpt>
    <trkpt lat="49.578862" lon="19.513239">
      <ele>1454</ele>
      <time>2026-05-07T13:20:57Z</time>
    </trkpt>
    <trkpt lat="49.579401" lon="19.512599">
      <ele>1439</ele>
      <time>2026-05-07T13:22:51Z</time>
    </trkpt>
    <trkpt lat="49.579955" lon="19.511954">
      <ele>1428</ele>
      <time>2026-05-07T13:24:47Z</time>
    </trkpt>
    <trkpt lat="49.580506" lon="19.511329">
      <ele>1420</ele>
      <time>2026-05-07T13:26:40Z</time>
    </trkpt>
    <trkpt lat="49.580789" lon="19.510952">
      <ele>1417</ele>
      <time>2026-05-07T13:27:42Z</time>
    </trkpt>
    <trkpt lat="49.581026" lon="19.510721">
      <ele>1413</ele>
      <time>2026-05-07T13:28:28Z</time>
    </trkpt>
    <trkpt lat="49.581298" lon="19.510381">
      <ele>1409</ele>
      <time>2026-05-07T13:29:26Z</time>
    </trkpt>
    <trkpt lat="49.581435" lon="19.510256">
      <ele>1407</ele>
      <time>2026-05-07T13:29:53Z</time>
    </trkpt>
    <trkpt lat="49.581515" lon="19.510188">
      <ele>1408</ele>
      <time>2026-05-07T13:30:08Z</time>
    </trkpt>
    <trkpt lat="49.581558" lon="19.510242">
      <ele>1405</ele>
      <time>2026-05-07T13:30:18Z</time>
    </trkpt>
    <trkpt lat="49.58158" lon="19.510309">
      <ele>1403</ele>
      <time>2026-05-07T13:30:26Z</time>
    </trkpt>
    <trkpt lat="49.581588" lon="19.510423">
      <ele>1402</ele>
      <time>2026-05-07T13:30:39Z</time>
    </trkpt>
    <trkpt lat="49.581607" lon="19.51057">
      <ele>1401</ele>
      <time>2026-05-07T13:30:55Z</time>
    </trkpt>
    <trkpt lat="49.581619" lon="19.510577">
      <ele>1401</ele>
      <time>2026-05-07T13:30:57Z</time>
    </trkpt>
    <trkpt lat="49.581653" lon="19.510555">
      <ele>1400</ele>
      <time>2026-05-07T13:31:03Z</time>
    </trkpt>
    <trkpt lat="49.581681" lon="19.510569">
      <ele>1398</ele>
      <time>2026-05-07T13:31:08Z</time>
    </trkpt>
    <trkpt lat="49.581706" lon="19.510587">
      <ele>1397</ele>
      <time>2026-05-07T13:31:13Z</time>
    </trkpt>
    <trkpt lat="49.581729" lon="19.510585">
      <ele>1396</ele>
      <time>2026-05-07T13:31:17Z</time>
    </trkpt>
    <trkpt lat="49.581789" lon="19.510601">
      <ele>1394</ele>
      <time>2026-05-07T13:31:27Z</time>
    </trkpt>
    <trkpt lat="49.581826" lon="19.510499">
      <ele>1393</ele>
      <time>2026-05-07T13:31:40Z</time>
    </trkpt>
    <trkpt lat="49.581842" lon="19.510479">
      <ele>1393</ele>
      <time>2026-05-07T13:31:43Z</time>
    </trkpt>
    <trkpt lat="49.581873" lon="19.510473">
      <ele>1392</ele>
      <time>2026-05-07T13:31:49Z</time>
    </trkpt>
    <trkpt lat="49.581907" lon="19.510481">
      <ele>1390</ele>
      <time>2026-05-07T13:31:55Z</time>
    </trkpt>
    <trkpt lat="49.581969" lon="19.510508">
      <ele>1387</ele>
      <time>2026-05-07T13:32:06Z</time>
    </trkpt>
    <trkpt lat="49.582013" lon="19.510555">
      <ele>1384</ele>
      <time>2026-05-07T13:32:16Z</time>
    </trkpt>
    <trkpt lat="49.582029" lon="19.510616">
      <ele>1383</ele>
      <time>2026-05-07T13:32:23Z</time>
    </trkpt>
    <trkpt lat="49.582045" lon="19.510626">
      <ele>1382</ele>
      <time>2026-05-07T13:32:26Z</time>
    </trkpt>
    <trkpt lat="49.582092" lon="19.510641">
      <ele>1379</ele>
      <time>2026-05-07T13:32:35Z</time>
    </trkpt>
    <trkpt lat="49.582137" lon="19.510653">
      <ele>1377</ele>
      <time>2026-05-07T13:32:43Z</time>
    </trkpt>
    <trkpt lat="49.582182" lon="19.51067">
      <ele>1375</ele>
      <time>2026-05-07T13:32:51Z</time>
    </trkpt>
    <trkpt lat="49.582278" lon="19.51076">
      <ele>1368</ele>
      <time>2026-05-07T13:33:12Z</time>
    </trkpt>
    <trkpt lat="49.582294" lon="19.510799">
      <ele>1367</ele>
      <time>2026-05-07T13:33:17Z</time>
    </trkpt>
    <trkpt lat="49.582295" lon="19.510843">
      <ele>1366</ele>
      <time>2026-05-07T13:33:22Z</time>
    </trkpt>
    <trkpt lat="49.582298" lon="19.510863">
      <ele>1366</ele>
      <time>2026-05-07T13:33:24Z</time>
    </trkpt>
    <trkpt lat="49.582304" lon="19.510907">
      <ele>1366</ele>
      <time>2026-05-07T13:33:29Z</time>
    </trkpt>
    <trkpt lat="49.582373" lon="19.510968">
      <ele>1362</ele>
      <time>2026-05-07T13:33:43Z</time>
    </trkpt>
    <trkpt lat="49.582447" lon="19.511026">
      <ele>1358</ele>
      <time>2026-05-07T13:33:57Z</time>
    </trkpt>
    <trkpt lat="49.582543" lon="19.511224">
      <ele>1353</ele>
      <time>2026-05-07T13:34:24Z</time>
    </trkpt>
    <trkpt lat="49.582593" lon="19.511278">
      <ele>1351</ele>
      <time>2026-05-07T13:34:35Z</time>
    </trkpt>
    <trkpt lat="49.58268" lon="19.511327">
      <ele>1346</ele>
      <time>2026-05-07T13:34:51Z</time>
    </trkpt>
    <trkpt lat="49.582759" lon="19.511396">
      <ele>1342</ele>
      <time>2026-05-07T13:35:07Z</time>
    </trkpt>
    <trkpt lat="49.582834" lon="19.511416">
      <ele>1339</ele>
      <time>2026-05-07T13:35:20Z</time>
    </trkpt>
    <trkpt lat="49.582915" lon="19.511424">
      <ele>1337</ele>
      <time>2026-05-07T13:35:34Z</time>
    </trkpt>
    <trkpt lat="49.582948" lon="19.511438">
      <ele>1336</ele>
      <time>2026-05-07T13:35:40Z</time>
    </trkpt>
    <trkpt lat="49.583092" lon="19.511485">
      <ele>1332</ele>
      <time>2026-05-07T13:36:04Z</time>
    </trkpt>
    <trkpt lat="49.583259" lon="19.511549">
      <ele>1328</ele>
      <time>2026-05-07T13:36:33Z</time>
    </trkpt>
    <trkpt lat="49.583359" lon="19.511573">
      <ele>1325</ele>
      <time>2026-05-07T13:36:50Z</time>
    </trkpt>
    <trkpt lat="49.583396" lon="19.51157">
      <ele>1324</ele>
      <time>2026-05-07T13:36:56Z</time>
    </trkpt>
    <trkpt lat="49.583438" lon="19.511543">
      <ele>1323</ele>
      <time>2026-05-07T13:37:04Z</time>
    </trkpt>
    <trkpt lat="49.583513" lon="19.511527">
      <ele>1321</ele>
      <time>2026-05-07T13:37:16Z</time>
    </trkpt>
    <trkpt lat="49.583567" lon="19.51154">
      <ele>1320</ele>
      <time>2026-05-07T13:37:26Z</time>
    </trkpt>
    <trkpt lat="49.58359" lon="19.511556">
      <ele>1319</ele>
      <time>2026-05-07T13:37:30Z</time>
    </trkpt>
    <trkpt lat="49.58367" lon="19.511607">
      <ele>1318</ele>
      <time>2026-05-07T13:37:44Z</time>
    </trkpt>
    <trkpt lat="49.583746" lon="19.511705">
      <ele>1317</ele>
      <time>2026-05-07T13:38:00Z</time>
    </trkpt>
    <trkpt lat="49.583786" lon="19.511944">
      <ele>1317</ele>
      <time>2026-05-07T13:38:26Z</time>
    </trkpt>
    <trkpt lat="49.583812" lon="19.512016">
      <ele>1317</ele>
      <time>2026-05-07T13:38:35Z</time>
    </trkpt>
    <trkpt lat="49.583826" lon="19.512183">
      <ele>1317</ele>
      <time>2026-05-07T13:38:53Z</time>
    </trkpt>
    <trkpt lat="49.583866" lon="19.512336">
      <ele>1317</ele>
      <time>2026-05-07T13:39:10Z</time>
    </trkpt>
    <trkpt lat="49.583883" lon="19.512416">
      <ele>1316</ele>
      <time>2026-05-07T13:39:19Z</time>
    </trkpt>
    <trkpt lat="49.583894" lon="19.512495">
      <ele>1316</ele>
      <time>2026-05-07T13:39:27Z</time>
    </trkpt>
    <trkpt lat="49.58388" lon="19.512625">
      <ele>1315</ele>
      <time>2026-05-07T13:39:41Z</time>
    </trkpt>
    <trkpt lat="49.583842" lon="19.512756">
      <ele>1316</ele>
      <time>2026-05-07T13:39:57Z</time>
    </trkpt>
    <trkpt lat="49.583832" lon="19.51284">
      <ele>1315</ele>
      <time>2026-05-07T13:40:06Z</time>
    </trkpt>
    <trkpt lat="49.583858" lon="19.512923">
      <ele>1314</ele>
      <time>2026-05-07T13:40:15Z</time>
    </trkpt>
    <trkpt lat="49.583876" lon="19.512978">
      <ele>1314</ele>
      <time>2026-05-07T13:40:22Z</time>
    </trkpt>
    <trkpt lat="49.58388" lon="19.513053">
      <ele>1313</ele>
      <time>2026-05-07T13:40:30Z</time>
    </trkpt>
    <trkpt lat="49.583908" lon="19.513231">
      <ele>1312</ele>
      <time>2026-05-07T13:40:49Z</time>
    </trkpt>
    <trkpt lat="49.58394" lon="19.513303">
      <ele>1311</ele>
      <time>2026-05-07T13:40:59Z</time>
    </trkpt>
    <trkpt lat="49.584021" lon="19.513359">
      <ele>1309</ele>
      <time>2026-05-07T13:41:14Z</time>
    </trkpt>
    <trkpt lat="49.584043" lon="19.513488">
      <ele>1307</ele>
      <time>2026-05-07T13:41:28Z</time>
    </trkpt>
    <trkpt lat="49.584059" lon="19.513725">
      <ele>1305</ele>
      <time>2026-05-07T13:41:53Z</time>
    </trkpt>
    <trkpt lat="49.584066" lon="19.513932">
      <ele>1304</ele>
      <time>2026-05-07T13:42:15Z</time>
    </trkpt>
    <trkpt lat="49.584018" lon="19.514275">
      <ele>1302</ele>
      <time>2026-05-07T13:42:52Z</time>
    </trkpt>
    <trkpt lat="49.584088" lon="19.514499">
      <ele>1298</ele>
      <time>2026-05-07T13:43:19Z</time>
    </trkpt>
    <trkpt lat="49.584111" lon="19.514617">
      <ele>1295</ele>
      <time>2026-05-07T13:43:33Z</time>
    </trkpt>
    <trkpt lat="49.584067" lon="19.514838">
      <ele>1292</ele>
      <time>2026-05-07T13:43:58Z</time>
    </trkpt>
    <trkpt lat="49.58409" lon="19.51509">
      <ele>1287</ele>
      <time>2026-05-07T13:44:26Z</time>
    </trkpt>
    <trkpt lat="49.584089" lon="19.515294">
      <ele>1283</ele>
      <time>2026-05-07T13:44:48Z</time>
    </trkpt>
    <trkpt lat="49.584132" lon="19.515396">
      <ele>1281</ele>
      <time>2026-05-07T13:45:01Z</time>
    </trkpt>
    <trkpt lat="49.584497" lon="19.515624">
      <ele>1268</ele>
      <time>2026-05-07T13:46:08Z</time>
    </trkpt>
    <trkpt lat="49.584742" lon="19.515835">
      <ele>1264</ele>
      <time>2026-05-07T13:46:54Z</time>
    </trkpt>
    <trkpt lat="49.584911" lon="19.51594">
      <ele>1261</ele>
      <time>2026-05-07T13:47:24Z</time>
    </trkpt>
    <trkpt lat="49.585107" lon="19.516034">
      <ele>1258</ele>
      <time>2026-05-07T13:47:57Z</time>
    </trkpt>
    <trkpt lat="49.585324" lon="19.515971">
      <ele>1255</ele>
      <time>2026-05-07T13:48:34Z</time>
    </trkpt>
    <trkpt lat="49.585531" lon="19.515771">
      <ele>1251</ele>
      <time>2026-05-07T13:49:14Z</time>
    </trkpt>
    <trkpt lat="49.585636" lon="19.515726">
      <ele>1249</ele>
      <time>2026-05-07T13:49:32Z</time>
    </trkpt>
    <trkpt lat="49.585763" lon="19.515713">
      <ele>1246</ele>
      <time>2026-05-07T13:49:53Z</time>
    </trkpt>
    <trkpt lat="49.586149" lon="19.515713">
      <ele>1241</ele>
      <time>2026-05-07T13:50:56Z</time>
    </trkpt>
    <trkpt lat="49.586382" lon="19.515705">
      <ele>1238</ele>
      <time>2026-05-07T13:51:34Z</time>
    </trkpt>
    <trkpt lat="49.586514" lon="19.515745">
      <ele>1235</ele>
      <time>2026-05-07T13:51:57Z</time>
    </trkpt>
    <trkpt lat="49.586725" lon="19.515916">
      <ele>1228</ele>
      <time>2026-05-07T13:52:37Z</time>
    </trkpt>
    <trkpt lat="49.586916" lon="19.516211">
      <ele>1221</ele>
      <time>2026-05-07T13:53:22Z</time>
    </trkpt>
    <trkpt lat="49.587031" lon="19.516343">
      <ele>1212</ele>
      <time>2026-05-07T13:53:48Z</time>
    </trkpt>
    <trkpt lat="49.587243" lon="19.516501">
      <ele>1199</ele>
      <time>2026-05-07T13:54:31Z</time>
    </trkpt>
    <trkpt lat="49.587426" lon="19.516633">
      <ele>1188</ele>
      <time>2026-05-07T13:55:08Z</time>
    </trkpt>
    <trkpt lat="49.587535" lon="19.516719">
      <ele>1188</ele>
      <time>2026-05-07T13:55:22Z</time>
    </trkpt>
    <trkpt lat="49.587582" lon="19.516775">
      <ele>1188</ele>
      <time>2026-05-07T13:55:29Z</time>
    </trkpt>
    <trkpt lat="49.587675" lon="19.516855">
      <ele>1188</ele>
      <time>2026-05-07T13:55:41Z</time>
    </trkpt>
    <trkpt lat="49.587712" lon="19.517012">
      <ele>1189</ele>
      <time>2026-05-07T13:55:53Z</time>
    </trkpt>
    <trkpt lat="49.587831" lon="19.517289">
      <ele>1193</ele>
      <time>2026-05-07T13:56:18Z</time>
    </trkpt>
    <trkpt lat="49.587916" lon="19.517363">
      <ele>1192</ele>
      <time>2026-05-07T13:56:30Z</time>
    </trkpt>
    <trkpt lat="49.587972" lon="19.517443">
      <ele>1191</ele>
      <time>2026-05-07T13:56:38Z</time>
    </trkpt>
    <trkpt lat="49.588022" lon="19.517567">
      <ele>1190</ele>
      <time>2026-05-07T13:56:49Z</time>
    </trkpt>
    <trkpt lat="49.588067" lon="19.517629">
      <ele>1190</ele>
      <time>2026-05-07T13:56:56Z</time>
    </trkpt>
    <trkpt lat="49.588139" lon="19.517696">
      <ele>1188</ele>
      <time>2026-05-07T13:57:06Z</time>
    </trkpt>
    <trkpt lat="49.588211" lon="19.517722">
      <ele>1186</ele>
      <time>2026-05-07T13:57:15Z</time>
    </trkpt>
    <trkpt lat="49.588283" lon="19.51773">
      <ele>1185</ele>
      <time>2026-05-07T13:57:23Z</time>
    </trkpt>
    <trkpt lat="49.588363" lon="19.517859">
      <ele>1182</ele>
      <time>2026-05-07T13:57:37Z</time>
    </trkpt>
    <trkpt lat="49.588549" lon="19.518156">
      <ele>1176</ele>
      <time>2026-05-07T13:58:08Z</time>
    </trkpt>
    <trkpt lat="49.588578" lon="19.518398">
      <ele>1174</ele>
      <time>2026-05-07T13:58:24Z</time>
    </trkpt>
    <trkpt lat="49.588646" lon="19.518641">
      <ele>1172</ele>
      <time>2026-05-07T13:58:42Z</time>
    </trkpt>
    <trkpt lat="49.588789" lon="19.5191">
      <ele>1168</ele>
      <time>2026-05-07T13:59:15Z</time>
    </trkpt>
    <trkpt lat="49.588843" lon="19.519312">
      <ele>1164</ele>
      <time>2026-05-07T13:59:31Z</time>
    </trkpt>
    <trkpt lat="49.588878" lon="19.519767">
      <ele>1155</ele>
      <time>2026-05-07T14:00:02Z</time>
    </trkpt>
    <trkpt lat="49.588911" lon="19.519847">
      <ele>1153</ele>
      <time>2026-05-07T14:00:08Z</time>
    </trkpt>
    <trkpt lat="49.58894" lon="19.52006">
      <ele>1148</ele>
      <time>2026-05-07T14:00:23Z</time>
    </trkpt>
    <trkpt lat="49.58893" lon="19.520611">
      <ele>1139</ele>
      <time>2026-05-07T14:01:00Z</time>
    </trkpt>
    <trkpt lat="49.588869" lon="19.520883">
      <ele>1138</ele>
      <time>2026-05-07T14:01:19Z</time>
    </trkpt>
    <trkpt lat="49.588754" lon="19.521208">
      <ele>1138</ele>
      <time>2026-05-07T14:01:44Z</time>
    </trkpt>
    <trkpt lat="49.588749" lon="19.521321">
      <ele>1138</ele>
      <time>2026-05-07T14:01:51Z</time>
    </trkpt>
    <trkpt lat="49.588784" lon="19.521536">
      <ele>1136</ele>
      <time>2026-05-07T14:02:06Z</time>
    </trkpt>
    <trkpt lat="49.588787" lon="19.521843">
      <ele>1133</ele>
      <time>2026-05-07T14:02:26Z</time>
    </trkpt>
    <trkpt lat="49.588804" lon="19.52208">
      <ele>1131</ele>
      <time>2026-05-07T14:02:42Z</time>
    </trkpt>
    <trkpt lat="49.588893" lon="19.52225">
      <ele>1128</ele>
      <time>2026-05-07T14:02:56Z</time>
    </trkpt>
    <trkpt lat="49.588981" lon="19.522273">
      <ele>1127</ele>
      <time>2026-05-07T14:03:06Z</time>
    </trkpt>
    <trkpt lat="49.589072" lon="19.522266">
      <ele>1126</ele>
      <time>2026-05-07T14:03:15Z</time>
    </trkpt>
    <trkpt lat="49.589269" lon="19.522323">
      <ele>1122</ele>
      <time>2026-05-07T14:03:35Z</time>
    </trkpt>
    <trkpt lat="49.589358" lon="19.522312">
      <ele>1121</ele>
      <time>2026-05-07T14:03:44Z</time>
    </trkpt>
    <trkpt lat="49.589449" lon="19.52239">
      <ele>1119</ele>
      <time>2026-05-07T14:03:55Z</time>
    </trkpt>
    <trkpt lat="49.589509" lon="19.522513">
      <ele>1117</ele>
      <time>2026-05-07T14:04:05Z</time>
    </trkpt>
    <trkpt lat="49.58957" lon="19.522654">
      <ele>1116</ele>
      <time>2026-05-07T14:04:17Z</time>
    </trkpt>
    <trkpt lat="49.58959" lon="19.522777">
      <ele>1115</ele>
      <time>2026-05-07T14:04:25Z</time>
    </trkpt>
    <trkpt lat="49.589622" lon="19.522877">
      <ele>1113</ele>
      <time>2026-05-07T14:04:32Z</time>
    </trkpt>
    <trkpt lat="49.589538" lon="19.52322">
      <ele>1112</ele>
      <time>2026-05-07T14:04:57Z</time>
    </trkpt>
    <trkpt lat="49.589541" lon="19.523298">
      <ele>1111</ele>
      <time>2026-05-07T14:05:02Z</time>
    </trkpt>
    <trkpt lat="49.589502" lon="19.523389">
      <ele>1111</ele>
      <time>2026-05-07T14:05:09Z</time>
    </trkpt>
    <trkpt lat="49.589357" lon="19.523561">
      <ele>1111</ele>
      <time>2026-05-07T14:05:27Z</time>
    </trkpt>
    <trkpt lat="49.589337" lon="19.523598">
      <ele>1110</ele>
      <time>2026-05-07T14:05:31Z</time>
    </trkpt>
    <trkpt lat="49.589315" lon="19.523816">
      <ele>1106</ele>
      <time>2026-05-07T14:05:46Z</time>
    </trkpt>
    <trkpt lat="49.589226" lon="19.523971">
      <ele>1103</ele>
      <time>2026-05-07T14:05:59Z</time>
    </trkpt>
    <trkpt lat="49.58921" lon="19.524001">
      <ele>1102</ele>
      <time>2026-05-07T14:06:02Z</time>
    </trkpt>
    <trkpt lat="49.589185" lon="19.524048">
      <ele>1102</ele>
      <time>2026-05-07T14:06:06Z</time>
    </trkpt>
    <trkpt lat="49.589174" lon="19.524084">
      <ele>1101</ele>
      <time>2026-05-07T14:06:09Z</time>
    </trkpt>
    <trkpt lat="49.589173" lon="19.524125">
      <ele>1100</ele>
      <time>2026-05-07T14:06:12Z</time>
    </trkpt>
    <trkpt lat="49.589172" lon="19.524153">
      <ele>1099</ele>
      <time>2026-05-07T14:06:14Z</time>
    </trkpt>
    <trkpt lat="49.589176" lon="19.524216">
      <ele>1098</ele>
      <time>2026-05-07T14:06:18Z</time>
    </trkpt>
    <trkpt lat="49.58917" lon="19.524278">
      <ele>1097</ele>
      <time>2026-05-07T14:06:22Z</time>
    </trkpt>
    <trkpt lat="49.589148" lon="19.524371">
      <ele>1096</ele>
      <time>2026-05-07T14:06:29Z</time>
    </trkpt>
    <trkpt lat="49.589048" lon="19.524639">
      <ele>1093</ele>
      <time>2026-05-07T14:06:49Z</time>
    </trkpt>
    <trkpt lat="49.588991" lon="19.524843">
      <ele>1091</ele>
      <time>2026-05-07T14:07:04Z</time>
    </trkpt>
    <trkpt lat="49.588985" lon="19.525041">
      <ele>1088</ele>
      <time>2026-05-07T14:07:17Z</time>
    </trkpt>
    <trkpt lat="49.589048" lon="19.525326">
      <ele>1083</ele>
      <time>2026-05-07T14:07:37Z</time>
    </trkpt>
    <trkpt lat="49.589113" lon="19.525527">
      <ele>1080</ele>
      <time>2026-05-07T14:07:52Z</time>
    </trkpt>
    <trkpt lat="49.589197" lon="19.525771">
      <ele>1075</ele>
      <time>2026-05-07T14:08:11Z</time>
    </trkpt>
    <trkpt lat="49.58922" lon="19.525996">
      <ele>1071</ele>
      <time>2026-05-07T14:08:26Z</time>
    </trkpt>
    <trkpt lat="49.589262" lon="19.526237">
      <ele>1067</ele>
      <time>2026-05-07T14:08:43Z</time>
    </trkpt>
    <trkpt lat="49.589364" lon="19.52649">
      <ele>1060</ele>
      <time>2026-05-07T14:09:04Z</time>
    </trkpt>
    <trkpt lat="49.589401" lon="19.526626">
      <ele>1057</ele>
      <time>2026-05-07T14:09:14Z</time>
    </trkpt>
    <trkpt lat="49.589481" lon="19.526726">
      <ele>1053</ele>
      <time>2026-05-07T14:09:25Z</time>
    </trkpt>
    <trkpt lat="49.589533" lon="19.526879">
      <ele>1048</ele>
      <time>2026-05-07T14:09:37Z</time>
    </trkpt>
    <trkpt lat="49.589604" lon="19.526962">
      <ele>1045</ele>
      <time>2026-05-07T14:09:47Z</time>
    </trkpt>
    <trkpt lat="49.589658" lon="19.527048">
      <ele>1041</ele>
      <time>2026-05-07T14:09:55Z</time>
    </trkpt>
    <trkpt lat="49.589768" lon="19.527088">
      <ele>1037</ele>
      <time>2026-05-07T14:10:07Z</time>
    </trkpt>
    <trkpt lat="49.589945" lon="19.527297">
      <ele>1028</ele>
      <time>2026-05-07T14:10:31Z</time>
    </trkpt>
    <trkpt lat="49.590334" lon="19.528005">
      <ele>1013</ele>
      <time>2026-05-07T14:11:34Z</time>
    </trkpt>
    <trkpt lat="49.590441" lon="19.528461">
      <ele>1009</ele>
      <time>2026-05-07T14:12:06Z</time>
    </trkpt>
    <trkpt lat="49.590641" lon="19.528547">
      <ele>1004</ele>
      <time>2026-05-07T14:12:27Z</time>
    </trkpt>
    <trkpt lat="49.590939" lon="19.528679">
      <ele>996</ele>
      <time>2026-05-07T14:12:59Z</time>
    </trkpt>
    <trkpt lat="49.591758" lon="19.528951">
      <ele>972</ele>
      <time>2026-05-07T14:14:27Z</time>
    </trkpt>
    <trkpt lat="49.592191" lon="19.529179">
      <ele>964</ele>
      <time>2026-05-07T14:15:14Z</time>
    </trkpt>
    <trkpt lat="49.592384" lon="19.529278">
      <ele>961</ele>
      <time>2026-05-07T14:15:35Z</time>
    </trkpt>
    <trkpt lat="49.593062" lon="19.529624">
      <ele>953</ele>
      <time>2026-05-07T14:16:47Z</time>
    </trkpt>
    <trkpt lat="49.593339" lon="19.529777">
      <ele>951</ele>
      <time>2026-05-07T14:17:17Z</time>
    </trkpt>
    <trkpt lat="49.594291" lon="19.530387">
      <ele>944</ele>
      <time>2026-05-07T14:19:02Z</time>
    </trkpt>
    <trkpt lat="49.594535" lon="19.530543">
      <ele>942</ele>
      <time>2026-05-07T14:19:28Z</time>
    </trkpt>
    <trkpt lat="49.595229" lon="19.531535">
      <ele>930</ele>
      <time>2026-05-07T14:21:05Z</time>
    </trkpt>
    <trkpt lat="49.595575" lon="19.531735">
      <ele>925</ele>
      <time>2026-05-07T14:21:43Z</time>
    </trkpt>
    <trkpt lat="49.595921" lon="19.53204">
      <ele>926</ele>
      <time>2026-05-07T14:22:23Z</time>
    </trkpt>
    <trkpt lat="49.596271" lon="19.532346">
      <ele>925</ele>
      <time>2026-05-07T14:23:04Z</time>
    </trkpt>
    <trkpt lat="49.5969" lon="19.532957">
      <ele>922</ele>
      <time>2026-05-07T14:24:19Z</time>
    </trkpt>
    <trkpt lat="49.597633" lon="19.533781">
      <ele>917</ele>
      <time>2026-05-07T14:25:51Z</time>
    </trkpt>
    <trkpt lat="49.597846" lon="19.534089">
      <ele>914</ele>
      <time>2026-05-07T14:26:21Z</time>
    </trkpt>
    <trkpt lat="49.597997" lon="19.534212">
      <ele>911</ele>
      <time>2026-05-07T14:26:38Z</time>
    </trkpt>
    <trkpt lat="49.59815" lon="19.534227">
      <ele>910</ele>
      <time>2026-05-07T14:26:54Z</time>
    </trkpt>
    <trkpt lat="49.598856" lon="19.534488">
      <ele>898</ele>
      <time>2026-05-07T14:28:08Z</time>
    </trkpt>
    <trkpt lat="49.598883" lon="19.534872">
      <ele>895</ele>
      <time>2026-05-07T14:28:36Z</time>
    </trkpt>
    <trkpt lat="49.598992" lon="19.535476">
      <ele>888</ele>
      <time>2026-05-07T14:29:21Z</time>
    </trkpt>
    <trkpt lat="49.599007" lon="19.535903">
      <ele>887</ele>
      <time>2026-05-07T14:29:52Z</time>
    </trkpt>
    <trkpt lat="49.599028" lon="19.536192">
      <ele>886</ele>
      <time>2026-05-07T14:30:13Z</time>
    </trkpt>
    <trkpt lat="49.599142" lon="19.536408">
      <ele>884</ele>
      <time>2026-05-07T14:30:33Z</time>
    </trkpt>
    <trkpt lat="49.599329" lon="19.536564">
      <ele>879</ele>
      <time>2026-05-07T14:30:57Z</time>
    </trkpt>
    <trkpt lat="49.59954" lon="19.536831">
      <ele>874</ele>
      <time>2026-05-07T14:31:28Z</time>
    </trkpt>
    <trkpt lat="49.599686" lon="19.537158">
      <ele>872</ele>
      <time>2026-05-07T14:31:56Z</time>
    </trkpt>
    <trkpt lat="49.599728" lon="19.537441">
      <ele>869</ele>
      <time>2026-05-07T14:32:17Z</time>
    </trkpt>
    <trkpt lat="49.5997" lon="19.537935">
      <ele>868</ele>
      <time>2026-05-07T14:32:53Z</time>
    </trkpt>
    <trkpt lat="49.599816" lon="19.53814">
      <ele>864</ele>
      <time>2026-05-07T14:33:13Z</time>
    </trkpt>
    <trkpt lat="49.599992" lon="19.538598">
      <ele>859</ele>
      <time>2026-05-07T14:33:51Z</time>
    </trkpt>
    <trkpt lat="49.600157" lon="19.538765">
      <ele>857</ele>
      <time>2026-05-07T14:34:13Z</time>
    </trkpt>
    <trkpt lat="49.60034" lon="19.538851">
      <ele>855</ele>
      <time>2026-05-07T14:34:34Z</time>
    </trkpt>
    <trkpt lat="49.600575" lon="19.538939">
      <ele>852</ele>
      <time>2026-05-07T14:35:01Z</time>
    </trkpt>
    <trkpt lat="49.60087" lon="19.538967">
      <ele>848</ele>
      <time>2026-05-07T14:35:34Z</time>
    </trkpt>
    <trkpt lat="49.601324" lon="19.538975">
      <ele>838</ele>
      <time>2026-05-07T14:36:26Z</time>
    </trkpt>
    <trkpt lat="49.601657" lon="19.538954">
      <ele>834</ele>
      <time>2026-05-07T14:37:03Z</time>
    </trkpt>
    <trkpt lat="49.60195" lon="19.538879">
      <ele>829</ele>
      <time>2026-05-07T14:37:36Z</time>
    </trkpt>
    <trkpt lat="49.602151" lon="19.538771">
      <ele>825</ele>
      <time>2026-05-07T14:38:00Z</time>
    </trkpt>
    <trkpt lat="49.602294" lon="19.538653">
      <ele>823</ele>
      <time>2026-05-07T14:38:18Z</time>
    </trkpt>
    <trkpt lat="49.602419" lon="19.538417">
      <ele>819</ele>
      <time>2026-05-07T14:38:40Z</time>
    </trkpt>
    <trkpt lat="49.602457" lon="19.538192">
      <ele>817</ele>
      <time>2026-05-07T14:38:57Z</time>
    </trkpt>
    <trkpt lat="49.602471" lon="19.537972">
      <ele>817</ele>
      <time>2026-05-07T14:39:13Z</time>
    </trkpt>
    <trkpt lat="49.602502" lon="19.537709">
      <ele>818</ele>
      <time>2026-05-07T14:39:32Z</time>
    </trkpt>
    <trkpt lat="49.602589" lon="19.537688">
      <ele>817</ele>
      <time>2026-05-07T14:39:42Z</time>
    </trkpt>
    <trkpt lat="49.602725" lon="19.537724">
      <ele>816</ele>
      <time>2026-05-07T14:39:57Z</time>
    </trkpt>
    <trkpt lat="49.602969" lon="19.538014">
      <ele>809</ele>
      <time>2026-05-07T14:40:32Z</time>
    </trkpt>
    <trkpt lat="49.603253" lon="19.538334">
      <ele>801</ele>
      <time>2026-05-07T14:41:11Z</time>
    </trkpt>
    <trkpt lat="49.603342" lon="19.538452">
      <ele>798</ele>
      <time>2026-05-07T14:41:25Z</time>
    </trkpt>
    <trkpt lat="49.603439" lon="19.538653">
      <ele>794</ele>
      <time>2026-05-07T14:41:43Z</time>
    </trkpt>
    <trkpt lat="49.603551" lon="19.538745">
      <ele>791</ele>
      <time>2026-05-07T14:41:57Z</time>
    </trkpt>
    <trkpt lat="49.603694" lon="19.538775">
      <ele>789</ele>
      <time>2026-05-07T14:42:14Z</time>
    </trkpt>
    <trkpt lat="49.603891" lon="19.53889">
      <ele>785</ele>
      <time>2026-05-07T14:42:37Z</time>
    </trkpt>
    <trkpt lat="49.60398" lon="19.538963">
      <ele>784</ele>
      <time>2026-05-07T14:42:48Z</time>
    </trkpt>
    <trkpt lat="49.604054" lon="19.539052">
      <ele>784</ele>
      <time>2026-05-07T14:42:59Z</time>
    </trkpt>
    <trkpt lat="49.604134" lon="19.53922">
      <ele>783</ele>
      <time>2026-05-07T14:43:14Z</time>
    </trkpt>
    <trkpt lat="49.604264" lon="19.539344">
      <ele>781</ele>
      <time>2026-05-07T14:43:31Z</time>
    </trkpt>
    <trkpt lat="49.604588" lon="19.539553">
      <ele>776</ele>
      <time>2026-05-07T14:44:10Z</time>
    </trkpt>
    <trkpt lat="49.604741" lon="19.539622">
      <ele>774</ele>
      <time>2026-05-07T14:44:28Z</time>
    </trkpt>
    <trkpt lat="49.604972" lon="19.539638">
      <ele>771</ele>
      <time>2026-05-07T14:44:54Z</time>
    </trkpt>
    <trkpt lat="49.605046" lon="19.539719">
      <ele>769</ele>
      <time>2026-05-07T14:45:04Z</time>
    </trkpt>
    <trkpt lat="49.605193" lon="19.53995">
      <ele>767</ele>
      <time>2026-05-07T14:45:27Z</time>
    </trkpt>
    <trkpt lat="49.60536" lon="19.540155">
      <ele>765</ele>
      <time>2026-05-07T14:45:51Z</time>
    </trkpt>
    <trkpt lat="49.605519" lon="19.540233">
      <ele>763</ele>
      <time>2026-05-07T14:46:09Z</time>
    </trkpt>
    <trkpt lat="49.605636" lon="19.540354">
      <ele>763</ele>
      <time>2026-05-07T14:46:25Z</time>
    </trkpt>
    <trkpt lat="49.605762" lon="19.540388">
      <ele>762</ele>
      <time>2026-05-07T14:46:39Z</time>
    </trkpt>
    <trkpt lat="49.605903" lon="19.540387">
      <ele>760</ele>
      <time>2026-05-07T14:46:55Z</time>
    </trkpt>
    <trkpt lat="49.606092" lon="19.540409">
      <ele>757</ele>
      <time>2026-05-07T14:47:16Z</time>
    </trkpt>
    <trkpt lat="49.60624" lon="19.540447">
      <ele>755</ele>
      <time>2026-05-07T14:47:33Z</time>
    </trkpt>
    <trkpt lat="49.606557" lon="19.540532">
      <ele>750</ele>
      <time>2026-05-07T14:48:09Z</time>
    </trkpt>
    <trkpt lat="49.606762" lon="19.540584">
      <ele>747</ele>
      <time>2026-05-07T14:48:32Z</time>
    </trkpt>
    <trkpt lat="49.606924" lon="19.540678">
      <ele>744</ele>
      <time>2026-05-07T14:48:51Z</time>
    </trkpt>
    <trkpt lat="49.607141" lon="19.540788">
      <ele>741</ele>
      <time>2026-05-07T14:49:17Z</time>
    </trkpt>
    <trkpt lat="49.607299" lon="19.540766">
      <ele>740</ele>
      <time>2026-05-07T14:49:34Z</time>
    </trkpt>
    <trkpt lat="49.607628" lon="19.540665">
      <ele>738</ele>
      <time>2026-05-07T14:50:11Z</time>
    </trkpt>
    <trkpt lat="49.607977" lon="19.540594">
      <ele>734</ele>
      <time>2026-05-07T14:50:51Z</time>
    </trkpt>
    <trkpt lat="49.608177" lon="19.540539">
      <ele>733</ele>
      <time>2026-05-07T14:51:13Z</time>
    </trkpt>
    <trkpt lat="49.60832" lon="19.540598">
      <ele>732</ele>
      <time>2026-05-07T14:51:29Z</time>
    </trkpt>
    <trkpt lat="49.608387" lon="19.540677">
      <ele>732</ele>
      <time>2026-05-07T14:51:39Z</time>
    </trkpt>
    <trkpt lat="49.608436" lon="19.540769">
      <ele>732</ele>
      <time>2026-05-07T14:51:47Z</time>
    </trkpt>
    <trkpt lat="49.608477" lon="19.540926">
      <ele>732</ele>
      <time>2026-05-07T14:51:59Z</time>
    </trkpt>
    <trkpt lat="49.608486" lon="19.541083">
      <ele>732</ele>
      <time>2026-05-07T14:52:11Z</time>
    </trkpt>
    <trkpt lat="49.608523" lon="19.541338">
      <ele>732</ele>
      <time>2026-05-07T14:52:30Z</time>
    </trkpt>
    <trkpt lat="49.608572" lon="19.541405">
      <ele>732</ele>
      <time>2026-05-07T14:52:37Z</time>
    </trkpt>
    <trkpt lat="49.608666" lon="19.541443">
      <ele>732</ele>
      <time>2026-05-07T14:52:48Z</time>
    </trkpt>
    <trkpt lat="49.608753" lon="19.541561">
      <ele>732</ele>
      <time>2026-05-07T14:53:00Z</time>
    </trkpt>
    <trkpt lat="49.608759" lon="19.541667">
      <ele>733</ele>
      <time>2026-05-07T14:53:08Z</time>
    </trkpt>
    <trkpt lat="49.607626" lon="19.541829">
      <ele>741</ele>
      <time>2026-05-07T14:55:40Z</time>
    </trkpt>
    <trkpt lat="49.607408" lon="19.541863">
      <ele>742</ele>
      <time>2026-05-07T14:56:09Z</time>
    </trkpt>
    <trkpt lat="49.607132" lon="19.541973">
      <ele>742</ele>
      <time>2026-05-07T14:56:47Z</time>
    </trkpt>
    <trkpt lat="49.605559" lon="19.543164">
      <ele>754</ele>
      <time>2026-05-07T15:00:40Z</time>
    </trkpt>
    <trkpt lat="49.605367" lon="19.543359">
      <ele>756</ele>
      <time>2026-05-07T15:01:11Z</time>
    </trkpt>
    <trkpt lat="49.605214" lon="19.54364">
      <ele>758</ele>
      <time>2026-05-07T15:01:43Z</time>
    </trkpt>
    <trkpt lat="49.605059" lon="19.543908">
      <ele>760</ele>
      <time>2026-05-07T15:02:14Z</time>
    </trkpt>
    <trkpt lat="49.604886" lon="19.544119">
      <ele>764</ele>
      <time>2026-05-07T15:02:44Z</time>
    </trkpt>
    <trkpt lat="49.604667" lon="19.544323">
      <ele>770</ele>
      <time>2026-05-07T15:03:18Z</time>
    </trkpt>
    <trkpt lat="49.604293" lon="19.544592">
      <ele>773</ele>
      <time>2026-05-07T15:04:13Z</time>
    </trkpt>
    <trkpt lat="49.604161" lon="19.544694">
      <ele>774</ele>
      <time>2026-05-07T15:04:33Z</time>
    </trkpt>
    <trkpt lat="49.604091" lon="19.54479">
      <ele>776</ele>
      <time>2026-05-07T15:04:46Z</time>
    </trkpt>
    <trkpt lat="49.604141" lon="19.544853">
      <ele>778</ele>
      <time>2026-05-07T15:04:55Z</time>
    </trkpt>
    <trkpt lat="49.604336" lon="19.544891">
      <ele>781</ele>
      <time>2026-05-07T15:05:21Z</time>
    </trkpt>
    <trkpt lat="49.604782" lon="19.544954">
      <ele>786</ele>
      <time>2026-05-07T15:06:21Z</time>
    </trkpt>
    <trkpt lat="49.605104" lon="19.545114">
      <ele>790</ele>
      <time>2026-05-07T15:07:06Z</time>
    </trkpt>
    <trkpt lat="49.605504" lon="19.545256">
      <ele>790</ele>
      <time>2026-05-07T15:08:01Z</time>
    </trkpt>
    <trkpt lat="49.605703" lon="19.545313">
      <ele>789</ele>
      <time>2026-05-07T15:08:28Z</time>
    </trkpt>
    <trkpt lat="49.605795" lon="19.545364">
      <ele>789</ele>
      <time>2026-05-07T15:08:41Z</time>
    </trkpt>
    <trkpt lat="49.605962" lon="19.545623">
      <ele>792</ele>
      <time>2026-05-07T15:09:12Z</time>
    </trkpt>
    <trkpt lat="49.606168" lon="19.546113">
      <ele>795</ele>
      <time>2026-05-07T15:10:03Z</time>
    </trkpt>
    <trkpt lat="49.606383" lon="19.546196">
      <ele>791</ele>
      <time>2026-05-07T15:10:33Z</time>
    </trkpt>
    <trkpt lat="49.606478" lon="19.546277">
      <ele>790</ele>
      <time>2026-05-07T15:10:47Z</time>
    </trkpt>
    <trkpt lat="49.606643" lon="19.546351">
      <ele>788</ele>
      <time>2026-05-07T15:11:10Z</time>
    </trkpt>
    <trkpt lat="49.607056" lon="19.546652">
      <ele>783</ele>
      <time>2026-05-07T15:12:11Z</time>
    </trkpt>
    <trkpt lat="49.60721" lon="19.546762">
      <ele>782</ele>
      <time>2026-05-07T15:12:34Z</time>
    </trkpt>
    <trkpt lat="49.607367" lon="19.54679">
      <ele>781</ele>
      <time>2026-05-07T15:12:55Z</time>
    </trkpt>
    <trkpt lat="49.607521" lon="19.546801">
      <ele>780</ele>
      <time>2026-05-07T15:13:16Z</time>
    </trkpt>
    <trkpt lat="49.607688" lon="19.546901">
      <ele>780</ele>
      <time>2026-05-07T15:13:39Z</time>
    </trkpt>
    <trkpt lat="49.607841" lon="19.546933">
      <ele>779</ele>
      <time>2026-05-07T15:14:00Z</time>
    </trkpt>
    <trkpt lat="49.607918" lon="19.546936">
      <ele>779</ele>
      <time>2026-05-07T15:14:10Z</time>
    </trkpt>
    <trkpt lat="49.607991" lon="19.546955">
      <ele>778</ele>
      <time>2026-05-07T15:14:20Z</time>
    </trkpt>
    <trkpt lat="49.60816" lon="19.546982">
      <ele>775</ele>
      <time>2026-05-07T15:14:43Z</time>
    </trkpt>
    <trkpt lat="49.608403" lon="19.547013">
      <ele>772</ele>
      <time>2026-05-07T15:15:16Z</time>
    </trkpt>
    <trkpt lat="49.608641" lon="19.54701">
      <ele>770</ele>
      <time>2026-05-07T15:15:47Z</time>
    </trkpt>
    <trkpt lat="49.608792" lon="19.547026">
      <ele>770</ele>
      <time>2026-05-07T15:16:08Z</time>
    </trkpt>
    <trkpt lat="49.608888" lon="19.547026">
      <ele>770</ele>
      <time>2026-05-07T15:16:20Z</time>
    </trkpt>
    <trkpt lat="49.609003" lon="19.547004">
      <ele>769</ele>
      <time>2026-05-07T15:16:36Z</time>
    </trkpt>
    <trkpt lat="49.609289" lon="19.547033">
      <ele>766</ele>
      <time>2026-05-07T15:17:14Z</time>
    </trkpt>
    <trkpt lat="49.609585" lon="19.547018">
      <ele>766</ele>
      <time>2026-05-07T15:17:53Z</time>
    </trkpt>
    <trkpt lat="49.609759" lon="19.546969">
      <ele>768</ele>
      <time>2026-05-07T15:18:17Z</time>
    </trkpt>
    <trkpt lat="49.609941" lon="19.546976">
      <ele>768</ele>
      <time>2026-05-07T15:18:41Z</time>
    </trkpt>
    <trkpt lat="49.610088" lon="19.547026">
      <ele>767</ele>
      <time>2026-05-07T15:19:01Z</time>
    </trkpt>
    <trkpt lat="49.610314" lon="19.547018">
      <ele>767</ele>
      <time>2026-05-07T15:19:31Z</time>
    </trkpt>
    <trkpt lat="49.6104" lon="19.547199">
      <ele>765</ele>
      <time>2026-05-07T15:19:51Z</time>
    </trkpt>
    <trkpt lat="49.610447" lon="19.54734">
      <ele>763</ele>
      <time>2026-05-07T15:20:05Z</time>
    </trkpt>
    <trkpt lat="49.610497" lon="19.547407">
      <ele>763</ele>
      <time>2026-05-07T15:20:13Z</time>
    </trkpt>
    <trkpt lat="49.610526" lon="19.54751">
      <ele>762</ele>
      <time>2026-05-07T15:20:23Z</time>
    </trkpt>
    <trkpt lat="49.610563" lon="19.547597">
      <ele>760</ele>
      <time>2026-05-07T15:20:32Z</time>
    </trkpt>
    <trkpt lat="49.610608" lon="19.547674">
      <ele>759</ele>
      <time>2026-05-07T15:20:41Z</time>
    </trkpt>
    <trkpt lat="49.610713" lon="19.547809">
      <ele>757</ele>
      <time>2026-05-07T15:21:00Z</time>
    </trkpt>
    <trkpt lat="49.610824" lon="19.547964">
      <ele>754</ele>
      <time>2026-05-07T15:21:20Z</time>
    </trkpt>
    <trkpt lat="49.61085" lon="19.548025">
      <ele>753</ele>
      <time>2026-05-07T15:21:26Z</time>
    </trkpt>
    <trkpt lat="49.610886" lon="19.548144">
      <ele>751</ele>
      <time>2026-05-07T15:21:38Z</time>
    </trkpt>
    <trkpt lat="49.610919" lon="19.54822">
      <ele>750</ele>
      <time>2026-05-07T15:21:46Z</time>
    </trkpt>
    <trkpt lat="49.610963" lon="19.548287">
      <ele>749</ele>
      <time>2026-05-07T15:21:54Z</time>
    </trkpt>
    <trkpt lat="49.611018" lon="19.548349">
      <ele>748</ele>
      <time>2026-05-07T15:22:03Z</time>
    </trkpt>
    <trkpt lat="49.611112" lon="19.548453">
      <ele>745</ele>
      <time>2026-05-07T15:22:19Z</time>
    </trkpt>
    <trkpt lat="49.61117" lon="19.548491">
      <ele>745</ele>
      <time>2026-05-07T15:22:28Z</time>
    </trkpt>
    <trkpt lat="49.611235" lon="19.548572">
      <ele>743</ele>
      <time>2026-05-07T15:22:39Z</time>
    </trkpt>
    <trkpt lat="49.611546" lon="19.548855">
      <ele>737</ele>
      <time>2026-05-07T15:23:27Z</time>
    </trkpt>
    <trkpt lat="49.611778" lon="19.549149">
      <ele>730</ele>
      <time>2026-05-07T15:24:08Z</time>
    </trkpt>
    <trkpt lat="49.612031" lon="19.549461">
      <ele>728</ele>
      <time>2026-05-07T15:24:51Z</time>
    </trkpt>
    <trkpt lat="49.612319" lon="19.549765">
      <ele>728</ele>
      <time>2026-05-07T15:25:38Z</time>
    </trkpt>
    <trkpt lat="49.612446" lon="19.549879">
      <ele>727</ele>
      <time>2026-05-07T15:25:57Z</time>
    </trkpt>
    <trkpt lat="49.612527" lon="19.549975">
      <ele>725</ele>
      <time>2026-05-07T15:26:11Z</time>
    </trkpt>
    <trkpt lat="49.61259" lon="19.550108">
      <ele>724</ele>
      <time>2026-05-07T15:26:25Z</time>
    </trkpt>
    <trkpt lat="49.612615" lon="19.550242">
      <ele>722</ele>
      <time>2026-05-07T15:26:38Z</time>
    </trkpt>
    <trkpt lat="49.612655" lon="19.55035">
      <ele>721</ele>
      <time>2026-05-07T15:26:48Z</time>
    </trkpt>
    <trkpt lat="49.612727" lon="19.550481">
      <ele>719</ele>
      <time>2026-05-07T15:27:03Z</time>
    </trkpt>
    <trkpt lat="49.612804" lon="19.550541">
      <ele>718</ele>
      <time>2026-05-07T15:27:15Z</time>
    </trkpt>
    <trkpt lat="49.612872" lon="19.550611">
      <ele>717</ele>
      <time>2026-05-07T15:27:26Z</time>
    </trkpt>
    <trkpt lat="49.612961" lon="19.550666">
      <ele>717</ele>
      <time>2026-05-07T15:27:39Z</time>
    </trkpt>
    <trkpt lat="49.612993" lon="19.550744">
      <ele>715</ele>
      <time>2026-05-07T15:27:47Z</time>
    </trkpt>
    <trkpt lat="49.613007" lon="19.550781">
      <ele>714</ele>
      <time>2026-05-07T15:27:51Z</time>
    </trkpt>
    <trkpt lat="49.613011" lon="19.550839">
      <ele>713</ele>
      <time>2026-05-07T15:27:56Z</time>
    </trkpt>
    <trkpt lat="49.613009" lon="19.55093">
      <ele>712</ele>
      <time>2026-05-07T15:28:04Z</time>
    </trkpt>
    <trkpt lat="49.61301" lon="19.550977">
      <ele>712</ele>
      <time>2026-05-07T15:28:08Z</time>
    </trkpt>
    <trkpt lat="49.613071" lon="19.55101">
      <ele>711</ele>
      <time>2026-05-07T15:28:14Z</time>
    </trkpt>
    <trkpt lat="49.613184" lon="19.551075">
      <ele>711</ele>
      <time>2026-05-07T15:28:26Z</time>
    </trkpt>
    <trkpt lat="49.613282" lon="19.551108">
      <ele>710</ele>
      <time>2026-05-07T15:28:35Z</time>
    </trkpt>
    <trkpt lat="49.613469" lon="19.551124">
      <ele>710</ele>
      <time>2026-05-07T15:28:53Z</time>
    </trkpt>
    <trkpt lat="49.613528" lon="19.551137">
      <ele>709</ele>
      <time>2026-05-07T15:28:59Z</time>
    </trkpt>
    <trkpt lat="49.613676" lon="19.551106">
      <ele>708</ele>
      <time>2026-05-07T15:29:13Z</time>
    </trkpt>
    <trkpt lat="49.613889" lon="19.551089">
      <ele>706</ele>
      <time>2026-05-07T15:29:34Z</time>
    </trkpt>
    <trkpt lat="49.614189" lon="19.551259">
      <ele>705</ele>
      <time>2026-05-07T15:30:04Z</time>
    </trkpt>
    <trkpt lat="49.614221" lon="19.55147">
      <ele>705</ele>
      <time>2026-05-07T15:30:17Z</time>
    </trkpt>
    <trkpt lat="49.61405" lon="19.551525">
      <ele>704</ele>
      <time>2026-05-07T15:30:34Z</time>
    </trkpt>
    <trkpt lat="49.613984" lon="19.551555">
      <ele>704</ele>
      <time>2026-05-07T15:30:41Z</time>
    </trkpt>
    <trkpt lat="49.613915" lon="19.551595">
      <ele>704</ele>
      <time>2026-05-07T15:30:48Z</time>
    </trkpt>
    <trkpt lat="49.613836" lon="19.55165">
      <ele>704</ele>
      <time>2026-05-07T15:30:56Z</time>
    </trkpt>
    <trkpt lat="49.613726" lon="19.551744">
      <ele>705</ele>
      <time>2026-05-07T15:31:08Z</time>
    </trkpt>
  </trkseg>
</trk>
</gpx>