<?xml version="1.0" encoding="UTF-8"?><gpx creator="https://mapa-turystyczna.pl" xmlns="http://www.topografix.com/GPX/1/1" version="1.1" xmlns:xsi="http://www.w3.org/2001/XMLSchema-instance" xsi:schemaLocation="http://www.topografix.com/GPX/1/1 http://www.topografix.com/GPX/1/1/gpx.xsd">
  <metadata>
    <link href="https://mapa-turystyczna.pl">
      <text>mapa-turystyczna.pl</text>
    </link>
    <time>2026-05-07T08:43:08Z</time>
    <bounds maxlat="49.628194" maxlon="19.538131" minlat="49.572104" minlon="19.46848"/>
  </metadata>

<trk>
  <name>Zawoja, Podryżowane – Zawoja, Podryżowane</name>
  <link href="https://mapa-turystyczna.pl/route/h8uj">
    <text>Zawoja, Podryżowane – Zawoja, Podryżowane</text>
  </link>
  <trkseg>
    <trkpt lat="49.623338" lon="19.536337">
      <ele>661</ele>
      <time>2026-05-07T08:43:08Z</time>
    </trkpt>
    <trkpt lat="49.623301" lon="19.536363">
      <ele>661</ele>
      <time>2026-05-07T08:43:14Z</time>
    </trkpt>
    <trkpt lat="49.623273" lon="19.536382">
      <ele>661</ele>
      <time>2026-05-07T08:43:19Z</time>
    </trkpt>
    <trkpt lat="49.623061" lon="19.536501">
      <ele>659</ele>
      <time>2026-05-07T08:43:55Z</time>
    </trkpt>
    <trkpt lat="49.622861" lon="19.536618">
      <ele>659</ele>
      <time>2026-05-07T08:44:29Z</time>
    </trkpt>
    <trkpt lat="49.62266" lon="19.536731">
      <ele>661</ele>
      <time>2026-05-07T08:45:03Z</time>
    </trkpt>
    <trkpt lat="49.622609" lon="19.536739">
      <ele>661</ele>
      <time>2026-05-07T08:45:11Z</time>
    </trkpt>
    <trkpt lat="49.622359" lon="19.536749">
      <ele>665</ele>
      <time>2026-05-07T08:45:51Z</time>
    </trkpt>
    <trkpt lat="49.622063" lon="19.536761">
      <ele>668</ele>
      <time>2026-05-07T08:46:38Z</time>
    </trkpt>
    <trkpt lat="49.621828" lon="19.536783">
      <ele>671</ele>
      <time>2026-05-07T08:47:15Z</time>
    </trkpt>
    <trkpt lat="49.62171" lon="19.536794">
      <ele>672</ele>
      <time>2026-05-07T08:47:34Z</time>
    </trkpt>
    <trkpt lat="49.621646" lon="19.536814">
      <ele>673</ele>
      <time>2026-05-07T08:47:44Z</time>
    </trkpt>
    <trkpt lat="49.621528" lon="19.536913">
      <ele>674</ele>
      <time>2026-05-07T08:48:06Z</time>
    </trkpt>
    <trkpt lat="49.621456" lon="19.537024">
      <ele>674</ele>
      <time>2026-05-07T08:48:22Z</time>
    </trkpt>
    <trkpt lat="49.62129" lon="19.537237">
      <ele>675</ele>
      <time>2026-05-07T08:48:56Z</time>
    </trkpt>
    <trkpt lat="49.621132" lon="19.537379">
      <ele>676</ele>
      <time>2026-05-07T08:49:25Z</time>
    </trkpt>
    <trkpt lat="49.620975" lon="19.537493">
      <ele>678</ele>
      <time>2026-05-07T08:49:52Z</time>
    </trkpt>
    <trkpt lat="49.620754" lon="19.537727">
      <ele>681</ele>
      <time>2026-05-07T08:50:35Z</time>
    </trkpt>
    <trkpt lat="49.62066" lon="19.537828">
      <ele>682</ele>
      <time>2026-05-07T08:50:53Z</time>
    </trkpt>
    <trkpt lat="49.620569" lon="19.537873">
      <ele>684</ele>
      <time>2026-05-07T08:51:08Z</time>
    </trkpt>
    <trkpt lat="49.620498" lon="19.537893">
      <ele>685</ele>
      <time>2026-05-07T08:51:20Z</time>
    </trkpt>
    <trkpt lat="49.6203" lon="19.537917">
      <ele>690</ele>
      <time>2026-05-07T08:51:52Z</time>
    </trkpt>
    <trkpt lat="49.620114" lon="19.537998">
      <ele>692</ele>
      <time>2026-05-07T08:52:23Z</time>
    </trkpt>
    <trkpt lat="49.619921" lon="19.538118">
      <ele>695</ele>
      <time>2026-05-07T08:52:56Z</time>
    </trkpt>
    <trkpt lat="49.61985" lon="19.538131">
      <ele>697</ele>
      <time>2026-05-07T08:53:07Z</time>
    </trkpt>
    <trkpt lat="49.619798" lon="19.538129">
      <ele>698</ele>
      <time>2026-05-07T08:53:16Z</time>
    </trkpt>
    <trkpt lat="49.619761" lon="19.538041">
      <ele>698</ele>
      <time>2026-05-07T08:53:27Z</time>
    </trkpt>
    <trkpt lat="49.619674" lon="19.537634">
      <ele>698</ele>
      <time>2026-05-07T08:54:11Z</time>
    </trkpt>
    <trkpt lat="49.619651" lon="19.537513">
      <ele>698</ele>
      <time>2026-05-07T08:54:23Z</time>
    </trkpt>
    <trkpt lat="49.619553" lon="19.537162">
      <ele>701</ele>
      <time>2026-05-07T08:55:03Z</time>
    </trkpt>
    <trkpt lat="49.619357" lon="19.536564">
      <ele>705</ele>
      <time>2026-05-07T08:56:12Z</time>
    </trkpt>
    <trkpt lat="49.619088" lon="19.53617">
      <ele>707</ele>
      <time>2026-05-07T08:57:10Z</time>
    </trkpt>
    <trkpt lat="49.618915" lon="19.535848">
      <ele>711</ele>
      <time>2026-05-07T08:57:54Z</time>
    </trkpt>
    <trkpt lat="49.618832" lon="19.535714">
      <ele>713</ele>
      <time>2026-05-07T08:58:13Z</time>
    </trkpt>
    <trkpt lat="49.618529" lon="19.535525">
      <ele>719</ele>
      <time>2026-05-07T08:59:05Z</time>
    </trkpt>
    <trkpt lat="49.618475" lon="19.535485">
      <ele>720</ele>
      <time>2026-05-07T08:59:15Z</time>
    </trkpt>
    <trkpt lat="49.61841" lon="19.535377">
      <ele>721</ele>
      <time>2026-05-07T08:59:30Z</time>
    </trkpt>
    <trkpt lat="49.618339" lon="19.535217">
      <ele>722</ele>
      <time>2026-05-07T08:59:50Z</time>
    </trkpt>
    <trkpt lat="49.618307" lon="19.535086">
      <ele>723</ele>
      <time>2026-05-07T09:00:04Z</time>
    </trkpt>
    <trkpt lat="49.618274" lon="19.534643">
      <ele>726</ele>
      <time>2026-05-07T09:00:50Z</time>
    </trkpt>
    <trkpt lat="49.618239" lon="19.534529">
      <ele>728</ele>
      <time>2026-05-07T09:01:03Z</time>
    </trkpt>
    <trkpt lat="49.618098" lon="19.534236">
      <ele>732</ele>
      <time>2026-05-07T09:01:41Z</time>
    </trkpt>
    <trkpt lat="49.61803" lon="19.53378">
      <ele>737</ele>
      <time>2026-05-07T09:02:30Z</time>
    </trkpt>
    <trkpt lat="49.61786" lon="19.533805">
      <ele>738</ele>
      <time>2026-05-07T09:02:57Z</time>
    </trkpt>
    <trkpt lat="49.617543" lon="19.533867">
      <ele>742</ele>
      <time>2026-05-07T09:03:48Z</time>
    </trkpt>
    <trkpt lat="49.617434" lon="19.53394">
      <ele>744</ele>
      <time>2026-05-07T09:04:07Z</time>
    </trkpt>
    <trkpt lat="49.617277" lon="19.53397">
      <ele>747</ele>
      <time>2026-05-07T09:04:32Z</time>
    </trkpt>
    <trkpt lat="49.617121" lon="19.533962">
      <ele>750</ele>
      <time>2026-05-07T09:04:57Z</time>
    </trkpt>
    <trkpt lat="49.616964" lon="19.533904">
      <ele>752</ele>
      <time>2026-05-07T09:05:23Z</time>
    </trkpt>
    <trkpt lat="49.616729" lon="19.53408">
      <ele>755</ele>
      <time>2026-05-07T09:06:04Z</time>
    </trkpt>
    <trkpt lat="49.616458" lon="19.534276">
      <ele>760</ele>
      <time>2026-05-07T09:06:52Z</time>
    </trkpt>
    <trkpt lat="49.616353" lon="19.534236">
      <ele>762</ele>
      <time>2026-05-07T09:07:09Z</time>
    </trkpt>
    <trkpt lat="49.616235" lon="19.534178">
      <ele>764</ele>
      <time>2026-05-07T09:07:29Z</time>
    </trkpt>
    <trkpt lat="49.616165" lon="19.534156">
      <ele>765</ele>
      <time>2026-05-07T09:07:41Z</time>
    </trkpt>
    <trkpt lat="49.616123" lon="19.534152">
      <ele>766</ele>
      <time>2026-05-07T09:07:47Z</time>
    </trkpt>
    <trkpt lat="49.616074" lon="19.534204">
      <ele>768</ele>
      <time>2026-05-07T09:07:57Z</time>
    </trkpt>
    <trkpt lat="49.61606" lon="19.534354">
      <ele>770</ele>
      <time>2026-05-07T09:08:13Z</time>
    </trkpt>
    <trkpt lat="49.616132" lon="19.534715">
      <ele>772</ele>
      <time>2026-05-07T09:08:52Z</time>
    </trkpt>
    <trkpt lat="49.616101" lon="19.534808">
      <ele>774</ele>
      <time>2026-05-07T09:09:03Z</time>
    </trkpt>
    <trkpt lat="49.616069" lon="19.534833">
      <ele>774</ele>
      <time>2026-05-07T09:09:08Z</time>
    </trkpt>
    <trkpt lat="49.615913" lon="19.53476">
      <ele>777</ele>
      <time>2026-05-07T09:09:34Z</time>
    </trkpt>
    <trkpt lat="49.61578" lon="19.534763">
      <ele>779</ele>
      <time>2026-05-07T09:09:56Z</time>
    </trkpt>
    <trkpt lat="49.615562" lon="19.534824">
      <ele>782</ele>
      <time>2026-05-07T09:10:31Z</time>
    </trkpt>
    <trkpt lat="49.615189" lon="19.535036">
      <ele>784</ele>
      <time>2026-05-07T09:11:34Z</time>
    </trkpt>
    <trkpt lat="49.615099" lon="19.535073">
      <ele>785</ele>
      <time>2026-05-07T09:11:49Z</time>
    </trkpt>
    <trkpt lat="49.615028" lon="19.535032">
      <ele>785</ele>
      <time>2026-05-07T09:12:01Z</time>
    </trkpt>
    <trkpt lat="49.614989" lon="19.534847">
      <ele>784</ele>
      <time>2026-05-07T09:12:20Z</time>
    </trkpt>
    <trkpt lat="49.614877" lon="19.533982">
      <ele>783</ele>
      <time>2026-05-07T09:13:51Z</time>
    </trkpt>
    <trkpt lat="49.614898" lon="19.533925">
      <ele>782</ele>
      <time>2026-05-07T09:13:58Z</time>
    </trkpt>
    <trkpt lat="49.614911" lon="19.533893">
      <ele>782</ele>
      <time>2026-05-07T09:14:01Z</time>
    </trkpt>
    <trkpt lat="49.614932" lon="19.533753">
      <ele>782</ele>
      <time>2026-05-07T09:14:16Z</time>
    </trkpt>
    <trkpt lat="49.614978" lon="19.533531">
      <ele>780</ele>
      <time>2026-05-07T09:14:40Z</time>
    </trkpt>
    <trkpt lat="49.614948" lon="19.533032">
      <ele>779</ele>
      <time>2026-05-07T09:15:32Z</time>
    </trkpt>
    <trkpt lat="49.614957" lon="19.532826">
      <ele>779</ele>
      <time>2026-05-07T09:15:53Z</time>
    </trkpt>
    <trkpt lat="49.614988" lon="19.532675">
      <ele>777</ele>
      <time>2026-05-07T09:16:09Z</time>
    </trkpt>
    <trkpt lat="49.615059" lon="19.532551">
      <ele>776</ele>
      <time>2026-05-07T09:16:26Z</time>
    </trkpt>
    <trkpt lat="49.615232" lon="19.532256">
      <ele>774</ele>
      <time>2026-05-07T09:17:07Z</time>
    </trkpt>
    <trkpt lat="49.615384" lon="19.532067">
      <ele>775</ele>
      <time>2026-05-07T09:17:38Z</time>
    </trkpt>
    <trkpt lat="49.615386" lon="19.531909">
      <ele>776</ele>
      <time>2026-05-07T09:17:54Z</time>
    </trkpt>
    <trkpt lat="49.615375" lon="19.531754">
      <ele>778</ele>
      <time>2026-05-07T09:18:10Z</time>
    </trkpt>
    <trkpt lat="49.61536" lon="19.531634">
      <ele>780</ele>
      <time>2026-05-07T09:18:23Z</time>
    </trkpt>
    <trkpt lat="49.615344" lon="19.531573">
      <ele>781</ele>
      <time>2026-05-07T09:18:30Z</time>
    </trkpt>
    <trkpt lat="49.615307" lon="19.531513">
      <ele>782</ele>
      <time>2026-05-07T09:18:39Z</time>
    </trkpt>
    <trkpt lat="49.615229" lon="19.531453">
      <ele>783</ele>
      <time>2026-05-07T09:18:53Z</time>
    </trkpt>
    <trkpt lat="49.615131" lon="19.531403">
      <ele>785</ele>
      <time>2026-05-07T09:19:09Z</time>
    </trkpt>
    <trkpt lat="49.615088" lon="19.531258">
      <ele>787</ele>
      <time>2026-05-07T09:19:26Z</time>
    </trkpt>
    <trkpt lat="49.615047" lon="19.531134">
      <ele>789</ele>
      <time>2026-05-07T09:19:40Z</time>
    </trkpt>
    <trkpt lat="49.614991" lon="19.531045">
      <ele>791</ele>
      <time>2026-05-07T09:19:53Z</time>
    </trkpt>
    <trkpt lat="49.614757" lon="19.530607">
      <ele>800</ele>
      <time>2026-05-07T09:20:53Z</time>
    </trkpt>
    <trkpt lat="49.614545" lon="19.530171">
      <ele>807</ele>
      <time>2026-05-07T09:21:50Z</time>
    </trkpt>
    <trkpt lat="49.614451" lon="19.530047">
      <ele>808</ele>
      <time>2026-05-07T09:22:09Z</time>
    </trkpt>
    <trkpt lat="49.61437" lon="19.529988">
      <ele>809</ele>
      <time>2026-05-07T09:22:23Z</time>
    </trkpt>
    <trkpt lat="49.614317" lon="19.530066">
      <ele>811</ele>
      <time>2026-05-07T09:22:35Z</time>
    </trkpt>
    <trkpt lat="49.614138" lon="19.530168">
      <ele>816</ele>
      <time>2026-05-07T09:23:06Z</time>
    </trkpt>
    <trkpt lat="49.614024" lon="19.53026">
      <ele>819</ele>
      <time>2026-05-07T09:23:27Z</time>
    </trkpt>
    <trkpt lat="49.613909" lon="19.530297">
      <ele>821</ele>
      <time>2026-05-07T09:23:46Z</time>
    </trkpt>
    <trkpt lat="49.613745" lon="19.530291">
      <ele>822</ele>
      <time>2026-05-07T09:24:12Z</time>
    </trkpt>
    <trkpt lat="49.613359" lon="19.530485">
      <ele>826</ele>
      <time>2026-05-07T09:25:16Z</time>
    </trkpt>
    <trkpt lat="49.613035" lon="19.530748">
      <ele>832</ele>
      <time>2026-05-07T09:26:15Z</time>
    </trkpt>
    <trkpt lat="49.612885" lon="19.531048">
      <ele>834</ele>
      <time>2026-05-07T09:26:54Z</time>
    </trkpt>
    <trkpt lat="49.612732" lon="19.531276">
      <ele>836</ele>
      <time>2026-05-07T09:27:27Z</time>
    </trkpt>
    <trkpt lat="49.612615" lon="19.531403">
      <ele>837</ele>
      <time>2026-05-07T09:27:50Z</time>
    </trkpt>
    <trkpt lat="49.612482" lon="19.531488">
      <ele>838</ele>
      <time>2026-05-07T09:28:13Z</time>
    </trkpt>
    <trkpt lat="49.612361" lon="19.531631">
      <ele>839</ele>
      <time>2026-05-07T09:28:37Z</time>
    </trkpt>
    <trkpt lat="49.612205" lon="19.531869">
      <ele>842</ele>
      <time>2026-05-07T09:29:12Z</time>
    </trkpt>
    <trkpt lat="49.6122" lon="19.531878">
      <ele>842</ele>
      <time>2026-05-07T09:29:13Z</time>
    </trkpt>
    <trkpt lat="49.611949" lon="19.532072">
      <ele>845</ele>
      <time>2026-05-07T09:29:58Z</time>
    </trkpt>
    <trkpt lat="49.611724" lon="19.532183">
      <ele>847</ele>
      <time>2026-05-07T09:30:35Z</time>
    </trkpt>
    <trkpt lat="49.611533" lon="19.532281">
      <ele>848</ele>
      <time>2026-05-07T09:31:07Z</time>
    </trkpt>
    <trkpt lat="49.611375" lon="19.532282">
      <ele>848</ele>
      <time>2026-05-07T09:31:32Z</time>
    </trkpt>
    <trkpt lat="49.611219" lon="19.532259">
      <ele>848</ele>
      <time>2026-05-07T09:31:57Z</time>
    </trkpt>
    <trkpt lat="49.611077" lon="19.532212">
      <ele>849</ele>
      <time>2026-05-07T09:32:20Z</time>
    </trkpt>
    <trkpt lat="49.610943" lon="19.532099">
      <ele>847</ele>
      <time>2026-05-07T09:32:44Z</time>
    </trkpt>
    <trkpt lat="49.610799" lon="19.532097">
      <ele>842</ele>
      <time>2026-05-07T09:33:08Z</time>
    </trkpt>
    <trkpt lat="49.610477" lon="19.532346">
      <ele>842</ele>
      <time>2026-05-07T09:33:59Z</time>
    </trkpt>
    <trkpt lat="49.610163" lon="19.532608">
      <ele>842</ele>
      <time>2026-05-07T09:34:50Z</time>
    </trkpt>
    <trkpt lat="49.609749" lon="19.532748">
      <ele>847</ele>
      <time>2026-05-07T09:35:51Z</time>
    </trkpt>
    <trkpt lat="49.609568" lon="19.532767">
      <ele>846</ele>
      <time>2026-05-07T09:36:17Z</time>
    </trkpt>
    <trkpt lat="49.609268" lon="19.532886">
      <ele>844</ele>
      <time>2026-05-07T09:37:02Z</time>
    </trkpt>
    <trkpt lat="49.609031" lon="19.533117">
      <ele>843</ele>
      <time>2026-05-07T09:37:42Z</time>
    </trkpt>
    <trkpt lat="49.608412" lon="19.53352">
      <ele>841</ele>
      <time>2026-05-07T09:39:18Z</time>
    </trkpt>
    <trkpt lat="49.608143" lon="19.533613">
      <ele>843</ele>
      <time>2026-05-07T09:39:57Z</time>
    </trkpt>
    <trkpt lat="49.607605" lon="19.533559">
      <ele>846</ele>
      <time>2026-05-07T09:41:14Z</time>
    </trkpt>
    <trkpt lat="49.607307" lon="19.533506">
      <ele>844</ele>
      <time>2026-05-07T09:41:57Z</time>
    </trkpt>
    <trkpt lat="49.606599" lon="19.533978">
      <ele>843</ele>
      <time>2026-05-07T09:43:48Z</time>
    </trkpt>
    <trkpt lat="49.606309" lon="19.534169">
      <ele>847</ele>
      <time>2026-05-07T09:44:33Z</time>
    </trkpt>
    <trkpt lat="49.60607" lon="19.534231">
      <ele>849</ele>
      <time>2026-05-07T09:45:08Z</time>
    </trkpt>
    <trkpt lat="49.605883" lon="19.534262">
      <ele>852</ele>
      <time>2026-05-07T09:45:35Z</time>
    </trkpt>
    <trkpt lat="49.605746" lon="19.534378">
      <ele>855</ele>
      <time>2026-05-07T09:45:58Z</time>
    </trkpt>
    <trkpt lat="49.605144" lon="19.534474">
      <ele>858</ele>
      <time>2026-05-07T09:47:24Z</time>
    </trkpt>
    <trkpt lat="49.60488" lon="19.534603">
      <ele>858</ele>
      <time>2026-05-07T09:48:04Z</time>
    </trkpt>
    <trkpt lat="49.604713" lon="19.534689">
      <ele>859</ele>
      <time>2026-05-07T09:48:29Z</time>
    </trkpt>
    <trkpt lat="49.604515" lon="19.534684">
      <ele>859</ele>
      <time>2026-05-07T09:48:57Z</time>
    </trkpt>
    <trkpt lat="49.604171" lon="19.534635">
      <ele>855</ele>
      <time>2026-05-07T09:49:47Z</time>
    </trkpt>
    <trkpt lat="49.603914" lon="19.534534">
      <ele>852</ele>
      <time>2026-05-07T09:50:25Z</time>
    </trkpt>
    <trkpt lat="49.603684" lon="19.534437">
      <ele>854</ele>
      <time>2026-05-07T09:50:59Z</time>
    </trkpt>
    <trkpt lat="49.603406" lon="19.53441">
      <ele>855</ele>
      <time>2026-05-07T09:51:39Z</time>
    </trkpt>
    <trkpt lat="49.603107" lon="19.534453">
      <ele>856</ele>
      <time>2026-05-07T09:52:22Z</time>
    </trkpt>
    <trkpt lat="49.602711" lon="19.534609">
      <ele>854</ele>
      <time>2026-05-07T09:53:20Z</time>
    </trkpt>
    <trkpt lat="49.602513" lon="19.534754">
      <ele>853</ele>
      <time>2026-05-07T09:53:52Z</time>
    </trkpt>
    <trkpt lat="49.602392" lon="19.534823">
      <ele>852</ele>
      <time>2026-05-07T09:54:10Z</time>
    </trkpt>
    <trkpt lat="49.602155" lon="19.534759">
      <ele>852</ele>
      <time>2026-05-07T09:54:44Z</time>
    </trkpt>
    <trkpt lat="49.601959" lon="19.534821">
      <ele>853</ele>
      <time>2026-05-07T09:55:13Z</time>
    </trkpt>
    <trkpt lat="49.601741" lon="19.534985">
      <ele>853</ele>
      <time>2026-05-07T09:55:48Z</time>
    </trkpt>
    <trkpt lat="49.601523" lon="19.535074">
      <ele>854</ele>
      <time>2026-05-07T09:56:20Z</time>
    </trkpt>
    <trkpt lat="49.601382" lon="19.535066">
      <ele>855</ele>
      <time>2026-05-07T09:56:40Z</time>
    </trkpt>
    <trkpt lat="49.601257" lon="19.534954">
      <ele>857</ele>
      <time>2026-05-07T09:57:01Z</time>
    </trkpt>
    <trkpt lat="49.60115" lon="19.5347">
      <ele>860</ele>
      <time>2026-05-07T09:57:29Z</time>
    </trkpt>
    <trkpt lat="49.600964" lon="19.534566">
      <ele>861</ele>
      <time>2026-05-07T09:57:59Z</time>
    </trkpt>
    <trkpt lat="49.600798" lon="19.534519">
      <ele>863</ele>
      <time>2026-05-07T09:58:23Z</time>
    </trkpt>
    <trkpt lat="49.600572" lon="19.534557">
      <ele>865</ele>
      <time>2026-05-07T09:58:55Z</time>
    </trkpt>
    <trkpt lat="49.600361" lon="19.534496">
      <ele>869</ele>
      <time>2026-05-07T09:59:27Z</time>
    </trkpt>
    <trkpt lat="49.600038" lon="19.534493">
      <ele>875</ele>
      <time>2026-05-07T10:00:13Z</time>
    </trkpt>
    <trkpt lat="49.599676" lon="19.534566">
      <ele>881</ele>
      <time>2026-05-07T10:01:06Z</time>
    </trkpt>
    <trkpt lat="49.599485" lon="19.53456">
      <ele>884</ele>
      <time>2026-05-07T10:01:34Z</time>
    </trkpt>
    <trkpt lat="49.599293" lon="19.534437">
      <ele>888</ele>
      <time>2026-05-07T10:02:04Z</time>
    </trkpt>
    <trkpt lat="49.599095" lon="19.534426">
      <ele>892</ele>
      <time>2026-05-07T10:02:33Z</time>
    </trkpt>
    <trkpt lat="49.598856" lon="19.534488">
      <ele>898</ele>
      <time>2026-05-07T10:03:08Z</time>
    </trkpt>
    <trkpt lat="49.59815" lon="19.534227">
      <ele>910</ele>
      <time>2026-05-07T10:05:24Z</time>
    </trkpt>
    <trkpt lat="49.597997" lon="19.534212">
      <ele>911</ele>
      <time>2026-05-07T10:05:53Z</time>
    </trkpt>
    <trkpt lat="49.597846" lon="19.534089">
      <ele>914</ele>
      <time>2026-05-07T10:06:25Z</time>
    </trkpt>
    <trkpt lat="49.597633" lon="19.533781">
      <ele>917</ele>
      <time>2026-05-07T10:07:19Z</time>
    </trkpt>
    <trkpt lat="49.5969" lon="19.532957">
      <ele>922</ele>
      <time>2026-05-07T10:10:08Z</time>
    </trkpt>
    <trkpt lat="49.596271" lon="19.532346">
      <ele>925</ele>
      <time>2026-05-07T10:12:26Z</time>
    </trkpt>
    <trkpt lat="49.595921" lon="19.53204">
      <ele>926</ele>
      <time>2026-05-07T10:13:41Z</time>
    </trkpt>
    <trkpt lat="49.595575" lon="19.531735">
      <ele>925</ele>
      <time>2026-05-07T10:14:55Z</time>
    </trkpt>
    <trkpt lat="49.595229" lon="19.531535">
      <ele>930</ele>
      <time>2026-05-07T10:16:04Z</time>
    </trkpt>
    <trkpt lat="49.594535" lon="19.530543">
      <ele>942</ele>
      <time>2026-05-07T10:19:00Z</time>
    </trkpt>
    <trkpt lat="49.594291" lon="19.530387">
      <ele>944</ele>
      <time>2026-05-07T10:19:50Z</time>
    </trkpt>
    <trkpt lat="49.593339" lon="19.529777">
      <ele>951</ele>
      <time>2026-05-07T10:23:01Z</time>
    </trkpt>
    <trkpt lat="49.593062" lon="19.529624">
      <ele>953</ele>
      <time>2026-05-07T10:23:56Z</time>
    </trkpt>
    <trkpt lat="49.592384" lon="19.529278">
      <ele>961</ele>
      <time>2026-05-07T10:26:09Z</time>
    </trkpt>
    <trkpt lat="49.592191" lon="19.529179">
      <ele>964</ele>
      <time>2026-05-07T10:26:47Z</time>
    </trkpt>
    <trkpt lat="49.591758" lon="19.528951">
      <ele>972</ele>
      <time>2026-05-07T10:28:13Z</time>
    </trkpt>
    <trkpt lat="49.590939" lon="19.528679">
      <ele>996</ele>
      <time>2026-05-07T10:30:54Z</time>
    </trkpt>
    <trkpt lat="49.590641" lon="19.528547">
      <ele>1004</ele>
      <time>2026-05-07T10:31:53Z</time>
    </trkpt>
    <trkpt lat="49.590441" lon="19.528461">
      <ele>1009</ele>
      <time>2026-05-07T10:32:32Z</time>
    </trkpt>
    <trkpt lat="49.590334" lon="19.528005">
      <ele>1013</ele>
      <time>2026-05-07T10:33:31Z</time>
    </trkpt>
    <trkpt lat="49.589945" lon="19.527297">
      <ele>1028</ele>
      <time>2026-05-07T10:35:25Z</time>
    </trkpt>
    <trkpt lat="49.589768" lon="19.527088">
      <ele>1037</ele>
      <time>2026-05-07T10:36:10Z</time>
    </trkpt>
    <trkpt lat="49.589658" lon="19.527048">
      <ele>1041</ele>
      <time>2026-05-07T10:36:32Z</time>
    </trkpt>
    <trkpt lat="49.589604" lon="19.526962">
      <ele>1045</ele>
      <time>2026-05-07T10:36:47Z</time>
    </trkpt>
    <trkpt lat="49.589533" lon="19.526879">
      <ele>1048</ele>
      <time>2026-05-07T10:37:05Z</time>
    </trkpt>
    <trkpt lat="49.589481" lon="19.526726">
      <ele>1053</ele>
      <time>2026-05-07T10:37:27Z</time>
    </trkpt>
    <trkpt lat="49.589401" lon="19.526626">
      <ele>1057</ele>
      <time>2026-05-07T10:37:47Z</time>
    </trkpt>
    <trkpt lat="49.589364" lon="19.52649">
      <ele>1060</ele>
      <time>2026-05-07T10:38:06Z</time>
    </trkpt>
    <trkpt lat="49.589262" lon="19.526237">
      <ele>1066</ele>
      <time>2026-05-07T10:38:43Z</time>
    </trkpt>
    <trkpt lat="49.58922" lon="19.525996">
      <ele>1071</ele>
      <time>2026-05-07T10:39:14Z</time>
    </trkpt>
    <trkpt lat="49.589197" lon="19.525771">
      <ele>1075</ele>
      <time>2026-05-07T10:39:42Z</time>
    </trkpt>
    <trkpt lat="49.589113" lon="19.525527">
      <ele>1080</ele>
      <time>2026-05-07T10:40:17Z</time>
    </trkpt>
    <trkpt lat="49.589048" lon="19.525326">
      <ele>1083</ele>
      <time>2026-05-07T10:40:44Z</time>
    </trkpt>
    <trkpt lat="49.588985" lon="19.525041">
      <ele>1088</ele>
      <time>2026-05-07T10:41:21Z</time>
    </trkpt>
    <trkpt lat="49.588991" lon="19.524843">
      <ele>1091</ele>
      <time>2026-05-07T10:41:46Z</time>
    </trkpt>
    <trkpt lat="49.589048" lon="19.524639">
      <ele>1093</ele>
      <time>2026-05-07T10:42:13Z</time>
    </trkpt>
    <trkpt lat="49.589148" lon="19.524371">
      <ele>1096</ele>
      <time>2026-05-07T10:42:50Z</time>
    </trkpt>
    <trkpt lat="49.58917" lon="19.524278">
      <ele>1097</ele>
      <time>2026-05-07T10:43:02Z</time>
    </trkpt>
    <trkpt lat="49.589176" lon="19.524216">
      <ele>1098</ele>
      <time>2026-05-07T10:43:10Z</time>
    </trkpt>
    <trkpt lat="49.589172" lon="19.524153">
      <ele>1099</ele>
      <time>2026-05-07T10:43:18Z</time>
    </trkpt>
    <trkpt lat="49.589173" lon="19.524125">
      <ele>1100</ele>
      <time>2026-05-07T10:43:21Z</time>
    </trkpt>
    <trkpt lat="49.589174" lon="19.524084">
      <ele>1101</ele>
      <time>2026-05-07T10:43:27Z</time>
    </trkpt>
    <trkpt lat="49.589185" lon="19.524048">
      <ele>1101</ele>
      <time>2026-05-07T10:43:31Z</time>
    </trkpt>
    <trkpt lat="49.58921" lon="19.524001">
      <ele>1102</ele>
      <time>2026-05-07T10:43:39Z</time>
    </trkpt>
    <trkpt lat="49.589226" lon="19.523971">
      <ele>1103</ele>
      <time>2026-05-07T10:43:44Z</time>
    </trkpt>
    <trkpt lat="49.589315" lon="19.523816">
      <ele>1106</ele>
      <time>2026-05-07T10:44:09Z</time>
    </trkpt>
    <trkpt lat="49.589337" lon="19.523598">
      <ele>1110</ele>
      <time>2026-05-07T10:44:37Z</time>
    </trkpt>
    <trkpt lat="49.589357" lon="19.523561">
      <ele>1110</ele>
      <time>2026-05-07T10:44:43Z</time>
    </trkpt>
    <trkpt lat="49.589502" lon="19.523389">
      <ele>1111</ele>
      <time>2026-05-07T10:45:16Z</time>
    </trkpt>
    <trkpt lat="49.589541" lon="19.523298">
      <ele>1111</ele>
      <time>2026-05-07T10:45:30Z</time>
    </trkpt>
    <trkpt lat="49.589538" lon="19.52322">
      <ele>1112</ele>
      <time>2026-05-07T10:45:39Z</time>
    </trkpt>
    <trkpt lat="49.589622" lon="19.522877">
      <ele>1113</ele>
      <time>2026-05-07T10:46:23Z</time>
    </trkpt>
    <trkpt lat="49.58959" lon="19.522777">
      <ele>1114</ele>
      <time>2026-05-07T10:46:37Z</time>
    </trkpt>
    <trkpt lat="49.58957" lon="19.522654">
      <ele>1116</ele>
      <time>2026-05-07T10:46:52Z</time>
    </trkpt>
    <trkpt lat="49.589509" lon="19.522513">
      <ele>1117</ele>
      <time>2026-05-07T10:47:13Z</time>
    </trkpt>
    <trkpt lat="49.589449" lon="19.52239">
      <ele>1119</ele>
      <time>2026-05-07T10:47:32Z</time>
    </trkpt>
    <trkpt lat="49.589358" lon="19.522312">
      <ele>1121</ele>
      <time>2026-05-07T10:47:51Z</time>
    </trkpt>
    <trkpt lat="49.589269" lon="19.522323">
      <ele>1122</ele>
      <time>2026-05-07T10:48:08Z</time>
    </trkpt>
    <trkpt lat="49.589072" lon="19.522266">
      <ele>1126</ele>
      <time>2026-05-07T10:48:45Z</time>
    </trkpt>
    <trkpt lat="49.588981" lon="19.522273">
      <ele>1127</ele>
      <time>2026-05-07T10:49:02Z</time>
    </trkpt>
    <trkpt lat="49.588893" lon="19.52225">
      <ele>1128</ele>
      <time>2026-05-07T10:49:19Z</time>
    </trkpt>
    <trkpt lat="49.588804" lon="19.52208">
      <ele>1131</ele>
      <time>2026-05-07T10:49:46Z</time>
    </trkpt>
    <trkpt lat="49.588787" lon="19.521843">
      <ele>1133</ele>
      <time>2026-05-07T10:50:15Z</time>
    </trkpt>
    <trkpt lat="49.588784" lon="19.521536">
      <ele>1136</ele>
      <time>2026-05-07T10:50:52Z</time>
    </trkpt>
    <trkpt lat="49.588749" lon="19.521321">
      <ele>1138</ele>
      <time>2026-05-07T10:51:19Z</time>
    </trkpt>
    <trkpt lat="49.588754" lon="19.521208">
      <ele>1137</ele>
      <time>2026-05-07T10:51:33Z</time>
    </trkpt>
    <trkpt lat="49.588869" lon="19.520883">
      <ele>1138</ele>
      <time>2026-05-07T10:52:17Z</time>
    </trkpt>
    <trkpt lat="49.58893" lon="19.520611">
      <ele>1139</ele>
      <time>2026-05-07T10:52:52Z</time>
    </trkpt>
    <trkpt lat="49.58894" lon="19.52006">
      <ele>1148</ele>
      <time>2026-05-07T10:54:00Z</time>
    </trkpt>
    <trkpt lat="49.588911" lon="19.519847">
      <ele>1153</ele>
      <time>2026-05-07T10:54:27Z</time>
    </trkpt>
    <trkpt lat="49.588878" lon="19.519767">
      <ele>1155</ele>
      <time>2026-05-07T10:54:39Z</time>
    </trkpt>
    <trkpt lat="49.588843" lon="19.519312">
      <ele>1164</ele>
      <time>2026-05-07T10:55:36Z</time>
    </trkpt>
    <trkpt lat="49.588789" lon="19.5191">
      <ele>1168</ele>
      <time>2026-05-07T10:56:05Z</time>
    </trkpt>
    <trkpt lat="49.588646" lon="19.518641">
      <ele>1172</ele>
      <time>2026-05-07T10:57:06Z</time>
    </trkpt>
    <trkpt lat="49.588578" lon="19.518398">
      <ele>1173</ele>
      <time>2026-05-07T10:57:38Z</time>
    </trkpt>
    <trkpt lat="49.588549" lon="19.518156">
      <ele>1176</ele>
      <time>2026-05-07T10:58:08Z</time>
    </trkpt>
    <trkpt lat="49.588363" lon="19.517859">
      <ele>1182</ele>
      <time>2026-05-07T10:59:00Z</time>
    </trkpt>
    <trkpt lat="49.588283" lon="19.51773">
      <ele>1185</ele>
      <time>2026-05-07T10:59:23Z</time>
    </trkpt>
    <trkpt lat="49.588211" lon="19.517722">
      <ele>1186</ele>
      <time>2026-05-07T10:59:37Z</time>
    </trkpt>
    <trkpt lat="49.588139" lon="19.517696">
      <ele>1188</ele>
      <time>2026-05-07T10:59:51Z</time>
    </trkpt>
    <trkpt lat="49.588067" lon="19.517629">
      <ele>1190</ele>
      <time>2026-05-07T11:00:08Z</time>
    </trkpt>
    <trkpt lat="49.588022" lon="19.517567">
      <ele>1190</ele>
      <time>2026-05-07T11:00:19Z</time>
    </trkpt>
    <trkpt lat="49.587972" lon="19.517443">
      <ele>1191</ele>
      <time>2026-05-07T11:00:37Z</time>
    </trkpt>
    <trkpt lat="49.587916" lon="19.517363">
      <ele>1192</ele>
      <time>2026-05-07T11:00:52Z</time>
    </trkpt>
    <trkpt lat="49.587831" lon="19.517289">
      <ele>1193</ele>
      <time>2026-05-07T11:01:11Z</time>
    </trkpt>
    <trkpt lat="49.587712" lon="19.517012">
      <ele>1189</ele>
      <time>2026-05-07T11:01:52Z</time>
    </trkpt>
    <trkpt lat="49.587675" lon="19.516855">
      <ele>1188</ele>
      <time>2026-05-07T11:02:13Z</time>
    </trkpt>
    <trkpt lat="49.587582" lon="19.516775">
      <ele>1188</ele>
      <time>2026-05-07T11:02:33Z</time>
    </trkpt>
    <trkpt lat="49.587535" lon="19.516719">
      <ele>1188</ele>
      <time>2026-05-07T11:02:45Z</time>
    </trkpt>
    <trkpt lat="49.587426" lon="19.516633">
      <ele>1188</ele>
      <time>2026-05-07T11:03:08Z</time>
    </trkpt>
    <trkpt lat="49.587386" lon="19.516778">
      <ele>1191</ele>
      <time>2026-05-07T11:03:23Z</time>
    </trkpt>
    <trkpt lat="49.587346" lon="19.516953">
      <ele>1194</ele>
      <time>2026-05-07T11:03:39Z</time>
    </trkpt>
    <trkpt lat="49.587307" lon="19.517044">
      <ele>1196</ele>
      <time>2026-05-07T11:03:50Z</time>
    </trkpt>
    <trkpt lat="49.587258" lon="19.517066">
      <ele>1198</ele>
      <time>2026-05-07T11:03:57Z</time>
    </trkpt>
    <trkpt lat="49.587205" lon="19.517112">
      <ele>1201</ele>
      <time>2026-05-07T11:04:06Z</time>
    </trkpt>
    <trkpt lat="49.587167" lon="19.517225">
      <ele>1203</ele>
      <time>2026-05-07T11:04:18Z</time>
    </trkpt>
    <trkpt lat="49.587156" lon="19.517332">
      <ele>1205</ele>
      <time>2026-05-07T11:04:28Z</time>
    </trkpt>
    <trkpt lat="49.587117" lon="19.517493">
      <ele>1207</ele>
      <time>2026-05-07T11:04:43Z</time>
    </trkpt>
    <trkpt lat="49.587052" lon="19.517649">
      <ele>1207</ele>
      <time>2026-05-07T11:05:00Z</time>
    </trkpt>
    <trkpt lat="49.586975" lon="19.517736">
      <ele>1208</ele>
      <time>2026-05-07T11:05:13Z</time>
    </trkpt>
    <trkpt lat="49.586912" lon="19.517803">
      <ele>1210</ele>
      <time>2026-05-07T11:05:24Z</time>
    </trkpt>
    <trkpt lat="49.586808" lon="19.517973">
      <ele>1210</ele>
      <time>2026-05-07T11:05:44Z</time>
    </trkpt>
    <trkpt lat="49.586769" lon="19.518108">
      <ele>1209</ele>
      <time>2026-05-07T11:05:58Z</time>
    </trkpt>
    <trkpt lat="49.586737" lon="19.518259">
      <ele>1208</ele>
      <time>2026-05-07T11:06:12Z</time>
    </trkpt>
    <trkpt lat="49.586675" lon="19.518381">
      <ele>1207</ele>
      <time>2026-05-07T11:06:26Z</time>
    </trkpt>
    <trkpt lat="49.586603" lon="19.518479">
      <ele>1209</ele>
      <time>2026-05-07T11:06:39Z</time>
    </trkpt>
    <trkpt lat="49.586571" lon="19.518637">
      <ele>1209</ele>
      <time>2026-05-07T11:06:54Z</time>
    </trkpt>
    <trkpt lat="49.58659" lon="19.518849">
      <ele>1207</ele>
      <time>2026-05-07T11:07:13Z</time>
    </trkpt>
    <trkpt lat="49.58661" lon="19.518949">
      <ele>1206</ele>
      <time>2026-05-07T11:07:23Z</time>
    </trkpt>
    <trkpt lat="49.586615" lon="19.519123">
      <ele>1205</ele>
      <time>2026-05-07T11:07:38Z</time>
    </trkpt>
    <trkpt lat="49.586653" lon="19.519253">
      <ele>1203</ele>
      <time>2026-05-07T11:07:51Z</time>
    </trkpt>
    <trkpt lat="49.586653" lon="19.51942">
      <ele>1201</ele>
      <time>2026-05-07T11:08:06Z</time>
    </trkpt>
    <trkpt lat="49.586603" lon="19.519493">
      <ele>1202</ele>
      <time>2026-05-07T11:08:16Z</time>
    </trkpt>
    <trkpt lat="49.58656" lon="19.519514">
      <ele>1202</ele>
      <time>2026-05-07T11:08:22Z</time>
    </trkpt>
    <trkpt lat="49.586488" lon="19.519565">
      <ele>1203</ele>
      <time>2026-05-07T11:08:33Z</time>
    </trkpt>
    <trkpt lat="49.586386" lon="19.51962">
      <ele>1203</ele>
      <time>2026-05-07T11:08:48Z</time>
    </trkpt>
    <trkpt lat="49.586222" lon="19.519629">
      <ele>1206</ele>
      <time>2026-05-07T11:09:10Z</time>
    </trkpt>
    <trkpt lat="49.586093" lon="19.519646">
      <ele>1207</ele>
      <time>2026-05-07T11:09:28Z</time>
    </trkpt>
    <trkpt lat="49.586024" lon="19.519685">
      <ele>1208</ele>
      <time>2026-05-07T11:09:38Z</time>
    </trkpt>
    <trkpt lat="49.585912" lon="19.519741">
      <ele>1209</ele>
      <time>2026-05-07T11:09:55Z</time>
    </trkpt>
    <trkpt lat="49.5858" lon="19.519756">
      <ele>1211</ele>
      <time>2026-05-07T11:10:10Z</time>
    </trkpt>
    <trkpt lat="49.585688" lon="19.519796">
      <ele>1211</ele>
      <time>2026-05-07T11:10:26Z</time>
    </trkpt>
    <trkpt lat="49.585567" lon="19.519952">
      <ele>1210</ele>
      <time>2026-05-07T11:10:48Z</time>
    </trkpt>
    <trkpt lat="49.585487" lon="19.520091">
      <ele>1208</ele>
      <time>2026-05-07T11:11:05Z</time>
    </trkpt>
    <trkpt lat="49.585372" lon="19.520305">
      <ele>1205</ele>
      <time>2026-05-07T11:11:30Z</time>
    </trkpt>
    <trkpt lat="49.585308" lon="19.520392">
      <ele>1204</ele>
      <time>2026-05-07T11:11:42Z</time>
    </trkpt>
    <trkpt lat="49.585216" lon="19.520459">
      <ele>1205</ele>
      <time>2026-05-07T11:11:56Z</time>
    </trkpt>
    <trkpt lat="49.585145" lon="19.520493">
      <ele>1205</ele>
      <time>2026-05-07T11:12:06Z</time>
    </trkpt>
    <trkpt lat="49.585003" lon="19.520516">
      <ele>1206</ele>
      <time>2026-05-07T11:12:25Z</time>
    </trkpt>
    <trkpt lat="49.584979" lon="19.520571">
      <ele>1206</ele>
      <time>2026-05-07T11:12:31Z</time>
    </trkpt>
    <trkpt lat="49.584903" lon="19.520717">
      <ele>1207</ele>
      <time>2026-05-07T11:12:48Z</time>
    </trkpt>
    <trkpt lat="49.58479" lon="19.520862">
      <ele>1209</ele>
      <time>2026-05-07T11:13:08Z</time>
    </trkpt>
    <trkpt lat="49.584751" lon="19.520996">
      <ele>1208</ele>
      <time>2026-05-07T11:13:22Z</time>
    </trkpt>
    <trkpt lat="49.584687" lon="19.521055">
      <ele>1209</ele>
      <time>2026-05-07T11:13:32Z</time>
    </trkpt>
    <trkpt lat="49.584552" lon="19.521325">
      <ele>1211</ele>
      <time>2026-05-07T11:14:02Z</time>
    </trkpt>
    <trkpt lat="49.584502" lon="19.521384">
      <ele>1212</ele>
      <time>2026-05-07T11:14:11Z</time>
    </trkpt>
    <trkpt lat="49.584419" lon="19.52144">
      <ele>1214</ele>
      <time>2026-05-07T11:14:24Z</time>
    </trkpt>
    <trkpt lat="49.584368" lon="19.521534">
      <ele>1214</ele>
      <time>2026-05-07T11:14:35Z</time>
    </trkpt>
    <trkpt lat="49.584308" lon="19.521732">
      <ele>1213</ele>
      <time>2026-05-07T11:14:54Z</time>
    </trkpt>
    <trkpt lat="49.584196" lon="19.521953">
      <ele>1213</ele>
      <time>2026-05-07T11:15:19Z</time>
    </trkpt>
    <trkpt lat="49.584053" lon="19.522152">
      <ele>1214</ele>
      <time>2026-05-07T11:15:46Z</time>
    </trkpt>
    <trkpt lat="49.583974" lon="19.522328">
      <ele>1214</ele>
      <time>2026-05-07T11:16:05Z</time>
    </trkpt>
    <trkpt lat="49.58397" lon="19.522547">
      <ele>1210</ele>
      <time>2026-05-07T11:16:25Z</time>
    </trkpt>
    <trkpt lat="49.583914" lon="19.522716">
      <ele>1211</ele>
      <time>2026-05-07T11:16:42Z</time>
    </trkpt>
    <trkpt lat="49.583823" lon="19.522907">
      <ele>1213</ele>
      <time>2026-05-07T11:17:03Z</time>
    </trkpt>
    <trkpt lat="49.583759" lon="19.522941">
      <ele>1215</ele>
      <time>2026-05-07T11:17:13Z</time>
    </trkpt>
    <trkpt lat="49.583713" lon="19.523003">
      <ele>1217</ele>
      <time>2026-05-07T11:17:22Z</time>
    </trkpt>
    <trkpt lat="49.583666" lon="19.523111">
      <ele>1217</ele>
      <time>2026-05-07T11:17:33Z</time>
    </trkpt>
    <trkpt lat="49.58365" lon="19.523235">
      <ele>1217</ele>
      <time>2026-05-07T11:17:44Z</time>
    </trkpt>
    <trkpt lat="49.583669" lon="19.523345">
      <ele>1215</ele>
      <time>2026-05-07T11:17:55Z</time>
    </trkpt>
    <trkpt lat="49.583636" lon="19.523446">
      <ele>1215</ele>
      <time>2026-05-07T11:18:05Z</time>
    </trkpt>
    <trkpt lat="49.583617" lon="19.523462">
      <ele>1215</ele>
      <time>2026-05-07T11:18:08Z</time>
    </trkpt>
    <trkpt lat="49.583542" lon="19.523566">
      <ele>1217</ele>
      <time>2026-05-07T11:18:38Z</time>
    </trkpt>
    <trkpt lat="49.583473" lon="19.523663">
      <ele>1219</ele>
      <time>2026-05-07T11:19:06Z</time>
    </trkpt>
    <trkpt lat="49.583391" lon="19.5237">
      <ele>1221</ele>
      <time>2026-05-07T11:19:32Z</time>
    </trkpt>
    <trkpt lat="49.583301" lon="19.523711">
      <ele>1224</ele>
      <time>2026-05-07T11:19:59Z</time>
    </trkpt>
    <trkpt lat="49.583242" lon="19.523781">
      <ele>1225</ele>
      <time>2026-05-07T11:20:21Z</time>
    </trkpt>
    <trkpt lat="49.58316" lon="19.523885">
      <ele>1226</ele>
      <time>2026-05-07T11:20:52Z</time>
    </trkpt>
    <trkpt lat="49.583033" lon="19.523901">
      <ele>1229</ele>
      <time>2026-05-07T11:21:31Z</time>
    </trkpt>
    <trkpt lat="49.58288" lon="19.523917">
      <ele>1233</ele>
      <time>2026-05-07T11:22:17Z</time>
    </trkpt>
    <trkpt lat="49.582722" lon="19.52388">
      <ele>1237</ele>
      <time>2026-05-07T11:23:05Z</time>
    </trkpt>
    <trkpt lat="49.582628" lon="19.523815">
      <ele>1240</ele>
      <time>2026-05-07T11:23:36Z</time>
    </trkpt>
    <trkpt lat="49.582517" lon="19.523767">
      <ele>1242</ele>
      <time>2026-05-07T11:24:10Z</time>
    </trkpt>
    <trkpt lat="49.582445" lon="19.523671">
      <ele>1245</ele>
      <time>2026-05-07T11:24:39Z</time>
    </trkpt>
    <trkpt lat="49.582369" lon="19.523684">
      <ele>1246</ele>
      <time>2026-05-07T11:25:02Z</time>
    </trkpt>
    <trkpt lat="49.582298" lon="19.523646">
      <ele>1248</ele>
      <time>2026-05-07T11:25:24Z</time>
    </trkpt>
    <trkpt lat="49.582171" lon="19.523596">
      <ele>1251</ele>
      <time>2026-05-07T11:26:04Z</time>
    </trkpt>
    <trkpt lat="49.581983" lon="19.523478">
      <ele>1256</ele>
      <time>2026-05-07T11:27:04Z</time>
    </trkpt>
    <trkpt lat="49.581543" lon="19.523092">
      <ele>1269</ele>
      <time>2026-05-07T11:29:37Z</time>
    </trkpt>
    <trkpt lat="49.581499" lon="19.523063">
      <ele>1270</ele>
      <time>2026-05-07T11:29:51Z</time>
    </trkpt>
    <trkpt lat="49.58069" lon="19.522528">
      <ele>1295</ele>
      <time>2026-05-07T11:34:17Z</time>
    </trkpt>
    <trkpt lat="49.580494" lon="19.522445">
      <ele>1299</ele>
      <time>2026-05-07T11:35:18Z</time>
    </trkpt>
    <trkpt lat="49.580366" lon="19.522378">
      <ele>1302</ele>
      <time>2026-05-07T11:35:58Z</time>
    </trkpt>
    <trkpt lat="49.580257" lon="19.522393">
      <ele>1304</ele>
      <time>2026-05-07T11:36:31Z</time>
    </trkpt>
    <trkpt lat="49.579635" lon="19.521944">
      <ele>1322</ele>
      <time>2026-05-07T11:39:57Z</time>
    </trkpt>
    <trkpt lat="49.579535" lon="19.521959">
      <ele>1323</ele>
      <time>2026-05-07T11:40:27Z</time>
    </trkpt>
    <trkpt lat="49.57929" lon="19.522045">
      <ele>1326</ele>
      <time>2026-05-07T11:41:41Z</time>
    </trkpt>
    <trkpt lat="49.578965" lon="19.522048">
      <ele>1330</ele>
      <time>2026-05-07T11:43:17Z</time>
    </trkpt>
    <trkpt lat="49.578667" lon="19.521902">
      <ele>1335</ele>
      <time>2026-05-07T11:44:50Z</time>
    </trkpt>
    <trkpt lat="49.578448" lon="19.521796">
      <ele>1340</ele>
      <time>2026-05-07T11:45:58Z</time>
    </trkpt>
    <trkpt lat="49.578126" lon="19.521787">
      <ele>1345</ele>
      <time>2026-05-07T11:47:33Z</time>
    </trkpt>
    <trkpt lat="49.577815" lon="19.521652">
      <ele>1350</ele>
      <time>2026-05-07T11:49:09Z</time>
    </trkpt>
    <trkpt lat="49.577612" lon="19.521592">
      <ele>1352</ele>
      <time>2026-05-07T11:50:10Z</time>
    </trkpt>
    <trkpt lat="49.577513" lon="19.521608">
      <ele>1353</ele>
      <time>2026-05-07T11:50:39Z</time>
    </trkpt>
    <trkpt lat="49.577452" lon="19.521667">
      <ele>1353</ele>
      <time>2026-05-07T11:51:00Z</time>
    </trkpt>
    <trkpt lat="49.577346" lon="19.52185">
      <ele>1357</ele>
      <time>2026-05-07T11:51:48Z</time>
    </trkpt>
    <trkpt lat="49.577179" lon="19.522007">
      <ele>1362</ele>
      <time>2026-05-07T11:52:47Z</time>
    </trkpt>
    <trkpt lat="49.577059" lon="19.52211">
      <ele>1366</ele>
      <time>2026-05-07T11:53:29Z</time>
    </trkpt>
    <trkpt lat="49.576922" lon="19.522182">
      <ele>1370</ele>
      <time>2026-05-07T11:54:12Z</time>
    </trkpt>
    <trkpt lat="49.57682" lon="19.522236">
      <ele>1374</ele>
      <time>2026-05-07T11:54:45Z</time>
    </trkpt>
    <trkpt lat="49.576678" lon="19.522364">
      <ele>1379</ele>
      <time>2026-05-07T11:55:35Z</time>
    </trkpt>
    <trkpt lat="49.576619" lon="19.522485">
      <ele>1382</ele>
      <time>2026-05-07T11:56:05Z</time>
    </trkpt>
    <trkpt lat="49.576548" lon="19.5226">
      <ele>1385</ele>
      <time>2026-05-07T11:56:36Z</time>
    </trkpt>
    <trkpt lat="49.576496" lon="19.522625">
      <ele>1387</ele>
      <time>2026-05-07T11:56:53Z</time>
    </trkpt>
    <trkpt lat="49.576435" lon="19.52259">
      <ele>1389</ele>
      <time>2026-05-07T11:57:13Z</time>
    </trkpt>
    <trkpt lat="49.576405" lon="19.522533">
      <ele>1390</ele>
      <time>2026-05-07T11:57:27Z</time>
    </trkpt>
    <trkpt lat="49.576349" lon="19.522367">
      <ele>1392</ele>
      <time>2026-05-07T11:58:03Z</time>
    </trkpt>
    <trkpt lat="49.576306" lon="19.522246">
      <ele>1393</ele>
      <time>2026-05-07T11:58:30Z</time>
    </trkpt>
    <trkpt lat="49.57629" lon="19.522193">
      <ele>1394</ele>
      <time>2026-05-07T11:58:41Z</time>
    </trkpt>
    <trkpt lat="49.576242" lon="19.522161">
      <ele>1396</ele>
      <time>2026-05-07T11:58:57Z</time>
    </trkpt>
    <trkpt lat="49.576193" lon="19.522148">
      <ele>1398</ele>
      <time>2026-05-07T11:59:12Z</time>
    </trkpt>
    <trkpt lat="49.576134" lon="19.522179">
      <ele>1400</ele>
      <time>2026-05-07T11:59:32Z</time>
    </trkpt>
    <trkpt lat="49.576087" lon="19.522183">
      <ele>1403</ele>
      <time>2026-05-07T11:59:47Z</time>
    </trkpt>
    <trkpt lat="49.576043" lon="19.522169">
      <ele>1406</ele>
      <time>2026-05-07T12:00:02Z</time>
    </trkpt>
    <trkpt lat="49.575997" lon="19.522162">
      <ele>1409</ele>
      <time>2026-05-07T12:00:18Z</time>
    </trkpt>
    <trkpt lat="49.575964" lon="19.522197">
      <ele>1411</ele>
      <time>2026-05-07T12:00:32Z</time>
    </trkpt>
    <trkpt lat="49.575916" lon="19.522293">
      <ele>1414</ele>
      <time>2026-05-07T12:00:56Z</time>
    </trkpt>
    <trkpt lat="49.575883" lon="19.522319">
      <ele>1417</ele>
      <time>2026-05-07T12:01:09Z</time>
    </trkpt>
    <trkpt lat="49.57584" lon="19.522309">
      <ele>1420</ele>
      <time>2026-05-07T12:01:24Z</time>
    </trkpt>
    <trkpt lat="49.57578" lon="19.522305">
      <ele>1425</ele>
      <time>2026-05-07T12:01:46Z</time>
    </trkpt>
    <trkpt lat="49.575718" lon="19.522313">
      <ele>1430</ele>
      <time>2026-05-07T12:02:09Z</time>
    </trkpt>
    <trkpt lat="49.57568" lon="19.522371">
      <ele>1433</ele>
      <time>2026-05-07T12:02:27Z</time>
    </trkpt>
    <trkpt lat="49.575618" lon="19.522502">
      <ele>1439</ele>
      <time>2026-05-07T12:03:00Z</time>
    </trkpt>
    <trkpt lat="49.575597" lon="19.522558">
      <ele>1440</ele>
      <time>2026-05-07T12:03:14Z</time>
    </trkpt>
    <trkpt lat="49.575578" lon="19.522611">
      <ele>1442</ele>
      <time>2026-05-07T12:03:26Z</time>
    </trkpt>
    <trkpt lat="49.57554" lon="19.522666">
      <ele>1444</ele>
      <time>2026-05-07T12:03:42Z</time>
    </trkpt>
    <trkpt lat="49.575503" lon="19.522759">
      <ele>1446</ele>
      <time>2026-05-07T12:04:04Z</time>
    </trkpt>
    <trkpt lat="49.575467" lon="19.522837">
      <ele>1448</ele>
      <time>2026-05-07T12:04:23Z</time>
    </trkpt>
    <trkpt lat="49.575453" lon="19.522877">
      <ele>1449</ele>
      <time>2026-05-07T12:04:32Z</time>
    </trkpt>
    <trkpt lat="49.575443" lon="19.522969">
      <ele>1450</ele>
      <time>2026-05-07T12:04:49Z</time>
    </trkpt>
    <trkpt lat="49.575431" lon="19.523015">
      <ele>1450</ele>
      <time>2026-05-07T12:04:59Z</time>
    </trkpt>
    <trkpt lat="49.575436" lon="19.523074">
      <ele>1450</ele>
      <time>2026-05-07T12:05:10Z</time>
    </trkpt>
    <trkpt lat="49.575415" lon="19.523158">
      <ele>1451</ele>
      <time>2026-05-07T12:05:28Z</time>
    </trkpt>
    <trkpt lat="49.575415" lon="19.52325">
      <ele>1451</ele>
      <time>2026-05-07T12:05:45Z</time>
    </trkpt>
    <trkpt lat="49.575413" lon="19.523327">
      <ele>1452</ele>
      <time>2026-05-07T12:06:00Z</time>
    </trkpt>
    <trkpt lat="49.575426" lon="19.523447">
      <ele>1452</ele>
      <time>2026-05-07T12:06:23Z</time>
    </trkpt>
    <trkpt lat="49.575438" lon="19.523548">
      <ele>1452</ele>
      <time>2026-05-07T12:06:43Z</time>
    </trkpt>
    <trkpt lat="49.575437" lon="19.52366">
      <ele>1453</ele>
      <time>2026-05-07T12:07:04Z</time>
    </trkpt>
    <trkpt lat="49.575462" lon="19.523782">
      <ele>1452</ele>
      <time>2026-05-07T12:07:28Z</time>
    </trkpt>
    <trkpt lat="49.575481" lon="19.523841">
      <ele>1451</ele>
      <time>2026-05-07T12:07:41Z</time>
    </trkpt>
    <trkpt lat="49.575482" lon="19.523916">
      <ele>1452</ele>
      <time>2026-05-07T12:07:55Z</time>
    </trkpt>
    <trkpt lat="49.575461" lon="19.523964">
      <ele>1454</ele>
      <time>2026-05-07T12:08:07Z</time>
    </trkpt>
    <trkpt lat="49.575449" lon="19.524033">
      <ele>1455</ele>
      <time>2026-05-07T12:08:21Z</time>
    </trkpt>
    <trkpt lat="49.575442" lon="19.524085">
      <ele>1456</ele>
      <time>2026-05-07T12:08:32Z</time>
    </trkpt>
    <trkpt lat="49.575433" lon="19.524174">
      <ele>1457</ele>
      <time>2026-05-07T12:08:49Z</time>
    </trkpt>
    <trkpt lat="49.575412" lon="19.524217">
      <ele>1458</ele>
      <time>2026-05-07T12:09:00Z</time>
    </trkpt>
    <trkpt lat="49.575385" lon="19.524269">
      <ele>1460</ele>
      <time>2026-05-07T12:09:14Z</time>
    </trkpt>
    <trkpt lat="49.575372" lon="19.524322">
      <ele>1461</ele>
      <time>2026-05-07T12:09:25Z</time>
    </trkpt>
    <trkpt lat="49.575348" lon="19.524354">
      <ele>1463</ele>
      <time>2026-05-07T12:09:35Z</time>
    </trkpt>
    <trkpt lat="49.575342" lon="19.52439">
      <ele>1463</ele>
      <time>2026-05-07T12:09:42Z</time>
    </trkpt>
    <trkpt lat="49.575353" lon="19.524454">
      <ele>1463</ele>
      <time>2026-05-07T12:09:55Z</time>
    </trkpt>
    <trkpt lat="49.575347" lon="19.52451">
      <ele>1464</ele>
      <time>2026-05-07T12:10:06Z</time>
    </trkpt>
    <trkpt lat="49.575318" lon="19.524578">
      <ele>1467</ele>
      <time>2026-05-07T12:10:23Z</time>
    </trkpt>
    <trkpt lat="49.575312" lon="19.524774">
      <ele>1470</ele>
      <time>2026-05-07T12:11:02Z</time>
    </trkpt>
    <trkpt lat="49.575328" lon="19.524894">
      <ele>1473</ele>
      <time>2026-05-07T12:11:26Z</time>
    </trkpt>
    <trkpt lat="49.575321" lon="19.524963">
      <ele>1476</ele>
      <time>2026-05-07T12:11:41Z</time>
    </trkpt>
    <trkpt lat="49.575289" lon="19.525022">
      <ele>1480</ele>
      <time>2026-05-07T12:12:00Z</time>
    </trkpt>
    <trkpt lat="49.575275" lon="19.525054">
      <ele>1482</ele>
      <time>2026-05-07T12:12:10Z</time>
    </trkpt>
    <trkpt lat="49.575257" lon="19.525093">
      <ele>1486</ele>
      <time>2026-05-07T12:12:22Z</time>
    </trkpt>
    <trkpt lat="49.575242" lon="19.525124">
      <ele>1488</ele>
      <time>2026-05-07T12:12:32Z</time>
    </trkpt>
    <trkpt lat="49.575247" lon="19.525153">
      <ele>1489</ele>
      <time>2026-05-07T12:12:38Z</time>
    </trkpt>
    <trkpt lat="49.575232" lon="19.525142">
      <ele>1490</ele>
      <time>2026-05-07T12:12:44Z</time>
    </trkpt>
    <trkpt lat="49.575241" lon="19.525189">
      <ele>1491</ele>
      <time>2026-05-07T12:12:53Z</time>
    </trkpt>
    <trkpt lat="49.575231" lon="19.525226">
      <ele>1493</ele>
      <time>2026-05-07T12:13:03Z</time>
    </trkpt>
    <trkpt lat="49.575218" lon="19.525246">
      <ele>1495</ele>
      <time>2026-05-07T12:13:10Z</time>
    </trkpt>
    <trkpt lat="49.5752" lon="19.525249">
      <ele>1497</ele>
      <time>2026-05-07T12:13:17Z</time>
    </trkpt>
    <trkpt lat="49.575184" lon="19.525233">
      <ele>1498</ele>
      <time>2026-05-07T12:13:23Z</time>
    </trkpt>
    <trkpt lat="49.575167" lon="19.525232">
      <ele>1499</ele>
      <time>2026-05-07T12:13:30Z</time>
    </trkpt>
    <trkpt lat="49.575153" lon="19.525212">
      <ele>1500</ele>
      <time>2026-05-07T12:13:35Z</time>
    </trkpt>
    <trkpt lat="49.575136" lon="19.525218">
      <ele>1501</ele>
      <time>2026-05-07T12:13:42Z</time>
    </trkpt>
    <trkpt lat="49.575098" lon="19.525245">
      <ele>1506</ele>
      <time>2026-05-07T12:13:59Z</time>
    </trkpt>
    <trkpt lat="49.575096" lon="19.525275">
      <ele>1507</ele>
      <time>2026-05-07T12:14:05Z</time>
    </trkpt>
    <trkpt lat="49.575116" lon="19.525321">
      <ele>1507</ele>
      <time>2026-05-07T12:14:16Z</time>
    </trkpt>
    <trkpt lat="49.575155" lon="19.525445">
      <ele>1508</ele>
      <time>2026-05-07T12:14:42Z</time>
    </trkpt>
    <trkpt lat="49.575151" lon="19.525523">
      <ele>1511</ele>
      <time>2026-05-07T12:14:59Z</time>
    </trkpt>
    <trkpt lat="49.575112" lon="19.525566">
      <ele>1516</ele>
      <time>2026-05-07T12:15:18Z</time>
    </trkpt>
    <trkpt lat="49.575068" lon="19.525594">
      <ele>1520</ele>
      <time>2026-05-07T12:15:36Z</time>
    </trkpt>
    <trkpt lat="49.575039" lon="19.525591">
      <ele>1522</ele>
      <time>2026-05-07T12:15:46Z</time>
    </trkpt>
    <trkpt lat="49.575013" lon="19.525617">
      <ele>1525</ele>
      <time>2026-05-07T12:15:57Z</time>
    </trkpt>
    <trkpt lat="49.574985" lon="19.525661">
      <ele>1528</ele>
      <time>2026-05-07T12:16:12Z</time>
    </trkpt>
    <trkpt lat="49.574983" lon="19.525729">
      <ele>1530</ele>
      <time>2026-05-07T12:16:25Z</time>
    </trkpt>
    <trkpt lat="49.574999" lon="19.525805">
      <ele>1530</ele>
      <time>2026-05-07T12:16:41Z</time>
    </trkpt>
    <trkpt lat="49.575027" lon="19.52588">
      <ele>1530</ele>
      <time>2026-05-07T12:16:57Z</time>
    </trkpt>
    <trkpt lat="49.575022" lon="19.525913">
      <ele>1531</ele>
      <time>2026-05-07T12:17:04Z</time>
    </trkpt>
    <trkpt lat="49.57501" lon="19.525936">
      <ele>1532</ele>
      <time>2026-05-07T12:17:10Z</time>
    </trkpt>
    <trkpt lat="49.57502" lon="19.525996">
      <ele>1532</ele>
      <time>2026-05-07T12:17:22Z</time>
    </trkpt>
    <trkpt lat="49.575035" lon="19.526003">
      <ele>1531</ele>
      <time>2026-05-07T12:17:27Z</time>
    </trkpt>
    <trkpt lat="49.575059" lon="19.526042">
      <ele>1531</ele>
      <time>2026-05-07T12:17:37Z</time>
    </trkpt>
    <trkpt lat="49.575063" lon="19.526081">
      <ele>1531</ele>
      <time>2026-05-07T12:17:45Z</time>
    </trkpt>
    <trkpt lat="49.575041" lon="19.526104">
      <ele>1533</ele>
      <time>2026-05-07T12:17:54Z</time>
    </trkpt>
    <trkpt lat="49.575016" lon="19.526088">
      <ele>1534</ele>
      <time>2026-05-07T12:18:02Z</time>
    </trkpt>
    <trkpt lat="49.574998" lon="19.526064">
      <ele>1535</ele>
      <time>2026-05-07T12:18:10Z</time>
    </trkpt>
    <trkpt lat="49.574975" lon="19.52604">
      <ele>1536</ele>
      <time>2026-05-07T12:18:19Z</time>
    </trkpt>
    <trkpt lat="49.574955" lon="19.526074">
      <ele>1538</ele>
      <time>2026-05-07T12:18:29Z</time>
    </trkpt>
    <trkpt lat="49.574978" lon="19.526125">
      <ele>1537</ele>
      <time>2026-05-07T12:18:41Z</time>
    </trkpt>
    <trkpt lat="49.574954" lon="19.526159">
      <ele>1539</ele>
      <time>2026-05-07T12:18:52Z</time>
    </trkpt>
    <trkpt lat="49.574968" lon="19.526171">
      <ele>1538</ele>
      <time>2026-05-07T12:18:58Z</time>
    </trkpt>
    <trkpt lat="49.57497" lon="19.526203">
      <ele>1539</ele>
      <time>2026-05-07T12:19:04Z</time>
    </trkpt>
    <trkpt lat="49.574965" lon="19.526236">
      <ele>1540</ele>
      <time>2026-05-07T12:19:11Z</time>
    </trkpt>
    <trkpt lat="49.574932" lon="19.526266">
      <ele>1543</ele>
      <time>2026-05-07T12:19:25Z</time>
    </trkpt>
    <trkpt lat="49.574907" lon="19.526338">
      <ele>1546</ele>
      <time>2026-05-07T12:19:43Z</time>
    </trkpt>
    <trkpt lat="49.574862" lon="19.526562">
      <ele>1556</ele>
      <time>2026-05-07T12:20:34Z</time>
    </trkpt>
    <trkpt lat="49.574859" lon="19.526639">
      <ele>1558</ele>
      <time>2026-05-07T12:20:50Z</time>
    </trkpt>
    <trkpt lat="49.574864" lon="19.526696">
      <ele>1559</ele>
      <time>2026-05-07T12:21:01Z</time>
    </trkpt>
    <trkpt lat="49.574861" lon="19.526774">
      <ele>1561</ele>
      <time>2026-05-07T12:21:17Z</time>
    </trkpt>
    <trkpt lat="49.574851" lon="19.526826">
      <ele>1563</ele>
      <time>2026-05-07T12:21:29Z</time>
    </trkpt>
    <trkpt lat="49.574836" lon="19.526894">
      <ele>1566</ele>
      <time>2026-05-07T12:21:44Z</time>
    </trkpt>
    <trkpt lat="49.574841" lon="19.526926">
      <ele>1567</ele>
      <time>2026-05-07T12:21:51Z</time>
    </trkpt>
    <trkpt lat="49.574849" lon="19.526979">
      <ele>1567</ele>
      <time>2026-05-07T12:22:01Z</time>
    </trkpt>
    <trkpt lat="49.574834" lon="19.527044">
      <ele>1570</ele>
      <time>2026-05-07T12:22:16Z</time>
    </trkpt>
    <trkpt lat="49.574817" lon="19.527109">
      <ele>1573</ele>
      <time>2026-05-07T12:22:32Z</time>
    </trkpt>
    <trkpt lat="49.574805" lon="19.527272">
      <ele>1578</ele>
      <time>2026-05-07T12:23:06Z</time>
    </trkpt>
    <trkpt lat="49.574786" lon="19.527339">
      <ele>1581</ele>
      <time>2026-05-07T12:23:22Z</time>
    </trkpt>
    <trkpt lat="49.574766" lon="19.527374">
      <ele>1583</ele>
      <time>2026-05-07T12:23:32Z</time>
    </trkpt>
    <trkpt lat="49.574748" lon="19.527403">
      <ele>1585</ele>
      <time>2026-05-07T12:23:41Z</time>
    </trkpt>
    <trkpt lat="49.574748" lon="19.527439">
      <ele>1586</ele>
      <time>2026-05-07T12:23:48Z</time>
    </trkpt>
    <trkpt lat="49.574747" lon="19.527501">
      <ele>1587</ele>
      <time>2026-05-07T12:24:01Z</time>
    </trkpt>
    <trkpt lat="49.574715" lon="19.52763">
      <ele>1592</ele>
      <time>2026-05-07T12:24:29Z</time>
    </trkpt>
    <trkpt lat="49.574701" lon="19.527726">
      <ele>1595</ele>
      <time>2026-05-07T12:24:50Z</time>
    </trkpt>
    <trkpt lat="49.57469" lon="19.527796">
      <ele>1597</ele>
      <time>2026-05-07T12:25:04Z</time>
    </trkpt>
    <trkpt lat="49.574681" lon="19.527833">
      <ele>1598</ele>
      <time>2026-05-07T12:25:12Z</time>
    </trkpt>
    <trkpt lat="49.574654" lon="19.527835">
      <ele>1600</ele>
      <time>2026-05-07T12:25:22Z</time>
    </trkpt>
    <trkpt lat="49.574615" lon="19.527824">
      <ele>1603</ele>
      <time>2026-05-07T12:25:36Z</time>
    </trkpt>
    <trkpt lat="49.574576" lon="19.527809">
      <ele>1605</ele>
      <time>2026-05-07T12:25:50Z</time>
    </trkpt>
    <trkpt lat="49.574551" lon="19.527782">
      <ele>1607</ele>
      <time>2026-05-07T12:25:59Z</time>
    </trkpt>
    <trkpt lat="49.574525" lon="19.527778">
      <ele>1609</ele>
      <time>2026-05-07T12:26:09Z</time>
    </trkpt>
    <trkpt lat="49.574493" lon="19.527777">
      <ele>1611</ele>
      <time>2026-05-07T12:26:20Z</time>
    </trkpt>
    <trkpt lat="49.574467" lon="19.527774">
      <ele>1613</ele>
      <time>2026-05-07T12:26:29Z</time>
    </trkpt>
    <trkpt lat="49.574453" lon="19.527796">
      <ele>1615</ele>
      <time>2026-05-07T12:26:36Z</time>
    </trkpt>
    <trkpt lat="49.574453" lon="19.527824">
      <ele>1615</ele>
      <time>2026-05-07T12:26:41Z</time>
    </trkpt>
    <trkpt lat="49.574452" lon="19.527878">
      <ele>1616</ele>
      <time>2026-05-07T12:26:52Z</time>
    </trkpt>
    <trkpt lat="49.574444" lon="19.527934">
      <ele>1617</ele>
      <time>2026-05-07T12:27:03Z</time>
    </trkpt>
    <trkpt lat="49.574433" lon="19.527988">
      <ele>1618</ele>
      <time>2026-05-07T12:27:14Z</time>
    </trkpt>
    <trkpt lat="49.574402" lon="19.528027">
      <ele>1621</ele>
      <time>2026-05-07T12:27:28Z</time>
    </trkpt>
    <trkpt lat="49.574368" lon="19.528059">
      <ele>1623</ele>
      <time>2026-05-07T12:27:42Z</time>
    </trkpt>
    <trkpt lat="49.57435" lon="19.528124">
      <ele>1626</ele>
      <time>2026-05-07T12:27:57Z</time>
    </trkpt>
    <trkpt lat="49.574322" lon="19.528154">
      <ele>1629</ele>
      <time>2026-05-07T12:28:09Z</time>
    </trkpt>
    <trkpt lat="49.574305" lon="19.528164">
      <ele>1631</ele>
      <time>2026-05-07T12:28:16Z</time>
    </trkpt>
    <trkpt lat="49.574275" lon="19.528211">
      <ele>1634</ele>
      <time>2026-05-07T12:28:31Z</time>
    </trkpt>
    <trkpt lat="49.574268" lon="19.52829">
      <ele>1637</ele>
      <time>2026-05-07T12:28:48Z</time>
    </trkpt>
    <trkpt lat="49.574238" lon="19.528341">
      <ele>1640</ele>
      <time>2026-05-07T12:29:04Z</time>
    </trkpt>
    <trkpt lat="49.574231" lon="19.528413">
      <ele>1642</ele>
      <time>2026-05-07T12:29:19Z</time>
    </trkpt>
    <trkpt lat="49.574226" lon="19.528492">
      <ele>1644</ele>
      <time>2026-05-07T12:29:35Z</time>
    </trkpt>
    <trkpt lat="49.574195" lon="19.528587">
      <ele>1648</ele>
      <time>2026-05-07T12:29:58Z</time>
    </trkpt>
    <trkpt lat="49.57417" lon="19.528649">
      <ele>1652</ele>
      <time>2026-05-07T12:30:14Z</time>
    </trkpt>
    <trkpt lat="49.574168" lon="19.528694">
      <ele>1653</ele>
      <time>2026-05-07T12:30:23Z</time>
    </trkpt>
    <trkpt lat="49.574154" lon="19.528709">
      <ele>1654</ele>
      <time>2026-05-07T12:30:29Z</time>
    </trkpt>
    <trkpt lat="49.574134" lon="19.528743">
      <ele>1656</ele>
      <time>2026-05-07T12:30:40Z</time>
    </trkpt>
    <trkpt lat="49.574127" lon="19.528785">
      <ele>1657</ele>
      <time>2026-05-07T12:30:49Z</time>
    </trkpt>
    <trkpt lat="49.574127" lon="19.528826">
      <ele>1658</ele>
      <time>2026-05-07T12:30:57Z</time>
    </trkpt>
    <trkpt lat="49.574129" lon="19.528861">
      <ele>1659</ele>
      <time>2026-05-07T12:31:04Z</time>
    </trkpt>
    <trkpt lat="49.5741" lon="19.52888">
      <ele>1661</ele>
      <time>2026-05-07T12:31:15Z</time>
    </trkpt>
    <trkpt lat="49.574085" lon="19.528924">
      <ele>1663</ele>
      <time>2026-05-07T12:31:25Z</time>
    </trkpt>
    <trkpt lat="49.57403" lon="19.529172">
      <ele>1670</ele>
      <time>2026-05-07T12:32:18Z</time>
    </trkpt>
    <trkpt lat="49.57402" lon="19.529197">
      <ele>1671</ele>
      <time>2026-05-07T12:32:24Z</time>
    </trkpt>
    <trkpt lat="49.574001" lon="19.529194">
      <ele>1672</ele>
      <time>2026-05-07T12:32:31Z</time>
    </trkpt>
    <trkpt lat="49.573973" lon="19.529207">
      <ele>1674</ele>
      <time>2026-05-07T12:32:41Z</time>
    </trkpt>
    <trkpt lat="49.573937" lon="19.529245">
      <ele>1677</ele>
      <time>2026-05-07T12:32:55Z</time>
    </trkpt>
    <trkpt lat="49.573907" lon="19.529278">
      <ele>1679</ele>
      <time>2026-05-07T12:33:08Z</time>
    </trkpt>
    <trkpt lat="49.573875" lon="19.52928">
      <ele>1681</ele>
      <time>2026-05-07T12:33:18Z</time>
    </trkpt>
    <trkpt lat="49.573845" lon="19.529281">
      <ele>1682</ele>
      <time>2026-05-07T12:33:28Z</time>
    </trkpt>
    <trkpt lat="49.573833" lon="19.529303">
      <ele>1683</ele>
      <time>2026-05-07T12:33:33Z</time>
    </trkpt>
    <trkpt lat="49.573818" lon="19.529389">
      <ele>1684</ele>
      <time>2026-05-07T12:33:51Z</time>
    </trkpt>
    <trkpt lat="49.573803" lon="19.529405">
      <ele>1685</ele>
      <time>2026-05-07T12:33:57Z</time>
    </trkpt>
    <trkpt lat="49.573779" lon="19.529408">
      <ele>1687</ele>
      <time>2026-05-07T12:34:05Z</time>
    </trkpt>
    <trkpt lat="49.573747" lon="19.529433">
      <ele>1689</ele>
      <time>2026-05-07T12:34:16Z</time>
    </trkpt>
    <trkpt lat="49.573733" lon="19.529471">
      <ele>1690</ele>
      <time>2026-05-07T12:34:25Z</time>
    </trkpt>
    <trkpt lat="49.573723" lon="19.529545">
      <ele>1692</ele>
      <time>2026-05-07T12:34:41Z</time>
    </trkpt>
    <trkpt lat="49.573708" lon="19.529558">
      <ele>1693</ele>
      <time>2026-05-07T12:34:46Z</time>
    </trkpt>
    <trkpt lat="49.573672" lon="19.529561">
      <ele>1695</ele>
      <time>2026-05-07T12:34:58Z</time>
    </trkpt>
    <trkpt lat="49.573641" lon="19.529613">
      <ele>1697</ele>
      <time>2026-05-07T12:35:13Z</time>
    </trkpt>
    <trkpt lat="49.573594" lon="19.52966">
      <ele>1701</ele>
      <time>2026-05-07T12:35:32Z</time>
    </trkpt>
    <trkpt lat="49.573562" lon="19.529707">
      <ele>1702</ele>
      <time>2026-05-07T12:35:45Z</time>
    </trkpt>
    <trkpt lat="49.573521" lon="19.529718">
      <ele>1704</ele>
      <time>2026-05-07T12:35:58Z</time>
    </trkpt>
    <trkpt lat="49.573509" lon="19.529762">
      <ele>1705</ele>
      <time>2026-05-07T12:36:08Z</time>
    </trkpt>
    <trkpt lat="49.573483" lon="19.529793">
      <ele>1707</ele>
      <time>2026-05-07T12:36:18Z</time>
    </trkpt>
    <trkpt lat="49.573446" lon="19.52983">
      <ele>1709</ele>
      <time>2026-05-07T12:36:33Z</time>
    </trkpt>
    <trkpt lat="49.573425" lon="19.529849">
      <ele>1711</ele>
      <time>2026-05-07T12:36:41Z</time>
    </trkpt>
    <trkpt lat="49.573361" lon="19.529888">
      <ele>1715</ele>
      <time>2026-05-07T12:37:04Z</time>
    </trkpt>
    <trkpt lat="49.573287" lon="19.529952">
      <ele>1719</ele>
      <time>2026-05-07T12:37:31Z</time>
    </trkpt>
    <trkpt lat="49.573245" lon="19.52994">
      <ele>1720</ele>
      <time>2026-05-07T12:37:44Z</time>
    </trkpt>
    <trkpt lat="49.573168" lon="19.529943">
      <ele>1723</ele>
      <time>2026-05-07T12:38:08Z</time>
    </trkpt>
    <trkpt lat="49.57315" lon="19.529657">
      <ele>1722</ele>
      <time>2026-05-07T12:39:08Z</time>
    </trkpt>
    <trkpt lat="49.573139" lon="19.529596">
      <ele>1722</ele>
      <time>2026-05-07T12:39:24Z</time>
    </trkpt>
    <trkpt lat="49.573114" lon="19.529511">
      <ele>1724</ele>
      <time>2026-05-07T12:39:48Z</time>
    </trkpt>
    <trkpt lat="49.573087" lon="19.529446">
      <ele>1725</ele>
      <time>2026-05-07T12:40:08Z</time>
    </trkpt>
    <trkpt lat="49.573038" lon="19.529179">
      <ele>1716</ele>
      <time>2026-05-07T12:40:40Z</time>
    </trkpt>
    <trkpt lat="49.572978" lon="19.52906">
      <ele>1712</ele>
      <time>2026-05-07T12:40:58Z</time>
    </trkpt>
    <trkpt lat="49.573063" lon="19.528966">
      <ele>1709</ele>
      <time>2026-05-07T12:41:15Z</time>
    </trkpt>
    <trkpt lat="49.573025" lon="19.528909">
      <ele>1707</ele>
      <time>2026-05-07T12:41:25Z</time>
    </trkpt>
    <trkpt lat="49.573064" lon="19.528867">
      <ele>1706</ele>
      <time>2026-05-07T12:41:33Z</time>
    </trkpt>
    <trkpt lat="49.572992" lon="19.528797">
      <ele>1704</ele>
      <time>2026-05-07T12:41:47Z</time>
    </trkpt>
    <trkpt lat="49.572988" lon="19.528772">
      <ele>1703</ele>
      <time>2026-05-07T12:41:50Z</time>
    </trkpt>
    <trkpt lat="49.572993" lon="19.528722">
      <ele>1701</ele>
      <time>2026-05-07T12:41:56Z</time>
    </trkpt>
    <trkpt lat="49.572997" lon="19.528553">
      <ele>1698</ele>
      <time>2026-05-07T12:42:15Z</time>
    </trkpt>
    <trkpt lat="49.572985" lon="19.528393">
      <ele>1696</ele>
      <time>2026-05-07T12:42:32Z</time>
    </trkpt>
    <trkpt lat="49.572959" lon="19.528324">
      <ele>1695</ele>
      <time>2026-05-07T12:42:41Z</time>
    </trkpt>
    <trkpt lat="49.572913" lon="19.528232">
      <ele>1694</ele>
      <time>2026-05-07T12:42:53Z</time>
    </trkpt>
    <trkpt lat="49.572904" lon="19.52813">
      <ele>1692</ele>
      <time>2026-05-07T12:43:05Z</time>
    </trkpt>
    <trkpt lat="49.572917" lon="19.528022">
      <ele>1691</ele>
      <time>2026-05-07T12:43:17Z</time>
    </trkpt>
    <trkpt lat="49.572917" lon="19.527976">
      <ele>1690</ele>
      <time>2026-05-07T12:43:22Z</time>
    </trkpt>
    <trkpt lat="49.572815" lon="19.527573">
      <ele>1688</ele>
      <time>2026-05-07T12:44:08Z</time>
    </trkpt>
    <trkpt lat="49.57277" lon="19.527355">
      <ele>1687</ele>
      <time>2026-05-07T12:44:32Z</time>
    </trkpt>
    <trkpt lat="49.572602" lon="19.526879">
      <ele>1687</ele>
      <time>2026-05-07T12:45:30Z</time>
    </trkpt>
    <trkpt lat="49.572531" lon="19.526681">
      <ele>1686</ele>
      <time>2026-05-07T12:45:54Z</time>
    </trkpt>
    <trkpt lat="49.572486" lon="19.526569">
      <ele>1686</ele>
      <time>2026-05-07T12:46:09Z</time>
    </trkpt>
    <trkpt lat="49.572467" lon="19.526396">
      <ele>1684</ele>
      <time>2026-05-07T12:46:27Z</time>
    </trkpt>
    <trkpt lat="49.572402" lon="19.526252">
      <ele>1681</ele>
      <time>2026-05-07T12:46:47Z</time>
    </trkpt>
    <trkpt lat="49.572264" lon="19.525789">
      <ele>1673</ele>
      <time>2026-05-07T12:47:43Z</time>
    </trkpt>
    <trkpt lat="49.572205" lon="19.525727">
      <ele>1672</ele>
      <time>2026-05-07T12:47:54Z</time>
    </trkpt>
    <trkpt lat="49.572181" lon="19.525604">
      <ele>1670</ele>
      <time>2026-05-07T12:48:09Z</time>
    </trkpt>
    <trkpt lat="49.572176" lon="19.525487">
      <ele>1667</ele>
      <time>2026-05-07T12:48:22Z</time>
    </trkpt>
    <trkpt lat="49.57218" lon="19.525095">
      <ele>1659</ele>
      <time>2026-05-07T12:49:06Z</time>
    </trkpt>
    <trkpt lat="49.572144" lon="19.524677">
      <ele>1652</ele>
      <time>2026-05-07T12:49:52Z</time>
    </trkpt>
    <trkpt lat="49.572106" lon="19.524587">
      <ele>1651</ele>
      <time>2026-05-07T12:50:03Z</time>
    </trkpt>
    <trkpt lat="49.572117" lon="19.524406">
      <ele>1649</ele>
      <time>2026-05-07T12:50:23Z</time>
    </trkpt>
    <trkpt lat="49.572125" lon="19.52431">
      <ele>1648</ele>
      <time>2026-05-07T12:50:33Z</time>
    </trkpt>
    <trkpt lat="49.572143" lon="19.524272">
      <ele>1647</ele>
      <time>2026-05-07T12:50:38Z</time>
    </trkpt>
    <trkpt lat="49.572127" lon="19.524105">
      <ele>1645</ele>
      <time>2026-05-07T12:50:57Z</time>
    </trkpt>
    <trkpt lat="49.572104" lon="19.524034">
      <ele>1644</ele>
      <time>2026-05-07T12:51:05Z</time>
    </trkpt>
    <trkpt lat="49.572136" lon="19.524001">
      <ele>1643</ele>
      <time>2026-05-07T12:51:12Z</time>
    </trkpt>
    <trkpt lat="49.572171" lon="19.52397">
      <ele>1643</ele>
      <time>2026-05-07T12:51:18Z</time>
    </trkpt>
    <trkpt lat="49.572183" lon="19.523926">
      <ele>1642</ele>
      <time>2026-05-07T12:51:24Z</time>
    </trkpt>
    <trkpt lat="49.572185" lon="19.523855">
      <ele>1641</ele>
      <time>2026-05-07T12:51:31Z</time>
    </trkpt>
    <trkpt lat="49.572182" lon="19.52362">
      <ele>1636</ele>
      <time>2026-05-07T12:51:58Z</time>
    </trkpt>
    <trkpt lat="49.572187" lon="19.523484">
      <ele>1634</ele>
      <time>2026-05-07T12:52:12Z</time>
    </trkpt>
    <trkpt lat="49.572167" lon="19.523317">
      <ele>1632</ele>
      <time>2026-05-07T12:52:31Z</time>
    </trkpt>
    <trkpt lat="49.572154" lon="19.523136">
      <ele>1631</ele>
      <time>2026-05-07T12:52:50Z</time>
    </trkpt>
    <trkpt lat="49.572146" lon="19.522926">
      <ele>1629</ele>
      <time>2026-05-07T12:53:13Z</time>
    </trkpt>
    <trkpt lat="49.572151" lon="19.522807">
      <ele>1629</ele>
      <time>2026-05-07T12:53:26Z</time>
    </trkpt>
    <trkpt lat="49.572172" lon="19.522696">
      <ele>1628</ele>
      <time>2026-05-07T12:53:38Z</time>
    </trkpt>
    <trkpt lat="49.572213" lon="19.522521">
      <ele>1627</ele>
      <time>2026-05-07T12:53:58Z</time>
    </trkpt>
    <trkpt lat="49.572252" lon="19.522111">
      <ele>1623</ele>
      <time>2026-05-07T12:54:43Z</time>
    </trkpt>
    <trkpt lat="49.57227" lon="19.521598">
      <ele>1618</ele>
      <time>2026-05-07T12:55:38Z</time>
    </trkpt>
    <trkpt lat="49.572306" lon="19.521404">
      <ele>1616</ele>
      <time>2026-05-07T12:56:00Z</time>
    </trkpt>
    <trkpt lat="49.572436" lon="19.521267">
      <ele>1613</ele>
      <time>2026-05-07T12:56:26Z</time>
    </trkpt>
    <trkpt lat="49.57254" lon="19.521137">
      <ele>1611</ele>
      <time>2026-05-07T12:56:49Z</time>
    </trkpt>
    <trkpt lat="49.572639" lon="19.520964">
      <ele>1608</ele>
      <time>2026-05-07T12:57:14Z</time>
    </trkpt>
    <trkpt lat="49.572851" lon="19.520387">
      <ele>1607</ele>
      <time>2026-05-07T12:58:24Z</time>
    </trkpt>
    <trkpt lat="49.572894" lon="19.520014">
      <ele>1607</ele>
      <time>2026-05-07T12:59:05Z</time>
    </trkpt>
    <trkpt lat="49.572972" lon="19.519798">
      <ele>1606</ele>
      <time>2026-05-07T12:59:31Z</time>
    </trkpt>
    <trkpt lat="49.573073" lon="19.519646">
      <ele>1606</ele>
      <time>2026-05-07T12:59:55Z</time>
    </trkpt>
    <trkpt lat="49.573119" lon="19.519526">
      <ele>1605</ele>
      <time>2026-05-07T13:00:10Z</time>
    </trkpt>
    <trkpt lat="49.573158" lon="19.519335">
      <ele>1605</ele>
      <time>2026-05-07T13:00:31Z</time>
    </trkpt>
    <trkpt lat="49.573182" lon="19.519149">
      <ele>1604</ele>
      <time>2026-05-07T13:00:51Z</time>
    </trkpt>
    <trkpt lat="49.573234" lon="19.518789">
      <ele>1603</ele>
      <time>2026-05-07T13:01:31Z</time>
    </trkpt>
    <trkpt lat="49.573276" lon="19.518668">
      <ele>1603</ele>
      <time>2026-05-07T13:01:45Z</time>
    </trkpt>
    <trkpt lat="49.57333" lon="19.518478">
      <ele>1603</ele>
      <time>2026-05-07T13:02:08Z</time>
    </trkpt>
    <trkpt lat="49.573386" lon="19.518359">
      <ele>1603</ele>
      <time>2026-05-07T13:02:23Z</time>
    </trkpt>
    <trkpt lat="49.573518" lon="19.518061">
      <ele>1603</ele>
      <time>2026-05-07T13:03:02Z</time>
    </trkpt>
    <trkpt lat="49.573607" lon="19.517923">
      <ele>1603</ele>
      <time>2026-05-07T13:03:23Z</time>
    </trkpt>
    <trkpt lat="49.573671" lon="19.517783">
      <ele>1602</ele>
      <time>2026-05-07T13:03:41Z</time>
    </trkpt>
    <trkpt lat="49.573755" lon="19.517668">
      <ele>1602</ele>
      <time>2026-05-07T13:03:59Z</time>
    </trkpt>
    <trkpt lat="49.573788" lon="19.517585">
      <ele>1601</ele>
      <time>2026-05-07T13:04:10Z</time>
    </trkpt>
    <trkpt lat="49.573882" lon="19.517494">
      <ele>1601</ele>
      <time>2026-05-07T13:04:28Z</time>
    </trkpt>
    <trkpt lat="49.573973" lon="19.517376">
      <ele>1600</ele>
      <time>2026-05-07T13:04:48Z</time>
    </trkpt>
    <trkpt lat="49.574048" lon="19.517245">
      <ele>1600</ele>
      <time>2026-05-07T13:05:06Z</time>
    </trkpt>
    <trkpt lat="49.57418" lon="19.517123">
      <ele>1598</ele>
      <time>2026-05-07T13:05:32Z</time>
    </trkpt>
    <trkpt lat="49.574284" lon="19.516992">
      <ele>1596</ele>
      <time>2026-05-07T13:05:54Z</time>
    </trkpt>
    <trkpt lat="49.574403" lon="19.516839">
      <ele>1594</ele>
      <time>2026-05-07T13:06:20Z</time>
    </trkpt>
    <trkpt lat="49.574533" lon="19.5167">
      <ele>1591</ele>
      <time>2026-05-07T13:06:47Z</time>
    </trkpt>
    <trkpt lat="49.574687" lon="19.516607">
      <ele>1587</ele>
      <time>2026-05-07T13:07:14Z</time>
    </trkpt>
    <trkpt lat="49.574814" lon="19.516413">
      <ele>1585</ele>
      <time>2026-05-07T13:07:44Z</time>
    </trkpt>
    <trkpt lat="49.574986" lon="19.516179">
      <ele>1582</ele>
      <time>2026-05-07T13:08:22Z</time>
    </trkpt>
    <trkpt lat="49.575116" lon="19.516053">
      <ele>1578</ele>
      <time>2026-05-07T13:08:48Z</time>
    </trkpt>
    <trkpt lat="49.575179" lon="19.51597">
      <ele>1576</ele>
      <time>2026-05-07T13:09:02Z</time>
    </trkpt>
    <trkpt lat="49.575275" lon="19.515873">
      <ele>1574</ele>
      <time>2026-05-07T13:09:21Z</time>
    </trkpt>
    <trkpt lat="49.575335" lon="19.515798">
      <ele>1573</ele>
      <time>2026-05-07T13:09:34Z</time>
    </trkpt>
    <trkpt lat="49.575494" lon="19.515641">
      <ele>1567</ele>
      <time>2026-05-07T13:10:06Z</time>
    </trkpt>
    <trkpt lat="49.575566" lon="19.515644">
      <ele>1564</ele>
      <time>2026-05-07T13:10:19Z</time>
    </trkpt>
    <trkpt lat="49.575696" lon="19.51555">
      <ele>1560</ele>
      <time>2026-05-07T13:10:43Z</time>
    </trkpt>
    <trkpt lat="49.575793" lon="19.51551">
      <ele>1556</ele>
      <time>2026-05-07T13:11:01Z</time>
    </trkpt>
    <trkpt lat="49.575877" lon="19.515478">
      <ele>1554</ele>
      <time>2026-05-07T13:11:15Z</time>
    </trkpt>
    <trkpt lat="49.57592" lon="19.515447">
      <ele>1552</ele>
      <time>2026-05-07T13:11:23Z</time>
    </trkpt>
    <trkpt lat="49.575991" lon="19.515429">
      <ele>1551</ele>
      <time>2026-05-07T13:11:36Z</time>
    </trkpt>
    <trkpt lat="49.57605" lon="19.515438">
      <ele>1549</ele>
      <time>2026-05-07T13:11:46Z</time>
    </trkpt>
    <trkpt lat="49.57612" lon="19.515418">
      <ele>1547</ele>
      <time>2026-05-07T13:11:58Z</time>
    </trkpt>
    <trkpt lat="49.576247" lon="19.515373">
      <ele>1542</ele>
      <time>2026-05-07T13:12:21Z</time>
    </trkpt>
    <trkpt lat="49.576496" lon="19.515247">
      <ele>1533</ele>
      <time>2026-05-07T13:13:06Z</time>
    </trkpt>
    <trkpt lat="49.576616" lon="19.515173">
      <ele>1529</ele>
      <time>2026-05-07T13:13:28Z</time>
    </trkpt>
    <trkpt lat="49.576904" lon="19.515121">
      <ele>1522</ele>
      <time>2026-05-07T13:14:17Z</time>
    </trkpt>
    <trkpt lat="49.577192" lon="19.51497">
      <ele>1518</ele>
      <time>2026-05-07T13:15:07Z</time>
    </trkpt>
    <trkpt lat="49.577351" lon="19.514939">
      <ele>1515</ele>
      <time>2026-05-07T13:15:34Z</time>
    </trkpt>
    <trkpt lat="49.577472" lon="19.514891">
      <ele>1511</ele>
      <time>2026-05-07T13:15:55Z</time>
    </trkpt>
    <trkpt lat="49.57761" lon="19.514725">
      <ele>1506</ele>
      <time>2026-05-07T13:16:25Z</time>
    </trkpt>
    <trkpt lat="49.577687" lon="19.514597">
      <ele>1501</ele>
      <time>2026-05-07T13:16:45Z</time>
    </trkpt>
    <trkpt lat="49.577782" lon="19.514508">
      <ele>1497</ele>
      <time>2026-05-07T13:17:05Z</time>
    </trkpt>
    <trkpt lat="49.578862" lon="19.513239">
      <ele>1454</ele>
      <time>2026-05-07T13:20:57Z</time>
    </trkpt>
    <trkpt lat="49.579401" lon="19.512599">
      <ele>1439</ele>
      <time>2026-05-07T13:22:51Z</time>
    </trkpt>
    <trkpt lat="49.579955" lon="19.511954">
      <ele>1428</ele>
      <time>2026-05-07T13:24:47Z</time>
    </trkpt>
    <trkpt lat="49.580506" lon="19.511329">
      <ele>1420</ele>
      <time>2026-05-07T13:26:40Z</time>
    </trkpt>
    <trkpt lat="49.580789" lon="19.510952">
      <ele>1417</ele>
      <time>2026-05-07T13:27:42Z</time>
    </trkpt>
    <trkpt lat="49.581026" lon="19.510721">
      <ele>1413</ele>
      <time>2026-05-07T13:28:28Z</time>
    </trkpt>
    <trkpt lat="49.581298" lon="19.510381">
      <ele>1409</ele>
      <time>2026-05-07T13:29:26Z</time>
    </trkpt>
    <trkpt lat="49.581435" lon="19.510256">
      <ele>1407</ele>
      <time>2026-05-07T13:29:53Z</time>
    </trkpt>
    <trkpt lat="49.581515" lon="19.510188">
      <ele>1408</ele>
      <time>2026-05-07T13:30:08Z</time>
    </trkpt>
    <trkpt lat="49.581537" lon="19.510172">
      <ele>1407</ele>
      <time>2026-05-07T13:30:13Z</time>
    </trkpt>
    <trkpt lat="49.581564" lon="19.509955">
      <ele>1407</ele>
      <time>2026-05-07T13:30:43Z</time>
    </trkpt>
    <trkpt lat="49.581583" lon="19.509705">
      <ele>1409</ele>
      <time>2026-05-07T13:31:17Z</time>
    </trkpt>
    <trkpt lat="49.581554" lon="19.509489">
      <ele>1413</ele>
      <time>2026-05-07T13:31:47Z</time>
    </trkpt>
    <trkpt lat="49.581557" lon="19.509421">
      <ele>1413</ele>
      <time>2026-05-07T13:31:56Z</time>
    </trkpt>
    <trkpt lat="49.581585" lon="19.509306">
      <ele>1414</ele>
      <time>2026-05-07T13:32:13Z</time>
    </trkpt>
    <trkpt lat="49.581596" lon="19.509151">
      <ele>1415</ele>
      <time>2026-05-07T13:32:34Z</time>
    </trkpt>
    <trkpt lat="49.581615" lon="19.509064">
      <ele>1417</ele>
      <time>2026-05-07T13:32:46Z</time>
    </trkpt>
    <trkpt lat="49.581651" lon="19.508915">
      <ele>1419</ele>
      <time>2026-05-07T13:33:08Z</time>
    </trkpt>
    <trkpt lat="49.581723" lon="19.508542">
      <ele>1419</ele>
      <time>2026-05-07T13:33:59Z</time>
    </trkpt>
    <trkpt lat="49.58175" lon="19.508448">
      <ele>1419</ele>
      <time>2026-05-07T13:34:13Z</time>
    </trkpt>
    <trkpt lat="49.581744" lon="19.508268">
      <ele>1420</ele>
      <time>2026-05-07T13:34:37Z</time>
    </trkpt>
    <trkpt lat="49.581764" lon="19.508088">
      <ele>1420</ele>
      <time>2026-05-07T13:35:02Z</time>
    </trkpt>
    <trkpt lat="49.581824" lon="19.507863">
      <ele>1422</ele>
      <time>2026-05-07T13:35:34Z</time>
    </trkpt>
    <trkpt lat="49.581829" lon="19.507758">
      <ele>1424</ele>
      <time>2026-05-07T13:35:49Z</time>
    </trkpt>
    <trkpt lat="49.581843" lon="19.507655">
      <ele>1425</ele>
      <time>2026-05-07T13:36:03Z</time>
    </trkpt>
    <trkpt lat="49.581842" lon="19.507479">
      <ele>1427</ele>
      <time>2026-05-07T13:36:27Z</time>
    </trkpt>
    <trkpt lat="49.581862" lon="19.50734">
      <ele>1428</ele>
      <time>2026-05-07T13:36:46Z</time>
    </trkpt>
    <trkpt lat="49.581868" lon="19.507254">
      <ele>1429</ele>
      <time>2026-05-07T13:36:58Z</time>
    </trkpt>
    <trkpt lat="49.581883" lon="19.507159">
      <ele>1430</ele>
      <time>2026-05-07T13:37:11Z</time>
    </trkpt>
    <trkpt lat="49.581893" lon="19.507073">
      <ele>1431</ele>
      <time>2026-05-07T13:37:23Z</time>
    </trkpt>
    <trkpt lat="49.581911" lon="19.507004">
      <ele>1432</ele>
      <time>2026-05-07T13:37:33Z</time>
    </trkpt>
    <trkpt lat="49.581928" lon="19.506958">
      <ele>1433</ele>
      <time>2026-05-07T13:37:40Z</time>
    </trkpt>
    <trkpt lat="49.581933" lon="19.506902">
      <ele>1433</ele>
      <time>2026-05-07T13:37:47Z</time>
    </trkpt>
    <trkpt lat="49.581938" lon="19.506785">
      <ele>1435</ele>
      <time>2026-05-07T13:38:03Z</time>
    </trkpt>
    <trkpt lat="49.581922" lon="19.506527">
      <ele>1438</ele>
      <time>2026-05-07T13:38:38Z</time>
    </trkpt>
    <trkpt lat="49.581935" lon="19.506406">
      <ele>1440</ele>
      <time>2026-05-07T13:38:55Z</time>
    </trkpt>
    <trkpt lat="49.58198" lon="19.506278">
      <ele>1441</ele>
      <time>2026-05-07T13:39:15Z</time>
    </trkpt>
    <trkpt lat="49.581999" lon="19.506207">
      <ele>1442</ele>
      <time>2026-05-07T13:39:25Z</time>
    </trkpt>
    <trkpt lat="49.582002" lon="19.506174">
      <ele>1442</ele>
      <time>2026-05-07T13:39:30Z</time>
    </trkpt>
    <trkpt lat="49.581985" lon="19.506113">
      <ele>1443</ele>
      <time>2026-05-07T13:39:39Z</time>
    </trkpt>
    <trkpt lat="49.58195" lon="19.506058">
      <ele>1445</ele>
      <time>2026-05-07T13:39:49Z</time>
    </trkpt>
    <trkpt lat="49.581931" lon="19.506005">
      <ele>1446</ele>
      <time>2026-05-07T13:39:58Z</time>
    </trkpt>
    <trkpt lat="49.581938" lon="19.505864">
      <ele>1448</ele>
      <time>2026-05-07T13:40:17Z</time>
    </trkpt>
    <trkpt lat="49.581945" lon="19.505652">
      <ele>1450</ele>
      <time>2026-05-07T13:40:45Z</time>
    </trkpt>
    <trkpt lat="49.581956" lon="19.505403">
      <ele>1454</ele>
      <time>2026-05-07T13:41:19Z</time>
    </trkpt>
    <trkpt lat="49.581962" lon="19.504931">
      <ele>1462</ele>
      <time>2026-05-07T13:42:24Z</time>
    </trkpt>
    <trkpt lat="49.582005" lon="19.504573">
      <ele>1467</ele>
      <time>2026-05-07T13:43:14Z</time>
    </trkpt>
    <trkpt lat="49.582009" lon="19.504444">
      <ele>1469</ele>
      <time>2026-05-07T13:43:32Z</time>
    </trkpt>
    <trkpt lat="49.581994" lon="19.504323">
      <ele>1472</ele>
      <time>2026-05-07T13:43:49Z</time>
    </trkpt>
    <trkpt lat="49.581901" lon="19.50375">
      <ele>1481</ele>
      <time>2026-05-07T13:45:09Z</time>
    </trkpt>
    <trkpt lat="49.581772" lon="19.503113">
      <ele>1480</ele>
      <time>2026-05-07T13:46:38Z</time>
    </trkpt>
    <trkpt lat="49.581764" lon="19.502939">
      <ele>1479</ele>
      <time>2026-05-07T13:47:02Z</time>
    </trkpt>
    <trkpt lat="49.58175" lon="19.502813">
      <ele>1479</ele>
      <time>2026-05-07T13:47:19Z</time>
    </trkpt>
    <trkpt lat="49.581653" lon="19.502302">
      <ele>1481</ele>
      <time>2026-05-07T13:48:30Z</time>
    </trkpt>
    <trkpt lat="49.581646" lon="19.502196">
      <ele>1482</ele>
      <time>2026-05-07T13:48:44Z</time>
    </trkpt>
    <trkpt lat="49.581625" lon="19.502035">
      <ele>1484</ele>
      <time>2026-05-07T13:49:07Z</time>
    </trkpt>
    <trkpt lat="49.581573" lon="19.501805">
      <ele>1487</ele>
      <time>2026-05-07T13:49:39Z</time>
    </trkpt>
    <trkpt lat="49.581506" lon="19.501469">
      <ele>1490</ele>
      <time>2026-05-07T13:50:27Z</time>
    </trkpt>
    <trkpt lat="49.581434" lon="19.500902">
      <ele>1493</ele>
      <time>2026-05-07T13:51:44Z</time>
    </trkpt>
    <trkpt lat="49.58139" lon="19.500603">
      <ele>1496</ele>
      <time>2026-05-07T13:52:25Z</time>
    </trkpt>
    <trkpt lat="49.581378" lon="19.500468">
      <ele>1496</ele>
      <time>2026-05-07T13:52:44Z</time>
    </trkpt>
    <trkpt lat="49.581352" lon="19.500328">
      <ele>1497</ele>
      <time>2026-05-07T13:53:03Z</time>
    </trkpt>
    <trkpt lat="49.581329" lon="19.500071">
      <ele>1502</ele>
      <time>2026-05-07T13:53:39Z</time>
    </trkpt>
    <trkpt lat="49.581329" lon="19.499993">
      <ele>1504</ele>
      <time>2026-05-07T13:53:50Z</time>
    </trkpt>
    <trkpt lat="49.581323" lon="19.499924">
      <ele>1506</ele>
      <time>2026-05-07T13:54:00Z</time>
    </trkpt>
    <trkpt lat="49.581302" lon="19.499844">
      <ele>1509</ele>
      <time>2026-05-07T13:54:13Z</time>
    </trkpt>
    <trkpt lat="49.581256" lon="19.499759">
      <ele>1512</ele>
      <time>2026-05-07T13:54:28Z</time>
    </trkpt>
    <trkpt lat="49.581228" lon="19.499679">
      <ele>1514</ele>
      <time>2026-05-07T13:54:41Z</time>
    </trkpt>
    <trkpt lat="49.58122" lon="19.499635">
      <ele>1515</ele>
      <time>2026-05-07T13:54:48Z</time>
    </trkpt>
    <trkpt lat="49.581236" lon="19.499563">
      <ele>1516</ele>
      <time>2026-05-07T13:54:58Z</time>
    </trkpt>
    <trkpt lat="49.581283" lon="19.499554">
      <ele>1517</ele>
      <time>2026-05-07T13:55:08Z</time>
    </trkpt>
    <trkpt lat="49.581177" lon="19.499486">
      <ele>1516</ele>
      <time>2026-05-07T13:55:28Z</time>
    </trkpt>
    <trkpt lat="49.581027" lon="19.499498">
      <ele>1513</ele>
      <time>2026-05-07T13:55:54Z</time>
    </trkpt>
    <trkpt lat="49.580949" lon="19.499461">
      <ele>1510</ele>
      <time>2026-05-07T13:56:08Z</time>
    </trkpt>
    <trkpt lat="49.581027" lon="19.499498">
      <ele>1513</ele>
      <time>2026-05-07T13:56:22Z</time>
    </trkpt>
    <trkpt lat="49.581177" lon="19.499486">
      <ele>1516</ele>
      <time>2026-05-07T13:56:48Z</time>
    </trkpt>
    <trkpt lat="49.581283" lon="19.499554">
      <ele>1517</ele>
      <time>2026-05-07T13:57:08Z</time>
    </trkpt>
    <trkpt lat="49.581264" lon="19.499276">
      <ele>1512</ele>
      <time>2026-05-07T13:57:27Z</time>
    </trkpt>
    <trkpt lat="49.581298" lon="19.499129">
      <ele>1508</ele>
      <time>2026-05-07T13:57:38Z</time>
    </trkpt>
    <trkpt lat="49.581311" lon="19.499024">
      <ele>1506</ele>
      <time>2026-05-07T13:57:46Z</time>
    </trkpt>
    <trkpt lat="49.581345" lon="19.498857">
      <ele>1501</ele>
      <time>2026-05-07T13:57:59Z</time>
    </trkpt>
    <trkpt lat="49.581388" lon="19.498678">
      <ele>1499</ele>
      <time>2026-05-07T13:58:12Z</time>
    </trkpt>
    <trkpt lat="49.581394" lon="19.498595">
      <ele>1498</ele>
      <time>2026-05-07T13:58:17Z</time>
    </trkpt>
    <trkpt lat="49.581417" lon="19.498379">
      <ele>1496</ele>
      <time>2026-05-07T13:58:32Z</time>
    </trkpt>
    <trkpt lat="49.58143" lon="19.498248">
      <ele>1494</ele>
      <time>2026-05-07T13:58:41Z</time>
    </trkpt>
    <trkpt lat="49.581464" lon="19.498088">
      <ele>1492</ele>
      <time>2026-05-07T13:58:53Z</time>
    </trkpt>
    <trkpt lat="49.581478" lon="19.497982">
      <ele>1490</ele>
      <time>2026-05-07T13:59:00Z</time>
    </trkpt>
    <trkpt lat="49.58148" lon="19.497892">
      <ele>1488</ele>
      <time>2026-05-07T13:59:07Z</time>
    </trkpt>
    <trkpt lat="49.581508" lon="19.497808">
      <ele>1486</ele>
      <time>2026-05-07T13:59:13Z</time>
    </trkpt>
    <trkpt lat="49.58152" lon="19.497746">
      <ele>1485</ele>
      <time>2026-05-07T13:59:18Z</time>
    </trkpt>
    <trkpt lat="49.581525" lon="19.497667">
      <ele>1484</ele>
      <time>2026-05-07T13:59:23Z</time>
    </trkpt>
    <trkpt lat="49.58154" lon="19.497507">
      <ele>1482</ele>
      <time>2026-05-07T13:59:34Z</time>
    </trkpt>
    <trkpt lat="49.581566" lon="19.497317">
      <ele>1479</ele>
      <time>2026-05-07T13:59:48Z</time>
    </trkpt>
    <trkpt lat="49.581603" lon="19.497152">
      <ele>1476</ele>
      <time>2026-05-07T14:00:00Z</time>
    </trkpt>
    <trkpt lat="49.581653" lon="19.497024">
      <ele>1473</ele>
      <time>2026-05-07T14:00:10Z</time>
    </trkpt>
    <trkpt lat="49.581695" lon="19.49694">
      <ele>1471</ele>
      <time>2026-05-07T14:00:18Z</time>
    </trkpt>
    <trkpt lat="49.581797" lon="19.496753">
      <ele>1466</ele>
      <time>2026-05-07T14:00:35Z</time>
    </trkpt>
    <trkpt lat="49.581976" lon="19.496423">
      <ele>1456</ele>
      <time>2026-05-07T14:01:05Z</time>
    </trkpt>
    <trkpt lat="49.582069" lon="19.496264">
      <ele>1450</ele>
      <time>2026-05-07T14:01:21Z</time>
    </trkpt>
    <trkpt lat="49.582086" lon="19.496197">
      <ele>1449</ele>
      <time>2026-05-07T14:01:26Z</time>
    </trkpt>
    <trkpt lat="49.582122" lon="19.496116">
      <ele>1446</ele>
      <time>2026-05-07T14:01:33Z</time>
    </trkpt>
    <trkpt lat="49.582203" lon="19.495922">
      <ele>1440</ele>
      <time>2026-05-07T14:01:49Z</time>
    </trkpt>
    <trkpt lat="49.582238" lon="19.495865">
      <ele>1437</ele>
      <time>2026-05-07T14:01:55Z</time>
    </trkpt>
    <trkpt lat="49.582438" lon="19.49555">
      <ele>1427</ele>
      <time>2026-05-07T14:02:26Z</time>
    </trkpt>
    <trkpt lat="49.582868" lon="19.494815">
      <ele>1413</ele>
      <time>2026-05-07T14:03:34Z</time>
    </trkpt>
    <trkpt lat="49.583389" lon="19.494036">
      <ele>1405</ele>
      <time>2026-05-07T14:04:50Z</time>
    </trkpt>
    <trkpt lat="49.58353" lon="19.493867">
      <ele>1407</ele>
      <time>2026-05-07T14:05:09Z</time>
    </trkpt>
    <trkpt lat="49.583567" lon="19.49381">
      <ele>1407</ele>
      <time>2026-05-07T14:05:14Z</time>
    </trkpt>
    <trkpt lat="49.583617" lon="19.49377">
      <ele>1407</ele>
      <time>2026-05-07T14:05:20Z</time>
    </trkpt>
    <trkpt lat="49.583635" lon="19.493713">
      <ele>1408</ele>
      <time>2026-05-07T14:05:24Z</time>
    </trkpt>
    <trkpt lat="49.583684" lon="19.49364">
      <ele>1408</ele>
      <time>2026-05-07T14:05:31Z</time>
    </trkpt>
    <trkpt lat="49.583711" lon="19.49355">
      <ele>1408</ele>
      <time>2026-05-07T14:05:38Z</time>
    </trkpt>
    <trkpt lat="49.583725" lon="19.493488">
      <ele>1408</ele>
      <time>2026-05-07T14:05:43Z</time>
    </trkpt>
    <trkpt lat="49.583745" lon="19.493448">
      <ele>1408</ele>
      <time>2026-05-07T14:05:46Z</time>
    </trkpt>
    <trkpt lat="49.583777" lon="19.493424">
      <ele>1408</ele>
      <time>2026-05-07T14:05:50Z</time>
    </trkpt>
    <trkpt lat="49.5838" lon="19.493366">
      <ele>1408</ele>
      <time>2026-05-07T14:05:54Z</time>
    </trkpt>
    <trkpt lat="49.583838" lon="19.493269">
      <ele>1408</ele>
      <time>2026-05-07T14:06:02Z</time>
    </trkpt>
    <trkpt lat="49.583882" lon="19.493194">
      <ele>1408</ele>
      <time>2026-05-07T14:06:09Z</time>
    </trkpt>
    <trkpt lat="49.583935" lon="19.493138">
      <ele>1408</ele>
      <time>2026-05-07T14:06:15Z</time>
    </trkpt>
    <trkpt lat="49.583957" lon="19.493081">
      <ele>1408</ele>
      <time>2026-05-07T14:06:20Z</time>
    </trkpt>
    <trkpt lat="49.584027" lon="19.493019">
      <ele>1407</ele>
      <time>2026-05-07T14:06:28Z</time>
    </trkpt>
    <trkpt lat="49.584083" lon="19.492985">
      <ele>1407</ele>
      <time>2026-05-07T14:06:34Z</time>
    </trkpt>
    <trkpt lat="49.584153" lon="19.492855">
      <ele>1407</ele>
      <time>2026-05-07T14:06:46Z</time>
    </trkpt>
    <trkpt lat="49.584248" lon="19.492702">
      <ele>1406</ele>
      <time>2026-05-07T14:07:00Z</time>
    </trkpt>
    <trkpt lat="49.58432" lon="19.492581">
      <ele>1405</ele>
      <time>2026-05-07T14:07:11Z</time>
    </trkpt>
    <trkpt lat="49.584364" lon="19.492469">
      <ele>1404</ele>
      <time>2026-05-07T14:07:20Z</time>
    </trkpt>
    <trkpt lat="49.584471" lon="19.491763">
      <ele>1399</ele>
      <time>2026-05-07T14:08:09Z</time>
    </trkpt>
    <trkpt lat="49.584591" lon="19.490879">
      <ele>1387</ele>
      <time>2026-05-07T14:09:11Z</time>
    </trkpt>
    <trkpt lat="49.584687" lon="19.490289">
      <ele>1381</ele>
      <time>2026-05-07T14:09:53Z</time>
    </trkpt>
    <trkpt lat="49.584793" lon="19.489692">
      <ele>1373</ele>
      <time>2026-05-07T14:10:35Z</time>
    </trkpt>
    <trkpt lat="49.58489" lon="19.489301">
      <ele>1369</ele>
      <time>2026-05-07T14:11:03Z</time>
    </trkpt>
    <trkpt lat="49.584948" lon="19.488881">
      <ele>1365</ele>
      <time>2026-05-07T14:11:33Z</time>
    </trkpt>
    <trkpt lat="49.585027" lon="19.488425">
      <ele>1360</ele>
      <time>2026-05-07T14:12:05Z</time>
    </trkpt>
    <trkpt lat="49.585164" lon="19.487327">
      <ele>1349</ele>
      <time>2026-05-07T14:13:21Z</time>
    </trkpt>
    <trkpt lat="49.585329" lon="19.486163">
      <ele>1340</ele>
      <time>2026-05-07T14:14:42Z</time>
    </trkpt>
    <trkpt lat="49.585432" lon="19.485361">
      <ele>1327</ele>
      <time>2026-05-07T14:15:38Z</time>
    </trkpt>
    <trkpt lat="49.585476" lon="19.485039">
      <ele>1321</ele>
      <time>2026-05-07T14:16:01Z</time>
    </trkpt>
    <trkpt lat="49.585518" lon="19.484698">
      <ele>1316</ele>
      <time>2026-05-07T14:16:25Z</time>
    </trkpt>
    <trkpt lat="49.585577" lon="19.484486">
      <ele>1312</ele>
      <time>2026-05-07T14:16:41Z</time>
    </trkpt>
    <trkpt lat="49.585672" lon="19.484092">
      <ele>1305</ele>
      <time>2026-05-07T14:17:10Z</time>
    </trkpt>
    <trkpt lat="49.585774" lon="19.483718">
      <ele>1297</ele>
      <time>2026-05-07T14:17:38Z</time>
    </trkpt>
    <trkpt lat="49.585865" lon="19.483376">
      <ele>1288</ele>
      <time>2026-05-07T14:18:04Z</time>
    </trkpt>
    <trkpt lat="49.585973" lon="19.482984">
      <ele>1279</ele>
      <time>2026-05-07T14:18:34Z</time>
    </trkpt>
    <trkpt lat="49.586061" lon="19.482641">
      <ele>1273</ele>
      <time>2026-05-07T14:19:00Z</time>
    </trkpt>
    <trkpt lat="49.586409" lon="19.48171">
      <ele>1254</ele>
      <time>2026-05-07T14:20:14Z</time>
    </trkpt>
    <trkpt lat="49.586899" lon="19.480498">
      <ele>1231</ele>
      <time>2026-05-07T14:21:53Z</time>
    </trkpt>
    <trkpt lat="49.587525" lon="19.479377">
      <ele>1215</ele>
      <time>2026-05-07T14:23:34Z</time>
    </trkpt>
    <trkpt lat="49.588039" lon="19.478426">
      <ele>1204</ele>
      <time>2026-05-07T14:24:58Z</time>
    </trkpt>
    <trkpt lat="49.588708" lon="19.477816">
      <ele>1188</ele>
      <time>2026-05-07T14:26:20Z</time>
    </trkpt>
    <trkpt lat="49.589074" lon="19.477543">
      <ele>1179</ele>
      <time>2026-05-07T14:27:03Z</time>
    </trkpt>
    <trkpt lat="49.589249" lon="19.477437">
      <ele>1172</ele>
      <time>2026-05-07T14:27:24Z</time>
    </trkpt>
    <trkpt lat="49.589751" lon="19.477186">
      <ele>1151</ele>
      <time>2026-05-07T14:28:22Z</time>
    </trkpt>
    <trkpt lat="49.589981" lon="19.477056">
      <ele>1147</ele>
      <time>2026-05-07T14:28:48Z</time>
    </trkpt>
    <trkpt lat="49.590138" lon="19.476985">
      <ele>1143</ele>
      <time>2026-05-07T14:29:05Z</time>
    </trkpt>
    <trkpt lat="49.590333" lon="19.476875">
      <ele>1137</ele>
      <time>2026-05-07T14:29:27Z</time>
    </trkpt>
    <trkpt lat="49.590491" lon="19.476763">
      <ele>1131</ele>
      <time>2026-05-07T14:29:46Z</time>
    </trkpt>
    <trkpt lat="49.590695" lon="19.476633">
      <ele>1123</ele>
      <time>2026-05-07T14:30:10Z</time>
    </trkpt>
    <trkpt lat="49.59101" lon="19.476399">
      <ele>1112</ele>
      <time>2026-05-07T14:30:48Z</time>
    </trkpt>
    <trkpt lat="49.591187" lon="19.476237">
      <ele>1107</ele>
      <time>2026-05-07T14:31:10Z</time>
    </trkpt>
    <trkpt lat="49.591627" lon="19.475724">
      <ele>1098</ele>
      <time>2026-05-07T14:32:08Z</time>
    </trkpt>
    <trkpt lat="49.591697" lon="19.475632">
      <ele>1096</ele>
      <time>2026-05-07T14:32:18Z</time>
    </trkpt>
    <trkpt lat="49.591946" lon="19.475107">
      <ele>1090</ele>
      <time>2026-05-07T14:33:05Z</time>
    </trkpt>
    <trkpt lat="49.592157" lon="19.474677">
      <ele>1085</ele>
      <time>2026-05-07T14:33:45Z</time>
    </trkpt>
    <trkpt lat="49.592306" lon="19.474342">
      <ele>1082</ele>
      <time>2026-05-07T14:34:14Z</time>
    </trkpt>
    <trkpt lat="49.592433" lon="19.473981">
      <ele>1079</ele>
      <time>2026-05-07T14:34:44Z</time>
    </trkpt>
    <trkpt lat="49.592567" lon="19.47369">
      <ele>1077</ele>
      <time>2026-05-07T14:35:09Z</time>
    </trkpt>
    <trkpt lat="49.592675" lon="19.473575">
      <ele>1074</ele>
      <time>2026-05-07T14:35:24Z</time>
    </trkpt>
    <trkpt lat="49.592871" lon="19.473503">
      <ele>1069</ele>
      <time>2026-05-07T14:35:47Z</time>
    </trkpt>
    <trkpt lat="49.593097" lon="19.473452">
      <ele>1064</ele>
      <time>2026-05-07T14:36:13Z</time>
    </trkpt>
    <trkpt lat="49.593299" lon="19.473371">
      <ele>1061</ele>
      <time>2026-05-07T14:36:36Z</time>
    </trkpt>
    <trkpt lat="49.593642" lon="19.47321">
      <ele>1053</ele>
      <time>2026-05-07T14:37:16Z</time>
    </trkpt>
    <trkpt lat="49.593954" lon="19.472996">
      <ele>1050</ele>
      <time>2026-05-07T14:37:54Z</time>
    </trkpt>
    <trkpt lat="49.594259" lon="19.472395">
      <ele>1043</ele>
      <time>2026-05-07T14:38:50Z</time>
    </trkpt>
    <trkpt lat="49.594639" lon="19.471685">
      <ele>1031</ele>
      <time>2026-05-07T14:39:57Z</time>
    </trkpt>
    <trkpt lat="49.594783" lon="19.471393">
      <ele>1026</ele>
      <time>2026-05-07T14:40:24Z</time>
    </trkpt>
    <trkpt lat="49.594928" lon="19.471035">
      <ele>1020</ele>
      <time>2026-05-07T14:40:55Z</time>
    </trkpt>
    <trkpt lat="49.595121" lon="19.470622">
      <ele>1015</ele>
      <time>2026-05-07T14:41:32Z</time>
    </trkpt>
    <trkpt lat="49.595231" lon="19.470315">
      <ele>1013</ele>
      <time>2026-05-07T14:41:57Z</time>
    </trkpt>
    <trkpt lat="49.59551" lon="19.469377">
      <ele>1016</ele>
      <time>2026-05-07T14:43:11Z</time>
    </trkpt>
    <trkpt lat="49.595604" lon="19.469139">
      <ele>1018</ele>
      <time>2026-05-07T14:43:31Z</time>
    </trkpt>
    <trkpt lat="49.59579" lon="19.468943">
      <ele>1019</ele>
      <time>2026-05-07T14:43:56Z</time>
    </trkpt>
    <trkpt lat="49.596081" lon="19.468707">
      <ele>1020</ele>
      <time>2026-05-07T14:44:33Z</time>
    </trkpt>
    <trkpt lat="49.596285" lon="19.468561">
      <ele>1020</ele>
      <time>2026-05-07T14:44:58Z</time>
    </trkpt>
    <trkpt lat="49.596424" lon="19.468484">
      <ele>1020</ele>
      <time>2026-05-07T14:45:14Z</time>
    </trkpt>
    <trkpt lat="49.596482" lon="19.46848">
      <ele>1019</ele>
      <time>2026-05-07T14:45:20Z</time>
    </trkpt>
    <trkpt lat="49.596529" lon="19.468498">
      <ele>1019</ele>
      <time>2026-05-07T14:45:26Z</time>
    </trkpt>
    <trkpt lat="49.59662" lon="19.468567">
      <ele>1019</ele>
      <time>2026-05-07T14:45:37Z</time>
    </trkpt>
    <trkpt lat="49.596832" lon="19.468817">
      <ele>1015</ele>
      <time>2026-05-07T14:46:07Z</time>
    </trkpt>
    <trkpt lat="49.59709" lon="19.46908">
      <ele>1011</ele>
      <time>2026-05-07T14:46:41Z</time>
    </trkpt>
    <trkpt lat="49.597184" lon="19.469179">
      <ele>1009</ele>
      <time>2026-05-07T14:46:54Z</time>
    </trkpt>
    <trkpt lat="49.597294" lon="19.469273">
      <ele>1009</ele>
      <time>2026-05-07T14:47:08Z</time>
    </trkpt>
    <trkpt lat="49.597557" lon="19.469463">
      <ele>1010</ele>
      <time>2026-05-07T14:47:48Z</time>
    </trkpt>
    <trkpt lat="49.597871" lon="19.469627">
      <ele>1010</ele>
      <time>2026-05-07T14:48:34Z</time>
    </trkpt>
    <trkpt lat="49.598122" lon="19.469766">
      <ele>1011</ele>
      <time>2026-05-07T14:49:11Z</time>
    </trkpt>
    <trkpt lat="49.598263" lon="19.469884">
      <ele>1013</ele>
      <time>2026-05-07T14:49:34Z</time>
    </trkpt>
    <trkpt lat="49.598419" lon="19.470099">
      <ele>1015</ele>
      <time>2026-05-07T14:50:03Z</time>
    </trkpt>
    <trkpt lat="49.598568" lon="19.470356">
      <ele>1017</ele>
      <time>2026-05-07T14:50:34Z</time>
    </trkpt>
    <trkpt lat="49.598748" lon="19.470643">
      <ele>1017</ele>
      <time>2026-05-07T14:51:10Z</time>
    </trkpt>
    <trkpt lat="49.598907" lon="19.470807">
      <ele>1017</ele>
      <time>2026-05-07T14:51:36Z</time>
    </trkpt>
    <trkpt lat="49.599139" lon="19.47096">
      <ele>1018</ele>
      <time>2026-05-07T14:52:11Z</time>
    </trkpt>
    <trkpt lat="49.599361" lon="19.471073">
      <ele>1021</ele>
      <time>2026-05-07T14:52:44Z</time>
    </trkpt>
    <trkpt lat="49.60005" lon="19.471673">
      <ele>1028</ele>
      <time>2026-05-07T14:54:34Z</time>
    </trkpt>
    <trkpt lat="49.600173" lon="19.471762">
      <ele>1028</ele>
      <time>2026-05-07T14:54:53Z</time>
    </trkpt>
    <trkpt lat="49.600392" lon="19.471818">
      <ele>1030</ele>
      <time>2026-05-07T14:55:24Z</time>
    </trkpt>
    <trkpt lat="49.600541" lon="19.471899">
      <ele>1030</ele>
      <time>2026-05-07T14:55:46Z</time>
    </trkpt>
    <trkpt lat="49.600642" lon="19.471995">
      <ele>1030</ele>
      <time>2026-05-07T14:56:02Z</time>
    </trkpt>
    <trkpt lat="49.600761" lon="19.472151">
      <ele>1029</ele>
      <time>2026-05-07T14:56:24Z</time>
    </trkpt>
    <trkpt lat="49.600995" lon="19.472558">
      <ele>1029</ele>
      <time>2026-05-07T14:57:13Z</time>
    </trkpt>
    <trkpt lat="49.601471" lon="19.473525">
      <ele>1021</ele>
      <time>2026-05-07T14:59:03Z</time>
    </trkpt>
    <trkpt lat="49.601651" lon="19.473814">
      <ele>1018</ele>
      <time>2026-05-07T14:59:39Z</time>
    </trkpt>
    <trkpt lat="49.601802" lon="19.473889">
      <ele>1015</ele>
      <time>2026-05-07T15:00:01Z</time>
    </trkpt>
    <trkpt lat="49.602023" lon="19.473969">
      <ele>1012</ele>
      <time>2026-05-07T15:00:33Z</time>
    </trkpt>
    <trkpt lat="49.60237" lon="19.47416">
      <ele>1011</ele>
      <time>2026-05-07T15:01:24Z</time>
    </trkpt>
    <trkpt lat="49.602655" lon="19.474369">
      <ele>1010</ele>
      <time>2026-05-07T15:02:08Z</time>
    </trkpt>
    <trkpt lat="49.602573" lon="19.474585">
      <ele>1010</ele>
      <time>2026-05-07T15:02:23Z</time>
    </trkpt>
    <trkpt lat="49.602459" lon="19.474774">
      <ele>1009</ele>
      <time>2026-05-07T15:02:39Z</time>
    </trkpt>
    <trkpt lat="49.602396" lon="19.474959">
      <ele>1007</ele>
      <time>2026-05-07T15:02:52Z</time>
    </trkpt>
    <trkpt lat="49.602274" lon="19.475129">
      <ele>1005</ele>
      <time>2026-05-07T15:03:08Z</time>
    </trkpt>
    <trkpt lat="49.602155" lon="19.475265">
      <ele>1002</ele>
      <time>2026-05-07T15:03:22Z</time>
    </trkpt>
    <trkpt lat="49.601997" lon="19.475344">
      <ele>999</ele>
      <time>2026-05-07T15:03:38Z</time>
    </trkpt>
    <trkpt lat="49.601827" lon="19.475354">
      <ele>998</ele>
      <time>2026-05-07T15:03:54Z</time>
    </trkpt>
    <trkpt lat="49.601678" lon="19.475367">
      <ele>997</ele>
      <time>2026-05-07T15:04:08Z</time>
    </trkpt>
    <trkpt lat="49.601525" lon="19.475302">
      <ele>996</ele>
      <time>2026-05-07T15:04:24Z</time>
    </trkpt>
    <trkpt lat="49.6014" lon="19.475348">
      <ele>994</ele>
      <time>2026-05-07T15:04:36Z</time>
    </trkpt>
    <trkpt lat="49.601282" lon="19.475455">
      <ele>990</ele>
      <time>2026-05-07T15:04:49Z</time>
    </trkpt>
    <trkpt lat="49.601164" lon="19.475514">
      <ele>987</ele>
      <time>2026-05-07T15:05:01Z</time>
    </trkpt>
    <trkpt lat="49.601047" lon="19.47578">
      <ele>981</ele>
      <time>2026-05-07T15:05:22Z</time>
    </trkpt>
    <trkpt lat="49.600992" lon="19.476043">
      <ele>977</ele>
      <time>2026-05-07T15:05:39Z</time>
    </trkpt>
    <trkpt lat="49.600966" lon="19.476316">
      <ele>975</ele>
      <time>2026-05-07T15:05:56Z</time>
    </trkpt>
    <trkpt lat="49.600959" lon="19.476507">
      <ele>973</ele>
      <time>2026-05-07T15:06:08Z</time>
    </trkpt>
    <trkpt lat="49.600973" lon="19.476823">
      <ele>968</ele>
      <time>2026-05-07T15:06:28Z</time>
    </trkpt>
    <trkpt lat="49.601054" lon="19.47704">
      <ele>963</ele>
      <time>2026-05-07T15:06:44Z</time>
    </trkpt>
    <trkpt lat="49.601157" lon="19.477363">
      <ele>953</ele>
      <time>2026-05-07T15:07:07Z</time>
    </trkpt>
    <trkpt lat="49.601208" lon="19.477648">
      <ele>946</ele>
      <time>2026-05-07T15:07:27Z</time>
    </trkpt>
    <trkpt lat="49.601183" lon="19.477826">
      <ele>944</ele>
      <time>2026-05-07T15:07:38Z</time>
    </trkpt>
    <trkpt lat="49.601089" lon="19.477985">
      <ele>942</ele>
      <time>2026-05-07T15:07:51Z</time>
    </trkpt>
    <trkpt lat="49.600954" lon="19.478089">
      <ele>940</ele>
      <time>2026-05-07T15:08:06Z</time>
    </trkpt>
    <trkpt lat="49.600769" lon="19.478137">
      <ele>938</ele>
      <time>2026-05-07T15:08:24Z</time>
    </trkpt>
    <trkpt lat="49.600622" lon="19.478106">
      <ele>936</ele>
      <time>2026-05-07T15:08:38Z</time>
    </trkpt>
    <trkpt lat="49.600001" lon="19.478084">
      <ele>920</ele>
      <time>2026-05-07T15:09:38Z</time>
    </trkpt>
    <trkpt lat="49.599302" lon="19.478177">
      <ele>899</ele>
      <time>2026-05-07T15:10:47Z</time>
    </trkpt>
    <trkpt lat="49.598993" lon="19.478285">
      <ele>893</ele>
      <time>2026-05-07T15:11:18Z</time>
    </trkpt>
    <trkpt lat="49.598716" lon="19.478537">
      <ele>886</ele>
      <time>2026-05-07T15:11:49Z</time>
    </trkpt>
    <trkpt lat="49.598569" lon="19.478896">
      <ele>878</ele>
      <time>2026-05-07T15:12:16Z</time>
    </trkpt>
    <trkpt lat="49.598523" lon="19.479248">
      <ele>875</ele>
      <time>2026-05-07T15:12:38Z</time>
    </trkpt>
    <trkpt lat="49.59853" lon="19.479538">
      <ele>872</ele>
      <time>2026-05-07T15:12:56Z</time>
    </trkpt>
    <trkpt lat="49.59857" lon="19.479888">
      <ele>869</ele>
      <time>2026-05-07T15:13:18Z</time>
    </trkpt>
    <trkpt lat="49.598678" lon="19.480192">
      <ele>866</ele>
      <time>2026-05-07T15:13:39Z</time>
    </trkpt>
    <trkpt lat="49.598695" lon="19.480399">
      <ele>864</ele>
      <time>2026-05-07T15:13:52Z</time>
    </trkpt>
    <trkpt lat="49.5987" lon="19.480827">
      <ele>858</ele>
      <time>2026-05-07T15:14:19Z</time>
    </trkpt>
    <trkpt lat="49.598738" lon="19.481041">
      <ele>857</ele>
      <time>2026-05-07T15:14:33Z</time>
    </trkpt>
    <trkpt lat="49.598906" lon="19.481393">
      <ele>854</ele>
      <time>2026-05-07T15:15:00Z</time>
    </trkpt>
    <trkpt lat="49.599197" lon="19.481771">
      <ele>852</ele>
      <time>2026-05-07T15:15:36Z</time>
    </trkpt>
    <trkpt lat="49.599387" lon="19.481975">
      <ele>850</ele>
      <time>2026-05-07T15:15:58Z</time>
    </trkpt>
    <trkpt lat="49.599664" lon="19.482418">
      <ele>845</ele>
      <time>2026-05-07T15:16:36Z</time>
    </trkpt>
    <trkpt lat="49.600076" lon="19.48319">
      <ele>834</ele>
      <time>2026-05-07T15:17:38Z</time>
    </trkpt>
    <trkpt lat="49.600148" lon="19.483392">
      <ele>832</ele>
      <time>2026-05-07T15:17:52Z</time>
    </trkpt>
    <trkpt lat="49.600339" lon="19.484097">
      <ele>825</ele>
      <time>2026-05-07T15:18:40Z</time>
    </trkpt>
    <trkpt lat="49.600428" lon="19.484323">
      <ele>821</ele>
      <time>2026-05-07T15:18:56Z</time>
    </trkpt>
    <trkpt lat="49.600601" lon="19.484594">
      <ele>816</ele>
      <time>2026-05-07T15:19:20Z</time>
    </trkpt>
    <trkpt lat="49.600647" lon="19.484666">
      <ele>815</ele>
      <time>2026-05-07T15:19:26Z</time>
    </trkpt>
    <trkpt lat="49.600678" lon="19.48483">
      <ele>813</ele>
      <time>2026-05-07T15:19:37Z</time>
    </trkpt>
    <trkpt lat="49.600844" lon="19.48508">
      <ele>811</ele>
      <time>2026-05-07T15:19:59Z</time>
    </trkpt>
    <trkpt lat="49.601042" lon="19.485165">
      <ele>809</ele>
      <time>2026-05-07T15:20:18Z</time>
    </trkpt>
    <trkpt lat="49.601297" lon="19.485141">
      <ele>808</ele>
      <time>2026-05-07T15:20:43Z</time>
    </trkpt>
    <trkpt lat="49.601422" lon="19.485174">
      <ele>807</ele>
      <time>2026-05-07T15:20:55Z</time>
    </trkpt>
    <trkpt lat="49.601594" lon="19.485317">
      <ele>806</ele>
      <time>2026-05-07T15:21:13Z</time>
    </trkpt>
    <trkpt lat="49.601696" lon="19.485445">
      <ele>805</ele>
      <time>2026-05-07T15:21:26Z</time>
    </trkpt>
    <trkpt lat="49.60175" lon="19.485502">
      <ele>804</ele>
      <time>2026-05-07T15:21:32Z</time>
    </trkpt>
    <trkpt lat="49.60207" lon="19.485638">
      <ele>802</ele>
      <time>2026-05-07T15:22:04Z</time>
    </trkpt>
    <trkpt lat="49.602207" lon="19.485726">
      <ele>801</ele>
      <time>2026-05-07T15:22:18Z</time>
    </trkpt>
    <trkpt lat="49.602283" lon="19.485809">
      <ele>800</ele>
      <time>2026-05-07T15:22:27Z</time>
    </trkpt>
    <trkpt lat="49.602411" lon="19.485797">
      <ele>798</ele>
      <time>2026-05-07T15:22:39Z</time>
    </trkpt>
    <trkpt lat="49.602817" lon="19.485737">
      <ele>799</ele>
      <time>2026-05-07T15:23:17Z</time>
    </trkpt>
    <trkpt lat="49.60293" lon="19.485787">
      <ele>799</ele>
      <time>2026-05-07T15:23:29Z</time>
    </trkpt>
    <trkpt lat="49.60315" lon="19.486065">
      <ele>797</ele>
      <time>2026-05-07T15:23:56Z</time>
    </trkpt>
    <trkpt lat="49.603481" lon="19.486282">
      <ele>797</ele>
      <time>2026-05-07T15:24:30Z</time>
    </trkpt>
    <trkpt lat="49.603637" lon="19.48655">
      <ele>793</ele>
      <time>2026-05-07T15:24:52Z</time>
    </trkpt>
    <trkpt lat="49.603791" lon="19.486662">
      <ele>791</ele>
      <time>2026-05-07T15:25:08Z</time>
    </trkpt>
    <trkpt lat="49.604116" lon="19.48666">
      <ele>793</ele>
      <time>2026-05-07T15:25:39Z</time>
    </trkpt>
    <trkpt lat="49.604308" lon="19.486748">
      <ele>794</ele>
      <time>2026-05-07T15:25:58Z</time>
    </trkpt>
    <trkpt lat="49.604558" lon="19.486896">
      <ele>790</ele>
      <time>2026-05-07T15:26:24Z</time>
    </trkpt>
    <trkpt lat="49.604921" lon="19.487366">
      <ele>783</ele>
      <time>2026-05-07T15:27:09Z</time>
    </trkpt>
    <trkpt lat="49.605108" lon="19.487687">
      <ele>781</ele>
      <time>2026-05-07T15:27:36Z</time>
    </trkpt>
    <trkpt lat="49.605521" lon="19.488092">
      <ele>777</ele>
      <time>2026-05-07T15:28:22Z</time>
    </trkpt>
    <trkpt lat="49.605696" lon="19.488432">
      <ele>774</ele>
      <time>2026-05-07T15:28:49Z</time>
    </trkpt>
    <trkpt lat="49.605803" lon="19.488763">
      <ele>775</ele>
      <time>2026-05-07T15:29:12Z</time>
    </trkpt>
    <trkpt lat="49.606331" lon="19.490264">
      <ele>767</ele>
      <time>2026-05-07T15:30:57Z</time>
    </trkpt>
    <trkpt lat="49.606385" lon="19.490686">
      <ele>766</ele>
      <time>2026-05-07T15:31:23Z</time>
    </trkpt>
    <trkpt lat="49.6064" lon="19.490971">
      <ele>763</ele>
      <time>2026-05-07T15:31:41Z</time>
    </trkpt>
    <trkpt lat="49.606377" lon="19.491407">
      <ele>759</ele>
      <time>2026-05-07T15:32:08Z</time>
    </trkpt>
    <trkpt lat="49.606409" lon="19.491635">
      <ele>757</ele>
      <time>2026-05-07T15:32:20Z</time>
    </trkpt>
    <trkpt lat="49.606619" lon="19.492124">
      <ele>754</ele>
      <time>2026-05-07T15:32:51Z</time>
    </trkpt>
    <trkpt lat="49.606893" lon="19.493087">
      <ele>752</ele>
      <time>2026-05-07T15:33:45Z</time>
    </trkpt>
    <trkpt lat="49.606945" lon="19.493238">
      <ele>751</ele>
      <time>2026-05-07T15:33:54Z</time>
    </trkpt>
    <trkpt lat="49.607104" lon="19.493492">
      <ele>749</ele>
      <time>2026-05-07T15:34:13Z</time>
    </trkpt>
    <trkpt lat="49.607367" lon="19.493911">
      <ele>747</ele>
      <time>2026-05-07T15:34:43Z</time>
    </trkpt>
    <trkpt lat="49.607903" lon="19.494501">
      <ele>740</ele>
      <time>2026-05-07T15:35:36Z</time>
    </trkpt>
    <trkpt lat="49.608144" lon="19.494751">
      <ele>738</ele>
      <time>2026-05-07T15:35:59Z</time>
    </trkpt>
    <trkpt lat="49.608409" lon="19.495237">
      <ele>737</ele>
      <time>2026-05-07T15:36:32Z</time>
    </trkpt>
    <trkpt lat="49.608675" lon="19.495792">
      <ele>737</ele>
      <time>2026-05-07T15:37:08Z</time>
    </trkpt>
    <trkpt lat="49.608812" lon="19.496191">
      <ele>733</ele>
      <time>2026-05-07T15:37:43Z</time>
    </trkpt>
    <trkpt lat="49.608925" lon="19.496719">
      <ele>728</ele>
      <time>2026-05-07T15:38:25Z</time>
    </trkpt>
    <trkpt lat="49.609353" lon="19.498047">
      <ele>713</ele>
      <time>2026-05-07T15:40:20Z</time>
    </trkpt>
    <trkpt lat="49.60953" lon="19.498351">
      <ele>711</ele>
      <time>2026-05-07T15:40:51Z</time>
    </trkpt>
    <trkpt lat="49.609647" lon="19.498482">
      <ele>711</ele>
      <time>2026-05-07T15:41:08Z</time>
    </trkpt>
    <trkpt lat="49.609985" lon="19.498911">
      <ele>710</ele>
      <time>2026-05-07T15:42:00Z</time>
    </trkpt>
    <trkpt lat="49.610182" lon="19.499236">
      <ele>708</ele>
      <time>2026-05-07T15:42:34Z</time>
    </trkpt>
    <trkpt lat="49.61031" lon="19.499418">
      <ele>706</ele>
      <time>2026-05-07T15:42:54Z</time>
    </trkpt>
    <trkpt lat="49.610543" lon="19.499692">
      <ele>702</ele>
      <time>2026-05-07T15:43:29Z</time>
    </trkpt>
    <trkpt lat="49.610735" lon="19.499943">
      <ele>702</ele>
      <time>2026-05-07T15:43:58Z</time>
    </trkpt>
    <trkpt lat="49.610997" lon="19.500335">
      <ele>704</ele>
      <time>2026-05-07T15:44:42Z</time>
    </trkpt>
    <trkpt lat="49.611363" lon="19.500917">
      <ele>701</ele>
      <time>2026-05-07T15:45:43Z</time>
    </trkpt>
    <trkpt lat="49.611825" lon="19.501493">
      <ele>697</ele>
      <time>2026-05-07T15:46:54Z</time>
    </trkpt>
    <trkpt lat="49.611912" lon="19.501626">
      <ele>696</ele>
      <time>2026-05-07T15:47:08Z</time>
    </trkpt>
    <trkpt lat="49.612084" lon="19.501778">
      <ele>696</ele>
      <time>2026-05-07T15:47:29Z</time>
    </trkpt>
    <trkpt lat="49.612427" lon="19.502082">
      <ele>694</ele>
      <time>2026-05-07T15:48:09Z</time>
    </trkpt>
    <trkpt lat="49.612621" lon="19.502254">
      <ele>694</ele>
      <time>2026-05-07T15:48:33Z</time>
    </trkpt>
    <trkpt lat="49.61272" lon="19.50238">
      <ele>694</ele>
      <time>2026-05-07T15:48:46Z</time>
    </trkpt>
    <trkpt lat="49.613298" lon="19.502837">
      <ele>691</ele>
      <time>2026-05-07T15:49:53Z</time>
    </trkpt>
    <trkpt lat="49.613553" lon="19.503098">
      <ele>686</ele>
      <time>2026-05-07T15:50:25Z</time>
    </trkpt>
    <trkpt lat="49.613823" lon="19.503455">
      <ele>686</ele>
      <time>2026-05-07T15:51:02Z</time>
    </trkpt>
    <trkpt lat="49.614024" lon="19.503718">
      <ele>686</ele>
      <time>2026-05-07T15:51:29Z</time>
    </trkpt>
    <trkpt lat="49.614201" lon="19.504218">
      <ele>695</ele>
      <time>2026-05-07T15:52:08Z</time>
    </trkpt>
    <trkpt lat="49.614401" lon="19.50462">
      <ele>684</ele>
      <time>2026-05-07T15:52:41Z</time>
    </trkpt>
    <trkpt lat="49.61457" lon="19.504916">
      <ele>684</ele>
      <time>2026-05-07T15:53:06Z</time>
    </trkpt>
    <trkpt lat="49.614767" lon="19.505229">
      <ele>683</ele>
      <time>2026-05-07T15:53:33Z</time>
    </trkpt>
    <trkpt lat="49.615118" lon="19.505868">
      <ele>677</ele>
      <time>2026-05-07T15:54:26Z</time>
    </trkpt>
    <trkpt lat="49.615274" lon="19.506174">
      <ele>674</ele>
      <time>2026-05-07T15:54:50Z</time>
    </trkpt>
    <trkpt lat="49.615812" lon="19.507256">
      <ele>672</ele>
      <time>2026-05-07T15:56:15Z</time>
    </trkpt>
    <trkpt lat="49.615886" lon="19.507487">
      <ele>672</ele>
      <time>2026-05-07T15:56:31Z</time>
    </trkpt>
    <trkpt lat="49.615937" lon="19.507674">
      <ele>673</ele>
      <time>2026-05-07T15:56:44Z</time>
    </trkpt>
    <trkpt lat="49.615971" lon="19.507943">
      <ele>674</ele>
      <time>2026-05-07T15:57:01Z</time>
    </trkpt>
    <trkpt lat="49.615976" lon="19.508133">
      <ele>674</ele>
      <time>2026-05-07T15:57:13Z</time>
    </trkpt>
    <trkpt lat="49.615975" lon="19.508236">
      <ele>674</ele>
      <time>2026-05-07T15:57:19Z</time>
    </trkpt>
    <trkpt lat="49.615995" lon="19.508414">
      <ele>673</ele>
      <time>2026-05-07T15:57:31Z</time>
    </trkpt>
    <trkpt lat="49.616097" lon="19.508717">
      <ele>671</ele>
      <time>2026-05-07T15:57:52Z</time>
    </trkpt>
    <trkpt lat="49.616337" lon="19.509188">
      <ele>670</ele>
      <time>2026-05-07T15:58:29Z</time>
    </trkpt>
    <trkpt lat="49.616535" lon="19.509621">
      <ele>666</ele>
      <time>2026-05-07T15:59:03Z</time>
    </trkpt>
    <trkpt lat="49.616723" lon="19.510077">
      <ele>668</ele>
      <time>2026-05-07T15:59:36Z</time>
    </trkpt>
    <trkpt lat="49.617045" lon="19.510538">
      <ele>666</ele>
      <time>2026-05-07T16:00:19Z</time>
    </trkpt>
    <trkpt lat="49.617116" lon="19.510673">
      <ele>665</ele>
      <time>2026-05-07T16:00:30Z</time>
    </trkpt>
    <trkpt lat="49.617694" lon="19.512155">
      <ele>662</ele>
      <time>2026-05-07T16:02:18Z</time>
    </trkpt>
    <trkpt lat="49.617773" lon="19.512357">
      <ele>661</ele>
      <time>2026-05-07T16:02:32Z</time>
    </trkpt>
    <trkpt lat="49.61794" lon="19.512679">
      <ele>659</ele>
      <time>2026-05-07T16:02:58Z</time>
    </trkpt>
    <trkpt lat="49.618083" lon="19.512854">
      <ele>657</ele>
      <time>2026-05-07T16:03:16Z</time>
    </trkpt>
    <trkpt lat="49.618214" lon="19.513013">
      <ele>657</ele>
      <time>2026-05-07T16:03:32Z</time>
    </trkpt>
    <trkpt lat="49.618336" lon="19.513162">
      <ele>656</ele>
      <time>2026-05-07T16:03:47Z</time>
    </trkpt>
    <trkpt lat="49.618586" lon="19.513455">
      <ele>657</ele>
      <time>2026-05-07T16:04:17Z</time>
    </trkpt>
    <trkpt lat="49.618851" lon="19.513796">
      <ele>654</ele>
      <time>2026-05-07T16:04:51Z</time>
    </trkpt>
    <trkpt lat="49.618912" lon="19.513875">
      <ele>653</ele>
      <time>2026-05-07T16:04:58Z</time>
    </trkpt>
    <trkpt lat="49.619214" lon="19.514281">
      <ele>653</ele>
      <time>2026-05-07T16:05:37Z</time>
    </trkpt>
    <trkpt lat="49.619698" lon="19.514928">
      <ele>657</ele>
      <time>2026-05-07T16:06:39Z</time>
    </trkpt>
    <trkpt lat="49.620449" lon="19.515919">
      <ele>652</ele>
      <time>2026-05-07T16:08:14Z</time>
    </trkpt>
    <trkpt lat="49.620565" lon="19.516059">
      <ele>652</ele>
      <time>2026-05-07T16:08:28Z</time>
    </trkpt>
    <trkpt lat="49.620696" lon="19.516191">
      <ele>652</ele>
      <time>2026-05-07T16:08:43Z</time>
    </trkpt>
    <trkpt lat="49.621315" lon="19.516732">
      <ele>644</ele>
      <time>2026-05-07T16:09:52Z</time>
    </trkpt>
    <trkpt lat="49.621565" lon="19.516967">
      <ele>644</ele>
      <time>2026-05-07T16:10:20Z</time>
    </trkpt>
    <trkpt lat="49.622153" lon="19.517587">
      <ele>638</ele>
      <time>2026-05-07T16:11:29Z</time>
    </trkpt>
    <trkpt lat="49.622514" lon="19.517862">
      <ele>636</ele>
      <time>2026-05-07T16:12:08Z</time>
    </trkpt>
    <trkpt lat="49.622634" lon="19.517899">
      <ele>635</ele>
      <time>2026-05-07T16:12:18Z</time>
    </trkpt>
    <trkpt lat="49.622743" lon="19.517938">
      <ele>634</ele>
      <time>2026-05-07T16:12:28Z</time>
    </trkpt>
    <trkpt lat="49.62285" lon="19.517996">
      <ele>634</ele>
      <time>2026-05-07T16:12:37Z</time>
    </trkpt>
    <trkpt lat="49.623034" lon="19.518138">
      <ele>633</ele>
      <time>2026-05-07T16:12:54Z</time>
    </trkpt>
    <trkpt lat="49.623209" lon="19.518302">
      <ele>634</ele>
      <time>2026-05-07T16:13:11Z</time>
    </trkpt>
    <trkpt lat="49.62365" lon="19.518687">
      <ele>634</ele>
      <time>2026-05-07T16:13:54Z</time>
    </trkpt>
    <trkpt lat="49.623942" lon="19.518967">
      <ele>635</ele>
      <time>2026-05-07T16:14:23Z</time>
    </trkpt>
    <trkpt lat="49.624251" lon="19.519219">
      <ele>632</ele>
      <time>2026-05-07T16:14:52Z</time>
    </trkpt>
    <trkpt lat="49.624326" lon="19.519254">
      <ele>632</ele>
      <time>2026-05-07T16:14:58Z</time>
    </trkpt>
    <trkpt lat="49.62551" lon="19.519589">
      <ele>629</ele>
      <time>2026-05-07T16:16:39Z</time>
    </trkpt>
    <trkpt lat="49.62579" lon="19.519684">
      <ele>627</ele>
      <time>2026-05-07T16:17:03Z</time>
    </trkpt>
    <trkpt lat="49.625846" lon="19.519703">
      <ele>627</ele>
      <time>2026-05-07T16:17:08Z</time>
    </trkpt>
    <trkpt lat="49.626111" lon="19.519797">
      <ele>625</ele>
      <time>2026-05-07T16:17:34Z</time>
    </trkpt>
    <trkpt lat="49.62674" lon="19.520041">
      <ele>622</ele>
      <time>2026-05-07T16:18:36Z</time>
    </trkpt>
    <trkpt lat="49.62689" lon="19.52012">
      <ele>622</ele>
      <time>2026-05-07T16:18:51Z</time>
    </trkpt>
    <trkpt lat="49.627256" lon="19.520334">
      <ele>623</ele>
      <time>2026-05-07T16:19:29Z</time>
    </trkpt>
    <trkpt lat="49.627336" lon="19.520389">
      <ele>624</ele>
      <time>2026-05-07T16:19:37Z</time>
    </trkpt>
    <trkpt lat="49.627812" lon="19.520738">
      <ele>621</ele>
      <time>2026-05-07T16:20:28Z</time>
    </trkpt>
    <trkpt lat="49.628194" lon="19.521">
      <ele>620</ele>
      <time>2026-05-07T16:21:08Z</time>
    </trkpt>
    <trkpt lat="49.628185" lon="19.521035">
      <ele>621</ele>
      <time>2026-05-07T16:21:10Z</time>
    </trkpt>
    <trkpt lat="49.628101" lon="19.521375">
      <ele>621</ele>
      <time>2026-05-07T16:21:33Z</time>
    </trkpt>
    <trkpt lat="49.628062" lon="19.521533">
      <ele>622</ele>
      <time>2026-05-07T16:21:44Z</time>
    </trkpt>
    <trkpt lat="49.628043" lon="19.521608">
      <ele>622</ele>
      <time>2026-05-07T16:21:49Z</time>
    </trkpt>
    <trkpt lat="49.627996" lon="19.521766">
      <ele>622</ele>
      <time>2026-05-07T16:22:00Z</time>
    </trkpt>
    <trkpt lat="49.62794" lon="19.521878">
      <ele>622</ele>
      <time>2026-05-07T16:22:09Z</time>
    </trkpt>
    <trkpt lat="49.627586" lon="19.522457">
      <ele>623</ele>
      <time>2026-05-07T16:22:58Z</time>
    </trkpt>
    <trkpt lat="49.627476" lon="19.522607">
      <ele>624</ele>
      <time>2026-05-07T16:23:13Z</time>
    </trkpt>
    <trkpt lat="49.626928" lon="19.523238">
      <ele>628</ele>
      <time>2026-05-07T16:24:19Z</time>
    </trkpt>
    <trkpt lat="49.626713" lon="19.523488">
      <ele>629</ele>
      <time>2026-05-07T16:24:45Z</time>
    </trkpt>
    <trkpt lat="49.626576" lon="19.523688">
      <ele>630</ele>
      <time>2026-05-07T16:25:03Z</time>
    </trkpt>
    <trkpt lat="49.626537" lon="19.523873">
      <ele>630</ele>
      <time>2026-05-07T16:25:15Z</time>
    </trkpt>
    <trkpt lat="49.626408" lon="19.524066">
      <ele>630</ele>
      <time>2026-05-07T16:25:33Z</time>
    </trkpt>
    <trkpt lat="49.625951" lon="19.524706">
      <ele>631</ele>
      <time>2026-05-07T16:26:32Z</time>
    </trkpt>
    <trkpt lat="49.625915" lon="19.524773">
      <ele>631</ele>
      <time>2026-05-07T16:26:38Z</time>
    </trkpt>
    <trkpt lat="49.625891" lon="19.524847">
      <ele>631</ele>
      <time>2026-05-07T16:26:43Z</time>
    </trkpt>
    <trkpt lat="49.625866" lon="19.524967">
      <ele>632</ele>
      <time>2026-05-07T16:26:51Z</time>
    </trkpt>
    <trkpt lat="49.625805" lon="19.525506">
      <ele>634</ele>
      <time>2026-05-07T16:27:25Z</time>
    </trkpt>
    <trkpt lat="49.625803" lon="19.525658">
      <ele>634</ele>
      <time>2026-05-07T16:27:35Z</time>
    </trkpt>
    <trkpt lat="49.625814" lon="19.525808">
      <ele>635</ele>
      <time>2026-05-07T16:27:44Z</time>
    </trkpt>
    <trkpt lat="49.625844" lon="19.525979">
      <ele>636</ele>
      <time>2026-05-07T16:27:55Z</time>
    </trkpt>
    <trkpt lat="49.625893" lon="19.526172">
      <ele>636</ele>
      <time>2026-05-07T16:28:08Z</time>
    </trkpt>
    <trkpt lat="49.625982" lon="19.526392">
      <ele>636</ele>
      <time>2026-05-07T16:28:25Z</time>
    </trkpt>
    <trkpt lat="49.626039" lon="19.526541">
      <ele>636</ele>
      <time>2026-05-07T16:28:35Z</time>
    </trkpt>
    <trkpt lat="49.62612" lon="19.526697">
      <ele>636</ele>
      <time>2026-05-07T16:28:48Z</time>
    </trkpt>
    <trkpt lat="49.62604" lon="19.52707">
      <ele>636</ele>
      <time>2026-05-07T16:29:13Z</time>
    </trkpt>
    <trkpt lat="49.62599" lon="19.52722">
      <ele>636</ele>
      <time>2026-05-07T16:29:23Z</time>
    </trkpt>
    <trkpt lat="49.62593" lon="19.527378">
      <ele>637</ele>
      <time>2026-05-07T16:29:35Z</time>
    </trkpt>
    <trkpt lat="49.625911" lon="19.527455">
      <ele>637</ele>
      <time>2026-05-07T16:29:40Z</time>
    </trkpt>
    <trkpt lat="49.625894" lon="19.527561">
      <ele>637</ele>
      <time>2026-05-07T16:29:47Z</time>
    </trkpt>
    <trkpt lat="49.625844" lon="19.528283">
      <ele>638</ele>
      <time>2026-05-07T16:30:32Z</time>
    </trkpt>
    <trkpt lat="49.625826" lon="19.528421">
      <ele>638</ele>
      <time>2026-05-07T16:30:41Z</time>
    </trkpt>
    <trkpt lat="49.625745" lon="19.528725">
      <ele>640</ele>
      <time>2026-05-07T16:31:02Z</time>
    </trkpt>
    <trkpt lat="49.625773" lon="19.528769">
      <ele>640</ele>
      <time>2026-05-07T16:31:05Z</time>
    </trkpt>
    <trkpt lat="49.625754" lon="19.528796">
      <ele>640</ele>
      <time>2026-05-07T16:31:08Z</time>
    </trkpt>
    <trkpt lat="49.625178" lon="19.529596">
      <ele>643</ele>
      <time>2026-05-07T16:33:02Z</time>
    </trkpt>
    <trkpt lat="49.625203" lon="19.52965">
      <ele>643</ele>
      <time>2026-05-07T16:33:08Z</time>
    </trkpt>
    <trkpt lat="49.624863" lon="19.530123">
      <ele>644</ele>
      <time>2026-05-07T16:34:16Z</time>
    </trkpt>
    <trkpt lat="49.624725" lon="19.530408">
      <ele>644</ele>
      <time>2026-05-07T16:34:50Z</time>
    </trkpt>
    <trkpt lat="49.624594" lon="19.53075">
      <ele>645</ele>
      <time>2026-05-07T16:35:28Z</time>
    </trkpt>
    <trkpt lat="49.624499" lon="19.531149">
      <ele>646</ele>
      <time>2026-05-07T16:36:09Z</time>
    </trkpt>
    <trkpt lat="49.624436" lon="19.531546">
      <ele>648</ele>
      <time>2026-05-07T16:36:48Z</time>
    </trkpt>
    <trkpt lat="49.624368" lon="19.532073">
      <ele>651</ele>
      <time>2026-05-07T16:37:39Z</time>
    </trkpt>
    <trkpt lat="49.624309" lon="19.532442">
      <ele>654</ele>
      <time>2026-05-07T16:38:16Z</time>
    </trkpt>
    <trkpt lat="49.624238" lon="19.532981">
      <ele>655</ele>
      <time>2026-05-07T16:39:09Z</time>
    </trkpt>
    <trkpt lat="49.624224" lon="19.533074">
      <ele>655</ele>
      <time>2026-05-07T16:39:18Z</time>
    </trkpt>
    <trkpt lat="49.624203" lon="19.533221">
      <ele>656</ele>
      <time>2026-05-07T16:39:32Z</time>
    </trkpt>
    <trkpt lat="49.624155" lon="19.533474">
      <ele>656</ele>
      <time>2026-05-07T16:39:57Z</time>
    </trkpt>
    <trkpt lat="49.624105" lon="19.533726">
      <ele>657</ele>
      <time>2026-05-07T16:40:23Z</time>
    </trkpt>
    <trkpt lat="49.623995" lon="19.534126">
      <ele>657</ele>
      <time>2026-05-07T16:41:04Z</time>
    </trkpt>
    <trkpt lat="49.623864" lon="19.534521">
      <ele>657</ele>
      <time>2026-05-07T16:41:47Z</time>
    </trkpt>
    <trkpt lat="49.623645" lon="19.535213">
      <ele>657</ele>
      <time>2026-05-07T16:43:01Z</time>
    </trkpt>
    <trkpt lat="49.623623" lon="19.535282">
      <ele>657</ele>
      <time>2026-05-07T16:43:08Z</time>
    </trkpt>
    <trkpt lat="49.623492" lon="19.535711">
      <ele>658</ele>
      <time>2026-05-07T16:43:58Z</time>
    </trkpt>
    <trkpt lat="49.623396" lon="19.536094">
      <ele>660</ele>
      <time>2026-05-07T16:44:41Z</time>
    </trkpt>
    <trkpt lat="49.623338" lon="19.536337">
      <ele>661</ele>
      <time>2026-05-07T16:45:08Z</time>
    </trkpt>
  </trkseg>
</trk>
</gpx>