<?xml version="1.0" encoding="UTF-8"?><gpx creator="https://mapa-turystyczna.pl" xmlns="http://www.topografix.com/GPX/1/1" version="1.1" xmlns:xsi="http://www.w3.org/2001/XMLSchema-instance" xsi:schemaLocation="http://www.topografix.com/GPX/1/1 http://www.topografix.com/GPX/1/1/gpx.xsd">
  <metadata>
    <link href="https://mapa-turystyczna.pl">
      <text>mapa-turystyczna.pl</text>
    </link>
    <time>2026-05-07T08:43:25Z</time>
    <bounds maxlat="49.462001" maxlon="21.123966" minlat="49.424002" minlon="21.048848"/>
  </metadata>

<trk>
  <name>Banica – Banica</name>
  <link href="https://mapa-turystyczna.pl/route/h8d0">
    <text>Banica – Banica</text>
  </link>
  <trkseg>
    <trkpt lat="49.462001" lon="21.048848">
      <ele>533</ele>
      <time>2026-05-07T08:43:25Z</time>
    </trkpt>
    <trkpt lat="49.461986" lon="21.049238">
      <ele>536</ele>
      <time>2026-05-07T08:43:59Z</time>
    </trkpt>
    <trkpt lat="49.461952" lon="21.04996">
      <ele>543</ele>
      <time>2026-05-07T08:45:01Z</time>
    </trkpt>
    <trkpt lat="49.461873" lon="21.050502">
      <ele>551</ele>
      <time>2026-05-07T08:45:50Z</time>
    </trkpt>
    <trkpt lat="49.461833" lon="21.051092">
      <ele>558</ele>
      <time>2026-05-07T08:46:42Z</time>
    </trkpt>
    <trkpt lat="49.461721" lon="21.051761">
      <ele>566</ele>
      <time>2026-05-07T08:47:42Z</time>
    </trkpt>
    <trkpt lat="49.461689" lon="21.05213">
      <ele>572</ele>
      <time>2026-05-07T08:48:15Z</time>
    </trkpt>
    <trkpt lat="49.461657" lon="21.05224">
      <ele>573</ele>
      <time>2026-05-07T08:48:25Z</time>
    </trkpt>
    <trkpt lat="49.46157" lon="21.052299">
      <ele>573</ele>
      <time>2026-05-07T08:48:38Z</time>
    </trkpt>
    <trkpt lat="49.461357" lon="21.052417">
      <ele>573</ele>
      <time>2026-05-07T08:49:08Z</time>
    </trkpt>
    <trkpt lat="49.461221" lon="21.052524">
      <ele>573</ele>
      <time>2026-05-07T08:49:28Z</time>
    </trkpt>
    <trkpt lat="49.461127" lon="21.052688">
      <ele>575</ele>
      <time>2026-05-07T08:49:47Z</time>
    </trkpt>
    <trkpt lat="49.461027" lon="21.05293">
      <ele>577</ele>
      <time>2026-05-07T08:50:12Z</time>
    </trkpt>
    <trkpt lat="49.460904" lon="21.05327">
      <ele>580</ele>
      <time>2026-05-07T08:50:45Z</time>
    </trkpt>
    <trkpt lat="49.460818" lon="21.053654">
      <ele>583</ele>
      <time>2026-05-07T08:51:20Z</time>
    </trkpt>
    <trkpt lat="49.460733" lon="21.053922">
      <ele>585</ele>
      <time>2026-05-07T08:51:46Z</time>
    </trkpt>
    <trkpt lat="49.460572" lon="21.05412">
      <ele>585</ele>
      <time>2026-05-07T08:52:13Z</time>
    </trkpt>
    <trkpt lat="49.460459" lon="21.05433">
      <ele>585</ele>
      <time>2026-05-07T08:52:37Z</time>
    </trkpt>
    <trkpt lat="49.460351" lon="21.054638">
      <ele>584</ele>
      <time>2026-05-07T08:53:07Z</time>
    </trkpt>
    <trkpt lat="49.460269" lon="21.055">
      <ele>586</ele>
      <time>2026-05-07T08:53:40Z</time>
    </trkpt>
    <trkpt lat="49.460239" lon="21.055397">
      <ele>590</ele>
      <time>2026-05-07T08:54:15Z</time>
    </trkpt>
    <trkpt lat="49.460246" lon="21.055646">
      <ele>593</ele>
      <time>2026-05-07T08:54:36Z</time>
    </trkpt>
    <trkpt lat="49.460286" lon="21.055834">
      <ele>595</ele>
      <time>2026-05-07T08:54:53Z</time>
    </trkpt>
    <trkpt lat="49.460346" lon="21.055971">
      <ele>597</ele>
      <time>2026-05-07T08:55:08Z</time>
    </trkpt>
    <trkpt lat="49.460464" lon="21.056151">
      <ele>599</ele>
      <time>2026-05-07T08:55:30Z</time>
    </trkpt>
    <trkpt lat="49.460585" lon="21.056271">
      <ele>602</ele>
      <time>2026-05-07T08:55:49Z</time>
    </trkpt>
    <trkpt lat="49.4607" lon="21.05647">
      <ele>604</ele>
      <time>2026-05-07T08:56:12Z</time>
    </trkpt>
    <trkpt lat="49.460884" lon="21.056856">
      <ele>611</ele>
      <time>2026-05-07T08:56:54Z</time>
    </trkpt>
    <trkpt lat="49.461064" lon="21.057277">
      <ele>617</ele>
      <time>2026-05-07T08:57:38Z</time>
    </trkpt>
    <trkpt lat="49.46127" lon="21.05772">
      <ele>620</ele>
      <time>2026-05-07T08:58:25Z</time>
    </trkpt>
    <trkpt lat="49.461367" lon="21.05787">
      <ele>620</ele>
      <time>2026-05-07T08:58:43Z</time>
    </trkpt>
    <trkpt lat="49.461481" lon="21.058047">
      <ele>620</ele>
      <time>2026-05-07T08:59:05Z</time>
    </trkpt>
    <trkpt lat="49.461787" lon="21.058465">
      <ele>616</ele>
      <time>2026-05-07T08:59:59Z</time>
    </trkpt>
    <trkpt lat="49.461948" lon="21.058707">
      <ele>611</ele>
      <time>2026-05-07T09:00:29Z</time>
    </trkpt>
    <trkpt lat="49.461997" lon="21.05886">
      <ele>609</ele>
      <time>2026-05-07T09:00:44Z</time>
    </trkpt>
    <trkpt lat="49.461986" lon="21.059058">
      <ele>607</ele>
      <time>2026-05-07T09:01:01Z</time>
    </trkpt>
    <trkpt lat="49.461912" lon="21.059314">
      <ele>605</ele>
      <time>2026-05-07T09:01:25Z</time>
    </trkpt>
    <trkpt lat="49.46187" lon="21.059455">
      <ele>603</ele>
      <time>2026-05-07T09:01:39Z</time>
    </trkpt>
    <trkpt lat="49.46185" lon="21.059632">
      <ele>601</ele>
      <time>2026-05-07T09:01:55Z</time>
    </trkpt>
    <trkpt lat="49.461835" lon="21.059831">
      <ele>598</ele>
      <time>2026-05-07T09:02:12Z</time>
    </trkpt>
    <trkpt lat="49.461803" lon="21.059922">
      <ele>596</ele>
      <time>2026-05-07T09:02:21Z</time>
    </trkpt>
    <trkpt lat="49.461718" lon="21.060061">
      <ele>592</ele>
      <time>2026-05-07T09:02:38Z</time>
    </trkpt>
    <trkpt lat="49.461529" lon="21.060257">
      <ele>587</ele>
      <time>2026-05-07T09:03:09Z</time>
    </trkpt>
    <trkpt lat="49.461402" lon="21.060338">
      <ele>585</ele>
      <time>2026-05-07T09:03:27Z</time>
    </trkpt>
    <trkpt lat="49.461278" lon="21.060512">
      <ele>582</ele>
      <time>2026-05-07T09:03:50Z</time>
    </trkpt>
    <trkpt lat="49.461237" lon="21.060719">
      <ele>580</ele>
      <time>2026-05-07T09:04:09Z</time>
    </trkpt>
    <trkpt lat="49.461252" lon="21.061054">
      <ele>577</ele>
      <time>2026-05-07T09:04:38Z</time>
    </trkpt>
    <trkpt lat="49.461292" lon="21.061437">
      <ele>572</ele>
      <time>2026-05-07T09:05:12Z</time>
    </trkpt>
    <trkpt lat="49.461331" lon="21.061781">
      <ele>566</ele>
      <time>2026-05-07T09:05:43Z</time>
    </trkpt>
    <trkpt lat="49.461313" lon="21.062033">
      <ele>561</ele>
      <time>2026-05-07T09:06:05Z</time>
    </trkpt>
    <trkpt lat="49.461268" lon="21.062197">
      <ele>558</ele>
      <time>2026-05-07T09:06:21Z</time>
    </trkpt>
    <trkpt lat="49.46117" lon="21.062406">
      <ele>554</ele>
      <time>2026-05-07T09:06:43Z</time>
    </trkpt>
    <trkpt lat="49.460973" lon="21.062687">
      <ele>547</ele>
      <time>2026-05-07T09:07:20Z</time>
    </trkpt>
    <trkpt lat="49.460785" lon="21.062937">
      <ele>543</ele>
      <time>2026-05-07T09:07:53Z</time>
    </trkpt>
    <trkpt lat="49.460572" lon="21.063299">
      <ele>542</ele>
      <time>2026-05-07T09:08:35Z</time>
    </trkpt>
    <trkpt lat="49.46041" lon="21.063607">
      <ele>541</ele>
      <time>2026-05-07T09:09:09Z</time>
    </trkpt>
    <trkpt lat="49.460385" lon="21.063746">
      <ele>540</ele>
      <time>2026-05-07T09:09:22Z</time>
    </trkpt>
    <trkpt lat="49.460365" lon="21.063972">
      <ele>539</ele>
      <time>2026-05-07T09:09:41Z</time>
    </trkpt>
    <trkpt lat="49.46033" lon="21.064103">
      <ele>539</ele>
      <time>2026-05-07T09:09:53Z</time>
    </trkpt>
    <trkpt lat="49.460354" lon="21.064235">
      <ele>539</ele>
      <time>2026-05-07T09:10:05Z</time>
    </trkpt>
    <trkpt lat="49.460414" lon="21.064337">
      <ele>539</ele>
      <time>2026-05-07T09:10:17Z</time>
    </trkpt>
    <trkpt lat="49.460541" lon="21.06453">
      <ele>539</ele>
      <time>2026-05-07T09:10:41Z</time>
    </trkpt>
    <trkpt lat="49.461017" lon="21.065077">
      <ele>538</ele>
      <time>2026-05-07T09:11:59Z</time>
    </trkpt>
    <trkpt lat="49.461048" lon="21.065192">
      <ele>539</ele>
      <time>2026-05-07T09:12:10Z</time>
    </trkpt>
    <trkpt lat="49.461045" lon="21.065404">
      <ele>539</ele>
      <time>2026-05-07T09:12:28Z</time>
    </trkpt>
    <trkpt lat="49.46094" lon="21.065422">
      <ele>540</ele>
      <time>2026-05-07T09:12:42Z</time>
    </trkpt>
    <trkpt lat="49.46055" lon="21.06553">
      <ele>542</ele>
      <time>2026-05-07T09:13:34Z</time>
    </trkpt>
    <trkpt lat="49.460332" lon="21.06567">
      <ele>543</ele>
      <time>2026-05-07T09:14:06Z</time>
    </trkpt>
    <trkpt lat="49.460082" lon="21.065907">
      <ele>544</ele>
      <time>2026-05-07T09:14:45Z</time>
    </trkpt>
    <trkpt lat="49.460099" lon="21.065986">
      <ele>544</ele>
      <time>2026-05-07T09:14:52Z</time>
    </trkpt>
    <trkpt lat="49.45996" lon="21.066544">
      <ele>547</ele>
      <time>2026-05-07T09:15:43Z</time>
    </trkpt>
    <trkpt lat="49.459872" lon="21.066922">
      <ele>549</ele>
      <time>2026-05-07T09:16:18Z</time>
    </trkpt>
    <trkpt lat="49.45987" lon="21.067083">
      <ele>550</ele>
      <time>2026-05-07T09:16:32Z</time>
    </trkpt>
    <trkpt lat="49.45991" lon="21.067247">
      <ele>550</ele>
      <time>2026-05-07T09:16:47Z</time>
    </trkpt>
    <trkpt lat="49.460076" lon="21.067503">
      <ele>553</ele>
      <time>2026-05-07T09:17:18Z</time>
    </trkpt>
    <trkpt lat="49.460115" lon="21.06761">
      <ele>554</ele>
      <time>2026-05-07T09:17:29Z</time>
    </trkpt>
    <trkpt lat="49.460129" lon="21.067733">
      <ele>554</ele>
      <time>2026-05-07T09:17:39Z</time>
    </trkpt>
    <trkpt lat="49.460044" lon="21.068307">
      <ele>556</ele>
      <time>2026-05-07T09:18:30Z</time>
    </trkpt>
    <trkpt lat="49.460042" lon="21.069033">
      <ele>559</ele>
      <time>2026-05-07T09:19:32Z</time>
    </trkpt>
    <trkpt lat="49.460063" lon="21.06946">
      <ele>561</ele>
      <time>2026-05-07T09:20:09Z</time>
    </trkpt>
    <trkpt lat="49.460025" lon="21.070118">
      <ele>562</ele>
      <time>2026-05-07T09:21:06Z</time>
    </trkpt>
    <trkpt lat="49.46007" lon="21.070431">
      <ele>564</ele>
      <time>2026-05-07T09:21:34Z</time>
    </trkpt>
    <trkpt lat="49.460083" lon="21.070667">
      <ele>567</ele>
      <time>2026-05-07T09:21:54Z</time>
    </trkpt>
    <trkpt lat="49.46006" lon="21.070954">
      <ele>570</ele>
      <time>2026-05-07T09:22:19Z</time>
    </trkpt>
    <trkpt lat="49.459848" lon="21.071811">
      <ele>576</ele>
      <time>2026-05-07T09:23:38Z</time>
    </trkpt>
    <trkpt lat="49.459724" lon="21.07234">
      <ele>577</ele>
      <time>2026-05-07T09:24:27Z</time>
    </trkpt>
    <trkpt lat="49.459548" lon="21.072923">
      <ele>578</ele>
      <time>2026-05-07T09:25:22Z</time>
    </trkpt>
    <trkpt lat="49.459369" lon="21.073649">
      <ele>579</ele>
      <time>2026-05-07T09:26:29Z</time>
    </trkpt>
    <trkpt lat="49.459172" lon="21.074317">
      <ele>583</ele>
      <time>2026-05-07T09:27:32Z</time>
    </trkpt>
    <trkpt lat="49.459118" lon="21.074596">
      <ele>585</ele>
      <time>2026-05-07T09:27:57Z</time>
    </trkpt>
    <trkpt lat="49.459091" lon="21.075074">
      <ele>587</ele>
      <time>2026-05-07T09:28:38Z</time>
    </trkpt>
    <trkpt lat="49.459087" lon="21.07535">
      <ele>589</ele>
      <time>2026-05-07T09:29:02Z</time>
    </trkpt>
    <trkpt lat="49.459106" lon="21.075811">
      <ele>589</ele>
      <time>2026-05-07T09:29:42Z</time>
    </trkpt>
    <trkpt lat="49.459131" lon="21.076147">
      <ele>589</ele>
      <time>2026-05-07T09:30:11Z</time>
    </trkpt>
    <trkpt lat="49.459115" lon="21.076428">
      <ele>589</ele>
      <time>2026-05-07T09:30:35Z</time>
    </trkpt>
    <trkpt lat="49.459073" lon="21.076611">
      <ele>590</ele>
      <time>2026-05-07T09:30:52Z</time>
    </trkpt>
    <trkpt lat="49.458981" lon="21.076924">
      <ele>592</ele>
      <time>2026-05-07T09:31:22Z</time>
    </trkpt>
    <trkpt lat="49.458758" lon="21.077485">
      <ele>594</ele>
      <time>2026-05-07T09:32:18Z</time>
    </trkpt>
    <trkpt lat="49.458656" lon="21.077786">
      <ele>593</ele>
      <time>2026-05-07T09:32:47Z</time>
    </trkpt>
    <trkpt lat="49.458569" lon="21.078123">
      <ele>593</ele>
      <time>2026-05-07T09:33:18Z</time>
    </trkpt>
    <trkpt lat="49.458477" lon="21.078518">
      <ele>594</ele>
      <time>2026-05-07T09:33:55Z</time>
    </trkpt>
    <trkpt lat="49.458393" lon="21.07877">
      <ele>596</ele>
      <time>2026-05-07T09:34:19Z</time>
    </trkpt>
    <trkpt lat="49.458289" lon="21.078971">
      <ele>598</ele>
      <time>2026-05-07T09:34:41Z</time>
    </trkpt>
    <trkpt lat="49.458149" lon="21.079172">
      <ele>599</ele>
      <time>2026-05-07T09:35:07Z</time>
    </trkpt>
    <trkpt lat="49.457818" lon="21.079591">
      <ele>601</ele>
      <time>2026-05-07T09:36:03Z</time>
    </trkpt>
    <trkpt lat="49.457506" lon="21.080014">
      <ele>602</ele>
      <time>2026-05-07T09:36:58Z</time>
    </trkpt>
    <trkpt lat="49.457215" lon="21.080422">
      <ele>602</ele>
      <time>2026-05-07T09:37:50Z</time>
    </trkpt>
    <trkpt lat="49.457054" lon="21.080698">
      <ele>604</ele>
      <time>2026-05-07T09:38:22Z</time>
    </trkpt>
    <trkpt lat="49.45696" lon="21.080925">
      <ele>606</ele>
      <time>2026-05-07T09:38:45Z</time>
    </trkpt>
    <trkpt lat="49.456822" lon="21.081329">
      <ele>610</ele>
      <time>2026-05-07T09:39:25Z</time>
    </trkpt>
    <trkpt lat="49.456608" lon="21.082088">
      <ele>618</ele>
      <time>2026-05-07T09:40:37Z</time>
    </trkpt>
    <trkpt lat="49.45657" lon="21.082308">
      <ele>621</ele>
      <time>2026-05-07T09:40:57Z</time>
    </trkpt>
    <trkpt lat="49.45655" lon="21.082651">
      <ele>626</ele>
      <time>2026-05-07T09:41:27Z</time>
    </trkpt>
    <trkpt lat="49.456556" lon="21.083059">
      <ele>629</ele>
      <time>2026-05-07T09:42:02Z</time>
    </trkpt>
    <trkpt lat="49.456585" lon="21.083244">
      <ele>631</ele>
      <time>2026-05-07T09:42:19Z</time>
    </trkpt>
    <trkpt lat="49.456667" lon="21.08352">
      <ele>633</ele>
      <time>2026-05-07T09:42:45Z</time>
    </trkpt>
    <trkpt lat="49.456771" lon="21.083748">
      <ele>636</ele>
      <time>2026-05-07T09:43:09Z</time>
    </trkpt>
    <trkpt lat="49.457005" lon="21.084236">
      <ele>644</ele>
      <time>2026-05-07T09:44:02Z</time>
    </trkpt>
    <trkpt lat="49.457166" lon="21.084611">
      <ele>647</ele>
      <time>2026-05-07T09:44:41Z</time>
    </trkpt>
    <trkpt lat="49.457373" lon="21.085117">
      <ele>653</ele>
      <time>2026-05-07T09:45:33Z</time>
    </trkpt>
    <trkpt lat="49.457623" lon="21.085859">
      <ele>658</ele>
      <time>2026-05-07T09:46:45Z</time>
    </trkpt>
    <trkpt lat="49.457791" lon="21.086207">
      <ele>661</ele>
      <time>2026-05-07T09:47:22Z</time>
    </trkpt>
    <trkpt lat="49.458043" lon="21.086579">
      <ele>663</ele>
      <time>2026-05-07T09:48:08Z</time>
    </trkpt>
    <trkpt lat="49.458367" lon="21.08698">
      <ele>666</ele>
      <time>2026-05-07T09:49:03Z</time>
    </trkpt>
    <trkpt lat="49.458606" lon="21.087264">
      <ele>668</ele>
      <time>2026-05-07T09:49:43Z</time>
    </trkpt>
    <trkpt lat="49.45881" lon="21.087554">
      <ele>672</ele>
      <time>2026-05-07T09:50:20Z</time>
    </trkpt>
    <trkpt lat="49.45912" lon="21.088125">
      <ele>676</ele>
      <time>2026-05-07T09:51:24Z</time>
    </trkpt>
    <trkpt lat="49.459326" lon="21.088525">
      <ele>681</ele>
      <time>2026-05-07T09:52:09Z</time>
    </trkpt>
    <trkpt lat="49.459523" lon="21.088914">
      <ele>684</ele>
      <time>2026-05-07T09:52:51Z</time>
    </trkpt>
    <trkpt lat="49.459761" lon="21.089406">
      <ele>689</ele>
      <time>2026-05-07T09:53:44Z</time>
    </trkpt>
    <trkpt lat="49.460202" lon="21.090262">
      <ele>697</ele>
      <time>2026-05-07T09:55:19Z</time>
    </trkpt>
    <trkpt lat="49.46055" lon="21.090915">
      <ele>703</ele>
      <time>2026-05-07T09:56:32Z</time>
    </trkpt>
    <trkpt lat="49.460792" lon="21.091264">
      <ele>705</ele>
      <time>2026-05-07T09:57:16Z</time>
    </trkpt>
    <trkpt lat="49.460916" lon="21.091497">
      <ele>707</ele>
      <time>2026-05-07T09:57:42Z</time>
    </trkpt>
    <trkpt lat="49.461023" lon="21.091797">
      <ele>709</ele>
      <time>2026-05-07T09:58:11Z</time>
    </trkpt>
    <trkpt lat="49.461121" lon="21.092174">
      <ele>710</ele>
      <time>2026-05-07T09:58:46Z</time>
    </trkpt>
    <trkpt lat="49.461198" lon="21.092712">
      <ele>710</ele>
      <time>2026-05-07T09:59:33Z</time>
    </trkpt>
    <trkpt lat="49.461327" lon="21.093525">
      <ele>711</ele>
      <time>2026-05-07T10:00:45Z</time>
    </trkpt>
    <trkpt lat="49.461359" lon="21.093836">
      <ele>712</ele>
      <time>2026-05-07T10:01:12Z</time>
    </trkpt>
    <trkpt lat="49.461415" lon="21.09431">
      <ele>716</ele>
      <time>2026-05-07T10:01:54Z</time>
    </trkpt>
    <trkpt lat="49.461488" lon="21.094755">
      <ele>723</ele>
      <time>2026-05-07T10:02:34Z</time>
    </trkpt>
    <trkpt lat="49.461564" lon="21.095137">
      <ele>729</ele>
      <time>2026-05-07T10:03:09Z</time>
    </trkpt>
    <trkpt lat="49.461615" lon="21.095456">
      <ele>734</ele>
      <time>2026-05-07T10:03:38Z</time>
    </trkpt>
    <trkpt lat="49.461646" lon="21.095764">
      <ele>739</ele>
      <time>2026-05-07T10:04:06Z</time>
    </trkpt>
    <trkpt lat="49.461671" lon="21.096121">
      <ele>744</ele>
      <time>2026-05-07T10:04:37Z</time>
    </trkpt>
    <trkpt lat="49.461679" lon="21.096421">
      <ele>747</ele>
      <time>2026-05-07T10:05:03Z</time>
    </trkpt>
    <trkpt lat="49.461651" lon="21.096727">
      <ele>748</ele>
      <time>2026-05-07T10:05:30Z</time>
    </trkpt>
    <trkpt lat="49.461571" lon="21.097256">
      <ele>749</ele>
      <time>2026-05-07T10:06:16Z</time>
    </trkpt>
    <trkpt lat="49.461521" lon="21.097544">
      <ele>750</ele>
      <time>2026-05-07T10:06:42Z</time>
    </trkpt>
    <trkpt lat="49.461444" lon="21.097827">
      <ele>751</ele>
      <time>2026-05-07T10:07:08Z</time>
    </trkpt>
    <trkpt lat="49.461348" lon="21.098017">
      <ele>752</ele>
      <time>2026-05-07T10:07:29Z</time>
    </trkpt>
    <trkpt lat="49.461208" lon="21.098198">
      <ele>754</ele>
      <time>2026-05-07T10:07:53Z</time>
    </trkpt>
    <trkpt lat="49.461105" lon="21.098308">
      <ele>756</ele>
      <time>2026-05-07T10:08:10Z</time>
    </trkpt>
    <trkpt lat="49.460963" lon="21.098417">
      <ele>757</ele>
      <time>2026-05-07T10:08:31Z</time>
    </trkpt>
    <trkpt lat="49.460785" lon="21.09853">
      <ele>757</ele>
      <time>2026-05-07T10:08:57Z</time>
    </trkpt>
    <trkpt lat="49.460704" lon="21.098623">
      <ele>757</ele>
      <time>2026-05-07T10:09:10Z</time>
    </trkpt>
    <trkpt lat="49.460679" lon="21.098771">
      <ele>758</ele>
      <time>2026-05-07T10:09:23Z</time>
    </trkpt>
    <trkpt lat="49.460687" lon="21.099309">
      <ele>758</ele>
      <time>2026-05-07T10:10:09Z</time>
    </trkpt>
    <trkpt lat="49.460653" lon="21.099619">
      <ele>755</ele>
      <time>2026-05-07T10:10:37Z</time>
    </trkpt>
    <trkpt lat="49.460446" lon="21.100362">
      <ele>749</ele>
      <time>2026-05-07T10:11:46Z</time>
    </trkpt>
    <trkpt lat="49.460374" lon="21.100565">
      <ele>747</ele>
      <time>2026-05-07T10:12:06Z</time>
    </trkpt>
    <trkpt lat="49.460309" lon="21.100606">
      <ele>746</ele>
      <time>2026-05-07T10:12:16Z</time>
    </trkpt>
    <trkpt lat="49.460226" lon="21.1006">
      <ele>744</ele>
      <time>2026-05-07T10:12:27Z</time>
    </trkpt>
    <trkpt lat="49.460169" lon="21.100537">
      <ele>743</ele>
      <time>2026-05-07T10:12:36Z</time>
    </trkpt>
    <trkpt lat="49.460131" lon="21.100414">
      <ele>742</ele>
      <time>2026-05-07T10:12:48Z</time>
    </trkpt>
    <trkpt lat="49.460104" lon="21.100249">
      <ele>742</ele>
      <time>2026-05-07T10:13:03Z</time>
    </trkpt>
    <trkpt lat="49.460109" lon="21.099667">
      <ele>747</ele>
      <time>2026-05-07T10:13:53Z</time>
    </trkpt>
    <trkpt lat="49.460091" lon="21.099562">
      <ele>749</ele>
      <time>2026-05-07T10:14:03Z</time>
    </trkpt>
    <trkpt lat="49.460046" lon="21.099503">
      <ele>749</ele>
      <time>2026-05-07T10:14:10Z</time>
    </trkpt>
    <trkpt lat="49.459964" lon="21.099486">
      <ele>750</ele>
      <time>2026-05-07T10:14:21Z</time>
    </trkpt>
    <trkpt lat="49.459861" lon="21.09957">
      <ele>750</ele>
      <time>2026-05-07T10:14:37Z</time>
    </trkpt>
    <trkpt lat="49.459575" lon="21.100109">
      <ele>741</ele>
      <time>2026-05-07T10:15:38Z</time>
    </trkpt>
    <trkpt lat="49.459479" lon="21.100404">
      <ele>735</ele>
      <time>2026-05-07T10:16:07Z</time>
    </trkpt>
    <trkpt lat="49.459439" lon="21.100632">
      <ele>731</ele>
      <time>2026-05-07T10:16:28Z</time>
    </trkpt>
    <trkpt lat="49.459474" lon="21.100815">
      <ele>729</ele>
      <time>2026-05-07T10:16:44Z</time>
    </trkpt>
    <trkpt lat="49.459471" lon="21.101008">
      <ele>727</ele>
      <time>2026-05-07T10:17:01Z</time>
    </trkpt>
    <trkpt lat="49.459418" lon="21.101204">
      <ele>724</ele>
      <time>2026-05-07T10:17:20Z</time>
    </trkpt>
    <trkpt lat="49.459254" lon="21.10148">
      <ele>718</ele>
      <time>2026-05-07T10:17:52Z</time>
    </trkpt>
    <trkpt lat="49.459082" lon="21.101794">
      <ele>713</ele>
      <time>2026-05-07T10:18:28Z</time>
    </trkpt>
    <trkpt lat="49.458887" lon="21.102084">
      <ele>709</ele>
      <time>2026-05-07T10:19:04Z</time>
    </trkpt>
    <trkpt lat="49.458578" lon="21.102699">
      <ele>700</ele>
      <time>2026-05-07T10:20:12Z</time>
    </trkpt>
    <trkpt lat="49.458445" lon="21.102845">
      <ele>697</ele>
      <time>2026-05-07T10:20:34Z</time>
    </trkpt>
    <trkpt lat="49.45825" lon="21.103105">
      <ele>692</ele>
      <time>2026-05-07T10:21:09Z</time>
    </trkpt>
    <trkpt lat="49.458116" lon="21.103245">
      <ele>689</ele>
      <time>2026-05-07T10:21:30Z</time>
    </trkpt>
    <trkpt lat="49.457952" lon="21.103409">
      <ele>687</ele>
      <time>2026-05-07T10:21:56Z</time>
    </trkpt>
    <trkpt lat="49.457813" lon="21.103615">
      <ele>684</ele>
      <time>2026-05-07T10:22:22Z</time>
    </trkpt>
    <trkpt lat="49.457659" lon="21.103824">
      <ele>680</ele>
      <time>2026-05-07T10:22:50Z</time>
    </trkpt>
    <trkpt lat="49.457457" lon="21.103988">
      <ele>677</ele>
      <time>2026-05-07T10:23:20Z</time>
    </trkpt>
    <trkpt lat="49.457038" lon="21.104329">
      <ele>671</ele>
      <time>2026-05-07T10:24:23Z</time>
    </trkpt>
    <trkpt lat="49.456768" lon="21.104498">
      <ele>670</ele>
      <time>2026-05-07T10:25:02Z</time>
    </trkpt>
    <trkpt lat="49.456638" lon="21.104576">
      <ele>670</ele>
      <time>2026-05-07T10:25:20Z</time>
    </trkpt>
    <trkpt lat="49.456602" lon="21.104609">
      <ele>670</ele>
      <time>2026-05-07T10:25:26Z</time>
    </trkpt>
    <trkpt lat="49.456573" lon="21.104656">
      <ele>670</ele>
      <time>2026-05-07T10:25:31Z</time>
    </trkpt>
    <trkpt lat="49.45655" lon="21.10479">
      <ele>669</ele>
      <time>2026-05-07T10:25:43Z</time>
    </trkpt>
    <trkpt lat="49.456512" lon="21.104957">
      <ele>667</ele>
      <time>2026-05-07T10:25:58Z</time>
    </trkpt>
    <trkpt lat="49.456449" lon="21.105066">
      <ele>667</ele>
      <time>2026-05-07T10:26:11Z</time>
    </trkpt>
    <trkpt lat="49.456339" lon="21.105098">
      <ele>668</ele>
      <time>2026-05-07T10:26:26Z</time>
    </trkpt>
    <trkpt lat="49.456261" lon="21.105133">
      <ele>669</ele>
      <time>2026-05-07T10:26:37Z</time>
    </trkpt>
    <trkpt lat="49.456174" lon="21.10527">
      <ele>668</ele>
      <time>2026-05-07T10:26:53Z</time>
    </trkpt>
    <trkpt lat="49.456081" lon="21.105434">
      <ele>667</ele>
      <time>2026-05-07T10:27:12Z</time>
    </trkpt>
    <trkpt lat="49.455914" lon="21.105595">
      <ele>667</ele>
      <time>2026-05-07T10:27:38Z</time>
    </trkpt>
    <trkpt lat="49.45571" lon="21.10574">
      <ele>667</ele>
      <time>2026-05-07T10:28:08Z</time>
    </trkpt>
    <trkpt lat="49.455464" lon="21.105965">
      <ele>666</ele>
      <time>2026-05-07T10:28:46Z</time>
    </trkpt>
    <trkpt lat="49.455155" lon="21.10626">
      <ele>662</ele>
      <time>2026-05-07T10:29:34Z</time>
    </trkpt>
    <trkpt lat="49.454441" lon="21.106767">
      <ele>659</ele>
      <time>2026-05-07T10:31:18Z</time>
    </trkpt>
    <trkpt lat="49.454092" lon="21.107">
      <ele>653</ele>
      <time>2026-05-07T10:32:09Z</time>
    </trkpt>
    <trkpt lat="49.45397" lon="21.107113">
      <ele>651</ele>
      <time>2026-05-07T10:32:28Z</time>
    </trkpt>
    <trkpt lat="49.453857" lon="21.107333">
      <ele>649</ele>
      <time>2026-05-07T10:32:52Z</time>
    </trkpt>
    <trkpt lat="49.453911" lon="21.107416">
      <ele>647</ele>
      <time>2026-05-07T10:33:02Z</time>
    </trkpt>
    <trkpt lat="49.454024" lon="21.107523">
      <ele>644</ele>
      <time>2026-05-07T10:33:20Z</time>
    </trkpt>
    <trkpt lat="49.454074" lon="21.107612">
      <ele>643</ele>
      <time>2026-05-07T10:33:30Z</time>
    </trkpt>
    <trkpt lat="49.454207" lon="21.107775">
      <ele>641</ele>
      <time>2026-05-07T10:33:53Z</time>
    </trkpt>
    <trkpt lat="49.454352" lon="21.107998">
      <ele>638</ele>
      <time>2026-05-07T10:34:20Z</time>
    </trkpt>
    <trkpt lat="49.454512" lon="21.108379">
      <ele>633</ele>
      <time>2026-05-07T10:35:00Z</time>
    </trkpt>
    <trkpt lat="49.454596" lon="21.108668">
      <ele>632</ele>
      <time>2026-05-07T10:35:27Z</time>
    </trkpt>
    <trkpt lat="49.454824" lon="21.109267">
      <ele>627</ele>
      <time>2026-05-07T10:36:27Z</time>
    </trkpt>
    <trkpt lat="49.454943" lon="21.109545">
      <ele>623</ele>
      <time>2026-05-07T10:36:56Z</time>
    </trkpt>
    <trkpt lat="49.455051" lon="21.109736">
      <ele>620</ele>
      <time>2026-05-07T10:37:18Z</time>
    </trkpt>
    <trkpt lat="49.455147" lon="21.109926">
      <ele>617</ele>
      <time>2026-05-07T10:37:39Z</time>
    </trkpt>
    <trkpt lat="49.455236" lon="21.110114">
      <ele>615</ele>
      <time>2026-05-07T10:37:59Z</time>
    </trkpt>
    <trkpt lat="49.455358" lon="21.110291">
      <ele>613</ele>
      <time>2026-05-07T10:38:21Z</time>
    </trkpt>
    <trkpt lat="49.455422" lon="21.110482">
      <ele>611</ele>
      <time>2026-05-07T10:38:40Z</time>
    </trkpt>
    <trkpt lat="49.455464" lon="21.110629">
      <ele>610</ele>
      <time>2026-05-07T10:38:54Z</time>
    </trkpt>
    <trkpt lat="49.455541" lon="21.110828">
      <ele>608</ele>
      <time>2026-05-07T10:39:14Z</time>
    </trkpt>
    <trkpt lat="49.455715" lon="21.111088">
      <ele>604</ele>
      <time>2026-05-07T10:39:46Z</time>
    </trkpt>
    <trkpt lat="49.45593" lon="21.11131">
      <ele>600</ele>
      <time>2026-05-07T10:40:21Z</time>
    </trkpt>
    <trkpt lat="49.45613" lon="21.111482">
      <ele>598</ele>
      <time>2026-05-07T10:40:51Z</time>
    </trkpt>
    <trkpt lat="49.45627" lon="21.11167">
      <ele>598</ele>
      <time>2026-05-07T10:41:16Z</time>
    </trkpt>
    <trkpt lat="49.456407" lon="21.1119">
      <ele>596</ele>
      <time>2026-05-07T10:41:43Z</time>
    </trkpt>
    <trkpt lat="49.4565" lon="21.112217">
      <ele>592</ele>
      <time>2026-05-07T10:42:13Z</time>
    </trkpt>
    <trkpt lat="49.456629" lon="21.112633">
      <ele>589</ele>
      <time>2026-05-07T10:42:53Z</time>
    </trkpt>
    <trkpt lat="49.456749" lon="21.112958">
      <ele>587</ele>
      <time>2026-05-07T10:43:25Z</time>
    </trkpt>
    <trkpt lat="49.456606" lon="21.112863">
      <ele>589</ele>
      <time>2026-05-07T10:43:52Z</time>
    </trkpt>
    <trkpt lat="49.45639" lon="21.112622">
      <ele>592</ele>
      <time>2026-05-07T10:44:39Z</time>
    </trkpt>
    <trkpt lat="49.456109" lon="21.112442">
      <ele>597</ele>
      <time>2026-05-07T10:45:33Z</time>
    </trkpt>
    <trkpt lat="49.45579" lon="21.112129">
      <ele>600</ele>
      <time>2026-05-07T10:46:39Z</time>
    </trkpt>
    <trkpt lat="49.455689" lon="21.112123">
      <ele>601</ele>
      <time>2026-05-07T10:46:57Z</time>
    </trkpt>
    <trkpt lat="49.45556" lon="21.112217">
      <ele>603</ele>
      <time>2026-05-07T10:47:22Z</time>
    </trkpt>
    <trkpt lat="49.455432" lon="21.112285">
      <ele>605</ele>
      <time>2026-05-07T10:47:46Z</time>
    </trkpt>
    <trkpt lat="49.455314" lon="21.112318">
      <ele>607</ele>
      <time>2026-05-07T10:48:07Z</time>
    </trkpt>
    <trkpt lat="49.455112" lon="21.112327">
      <ele>609</ele>
      <time>2026-05-07T10:48:43Z</time>
    </trkpt>
    <trkpt lat="49.454725" lon="21.112245">
      <ele>616</ele>
      <time>2026-05-07T10:49:52Z</time>
    </trkpt>
    <trkpt lat="49.454334" lon="21.111997">
      <ele>621</ele>
      <time>2026-05-07T10:51:06Z</time>
    </trkpt>
    <trkpt lat="49.454041" lon="21.111935">
      <ele>625</ele>
      <time>2026-05-07T10:51:58Z</time>
    </trkpt>
    <trkpt lat="49.45371" lon="21.111992">
      <ele>632</ele>
      <time>2026-05-07T10:52:57Z</time>
    </trkpt>
    <trkpt lat="49.453576" lon="21.112091">
      <ele>636</ele>
      <time>2026-05-07T10:53:24Z</time>
    </trkpt>
    <trkpt lat="49.453447" lon="21.112115">
      <ele>638</ele>
      <time>2026-05-07T10:53:47Z</time>
    </trkpt>
    <trkpt lat="49.453129" lon="21.112187">
      <ele>643</ele>
      <time>2026-05-07T10:54:43Z</time>
    </trkpt>
    <trkpt lat="49.452791" lon="21.112185">
      <ele>649</ele>
      <time>2026-05-07T10:55:43Z</time>
    </trkpt>
    <trkpt lat="49.452307" lon="21.1123">
      <ele>661</ele>
      <time>2026-05-07T10:57:11Z</time>
    </trkpt>
    <trkpt lat="49.452162" lon="21.112319">
      <ele>664</ele>
      <time>2026-05-07T10:57:37Z</time>
    </trkpt>
    <trkpt lat="49.451993" lon="21.112287">
      <ele>666</ele>
      <time>2026-05-07T10:58:06Z</time>
    </trkpt>
    <trkpt lat="49.45156" lon="21.112209">
      <ele>674</ele>
      <time>2026-05-07T10:59:24Z</time>
    </trkpt>
    <trkpt lat="49.451462" lon="21.112193">
      <ele>676</ele>
      <time>2026-05-07T10:59:41Z</time>
    </trkpt>
    <trkpt lat="49.451384" lon="21.112145">
      <ele>679</ele>
      <time>2026-05-07T10:59:56Z</time>
    </trkpt>
    <trkpt lat="49.45137" lon="21.112029">
      <ele>682</ele>
      <time>2026-05-07T11:00:11Z</time>
    </trkpt>
    <trkpt lat="49.451471" lon="21.111686">
      <ele>686</ele>
      <time>2026-05-07T11:00:54Z</time>
    </trkpt>
    <trkpt lat="49.451539" lon="21.111412">
      <ele>688</ele>
      <time>2026-05-07T11:01:27Z</time>
    </trkpt>
    <trkpt lat="49.451586" lon="21.11104">
      <ele>692</ele>
      <time>2026-05-07T11:02:11Z</time>
    </trkpt>
    <trkpt lat="49.451626" lon="21.110728">
      <ele>697</ele>
      <time>2026-05-07T11:02:48Z</time>
    </trkpt>
    <trkpt lat="49.451606" lon="21.110423">
      <ele>702</ele>
      <time>2026-05-07T11:03:23Z</time>
    </trkpt>
    <trkpt lat="49.451511" lon="21.110069">
      <ele>707</ele>
      <time>2026-05-07T11:04:08Z</time>
    </trkpt>
    <trkpt lat="49.451367" lon="21.109698">
      <ele>713</ele>
      <time>2026-05-07T11:04:57Z</time>
    </trkpt>
    <trkpt lat="49.451245" lon="21.109393">
      <ele>717</ele>
      <time>2026-05-07T11:05:39Z</time>
    </trkpt>
    <trkpt lat="49.451112" lon="21.109197">
      <ele>721</ele>
      <time>2026-05-07T11:06:11Z</time>
    </trkpt>
    <trkpt lat="49.450836" lon="21.108752">
      <ele>730</ele>
      <time>2026-05-07T11:07:23Z</time>
    </trkpt>
    <trkpt lat="49.450659" lon="21.108424">
      <ele>737</ele>
      <time>2026-05-07T11:08:12Z</time>
    </trkpt>
    <trkpt lat="49.450552" lon="21.108215">
      <ele>739</ele>
      <time>2026-05-07T11:08:43Z</time>
    </trkpt>
    <trkpt lat="49.450401" lon="21.107917">
      <ele>743</ele>
      <time>2026-05-07T11:09:26Z</time>
    </trkpt>
    <trkpt lat="49.450118" lon="21.107333">
      <ele>755</ele>
      <time>2026-05-07T11:10:51Z</time>
    </trkpt>
    <trkpt lat="49.449966" lon="21.107005">
      <ele>761</ele>
      <time>2026-05-07T11:11:37Z</time>
    </trkpt>
    <trkpt lat="49.449656" lon="21.106552">
      <ele>773</ele>
      <time>2026-05-07T11:12:54Z</time>
    </trkpt>
    <trkpt lat="49.449584" lon="21.106364">
      <ele>776</ele>
      <time>2026-05-07T11:13:20Z</time>
    </trkpt>
    <trkpt lat="49.449476" lon="21.106032">
      <ele>779</ele>
      <time>2026-05-07T11:14:02Z</time>
    </trkpt>
    <trkpt lat="49.449389" lon="21.105726">
      <ele>781</ele>
      <time>2026-05-07T11:14:40Z</time>
    </trkpt>
    <trkpt lat="49.449252" lon="21.105471">
      <ele>788</ele>
      <time>2026-05-07T11:15:19Z</time>
    </trkpt>
    <trkpt lat="49.449095" lon="21.105259">
      <ele>795</ele>
      <time>2026-05-07T11:15:57Z</time>
    </trkpt>
    <trkpt lat="49.448901" lon="21.105077">
      <ele>803</ele>
      <time>2026-05-07T11:16:39Z</time>
    </trkpt>
    <trkpt lat="49.448763" lon="21.104962">
      <ele>807</ele>
      <time>2026-05-07T11:17:07Z</time>
    </trkpt>
    <trkpt lat="49.448371" lon="21.104586">
      <ele>817</ele>
      <time>2026-05-07T11:18:29Z</time>
    </trkpt>
    <trkpt lat="49.448188" lon="21.104385">
      <ele>820</ele>
      <time>2026-05-07T11:19:09Z</time>
    </trkpt>
    <trkpt lat="49.448017" lon="21.104168">
      <ele>822</ele>
      <time>2026-05-07T11:19:48Z</time>
    </trkpt>
    <trkpt lat="49.447822" lon="21.103948">
      <ele>822</ele>
      <time>2026-05-07T11:20:30Z</time>
    </trkpt>
    <trkpt lat="49.447677" lon="21.104227">
      <ele>824</ele>
      <time>2026-05-07T11:21:11Z</time>
    </trkpt>
    <trkpt lat="49.447558" lon="21.104484">
      <ele>827</ele>
      <time>2026-05-07T11:21:47Z</time>
    </trkpt>
    <trkpt lat="49.447419" lon="21.104956">
      <ele>832</ele>
      <time>2026-05-07T11:22:46Z</time>
    </trkpt>
    <trkpt lat="49.447293" lon="21.105477">
      <ele>842</ele>
      <time>2026-05-07T11:23:51Z</time>
    </trkpt>
    <trkpt lat="49.447216" lon="21.105863">
      <ele>852</ele>
      <time>2026-05-07T11:24:40Z</time>
    </trkpt>
    <trkpt lat="49.447171" lon="21.106265">
      <ele>862</ele>
      <time>2026-05-07T11:25:29Z</time>
    </trkpt>
    <trkpt lat="49.447107" lon="21.106927">
      <ele>877</ele>
      <time>2026-05-07T11:26:48Z</time>
    </trkpt>
    <trkpt lat="49.44707" lon="21.107199">
      <ele>882</ele>
      <time>2026-05-07T11:27:20Z</time>
    </trkpt>
    <trkpt lat="49.447" lon="21.107365">
      <ele>884</ele>
      <time>2026-05-07T11:27:43Z</time>
    </trkpt>
    <trkpt lat="49.446896" lon="21.107585">
      <ele>887</ele>
      <time>2026-05-07T11:28:14Z</time>
    </trkpt>
    <trkpt lat="49.446665" lon="21.107864">
      <ele>892</ele>
      <time>2026-05-07T11:29:06Z</time>
    </trkpt>
    <trkpt lat="49.44647" lon="21.108078">
      <ele>896</ele>
      <time>2026-05-07T11:29:49Z</time>
    </trkpt>
    <trkpt lat="49.446219" lon="21.108502">
      <ele>902</ele>
      <time>2026-05-07T11:30:54Z</time>
    </trkpt>
    <trkpt lat="49.446059" lon="21.108813">
      <ele>902</ele>
      <time>2026-05-07T11:31:39Z</time>
    </trkpt>
    <trkpt lat="49.445863" lon="21.109237">
      <ele>902</ele>
      <time>2026-05-07T11:32:38Z</time>
    </trkpt>
    <trkpt lat="49.445612" lon="21.109677">
      <ele>900</ele>
      <time>2026-05-07T11:33:45Z</time>
    </trkpt>
    <trkpt lat="49.445368" lon="21.110187">
      <ele>896</ele>
      <time>2026-05-07T11:34:57Z</time>
    </trkpt>
    <trkpt lat="49.44511" lon="21.1109">
      <ele>894</ele>
      <time>2026-05-07T11:36:30Z</time>
    </trkpt>
    <trkpt lat="49.444988" lon="21.11112">
      <ele>895</ele>
      <time>2026-05-07T11:37:03Z</time>
    </trkpt>
    <trkpt lat="49.444869" lon="21.111308">
      <ele>893</ele>
      <time>2026-05-07T11:37:33Z</time>
    </trkpt>
    <trkpt lat="49.444806" lon="21.111485">
      <ele>894</ele>
      <time>2026-05-07T11:37:55Z</time>
    </trkpt>
    <trkpt lat="49.444803" lon="21.111694">
      <ele>895</ele>
      <time>2026-05-07T11:38:19Z</time>
    </trkpt>
    <trkpt lat="49.444712" lon="21.111984">
      <ele>898</ele>
      <time>2026-05-07T11:38:56Z</time>
    </trkpt>
    <trkpt lat="49.444625" lon="21.112268">
      <ele>899</ele>
      <time>2026-05-07T11:39:32Z</time>
    </trkpt>
    <trkpt lat="49.444496" lon="21.112649">
      <ele>902</ele>
      <time>2026-05-07T11:40:21Z</time>
    </trkpt>
    <trkpt lat="49.44436" lon="21.113035">
      <ele>906</ele>
      <time>2026-05-07T11:41:11Z</time>
    </trkpt>
    <trkpt lat="49.444168" lon="21.113475">
      <ele>913</ele>
      <time>2026-05-07T11:42:12Z</time>
    </trkpt>
    <trkpt lat="49.443969" lon="21.113877">
      <ele>917</ele>
      <time>2026-05-07T11:43:10Z</time>
    </trkpt>
    <trkpt lat="49.443432" lon="21.114773">
      <ele>916</ele>
      <time>2026-05-07T11:45:28Z</time>
    </trkpt>
    <trkpt lat="49.443233" lon="21.115068">
      <ele>912</ele>
      <time>2026-05-07T11:46:17Z</time>
    </trkpt>
    <trkpt lat="49.443059" lon="21.115272">
      <ele>909</ele>
      <time>2026-05-07T11:46:55Z</time>
    </trkpt>
    <trkpt lat="49.442749" lon="21.115567">
      <ele>904</ele>
      <time>2026-05-07T11:48:00Z</time>
    </trkpt>
    <trkpt lat="49.442511" lon="21.11576">
      <ele>897</ele>
      <time>2026-05-07T11:48:48Z</time>
    </trkpt>
    <trkpt lat="49.442271" lon="21.115948">
      <ele>892</ele>
      <time>2026-05-07T11:49:35Z</time>
    </trkpt>
    <trkpt lat="49.442086" lon="21.116152">
      <ele>888</ele>
      <time>2026-05-07T11:50:16Z</time>
    </trkpt>
    <trkpt lat="49.441915" lon="21.116366">
      <ele>885</ele>
      <time>2026-05-07T11:50:54Z</time>
    </trkpt>
    <trkpt lat="49.441758" lon="21.116484">
      <ele>884</ele>
      <time>2026-05-07T11:51:25Z</time>
    </trkpt>
    <trkpt lat="49.441615" lon="21.116576">
      <ele>883</ele>
      <time>2026-05-07T11:51:52Z</time>
    </trkpt>
    <trkpt lat="49.441423" lon="21.116962">
      <ele>883</ele>
      <time>2026-05-07T11:52:47Z</time>
    </trkpt>
    <trkpt lat="49.441311" lon="21.117128">
      <ele>882</ele>
      <time>2026-05-07T11:53:15Z</time>
    </trkpt>
    <trkpt lat="49.441113" lon="21.117579">
      <ele>883</ele>
      <time>2026-05-07T11:54:16Z</time>
    </trkpt>
    <trkpt lat="49.440952" lon="21.117799">
      <ele>885</ele>
      <time>2026-05-07T11:54:54Z</time>
    </trkpt>
    <trkpt lat="49.44076" lon="21.118002">
      <ele>885</ele>
      <time>2026-05-07T11:55:35Z</time>
    </trkpt>
    <trkpt lat="49.440579" lon="21.118292">
      <ele>886</ele>
      <time>2026-05-07T11:56:20Z</time>
    </trkpt>
    <trkpt lat="49.440223" lon="21.118845">
      <ele>888</ele>
      <time>2026-05-07T11:57:49Z</time>
    </trkpt>
    <trkpt lat="49.440036" lon="21.119131">
      <ele>890</ele>
      <time>2026-05-07T11:58:35Z</time>
    </trkpt>
    <trkpt lat="49.439738" lon="21.119553">
      <ele>894</ele>
      <time>2026-05-07T11:59:46Z</time>
    </trkpt>
    <trkpt lat="49.439571" lon="21.119805">
      <ele>894</ele>
      <time>2026-05-07T12:00:27Z</time>
    </trkpt>
    <trkpt lat="49.439257" lon="21.120341">
      <ele>897</ele>
      <time>2026-05-07T12:01:49Z</time>
    </trkpt>
    <trkpt lat="49.439076" lon="21.120551">
      <ele>899</ele>
      <time>2026-05-07T12:02:29Z</time>
    </trkpt>
    <trkpt lat="49.438995" lon="21.120642">
      <ele>899</ele>
      <time>2026-05-07T12:02:46Z</time>
    </trkpt>
    <trkpt lat="49.438957" lon="21.120819">
      <ele>902</ele>
      <time>2026-05-07T12:03:08Z</time>
    </trkpt>
    <trkpt lat="49.438866" lon="21.121071">
      <ele>904</ele>
      <time>2026-05-07T12:03:41Z</time>
    </trkpt>
    <trkpt lat="49.438755" lon="21.121377">
      <ele>908</ele>
      <time>2026-05-07T12:04:21Z</time>
    </trkpt>
    <trkpt lat="49.438727" lon="21.121618">
      <ele>912</ele>
      <time>2026-05-07T12:04:49Z</time>
    </trkpt>
    <trkpt lat="49.438716" lon="21.121865">
      <ele>916</ele>
      <time>2026-05-07T12:05:18Z</time>
    </trkpt>
    <trkpt lat="49.438723" lon="21.122176">
      <ele>921</ele>
      <time>2026-05-07T12:05:54Z</time>
    </trkpt>
    <trkpt lat="49.438667" lon="21.122455">
      <ele>926</ele>
      <time>2026-05-07T12:06:28Z</time>
    </trkpt>
    <trkpt lat="49.438573" lon="21.122637">
      <ele>927</ele>
      <time>2026-05-07T12:06:55Z</time>
    </trkpt>
    <trkpt lat="49.438462" lon="21.122836">
      <ele>927</ele>
      <time>2026-05-07T12:07:25Z</time>
    </trkpt>
    <trkpt lat="49.438326" lon="21.122948">
      <ele>926</ele>
      <time>2026-05-07T12:07:51Z</time>
    </trkpt>
    <trkpt lat="49.43814" lon="21.12304">
      <ele>922</ele>
      <time>2026-05-07T12:08:26Z</time>
    </trkpt>
    <trkpt lat="49.437851" lon="21.123152">
      <ele>918</ele>
      <time>2026-05-07T12:09:19Z</time>
    </trkpt>
    <trkpt lat="49.43759" lon="21.123329">
      <ele>915</ele>
      <time>2026-05-07T12:10:09Z</time>
    </trkpt>
    <trkpt lat="49.437454" lon="21.123404">
      <ele>914</ele>
      <time>2026-05-07T12:10:34Z</time>
    </trkpt>
    <trkpt lat="49.437112" lon="21.123705">
      <ele>910</ele>
      <time>2026-05-07T12:11:43Z</time>
    </trkpt>
    <trkpt lat="49.436886" lon="21.123832">
      <ele>906</ele>
      <time>2026-05-07T12:12:25Z</time>
    </trkpt>
    <trkpt lat="49.436738" lon="21.123896">
      <ele>904</ele>
      <time>2026-05-07T12:12:53Z</time>
    </trkpt>
    <trkpt lat="49.43656" lon="21.123966">
      <ele>901</ele>
      <time>2026-05-07T12:13:25Z</time>
    </trkpt>
    <trkpt lat="49.436416" lon="21.123681">
      <ele>894</ele>
      <time>2026-05-07T12:14:03Z</time>
    </trkpt>
    <trkpt lat="49.43615" lon="21.123133">
      <ele>878</ele>
      <time>2026-05-07T12:15:16Z</time>
    </trkpt>
    <trkpt lat="49.435997" lon="21.122763">
      <ele>867</ele>
      <time>2026-05-07T12:16:03Z</time>
    </trkpt>
    <trkpt lat="49.435824" lon="21.122189">
      <ele>848</ele>
      <time>2026-05-07T12:17:13Z</time>
    </trkpt>
    <trkpt lat="49.435689" lon="21.121729">
      <ele>835</ele>
      <time>2026-05-07T12:18:08Z</time>
    </trkpt>
    <trkpt lat="49.435435" lon="21.121235">
      <ele>818</ele>
      <time>2026-05-07T12:19:16Z</time>
    </trkpt>
    <trkpt lat="49.435277" lon="21.120894">
      <ele>812</ele>
      <time>2026-05-07T12:20:00Z</time>
    </trkpt>
    <trkpt lat="49.435199" lon="21.120707">
      <ele>809</ele>
      <time>2026-05-07T12:20:23Z</time>
    </trkpt>
    <trkpt lat="49.435077" lon="21.120515">
      <ele>805</ele>
      <time>2026-05-07T12:20:50Z</time>
    </trkpt>
    <trkpt lat="49.434865" lon="21.120215">
      <ele>798</ele>
      <time>2026-05-07T12:21:37Z</time>
    </trkpt>
    <trkpt lat="49.434514" lon="21.119858">
      <ele>790</ele>
      <time>2026-05-07T12:22:43Z</time>
    </trkpt>
    <trkpt lat="49.433744" lon="21.11928">
      <ele>779</ele>
      <time>2026-05-07T12:24:59Z</time>
    </trkpt>
    <trkpt lat="49.433229" lon="21.118855">
      <ele>774</ele>
      <time>2026-05-07T12:26:30Z</time>
    </trkpt>
    <trkpt lat="49.432798" lon="21.118576">
      <ele>768</ele>
      <time>2026-05-07T12:27:44Z</time>
    </trkpt>
    <trkpt lat="49.432552" lon="21.118442">
      <ele>766</ele>
      <time>2026-05-07T12:28:25Z</time>
    </trkpt>
    <trkpt lat="49.431966" lon="21.11826">
      <ele>765</ele>
      <time>2026-05-07T12:29:59Z</time>
    </trkpt>
    <trkpt lat="49.43152" lon="21.118124">
      <ele>768</ele>
      <time>2026-05-07T12:31:10Z</time>
    </trkpt>
    <trkpt lat="49.431263" lon="21.117946">
      <ele>771</ele>
      <time>2026-05-07T12:31:54Z</time>
    </trkpt>
    <trkpt lat="49.430905" lon="21.117646">
      <ele>772</ele>
      <time>2026-05-07T12:32:58Z</time>
    </trkpt>
    <trkpt lat="49.430757" lon="21.117587">
      <ele>772</ele>
      <time>2026-05-07T12:33:22Z</time>
    </trkpt>
    <trkpt lat="49.43059" lon="21.11745">
      <ele>773</ele>
      <time>2026-05-07T12:33:52Z</time>
    </trkpt>
    <trkpt lat="49.430499" lon="21.117391">
      <ele>774</ele>
      <time>2026-05-07T12:34:07Z</time>
    </trkpt>
    <trkpt lat="49.430429" lon="21.117383">
      <ele>775</ele>
      <time>2026-05-07T12:34:18Z</time>
    </trkpt>
    <trkpt lat="49.43014" lon="21.117337">
      <ele>781</ele>
      <time>2026-05-07T12:35:04Z</time>
    </trkpt>
    <trkpt lat="49.429963" lon="21.117248">
      <ele>784</ele>
      <time>2026-05-07T12:35:34Z</time>
    </trkpt>
    <trkpt lat="49.429491" lon="21.11673">
      <ele>790</ele>
      <time>2026-05-07T12:37:05Z</time>
    </trkpt>
    <trkpt lat="49.428606" lon="21.11599">
      <ele>810</ele>
      <time>2026-05-07T12:39:45Z</time>
    </trkpt>
    <trkpt lat="49.427847" lon="21.115306">
      <ele>831</ele>
      <time>2026-05-07T12:42:06Z</time>
    </trkpt>
    <trkpt lat="49.427694" lon="21.115124">
      <ele>837</ele>
      <time>2026-05-07T12:42:38Z</time>
    </trkpt>
    <trkpt lat="49.427431" lon="21.114993">
      <ele>843</ele>
      <time>2026-05-07T12:43:22Z</time>
    </trkpt>
    <trkpt lat="49.427219" lon="21.11499">
      <ele>847</ele>
      <time>2026-05-07T12:43:56Z</time>
    </trkpt>
    <trkpt lat="49.426986" lon="21.114988">
      <ele>855</ele>
      <time>2026-05-07T12:44:34Z</time>
    </trkpt>
    <trkpt lat="49.426673" lon="21.114929">
      <ele>866</ele>
      <time>2026-05-07T12:45:25Z</time>
    </trkpt>
    <trkpt lat="49.426167" lon="21.114864">
      <ele>879</ele>
      <time>2026-05-07T12:46:47Z</time>
    </trkpt>
    <trkpt lat="49.426095" lon="21.114837">
      <ele>881</ele>
      <time>2026-05-07T12:46:59Z</time>
    </trkpt>
    <trkpt lat="49.425909" lon="21.114768">
      <ele>886</ele>
      <time>2026-05-07T12:47:30Z</time>
    </trkpt>
    <trkpt lat="49.425702" lon="21.114628">
      <ele>894</ele>
      <time>2026-05-07T12:48:07Z</time>
    </trkpt>
    <trkpt lat="49.42549" lon="21.11455">
      <ele>902</ele>
      <time>2026-05-07T12:48:43Z</time>
    </trkpt>
    <trkpt lat="49.425178" lon="21.114371">
      <ele>915</ele>
      <time>2026-05-07T12:49:38Z</time>
    </trkpt>
    <trkpt lat="49.425023" lon="21.114296">
      <ele>921</ele>
      <time>2026-05-07T12:50:05Z</time>
    </trkpt>
    <trkpt lat="49.424857" lon="21.114231">
      <ele>929</ele>
      <time>2026-05-07T12:50:34Z</time>
    </trkpt>
    <trkpt lat="49.424646" lon="21.114079">
      <ele>940</ele>
      <time>2026-05-07T12:51:13Z</time>
    </trkpt>
    <trkpt lat="49.424538" lon="21.113993">
      <ele>945</ele>
      <time>2026-05-07T12:51:34Z</time>
    </trkpt>
    <trkpt lat="49.424381" lon="21.113923">
      <ele>950</ele>
      <time>2026-05-07T12:52:00Z</time>
    </trkpt>
    <trkpt lat="49.424255" lon="21.113877">
      <ele>950</ele>
      <time>2026-05-07T12:52:21Z</time>
    </trkpt>
    <trkpt lat="49.424149" lon="21.113816">
      <ele>951</ele>
      <time>2026-05-07T12:52:38Z</time>
    </trkpt>
    <trkpt lat="49.424056" lon="21.113762">
      <ele>949</ele>
      <time>2026-05-07T12:52:54Z</time>
    </trkpt>
    <trkpt lat="49.424002" lon="21.113663">
      <ele>949</ele>
      <time>2026-05-07T12:53:07Z</time>
    </trkpt>
    <trkpt lat="49.424004" lon="21.113545">
      <ele>950</ele>
      <time>2026-05-07T12:53:19Z</time>
    </trkpt>
    <trkpt lat="49.424036" lon="21.113372">
      <ele>951</ele>
      <time>2026-05-07T12:53:38Z</time>
    </trkpt>
    <trkpt lat="49.424137" lon="21.112992">
      <ele>954</ele>
      <time>2026-05-07T12:54:20Z</time>
    </trkpt>
    <trkpt lat="49.424182" lon="21.112769">
      <ele>954</ele>
      <time>2026-05-07T12:54:44Z</time>
    </trkpt>
    <trkpt lat="49.424201" lon="21.112609">
      <ele>955</ele>
      <time>2026-05-07T12:55:00Z</time>
    </trkpt>
    <trkpt lat="49.424297" lon="21.111592">
      <ele>962</ele>
      <time>2026-05-07T12:56:45Z</time>
    </trkpt>
    <trkpt lat="49.424374" lon="21.110967">
      <ele>966</ele>
      <time>2026-05-07T12:57:50Z</time>
    </trkpt>
    <trkpt lat="49.424412" lon="21.110511">
      <ele>969</ele>
      <time>2026-05-07T12:58:37Z</time>
    </trkpt>
    <trkpt lat="49.424449" lon="21.110221">
      <ele>972</ele>
      <time>2026-05-07T12:59:08Z</time>
    </trkpt>
    <trkpt lat="49.424618" lon="21.109714">
      <ele>974</ele>
      <time>2026-05-07T13:00:06Z</time>
    </trkpt>
    <trkpt lat="49.424674" lon="21.109331">
      <ele>973</ele>
      <time>2026-05-07T13:00:46Z</time>
    </trkpt>
    <trkpt lat="49.424765" lon="21.109004">
      <ele>972</ele>
      <time>2026-05-07T13:01:22Z</time>
    </trkpt>
    <trkpt lat="49.425006" lon="21.107768">
      <ele>977</ele>
      <time>2026-05-07T13:03:34Z</time>
    </trkpt>
    <trkpt lat="49.425135" lon="21.10752">
      <ele>976</ele>
      <time>2026-05-07T13:04:06Z</time>
    </trkpt>
    <trkpt lat="49.425229" lon="21.107373">
      <ele>975</ele>
      <time>2026-05-07T13:04:27Z</time>
    </trkpt>
    <trkpt lat="49.425309" lon="21.107148">
      <ele>974</ele>
      <time>2026-05-07T13:04:53Z</time>
    </trkpt>
    <trkpt lat="49.425321" lon="21.106936">
      <ele>972</ele>
      <time>2026-05-07T13:05:15Z</time>
    </trkpt>
    <trkpt lat="49.425347" lon="21.106708">
      <ele>971</ele>
      <time>2026-05-07T13:05:39Z</time>
    </trkpt>
    <trkpt lat="49.425412" lon="21.106525">
      <ele>972</ele>
      <time>2026-05-07T13:06:00Z</time>
    </trkpt>
    <trkpt lat="49.425483" lon="21.106319">
      <ele>973</ele>
      <time>2026-05-07T13:06:24Z</time>
    </trkpt>
    <trkpt lat="49.425515" lon="21.106107">
      <ele>976</ele>
      <time>2026-05-07T13:06:46Z</time>
    </trkpt>
    <trkpt lat="49.425522" lon="21.105868">
      <ele>976</ele>
      <time>2026-05-07T13:07:11Z</time>
    </trkpt>
    <trkpt lat="49.425581" lon="21.105638">
      <ele>978</ele>
      <time>2026-05-07T13:07:36Z</time>
    </trkpt>
    <trkpt lat="49.42574" lon="21.105235">
      <ele>978</ele>
      <time>2026-05-07T13:08:24Z</time>
    </trkpt>
    <trkpt lat="49.425855" lon="21.104983">
      <ele>979</ele>
      <time>2026-05-07T13:08:55Z</time>
    </trkpt>
    <trkpt lat="49.425907" lon="21.104752">
      <ele>979</ele>
      <time>2026-05-07T13:09:20Z</time>
    </trkpt>
    <trkpt lat="49.426046" lon="21.104359">
      <ele>984</ele>
      <time>2026-05-07T13:10:06Z</time>
    </trkpt>
    <trkpt lat="49.426153" lon="21.103966">
      <ele>987</ele>
      <time>2026-05-07T13:10:50Z</time>
    </trkpt>
    <trkpt lat="49.42618" lon="21.103747">
      <ele>987</ele>
      <time>2026-05-07T13:11:12Z</time>
    </trkpt>
    <trkpt lat="49.426314" lon="21.103288">
      <ele>988</ele>
      <time>2026-05-07T13:12:04Z</time>
    </trkpt>
    <trkpt lat="49.426505" lon="21.102555">
      <ele>997</ele>
      <time>2026-05-07T13:13:25Z</time>
    </trkpt>
    <trkpt lat="49.426314" lon="21.103288">
      <ele>988</ele>
      <time>2026-05-07T13:14:33Z</time>
    </trkpt>
    <trkpt lat="49.42618" lon="21.103747">
      <ele>987</ele>
      <time>2026-05-07T13:15:15Z</time>
    </trkpt>
    <trkpt lat="49.426153" lon="21.103966">
      <ele>987</ele>
      <time>2026-05-07T13:15:34Z</time>
    </trkpt>
    <trkpt lat="49.426046" lon="21.104359">
      <ele>984</ele>
      <time>2026-05-07T13:16:11Z</time>
    </trkpt>
    <trkpt lat="49.425907" lon="21.104752">
      <ele>979</ele>
      <time>2026-05-07T13:16:49Z</time>
    </trkpt>
    <trkpt lat="49.425855" lon="21.104983">
      <ele>979</ele>
      <time>2026-05-07T13:17:10Z</time>
    </trkpt>
    <trkpt lat="49.42574" lon="21.105235">
      <ele>978</ele>
      <time>2026-05-07T13:17:36Z</time>
    </trkpt>
    <trkpt lat="49.425581" lon="21.105638">
      <ele>978</ele>
      <time>2026-05-07T13:18:16Z</time>
    </trkpt>
    <trkpt lat="49.425522" lon="21.105868">
      <ele>976</ele>
      <time>2026-05-07T13:18:37Z</time>
    </trkpt>
    <trkpt lat="49.425515" lon="21.106107">
      <ele>976</ele>
      <time>2026-05-07T13:18:57Z</time>
    </trkpt>
    <trkpt lat="49.425483" lon="21.106319">
      <ele>973</ele>
      <time>2026-05-07T13:19:16Z</time>
    </trkpt>
    <trkpt lat="49.425412" lon="21.106525">
      <ele>972</ele>
      <time>2026-05-07T13:19:36Z</time>
    </trkpt>
    <trkpt lat="49.425347" lon="21.106708">
      <ele>971</ele>
      <time>2026-05-07T13:19:54Z</time>
    </trkpt>
    <trkpt lat="49.425321" lon="21.106936">
      <ele>972</ele>
      <time>2026-05-07T13:20:13Z</time>
    </trkpt>
    <trkpt lat="49.425309" lon="21.107148">
      <ele>974</ele>
      <time>2026-05-07T13:20:32Z</time>
    </trkpt>
    <trkpt lat="49.425229" lon="21.107373">
      <ele>975</ele>
      <time>2026-05-07T13:20:53Z</time>
    </trkpt>
    <trkpt lat="49.425135" lon="21.10752">
      <ele>976</ele>
      <time>2026-05-07T13:21:11Z</time>
    </trkpt>
    <trkpt lat="49.425006" lon="21.107768">
      <ele>977</ele>
      <time>2026-05-07T13:21:38Z</time>
    </trkpt>
    <trkpt lat="49.424765" lon="21.109004">
      <ele>972</ele>
      <time>2026-05-07T13:23:27Z</time>
    </trkpt>
    <trkpt lat="49.424674" lon="21.109331">
      <ele>973</ele>
      <time>2026-05-07T13:23:58Z</time>
    </trkpt>
    <trkpt lat="49.424618" lon="21.109714">
      <ele>974</ele>
      <time>2026-05-07T13:24:31Z</time>
    </trkpt>
    <trkpt lat="49.424449" lon="21.110221">
      <ele>972</ele>
      <time>2026-05-07T13:25:19Z</time>
    </trkpt>
    <trkpt lat="49.424412" lon="21.110511">
      <ele>969</ele>
      <time>2026-05-07T13:25:45Z</time>
    </trkpt>
    <trkpt lat="49.424374" lon="21.110967">
      <ele>966</ele>
      <time>2026-05-07T13:26:24Z</time>
    </trkpt>
    <trkpt lat="49.424297" lon="21.111592">
      <ele>962</ele>
      <time>2026-05-07T13:27:18Z</time>
    </trkpt>
    <trkpt lat="49.424201" lon="21.112609">
      <ele>955</ele>
      <time>2026-05-07T13:28:46Z</time>
    </trkpt>
    <trkpt lat="49.424182" lon="21.112769">
      <ele>954</ele>
      <time>2026-05-07T13:29:00Z</time>
    </trkpt>
    <trkpt lat="49.424137" lon="21.112992">
      <ele>954</ele>
      <time>2026-05-07T13:29:19Z</time>
    </trkpt>
    <trkpt lat="49.424036" lon="21.113372">
      <ele>951</ele>
      <time>2026-05-07T13:29:54Z</time>
    </trkpt>
    <trkpt lat="49.424004" lon="21.113545">
      <ele>950</ele>
      <time>2026-05-07T13:30:10Z</time>
    </trkpt>
    <trkpt lat="49.424002" lon="21.113663">
      <ele>949</ele>
      <time>2026-05-07T13:30:20Z</time>
    </trkpt>
    <trkpt lat="49.424056" lon="21.113762">
      <ele>949</ele>
      <time>2026-05-07T13:30:31Z</time>
    </trkpt>
    <trkpt lat="49.424149" lon="21.113816">
      <ele>951</ele>
      <time>2026-05-07T13:30:44Z</time>
    </trkpt>
    <trkpt lat="49.424255" lon="21.113877">
      <ele>950</ele>
      <time>2026-05-07T13:30:59Z</time>
    </trkpt>
    <trkpt lat="49.424381" lon="21.113923">
      <ele>950</ele>
      <time>2026-05-07T13:31:16Z</time>
    </trkpt>
    <trkpt lat="49.424538" lon="21.113993">
      <ele>945</ele>
      <time>2026-05-07T13:31:38Z</time>
    </trkpt>
    <trkpt lat="49.424646" lon="21.114079">
      <ele>940</ele>
      <time>2026-05-07T13:31:55Z</time>
    </trkpt>
    <trkpt lat="49.424857" lon="21.114231">
      <ele>929</ele>
      <time>2026-05-07T13:32:27Z</time>
    </trkpt>
    <trkpt lat="49.425023" lon="21.114296">
      <ele>921</ele>
      <time>2026-05-07T13:32:52Z</time>
    </trkpt>
    <trkpt lat="49.425178" lon="21.114371">
      <ele>915</ele>
      <time>2026-05-07T13:33:14Z</time>
    </trkpt>
    <trkpt lat="49.42549" lon="21.11455">
      <ele>902</ele>
      <time>2026-05-07T13:34:00Z</time>
    </trkpt>
    <trkpt lat="49.425702" lon="21.114628">
      <ele>894</ele>
      <time>2026-05-07T13:34:30Z</time>
    </trkpt>
    <trkpt lat="49.425909" lon="21.114768">
      <ele>886</ele>
      <time>2026-05-07T13:35:01Z</time>
    </trkpt>
    <trkpt lat="49.426095" lon="21.114837">
      <ele>881</ele>
      <time>2026-05-07T13:35:27Z</time>
    </trkpt>
    <trkpt lat="49.426167" lon="21.114864">
      <ele>879</ele>
      <time>2026-05-07T13:35:37Z</time>
    </trkpt>
    <trkpt lat="49.426673" lon="21.114929">
      <ele>866</ele>
      <time>2026-05-07T13:36:45Z</time>
    </trkpt>
    <trkpt lat="49.426986" lon="21.114988">
      <ele>855</ele>
      <time>2026-05-07T13:37:28Z</time>
    </trkpt>
    <trkpt lat="49.427219" lon="21.11499">
      <ele>847</ele>
      <time>2026-05-07T13:38:00Z</time>
    </trkpt>
    <trkpt lat="49.427431" lon="21.114993">
      <ele>843</ele>
      <time>2026-05-07T13:38:28Z</time>
    </trkpt>
    <trkpt lat="49.427694" lon="21.115124">
      <ele>837</ele>
      <time>2026-05-07T13:39:05Z</time>
    </trkpt>
    <trkpt lat="49.427847" lon="21.115306">
      <ele>831</ele>
      <time>2026-05-07T13:39:31Z</time>
    </trkpt>
    <trkpt lat="49.428606" lon="21.11599">
      <ele>810</ele>
      <time>2026-05-07T13:41:28Z</time>
    </trkpt>
    <trkpt lat="49.429491" lon="21.11673">
      <ele>790</ele>
      <time>2026-05-07T13:43:42Z</time>
    </trkpt>
    <trkpt lat="49.429963" lon="21.117248">
      <ele>784</ele>
      <time>2026-05-07T13:44:58Z</time>
    </trkpt>
    <trkpt lat="49.43014" lon="21.117337">
      <ele>781</ele>
      <time>2026-05-07T13:45:22Z</time>
    </trkpt>
    <trkpt lat="49.430429" lon="21.117383">
      <ele>775</ele>
      <time>2026-05-07T13:46:01Z</time>
    </trkpt>
    <trkpt lat="49.430499" lon="21.117391">
      <ele>774</ele>
      <time>2026-05-07T13:46:10Z</time>
    </trkpt>
    <trkpt lat="49.43059" lon="21.11745">
      <ele>773</ele>
      <time>2026-05-07T13:46:23Z</time>
    </trkpt>
    <trkpt lat="49.430757" lon="21.117587">
      <ele>772</ele>
      <time>2026-05-07T13:46:48Z</time>
    </trkpt>
    <trkpt lat="49.430905" lon="21.117646">
      <ele>772</ele>
      <time>2026-05-07T13:47:07Z</time>
    </trkpt>
    <trkpt lat="49.431263" lon="21.117946">
      <ele>771</ele>
      <time>2026-05-07T13:48:01Z</time>
    </trkpt>
    <trkpt lat="49.43152" lon="21.118124">
      <ele>768</ele>
      <time>2026-05-07T13:48:38Z</time>
    </trkpt>
    <trkpt lat="49.431966" lon="21.11826">
      <ele>765</ele>
      <time>2026-05-07T13:49:37Z</time>
    </trkpt>
    <trkpt lat="49.432552" lon="21.118442">
      <ele>766</ele>
      <time>2026-05-07T13:50:55Z</time>
    </trkpt>
    <trkpt lat="49.432798" lon="21.118576">
      <ele>768</ele>
      <time>2026-05-07T13:51:29Z</time>
    </trkpt>
    <trkpt lat="49.433229" lon="21.118855">
      <ele>774</ele>
      <time>2026-05-07T13:52:31Z</time>
    </trkpt>
    <trkpt lat="49.433744" lon="21.11928">
      <ele>779</ele>
      <time>2026-05-07T13:53:47Z</time>
    </trkpt>
    <trkpt lat="49.434514" lon="21.119858">
      <ele>790</ele>
      <time>2026-05-07T13:55:40Z</time>
    </trkpt>
    <trkpt lat="49.434865" lon="21.120215">
      <ele>798</ele>
      <time>2026-05-07T13:56:35Z</time>
    </trkpt>
    <trkpt lat="49.435077" lon="21.120515">
      <ele>805</ele>
      <time>2026-05-07T13:57:14Z</time>
    </trkpt>
    <trkpt lat="49.435199" lon="21.120707">
      <ele>809</ele>
      <time>2026-05-07T13:57:37Z</time>
    </trkpt>
    <trkpt lat="49.435277" lon="21.120894">
      <ele>812</ele>
      <time>2026-05-07T13:57:56Z</time>
    </trkpt>
    <trkpt lat="49.435435" lon="21.121235">
      <ele>818</ele>
      <time>2026-05-07T13:58:33Z</time>
    </trkpt>
    <trkpt lat="49.435689" lon="21.121729">
      <ele>835</ele>
      <time>2026-05-07T13:59:30Z</time>
    </trkpt>
    <trkpt lat="49.435824" lon="21.122189">
      <ele>848</ele>
      <time>2026-05-07T14:00:15Z</time>
    </trkpt>
    <trkpt lat="49.435997" lon="21.122763">
      <ele>867</ele>
      <time>2026-05-07T14:01:13Z</time>
    </trkpt>
    <trkpt lat="49.43615" lon="21.123133">
      <ele>878</ele>
      <time>2026-05-07T14:01:53Z</time>
    </trkpt>
    <trkpt lat="49.436416" lon="21.123681">
      <ele>894</ele>
      <time>2026-05-07T14:02:54Z</time>
    </trkpt>
    <trkpt lat="49.43656" lon="21.123966">
      <ele>901</ele>
      <time>2026-05-07T14:03:25Z</time>
    </trkpt>
    <trkpt lat="49.436738" lon="21.123896">
      <ele>904</ele>
      <time>2026-05-07T14:03:47Z</time>
    </trkpt>
    <trkpt lat="49.436886" lon="21.123832">
      <ele>906</ele>
      <time>2026-05-07T14:04:05Z</time>
    </trkpt>
    <trkpt lat="49.437112" lon="21.123705">
      <ele>910</ele>
      <time>2026-05-07T14:04:33Z</time>
    </trkpt>
    <trkpt lat="49.437454" lon="21.123404">
      <ele>914</ele>
      <time>2026-05-07T14:05:19Z</time>
    </trkpt>
    <trkpt lat="49.43759" lon="21.123329">
      <ele>915</ele>
      <time>2026-05-07T14:05:36Z</time>
    </trkpt>
    <trkpt lat="49.437851" lon="21.123152">
      <ele>918</ele>
      <time>2026-05-07T14:06:09Z</time>
    </trkpt>
    <trkpt lat="49.43814" lon="21.12304">
      <ele>922</ele>
      <time>2026-05-07T14:06:44Z</time>
    </trkpt>
    <trkpt lat="49.438326" lon="21.122948">
      <ele>926</ele>
      <time>2026-05-07T14:07:07Z</time>
    </trkpt>
    <trkpt lat="49.438462" lon="21.122836">
      <ele>927</ele>
      <time>2026-05-07T14:07:25Z</time>
    </trkpt>
    <trkpt lat="49.438573" lon="21.122637">
      <ele>927</ele>
      <time>2026-05-07T14:07:45Z</time>
    </trkpt>
    <trkpt lat="49.438667" lon="21.122455">
      <ele>926</ele>
      <time>2026-05-07T14:08:03Z</time>
    </trkpt>
    <trkpt lat="49.438723" lon="21.122176">
      <ele>921</ele>
      <time>2026-05-07T14:08:25Z</time>
    </trkpt>
    <trkpt lat="49.438716" lon="21.121865">
      <ele>916</ele>
      <time>2026-05-07T14:08:50Z</time>
    </trkpt>
    <trkpt lat="49.438727" lon="21.121618">
      <ele>912</ele>
      <time>2026-05-07T14:09:09Z</time>
    </trkpt>
    <trkpt lat="49.438755" lon="21.121377">
      <ele>908</ele>
      <time>2026-05-07T14:09:28Z</time>
    </trkpt>
    <trkpt lat="49.438866" lon="21.121071">
      <ele>904</ele>
      <time>2026-05-07T14:09:55Z</time>
    </trkpt>
    <trkpt lat="49.438957" lon="21.120819">
      <ele>902</ele>
      <time>2026-05-07T14:10:17Z</time>
    </trkpt>
    <trkpt lat="49.438995" lon="21.120642">
      <ele>899</ele>
      <time>2026-05-07T14:10:31Z</time>
    </trkpt>
    <trkpt lat="49.439076" lon="21.120551">
      <ele>899</ele>
      <time>2026-05-07T14:10:43Z</time>
    </trkpt>
    <trkpt lat="49.439257" lon="21.120341">
      <ele>897</ele>
      <time>2026-05-07T14:11:09Z</time>
    </trkpt>
    <trkpt lat="49.439571" lon="21.119805">
      <ele>894</ele>
      <time>2026-05-07T14:12:04Z</time>
    </trkpt>
    <trkpt lat="49.439738" lon="21.119553">
      <ele>894</ele>
      <time>2026-05-07T14:12:31Z</time>
    </trkpt>
    <trkpt lat="49.440036" lon="21.119131">
      <ele>890</ele>
      <time>2026-05-07T14:13:18Z</time>
    </trkpt>
    <trkpt lat="49.440223" lon="21.118845">
      <ele>888</ele>
      <time>2026-05-07T14:13:49Z</time>
    </trkpt>
    <trkpt lat="49.440579" lon="21.118292">
      <ele>886</ele>
      <time>2026-05-07T14:14:48Z</time>
    </trkpt>
    <trkpt lat="49.44076" lon="21.118002">
      <ele>885</ele>
      <time>2026-05-07T14:15:19Z</time>
    </trkpt>
    <trkpt lat="49.440952" lon="21.117799">
      <ele>885</ele>
      <time>2026-05-07T14:15:46Z</time>
    </trkpt>
    <trkpt lat="49.441113" lon="21.117579">
      <ele>883</ele>
      <time>2026-05-07T14:16:11Z</time>
    </trkpt>
    <trkpt lat="49.441311" lon="21.117128">
      <ele>882</ele>
      <time>2026-05-07T14:16:52Z</time>
    </trkpt>
    <trkpt lat="49.441423" lon="21.116962">
      <ele>883</ele>
      <time>2026-05-07T14:17:10Z</time>
    </trkpt>
    <trkpt lat="49.441615" lon="21.116576">
      <ele>883</ele>
      <time>2026-05-07T14:17:47Z</time>
    </trkpt>
    <trkpt lat="49.441758" lon="21.116484">
      <ele>884</ele>
      <time>2026-05-07T14:18:05Z</time>
    </trkpt>
    <trkpt lat="49.441915" lon="21.116366">
      <ele>885</ele>
      <time>2026-05-07T14:18:25Z</time>
    </trkpt>
    <trkpt lat="49.442086" lon="21.116152">
      <ele>888</ele>
      <time>2026-05-07T14:18:51Z</time>
    </trkpt>
    <trkpt lat="49.442271" lon="21.115948">
      <ele>892</ele>
      <time>2026-05-07T14:19:18Z</time>
    </trkpt>
    <trkpt lat="49.442511" lon="21.11576">
      <ele>897</ele>
      <time>2026-05-07T14:19:50Z</time>
    </trkpt>
    <trkpt lat="49.442749" lon="21.115567">
      <ele>904</ele>
      <time>2026-05-07T14:20:22Z</time>
    </trkpt>
    <trkpt lat="49.443059" lon="21.115272">
      <ele>909</ele>
      <time>2026-05-07T14:21:05Z</time>
    </trkpt>
    <trkpt lat="49.443233" lon="21.115068">
      <ele>912</ele>
      <time>2026-05-07T14:21:30Z</time>
    </trkpt>
    <trkpt lat="49.443432" lon="21.114773">
      <ele>916</ele>
      <time>2026-05-07T14:22:03Z</time>
    </trkpt>
    <trkpt lat="49.443969" lon="21.113877">
      <ele>917</ele>
      <time>2026-05-07T14:23:35Z</time>
    </trkpt>
    <trkpt lat="49.444168" lon="21.113475">
      <ele>913</ele>
      <time>2026-05-07T14:24:14Z</time>
    </trkpt>
    <trkpt lat="49.44436" lon="21.113035">
      <ele>906</ele>
      <time>2026-05-07T14:24:54Z</time>
    </trkpt>
    <trkpt lat="49.444496" lon="21.112649">
      <ele>902</ele>
      <time>2026-05-07T14:25:28Z</time>
    </trkpt>
    <trkpt lat="49.444625" lon="21.112268">
      <ele>899</ele>
      <time>2026-05-07T14:26:00Z</time>
    </trkpt>
    <trkpt lat="49.444712" lon="21.111984">
      <ele>898</ele>
      <time>2026-05-07T14:26:24Z</time>
    </trkpt>
    <trkpt lat="49.444803" lon="21.111694">
      <ele>895</ele>
      <time>2026-05-07T14:26:49Z</time>
    </trkpt>
    <trkpt lat="49.444806" lon="21.111485">
      <ele>894</ele>
      <time>2026-05-07T14:27:05Z</time>
    </trkpt>
    <trkpt lat="49.444869" lon="21.111308">
      <ele>893</ele>
      <time>2026-05-07T14:27:20Z</time>
    </trkpt>
    <trkpt lat="49.444988" lon="21.11112">
      <ele>895</ele>
      <time>2026-05-07T14:27:40Z</time>
    </trkpt>
    <trkpt lat="49.44511" lon="21.1109">
      <ele>894</ele>
      <time>2026-05-07T14:28:02Z</time>
    </trkpt>
    <trkpt lat="49.445368" lon="21.110187">
      <ele>896</ele>
      <time>2026-05-07T14:29:04Z</time>
    </trkpt>
    <trkpt lat="49.445612" lon="21.109677">
      <ele>900</ele>
      <time>2026-05-07T14:29:52Z</time>
    </trkpt>
    <trkpt lat="49.445863" lon="21.109237">
      <ele>902</ele>
      <time>2026-05-07T14:30:36Z</time>
    </trkpt>
    <trkpt lat="49.446059" lon="21.108813">
      <ele>902</ele>
      <time>2026-05-07T14:31:15Z</time>
    </trkpt>
    <trkpt lat="49.446219" lon="21.108502">
      <ele>902</ele>
      <time>2026-05-07T14:31:45Z</time>
    </trkpt>
    <trkpt lat="49.44647" lon="21.108078">
      <ele>896</ele>
      <time>2026-05-07T14:32:29Z</time>
    </trkpt>
    <trkpt lat="49.446665" lon="21.107864">
      <ele>892</ele>
      <time>2026-05-07T14:32:57Z</time>
    </trkpt>
    <trkpt lat="49.446896" lon="21.107585">
      <ele>887</ele>
      <time>2026-05-07T14:33:32Z</time>
    </trkpt>
    <trkpt lat="49.447" lon="21.107365">
      <ele>884</ele>
      <time>2026-05-07T14:33:53Z</time>
    </trkpt>
    <trkpt lat="49.44707" lon="21.107199">
      <ele>882</ele>
      <time>2026-05-07T14:34:08Z</time>
    </trkpt>
    <trkpt lat="49.447107" lon="21.106927">
      <ele>877</ele>
      <time>2026-05-07T14:34:30Z</time>
    </trkpt>
    <trkpt lat="49.447171" lon="21.106265">
      <ele>862</ele>
      <time>2026-05-07T14:35:23Z</time>
    </trkpt>
    <trkpt lat="49.447216" lon="21.105863">
      <ele>852</ele>
      <time>2026-05-07T14:35:55Z</time>
    </trkpt>
    <trkpt lat="49.447293" lon="21.105477">
      <ele>842</ele>
      <time>2026-05-07T14:36:28Z</time>
    </trkpt>
    <trkpt lat="49.447419" lon="21.104956">
      <ele>832</ele>
      <time>2026-05-07T14:37:11Z</time>
    </trkpt>
    <trkpt lat="49.447558" lon="21.104484">
      <ele>827</ele>
      <time>2026-05-07T14:37:51Z</time>
    </trkpt>
    <trkpt lat="49.447677" lon="21.104227">
      <ele>824</ele>
      <time>2026-05-07T14:38:15Z</time>
    </trkpt>
    <trkpt lat="49.447822" lon="21.103948">
      <ele>822</ele>
      <time>2026-05-07T14:38:42Z</time>
    </trkpt>
    <trkpt lat="49.448017" lon="21.104168">
      <ele>822</ele>
      <time>2026-05-07T14:39:10Z</time>
    </trkpt>
    <trkpt lat="49.448188" lon="21.104385">
      <ele>820</ele>
      <time>2026-05-07T14:39:36Z</time>
    </trkpt>
    <trkpt lat="49.448371" lon="21.104586">
      <ele>817</ele>
      <time>2026-05-07T14:40:02Z</time>
    </trkpt>
    <trkpt lat="49.448763" lon="21.104962">
      <ele>807</ele>
      <time>2026-05-07T14:40:57Z</time>
    </trkpt>
    <trkpt lat="49.448901" lon="21.105077">
      <ele>803</ele>
      <time>2026-05-07T14:41:16Z</time>
    </trkpt>
    <trkpt lat="49.449095" lon="21.105259">
      <ele>795</ele>
      <time>2026-05-07T14:41:43Z</time>
    </trkpt>
    <trkpt lat="49.449252" lon="21.105471">
      <ele>788</ele>
      <time>2026-05-07T14:42:09Z</time>
    </trkpt>
    <trkpt lat="49.449389" lon="21.105726">
      <ele>781</ele>
      <time>2026-05-07T14:42:35Z</time>
    </trkpt>
    <trkpt lat="49.449476" lon="21.106032">
      <ele>779</ele>
      <time>2026-05-07T14:43:00Z</time>
    </trkpt>
    <trkpt lat="49.449584" lon="21.106364">
      <ele>776</ele>
      <time>2026-05-07T14:43:29Z</time>
    </trkpt>
    <trkpt lat="49.449656" lon="21.106552">
      <ele>773</ele>
      <time>2026-05-07T14:43:45Z</time>
    </trkpt>
    <trkpt lat="49.449966" lon="21.107005">
      <ele>761</ele>
      <time>2026-05-07T14:44:37Z</time>
    </trkpt>
    <trkpt lat="49.450118" lon="21.107333">
      <ele>755</ele>
      <time>2026-05-07T14:45:08Z</time>
    </trkpt>
    <trkpt lat="49.450401" lon="21.107917">
      <ele>743</ele>
      <time>2026-05-07T14:46:04Z</time>
    </trkpt>
    <trkpt lat="49.450552" lon="21.108215">
      <ele>739</ele>
      <time>2026-05-07T14:46:33Z</time>
    </trkpt>
    <trkpt lat="49.450659" lon="21.108424">
      <ele>737</ele>
      <time>2026-05-07T14:46:54Z</time>
    </trkpt>
    <trkpt lat="49.450836" lon="21.108752">
      <ele>730</ele>
      <time>2026-05-07T14:47:26Z</time>
    </trkpt>
    <trkpt lat="49.451112" lon="21.109197">
      <ele>721</ele>
      <time>2026-05-07T14:48:14Z</time>
    </trkpt>
    <trkpt lat="49.451245" lon="21.109393">
      <ele>717</ele>
      <time>2026-05-07T14:48:36Z</time>
    </trkpt>
    <trkpt lat="49.451367" lon="21.109698">
      <ele>713</ele>
      <time>2026-05-07T14:49:03Z</time>
    </trkpt>
    <trkpt lat="49.451511" lon="21.110069">
      <ele>707</ele>
      <time>2026-05-07T14:49:37Z</time>
    </trkpt>
    <trkpt lat="49.451606" lon="21.110423">
      <ele>702</ele>
      <time>2026-05-07T14:50:06Z</time>
    </trkpt>
    <trkpt lat="49.451626" lon="21.110728">
      <ele>697</ele>
      <time>2026-05-07T14:50:30Z</time>
    </trkpt>
    <trkpt lat="49.451586" lon="21.11104">
      <ele>692</ele>
      <time>2026-05-07T14:50:54Z</time>
    </trkpt>
    <trkpt lat="49.451539" lon="21.111412">
      <ele>688</ele>
      <time>2026-05-07T14:51:23Z</time>
    </trkpt>
    <trkpt lat="49.451471" lon="21.111686">
      <ele>686</ele>
      <time>2026-05-07T14:51:46Z</time>
    </trkpt>
    <trkpt lat="49.45137" lon="21.112029">
      <ele>682</ele>
      <time>2026-05-07T14:52:15Z</time>
    </trkpt>
    <trkpt lat="49.451384" lon="21.112145">
      <ele>679</ele>
      <time>2026-05-07T14:52:24Z</time>
    </trkpt>
    <trkpt lat="49.451462" lon="21.112193">
      <ele>676</ele>
      <time>2026-05-07T14:52:34Z</time>
    </trkpt>
    <trkpt lat="49.45156" lon="21.112209">
      <ele>674</ele>
      <time>2026-05-07T14:52:46Z</time>
    </trkpt>
    <trkpt lat="49.451993" lon="21.112287">
      <ele>666</ele>
      <time>2026-05-07T14:53:37Z</time>
    </trkpt>
    <trkpt lat="49.452162" lon="21.112319">
      <ele>664</ele>
      <time>2026-05-07T14:53:57Z</time>
    </trkpt>
    <trkpt lat="49.452307" lon="21.1123">
      <ele>661</ele>
      <time>2026-05-07T14:54:14Z</time>
    </trkpt>
    <trkpt lat="49.452791" lon="21.112185">
      <ele>649</ele>
      <time>2026-05-07T14:55:13Z</time>
    </trkpt>
    <trkpt lat="49.453129" lon="21.112187">
      <ele>643</ele>
      <time>2026-05-07T14:55:53Z</time>
    </trkpt>
    <trkpt lat="49.453447" lon="21.112115">
      <ele>638</ele>
      <time>2026-05-07T14:56:30Z</time>
    </trkpt>
    <trkpt lat="49.453576" lon="21.112091">
      <ele>636</ele>
      <time>2026-05-07T14:56:46Z</time>
    </trkpt>
    <trkpt lat="49.45371" lon="21.111992">
      <ele>632</ele>
      <time>2026-05-07T14:57:04Z</time>
    </trkpt>
    <trkpt lat="49.454041" lon="21.111935">
      <ele>625</ele>
      <time>2026-05-07T14:57:43Z</time>
    </trkpt>
    <trkpt lat="49.454334" lon="21.111997">
      <ele>621</ele>
      <time>2026-05-07T14:58:18Z</time>
    </trkpt>
    <trkpt lat="49.454725" lon="21.112245">
      <ele>616</ele>
      <time>2026-05-07T14:59:07Z</time>
    </trkpt>
    <trkpt lat="49.455112" lon="21.112327">
      <ele>609</ele>
      <time>2026-05-07T14:59:53Z</time>
    </trkpt>
    <trkpt lat="49.455314" lon="21.112318">
      <ele>607</ele>
      <time>2026-05-07T15:00:17Z</time>
    </trkpt>
    <trkpt lat="49.455432" lon="21.112285">
      <ele>605</ele>
      <time>2026-05-07T15:00:31Z</time>
    </trkpt>
    <trkpt lat="49.45556" lon="21.112217">
      <ele>603</ele>
      <time>2026-05-07T15:00:47Z</time>
    </trkpt>
    <trkpt lat="49.455689" lon="21.112123">
      <ele>601</ele>
      <time>2026-05-07T15:01:04Z</time>
    </trkpt>
    <trkpt lat="49.45579" lon="21.112129">
      <ele>600</ele>
      <time>2026-05-07T15:01:16Z</time>
    </trkpt>
    <trkpt lat="49.456109" lon="21.112442">
      <ele>597</ele>
      <time>2026-05-07T15:02:00Z</time>
    </trkpt>
    <trkpt lat="49.45639" lon="21.112622">
      <ele>592</ele>
      <time>2026-05-07T15:02:35Z</time>
    </trkpt>
    <trkpt lat="49.456606" lon="21.112863">
      <ele>589</ele>
      <time>2026-05-07T15:03:07Z</time>
    </trkpt>
    <trkpt lat="49.456749" lon="21.112958">
      <ele>587</ele>
      <time>2026-05-07T15:03:25Z</time>
    </trkpt>
    <trkpt lat="49.456629" lon="21.112633">
      <ele>589</ele>
      <time>2026-05-07T15:03:56Z</time>
    </trkpt>
    <trkpt lat="49.4565" lon="21.112217">
      <ele>592</ele>
      <time>2026-05-07T15:04:34Z</time>
    </trkpt>
    <trkpt lat="49.456407" lon="21.1119">
      <ele>596</ele>
      <time>2026-05-07T15:05:03Z</time>
    </trkpt>
    <trkpt lat="49.45627" lon="21.11167">
      <ele>598</ele>
      <time>2026-05-07T15:05:29Z</time>
    </trkpt>
    <trkpt lat="49.45613" lon="21.111482">
      <ele>598</ele>
      <time>2026-05-07T15:05:52Z</time>
    </trkpt>
    <trkpt lat="49.45593" lon="21.11131">
      <ele>600</ele>
      <time>2026-05-07T15:06:21Z</time>
    </trkpt>
    <trkpt lat="49.455715" lon="21.111088">
      <ele>604</ele>
      <time>2026-05-07T15:06:55Z</time>
    </trkpt>
    <trkpt lat="49.455541" lon="21.110828">
      <ele>608</ele>
      <time>2026-05-07T15:07:26Z</time>
    </trkpt>
    <trkpt lat="49.455464" lon="21.110629">
      <ele>610</ele>
      <time>2026-05-07T15:07:45Z</time>
    </trkpt>
    <trkpt lat="49.455422" lon="21.110482">
      <ele>611</ele>
      <time>2026-05-07T15:07:58Z</time>
    </trkpt>
    <trkpt lat="49.455358" lon="21.110291">
      <ele>613</ele>
      <time>2026-05-07T15:08:16Z</time>
    </trkpt>
    <trkpt lat="49.455236" lon="21.110114">
      <ele>615</ele>
      <time>2026-05-07T15:08:37Z</time>
    </trkpt>
    <trkpt lat="49.455147" lon="21.109926">
      <ele>617</ele>
      <time>2026-05-07T15:08:57Z</time>
    </trkpt>
    <trkpt lat="49.455051" lon="21.109736">
      <ele>620</ele>
      <time>2026-05-07T15:09:17Z</time>
    </trkpt>
    <trkpt lat="49.454943" lon="21.109545">
      <ele>623</ele>
      <time>2026-05-07T15:09:38Z</time>
    </trkpt>
    <trkpt lat="49.454824" lon="21.109267">
      <ele>627</ele>
      <time>2026-05-07T15:10:06Z</time>
    </trkpt>
    <trkpt lat="49.454596" lon="21.108668">
      <ele>632</ele>
      <time>2026-05-07T15:11:03Z</time>
    </trkpt>
    <trkpt lat="49.454512" lon="21.108379">
      <ele>633</ele>
      <time>2026-05-07T15:11:29Z</time>
    </trkpt>
    <trkpt lat="49.454352" lon="21.107998">
      <ele>638</ele>
      <time>2026-05-07T15:12:07Z</time>
    </trkpt>
    <trkpt lat="49.454207" lon="21.107775">
      <ele>641</ele>
      <time>2026-05-07T15:12:33Z</time>
    </trkpt>
    <trkpt lat="49.454074" lon="21.107612">
      <ele>643</ele>
      <time>2026-05-07T15:12:55Z</time>
    </trkpt>
    <trkpt lat="49.454024" lon="21.107523">
      <ele>644</ele>
      <time>2026-05-07T15:13:05Z</time>
    </trkpt>
    <trkpt lat="49.453911" lon="21.107416">
      <ele>647</ele>
      <time>2026-05-07T15:13:22Z</time>
    </trkpt>
    <trkpt lat="49.453857" lon="21.107333">
      <ele>649</ele>
      <time>2026-05-07T15:13:32Z</time>
    </trkpt>
    <trkpt lat="49.45397" lon="21.107113">
      <ele>651</ele>
      <time>2026-05-07T15:13:55Z</time>
    </trkpt>
    <trkpt lat="49.454092" lon="21.107">
      <ele>653</ele>
      <time>2026-05-07T15:14:13Z</time>
    </trkpt>
    <trkpt lat="49.454441" lon="21.106767">
      <ele>659</ele>
      <time>2026-05-07T15:15:02Z</time>
    </trkpt>
    <trkpt lat="49.455155" lon="21.10626">
      <ele>662</ele>
      <time>2026-05-07T15:16:42Z</time>
    </trkpt>
    <trkpt lat="49.455464" lon="21.105965">
      <ele>666</ele>
      <time>2026-05-07T15:17:28Z</time>
    </trkpt>
    <trkpt lat="49.45571" lon="21.10574">
      <ele>667</ele>
      <time>2026-05-07T15:18:04Z</time>
    </trkpt>
    <trkpt lat="49.455914" lon="21.105595">
      <ele>667</ele>
      <time>2026-05-07T15:18:33Z</time>
    </trkpt>
    <trkpt lat="49.456081" lon="21.105434">
      <ele>667</ele>
      <time>2026-05-07T15:18:58Z</time>
    </trkpt>
    <trkpt lat="49.456174" lon="21.10527">
      <ele>668</ele>
      <time>2026-05-07T15:19:16Z</time>
    </trkpt>
    <trkpt lat="49.456261" lon="21.105133">
      <ele>669</ele>
      <time>2026-05-07T15:19:31Z</time>
    </trkpt>
    <trkpt lat="49.456339" lon="21.105098">
      <ele>668</ele>
      <time>2026-05-07T15:19:42Z</time>
    </trkpt>
    <trkpt lat="49.456449" lon="21.105066">
      <ele>667</ele>
      <time>2026-05-07T15:19:56Z</time>
    </trkpt>
    <trkpt lat="49.456512" lon="21.104957">
      <ele>667</ele>
      <time>2026-05-07T15:20:08Z</time>
    </trkpt>
    <trkpt lat="49.45655" lon="21.10479">
      <ele>669</ele>
      <time>2026-05-07T15:20:23Z</time>
    </trkpt>
    <trkpt lat="49.456573" lon="21.104656">
      <ele>670</ele>
      <time>2026-05-07T15:20:34Z</time>
    </trkpt>
    <trkpt lat="49.456602" lon="21.104609">
      <ele>670</ele>
      <time>2026-05-07T15:20:39Z</time>
    </trkpt>
    <trkpt lat="49.456638" lon="21.104576">
      <ele>670</ele>
      <time>2026-05-07T15:20:45Z</time>
    </trkpt>
    <trkpt lat="49.456768" lon="21.104498">
      <ele>670</ele>
      <time>2026-05-07T15:21:02Z</time>
    </trkpt>
    <trkpt lat="49.457038" lon="21.104329">
      <ele>671</ele>
      <time>2026-05-07T15:21:39Z</time>
    </trkpt>
    <trkpt lat="49.457457" lon="21.103988">
      <ele>677</ele>
      <time>2026-05-07T15:22:40Z</time>
    </trkpt>
    <trkpt lat="49.457659" lon="21.103824">
      <ele>680</ele>
      <time>2026-05-07T15:23:09Z</time>
    </trkpt>
    <trkpt lat="49.457813" lon="21.103615">
      <ele>684</ele>
      <time>2026-05-07T15:23:35Z</time>
    </trkpt>
    <trkpt lat="49.457952" lon="21.103409">
      <ele>687</ele>
      <time>2026-05-07T15:24:00Z</time>
    </trkpt>
    <trkpt lat="49.458116" lon="21.103245">
      <ele>689</ele>
      <time>2026-05-07T15:24:25Z</time>
    </trkpt>
    <trkpt lat="49.45825" lon="21.103105">
      <ele>692</ele>
      <time>2026-05-07T15:24:46Z</time>
    </trkpt>
    <trkpt lat="49.458445" lon="21.102845">
      <ele>697</ele>
      <time>2026-05-07T15:25:19Z</time>
    </trkpt>
    <trkpt lat="49.458578" lon="21.102699">
      <ele>700</ele>
      <time>2026-05-07T15:25:40Z</time>
    </trkpt>
    <trkpt lat="49.458887" lon="21.102084">
      <ele>709</ele>
      <time>2026-05-07T15:26:45Z</time>
    </trkpt>
    <trkpt lat="49.459082" lon="21.101794">
      <ele>713</ele>
      <time>2026-05-07T15:27:19Z</time>
    </trkpt>
    <trkpt lat="49.459254" lon="21.10148">
      <ele>718</ele>
      <time>2026-05-07T15:27:54Z</time>
    </trkpt>
    <trkpt lat="49.459418" lon="21.101204">
      <ele>724</ele>
      <time>2026-05-07T15:28:25Z</time>
    </trkpt>
    <trkpt lat="49.459471" lon="21.101008">
      <ele>727</ele>
      <time>2026-05-07T15:28:43Z</time>
    </trkpt>
    <trkpt lat="49.459474" lon="21.100815">
      <ele>729</ele>
      <time>2026-05-07T15:28:59Z</time>
    </trkpt>
    <trkpt lat="49.459439" lon="21.100632">
      <ele>731</ele>
      <time>2026-05-07T15:29:15Z</time>
    </trkpt>
    <trkpt lat="49.459479" lon="21.100404">
      <ele>735</ele>
      <time>2026-05-07T15:29:35Z</time>
    </trkpt>
    <trkpt lat="49.459575" lon="21.100109">
      <ele>741</ele>
      <time>2026-05-07T15:30:03Z</time>
    </trkpt>
    <trkpt lat="49.459861" lon="21.09957">
      <ele>750</ele>
      <time>2026-05-07T15:31:01Z</time>
    </trkpt>
    <trkpt lat="49.459964" lon="21.099486">
      <ele>750</ele>
      <time>2026-05-07T15:31:16Z</time>
    </trkpt>
    <trkpt lat="49.460046" lon="21.099503">
      <ele>749</ele>
      <time>2026-05-07T15:31:26Z</time>
    </trkpt>
    <trkpt lat="49.460091" lon="21.099562">
      <ele>749</ele>
      <time>2026-05-07T15:31:34Z</time>
    </trkpt>
    <trkpt lat="49.460109" lon="21.099667">
      <ele>747</ele>
      <time>2026-05-07T15:31:43Z</time>
    </trkpt>
    <trkpt lat="49.460104" lon="21.100249">
      <ele>742</ele>
      <time>2026-05-07T15:32:31Z</time>
    </trkpt>
    <trkpt lat="49.460131" lon="21.100414">
      <ele>742</ele>
      <time>2026-05-07T15:32:45Z</time>
    </trkpt>
    <trkpt lat="49.460169" lon="21.100537">
      <ele>743</ele>
      <time>2026-05-07T15:32:57Z</time>
    </trkpt>
    <trkpt lat="49.460226" lon="21.1006">
      <ele>744</ele>
      <time>2026-05-07T15:33:06Z</time>
    </trkpt>
    <trkpt lat="49.460309" lon="21.100606">
      <ele>746</ele>
      <time>2026-05-07T15:33:16Z</time>
    </trkpt>
    <trkpt lat="49.460374" lon="21.100565">
      <ele>747</ele>
      <time>2026-05-07T15:33:25Z</time>
    </trkpt>
    <trkpt lat="49.460446" lon="21.100362">
      <ele>749</ele>
      <time>2026-05-07T15:33:44Z</time>
    </trkpt>
    <trkpt lat="49.460653" lon="21.099619">
      <ele>755</ele>
      <time>2026-05-07T15:34:51Z</time>
    </trkpt>
    <trkpt lat="49.460687" lon="21.099309">
      <ele>758</ele>
      <time>2026-05-07T15:35:17Z</time>
    </trkpt>
    <trkpt lat="49.460679" lon="21.098771">
      <ele>758</ele>
      <time>2026-05-07T15:36:02Z</time>
    </trkpt>
    <trkpt lat="49.460704" lon="21.098623">
      <ele>757</ele>
      <time>2026-05-07T15:36:14Z</time>
    </trkpt>
    <trkpt lat="49.460785" lon="21.09853">
      <ele>757</ele>
      <time>2026-05-07T15:36:27Z</time>
    </trkpt>
    <trkpt lat="49.460963" lon="21.098417">
      <ele>757</ele>
      <time>2026-05-07T15:36:52Z</time>
    </trkpt>
    <trkpt lat="49.461105" lon="21.098308">
      <ele>756</ele>
      <time>2026-05-07T15:37:12Z</time>
    </trkpt>
    <trkpt lat="49.461208" lon="21.098198">
      <ele>754</ele>
      <time>2026-05-07T15:37:28Z</time>
    </trkpt>
    <trkpt lat="49.461348" lon="21.098017">
      <ele>752</ele>
      <time>2026-05-07T15:37:51Z</time>
    </trkpt>
    <trkpt lat="49.461444" lon="21.097827">
      <ele>751</ele>
      <time>2026-05-07T15:38:11Z</time>
    </trkpt>
    <trkpt lat="49.461521" lon="21.097544">
      <ele>750</ele>
      <time>2026-05-07T15:38:36Z</time>
    </trkpt>
    <trkpt lat="49.461571" lon="21.097256">
      <ele>749</ele>
      <time>2026-05-07T15:39:01Z</time>
    </trkpt>
    <trkpt lat="49.461651" lon="21.096727">
      <ele>748</ele>
      <time>2026-05-07T15:39:46Z</time>
    </trkpt>
    <trkpt lat="49.461679" lon="21.096421">
      <ele>747</ele>
      <time>2026-05-07T15:40:11Z</time>
    </trkpt>
    <trkpt lat="49.461671" lon="21.096121">
      <ele>744</ele>
      <time>2026-05-07T15:40:36Z</time>
    </trkpt>
    <trkpt lat="49.461646" lon="21.095764">
      <ele>739</ele>
      <time>2026-05-07T15:41:06Z</time>
    </trkpt>
    <trkpt lat="49.461615" lon="21.095456">
      <ele>734</ele>
      <time>2026-05-07T15:41:32Z</time>
    </trkpt>
    <trkpt lat="49.461564" lon="21.095137">
      <ele>729</ele>
      <time>2026-05-07T15:42:00Z</time>
    </trkpt>
    <trkpt lat="49.461488" lon="21.094755">
      <ele>723</ele>
      <time>2026-05-07T15:42:34Z</time>
    </trkpt>
    <trkpt lat="49.461415" lon="21.09431">
      <ele>716</ele>
      <time>2026-05-07T15:43:12Z</time>
    </trkpt>
    <trkpt lat="49.461359" lon="21.093836">
      <ele>712</ele>
      <time>2026-05-07T15:43:52Z</time>
    </trkpt>
    <trkpt lat="49.461327" lon="21.093525">
      <ele>711</ele>
      <time>2026-05-07T15:44:18Z</time>
    </trkpt>
    <trkpt lat="49.461198" lon="21.092712">
      <ele>710</ele>
      <time>2026-05-07T15:45:27Z</time>
    </trkpt>
    <trkpt lat="49.461121" lon="21.092174">
      <ele>710</ele>
      <time>2026-05-07T15:46:12Z</time>
    </trkpt>
    <trkpt lat="49.461023" lon="21.091797">
      <ele>709</ele>
      <time>2026-05-07T15:46:46Z</time>
    </trkpt>
    <trkpt lat="49.460916" lon="21.091497">
      <ele>707</ele>
      <time>2026-05-07T15:47:14Z</time>
    </trkpt>
    <trkpt lat="49.460792" lon="21.091264">
      <ele>705</ele>
      <time>2026-05-07T15:47:39Z</time>
    </trkpt>
    <trkpt lat="49.46055" lon="21.090915">
      <ele>703</ele>
      <time>2026-05-07T15:48:21Z</time>
    </trkpt>
    <trkpt lat="49.460202" lon="21.090262">
      <ele>697</ele>
      <time>2026-05-07T15:49:31Z</time>
    </trkpt>
    <trkpt lat="49.459761" lon="21.089406">
      <ele>689</ele>
      <time>2026-05-07T15:51:02Z</time>
    </trkpt>
    <trkpt lat="49.459523" lon="21.088914">
      <ele>684</ele>
      <time>2026-05-07T15:51:52Z</time>
    </trkpt>
    <trkpt lat="49.459326" lon="21.088525">
      <ele>681</ele>
      <time>2026-05-07T15:52:33Z</time>
    </trkpt>
    <trkpt lat="49.45912" lon="21.088125">
      <ele>676</ele>
      <time>2026-05-07T15:53:16Z</time>
    </trkpt>
    <trkpt lat="49.45881" lon="21.087554">
      <ele>672</ele>
      <time>2026-05-07T15:54:17Z</time>
    </trkpt>
    <trkpt lat="49.458606" lon="21.087264">
      <ele>668</ele>
      <time>2026-05-07T15:54:52Z</time>
    </trkpt>
    <trkpt lat="49.458367" lon="21.08698">
      <ele>666</ele>
      <time>2026-05-07T15:55:31Z</time>
    </trkpt>
    <trkpt lat="49.458043" lon="21.086579">
      <ele>663</ele>
      <time>2026-05-07T15:56:24Z</time>
    </trkpt>
    <trkpt lat="49.457791" lon="21.086207">
      <ele>661</ele>
      <time>2026-05-07T15:57:08Z</time>
    </trkpt>
    <trkpt lat="49.457623" lon="21.085859">
      <ele>658</ele>
      <time>2026-05-07T15:57:44Z</time>
    </trkpt>
    <trkpt lat="49.457373" lon="21.085117">
      <ele>653</ele>
      <time>2026-05-07T15:58:53Z</time>
    </trkpt>
    <trkpt lat="49.457166" lon="21.084611">
      <ele>647</ele>
      <time>2026-05-07T15:59:43Z</time>
    </trkpt>
    <trkpt lat="49.457005" lon="21.084236">
      <ele>644</ele>
      <time>2026-05-07T16:00:20Z</time>
    </trkpt>
    <trkpt lat="49.456771" lon="21.083748">
      <ele>636</ele>
      <time>2026-05-07T16:01:10Z</time>
    </trkpt>
    <trkpt lat="49.456667" lon="21.08352">
      <ele>633</ele>
      <time>2026-05-07T16:01:34Z</time>
    </trkpt>
    <trkpt lat="49.456585" lon="21.083244">
      <ele>631</ele>
      <time>2026-05-07T16:01:59Z</time>
    </trkpt>
    <trkpt lat="49.456556" lon="21.083059">
      <ele>629</ele>
      <time>2026-05-07T16:02:15Z</time>
    </trkpt>
    <trkpt lat="49.45655" lon="21.082651">
      <ele>626</ele>
      <time>2026-05-07T16:02:48Z</time>
    </trkpt>
    <trkpt lat="49.45657" lon="21.082308">
      <ele>621</ele>
      <time>2026-05-07T16:03:17Z</time>
    </trkpt>
    <trkpt lat="49.456608" lon="21.082088">
      <ele>618</ele>
      <time>2026-05-07T16:03:36Z</time>
    </trkpt>
    <trkpt lat="49.456822" lon="21.081329">
      <ele>610</ele>
      <time>2026-05-07T16:04:45Z</time>
    </trkpt>
    <trkpt lat="49.45696" lon="21.080925">
      <ele>606</ele>
      <time>2026-05-07T16:05:23Z</time>
    </trkpt>
    <trkpt lat="49.457054" lon="21.080698">
      <ele>604</ele>
      <time>2026-05-07T16:05:45Z</time>
    </trkpt>
    <trkpt lat="49.457215" lon="21.080422">
      <ele>602</ele>
      <time>2026-05-07T16:06:16Z</time>
    </trkpt>
    <trkpt lat="49.457506" lon="21.080014">
      <ele>602</ele>
      <time>2026-05-07T16:07:06Z</time>
    </trkpt>
    <trkpt lat="49.457818" lon="21.079591">
      <ele>601</ele>
      <time>2026-05-07T16:07:58Z</time>
    </trkpt>
    <trkpt lat="49.458149" lon="21.079172">
      <ele>599</ele>
      <time>2026-05-07T16:08:53Z</time>
    </trkpt>
    <trkpt lat="49.458289" lon="21.078971">
      <ele>598</ele>
      <time>2026-05-07T16:09:17Z</time>
    </trkpt>
    <trkpt lat="49.458393" lon="21.07877">
      <ele>596</ele>
      <time>2026-05-07T16:09:38Z</time>
    </trkpt>
    <trkpt lat="49.458477" lon="21.078518">
      <ele>594</ele>
      <time>2026-05-07T16:10:02Z</time>
    </trkpt>
    <trkpt lat="49.458569" lon="21.078123">
      <ele>593</ele>
      <time>2026-05-07T16:10:36Z</time>
    </trkpt>
    <trkpt lat="49.458656" lon="21.077786">
      <ele>593</ele>
      <time>2026-05-07T16:11:06Z</time>
    </trkpt>
    <trkpt lat="49.458758" lon="21.077485">
      <ele>594</ele>
      <time>2026-05-07T16:11:34Z</time>
    </trkpt>
    <trkpt lat="49.458981" lon="21.076924">
      <ele>592</ele>
      <time>2026-05-07T16:12:28Z</time>
    </trkpt>
    <trkpt lat="49.459073" lon="21.076611">
      <ele>590</ele>
      <time>2026-05-07T16:12:57Z</time>
    </trkpt>
    <trkpt lat="49.459115" lon="21.076428">
      <ele>589</ele>
      <time>2026-05-07T16:13:13Z</time>
    </trkpt>
    <trkpt lat="49.459131" lon="21.076147">
      <ele>589</ele>
      <time>2026-05-07T16:13:36Z</time>
    </trkpt>
    <trkpt lat="49.459106" lon="21.075811">
      <ele>589</ele>
      <time>2026-05-07T16:14:04Z</time>
    </trkpt>
    <trkpt lat="49.459087" lon="21.07535">
      <ele>589</ele>
      <time>2026-05-07T16:14:42Z</time>
    </trkpt>
    <trkpt lat="49.459091" lon="21.075074">
      <ele>587</ele>
      <time>2026-05-07T16:15:05Z</time>
    </trkpt>
    <trkpt lat="49.459118" lon="21.074596">
      <ele>585</ele>
      <time>2026-05-07T16:15:44Z</time>
    </trkpt>
    <trkpt lat="49.459172" lon="21.074317">
      <ele>583</ele>
      <time>2026-05-07T16:16:08Z</time>
    </trkpt>
    <trkpt lat="49.459369" lon="21.073649">
      <ele>579</ele>
      <time>2026-05-07T16:17:09Z</time>
    </trkpt>
    <trkpt lat="49.459548" lon="21.072923">
      <ele>578</ele>
      <time>2026-05-07T16:18:13Z</time>
    </trkpt>
    <trkpt lat="49.459724" lon="21.07234">
      <ele>577</ele>
      <time>2026-05-07T16:19:06Z</time>
    </trkpt>
    <trkpt lat="49.459848" lon="21.071811">
      <ele>576</ele>
      <time>2026-05-07T16:19:52Z</time>
    </trkpt>
    <trkpt lat="49.46006" lon="21.070954">
      <ele>570</ele>
      <time>2026-05-07T16:21:08Z</time>
    </trkpt>
    <trkpt lat="49.460083" lon="21.070667">
      <ele>567</ele>
      <time>2026-05-07T16:21:32Z</time>
    </trkpt>
    <trkpt lat="49.46007" lon="21.070431">
      <ele>564</ele>
      <time>2026-05-07T16:21:52Z</time>
    </trkpt>
    <trkpt lat="49.460025" lon="21.070118">
      <ele>562</ele>
      <time>2026-05-07T16:22:18Z</time>
    </trkpt>
    <trkpt lat="49.460063" lon="21.06946">
      <ele>561</ele>
      <time>2026-05-07T16:23:13Z</time>
    </trkpt>
    <trkpt lat="49.460042" lon="21.069033">
      <ele>559</ele>
      <time>2026-05-07T16:23:48Z</time>
    </trkpt>
    <trkpt lat="49.460044" lon="21.068307">
      <ele>556</ele>
      <time>2026-05-07T16:24:48Z</time>
    </trkpt>
    <trkpt lat="49.460129" lon="21.067733">
      <ele>554</ele>
      <time>2026-05-07T16:25:36Z</time>
    </trkpt>
    <trkpt lat="49.460115" lon="21.06761">
      <ele>554</ele>
      <time>2026-05-07T16:25:47Z</time>
    </trkpt>
    <trkpt lat="49.460076" lon="21.067503">
      <ele>553</ele>
      <time>2026-05-07T16:25:57Z</time>
    </trkpt>
    <trkpt lat="49.45991" lon="21.067247">
      <ele>550</ele>
      <time>2026-05-07T16:26:27Z</time>
    </trkpt>
    <trkpt lat="49.45987" lon="21.067083">
      <ele>550</ele>
      <time>2026-05-07T16:26:41Z</time>
    </trkpt>
    <trkpt lat="49.459872" lon="21.066922">
      <ele>549</ele>
      <time>2026-05-07T16:26:54Z</time>
    </trkpt>
    <trkpt lat="49.45996" lon="21.066544">
      <ele>547</ele>
      <time>2026-05-07T16:27:28Z</time>
    </trkpt>
    <trkpt lat="49.460099" lon="21.065986">
      <ele>544</ele>
      <time>2026-05-07T16:28:17Z</time>
    </trkpt>
    <trkpt lat="49.460082" lon="21.065907">
      <ele>544</ele>
      <time>2026-05-07T16:28:24Z</time>
    </trkpt>
    <trkpt lat="49.460332" lon="21.06567">
      <ele>543</ele>
      <time>2026-05-07T16:29:01Z</time>
    </trkpt>
    <trkpt lat="49.46055" lon="21.06553">
      <ele>542</ele>
      <time>2026-05-07T16:29:31Z</time>
    </trkpt>
    <trkpt lat="49.46094" lon="21.065422">
      <ele>540</ele>
      <time>2026-05-07T16:30:21Z</time>
    </trkpt>
    <trkpt lat="49.461045" lon="21.065404">
      <ele>539</ele>
      <time>2026-05-07T16:30:35Z</time>
    </trkpt>
    <trkpt lat="49.461048" lon="21.065192">
      <ele>539</ele>
      <time>2026-05-07T16:30:52Z</time>
    </trkpt>
    <trkpt lat="49.461017" lon="21.065077">
      <ele>538</ele>
      <time>2026-05-07T16:31:02Z</time>
    </trkpt>
    <trkpt lat="49.460541" lon="21.06453">
      <ele>539</ele>
      <time>2026-05-07T16:32:18Z</time>
    </trkpt>
    <trkpt lat="49.460414" lon="21.064337">
      <ele>539</ele>
      <time>2026-05-07T16:32:40Z</time>
    </trkpt>
    <trkpt lat="49.460354" lon="21.064235">
      <ele>539</ele>
      <time>2026-05-07T16:32:52Z</time>
    </trkpt>
    <trkpt lat="49.46033" lon="21.064103">
      <ele>539</ele>
      <time>2026-05-07T16:33:03Z</time>
    </trkpt>
    <trkpt lat="49.460365" lon="21.063972">
      <ele>539</ele>
      <time>2026-05-07T16:33:14Z</time>
    </trkpt>
    <trkpt lat="49.460385" lon="21.063746">
      <ele>540</ele>
      <time>2026-05-07T16:33:33Z</time>
    </trkpt>
    <trkpt lat="49.46041" lon="21.063607">
      <ele>541</ele>
      <time>2026-05-07T16:33:45Z</time>
    </trkpt>
    <trkpt lat="49.460572" lon="21.063299">
      <ele>542</ele>
      <time>2026-05-07T16:34:18Z</time>
    </trkpt>
    <trkpt lat="49.460785" lon="21.062937">
      <ele>543</ele>
      <time>2026-05-07T16:34:58Z</time>
    </trkpt>
    <trkpt lat="49.460973" lon="21.062687">
      <ele>547</ele>
      <time>2026-05-07T16:35:30Z</time>
    </trkpt>
    <trkpt lat="49.46117" lon="21.062406">
      <ele>554</ele>
      <time>2026-05-07T16:36:05Z</time>
    </trkpt>
    <trkpt lat="49.461268" lon="21.062197">
      <ele>558</ele>
      <time>2026-05-07T16:36:27Z</time>
    </trkpt>
    <trkpt lat="49.461313" lon="21.062033">
      <ele>561</ele>
      <time>2026-05-07T16:36:42Z</time>
    </trkpt>
    <trkpt lat="49.461331" lon="21.061781">
      <ele>566</ele>
      <time>2026-05-07T16:37:03Z</time>
    </trkpt>
    <trkpt lat="49.461292" lon="21.061437">
      <ele>572</ele>
      <time>2026-05-07T16:37:33Z</time>
    </trkpt>
    <trkpt lat="49.461252" lon="21.061054">
      <ele>577</ele>
      <time>2026-05-07T16:38:05Z</time>
    </trkpt>
    <trkpt lat="49.461237" lon="21.060719">
      <ele>580</ele>
      <time>2026-05-07T16:38:33Z</time>
    </trkpt>
    <trkpt lat="49.461278" lon="21.060512">
      <ele>582</ele>
      <time>2026-05-07T16:38:51Z</time>
    </trkpt>
    <trkpt lat="49.461402" lon="21.060338">
      <ele>585</ele>
      <time>2026-05-07T16:39:13Z</time>
    </trkpt>
    <trkpt lat="49.461529" lon="21.060257">
      <ele>587</ele>
      <time>2026-05-07T16:39:30Z</time>
    </trkpt>
    <trkpt lat="49.461718" lon="21.060061">
      <ele>592</ele>
      <time>2026-05-07T16:40:00Z</time>
    </trkpt>
    <trkpt lat="49.461803" lon="21.059922">
      <ele>596</ele>
      <time>2026-05-07T16:40:16Z</time>
    </trkpt>
    <trkpt lat="49.461835" lon="21.059831">
      <ele>598</ele>
      <time>2026-05-07T16:40:25Z</time>
    </trkpt>
    <trkpt lat="49.46185" lon="21.059632">
      <ele>601</ele>
      <time>2026-05-07T16:40:42Z</time>
    </trkpt>
    <trkpt lat="49.46187" lon="21.059455">
      <ele>603</ele>
      <time>2026-05-07T16:40:57Z</time>
    </trkpt>
    <trkpt lat="49.461912" lon="21.059314">
      <ele>605</ele>
      <time>2026-05-07T16:41:10Z</time>
    </trkpt>
    <trkpt lat="49.461986" lon="21.059058">
      <ele>607</ele>
      <time>2026-05-07T16:41:33Z</time>
    </trkpt>
    <trkpt lat="49.461997" lon="21.05886">
      <ele>609</ele>
      <time>2026-05-07T16:41:49Z</time>
    </trkpt>
    <trkpt lat="49.461948" lon="21.058707">
      <ele>611</ele>
      <time>2026-05-07T16:42:03Z</time>
    </trkpt>
    <trkpt lat="49.461787" lon="21.058465">
      <ele>616</ele>
      <time>2026-05-07T16:42:33Z</time>
    </trkpt>
    <trkpt lat="49.461481" lon="21.058047">
      <ele>620</ele>
      <time>2026-05-07T16:43:25Z</time>
    </trkpt>
    <trkpt lat="49.461367" lon="21.05787">
      <ele>620</ele>
      <time>2026-05-07T16:43:45Z</time>
    </trkpt>
    <trkpt lat="49.46127" lon="21.05772">
      <ele>620</ele>
      <time>2026-05-07T16:44:03Z</time>
    </trkpt>
    <trkpt lat="49.461064" lon="21.057277">
      <ele>617</ele>
      <time>2026-05-07T16:44:48Z</time>
    </trkpt>
    <trkpt lat="49.460884" lon="21.056856">
      <ele>611</ele>
      <time>2026-05-07T16:45:30Z</time>
    </trkpt>
    <trkpt lat="49.4607" lon="21.05647">
      <ele>604</ele>
      <time>2026-05-07T16:46:10Z</time>
    </trkpt>
    <trkpt lat="49.460585" lon="21.056271">
      <ele>602</ele>
      <time>2026-05-07T16:46:32Z</time>
    </trkpt>
    <trkpt lat="49.460464" lon="21.056151">
      <ele>599</ele>
      <time>2026-05-07T16:46:50Z</time>
    </trkpt>
    <trkpt lat="49.460346" lon="21.055971">
      <ele>597</ele>
      <time>2026-05-07T16:47:12Z</time>
    </trkpt>
    <trkpt lat="49.460286" lon="21.055834">
      <ele>595</ele>
      <time>2026-05-07T16:47:25Z</time>
    </trkpt>
    <trkpt lat="49.460246" lon="21.055646">
      <ele>593</ele>
      <time>2026-05-07T16:47:42Z</time>
    </trkpt>
    <trkpt lat="49.460239" lon="21.055397">
      <ele>590</ele>
      <time>2026-05-07T16:48:03Z</time>
    </trkpt>
    <trkpt lat="49.460269" lon="21.055">
      <ele>586</ele>
      <time>2026-05-07T16:48:36Z</time>
    </trkpt>
    <trkpt lat="49.460351" lon="21.054638">
      <ele>584</ele>
      <time>2026-05-07T16:49:07Z</time>
    </trkpt>
    <trkpt lat="49.460459" lon="21.05433">
      <ele>585</ele>
      <time>2026-05-07T16:49:36Z</time>
    </trkpt>
    <trkpt lat="49.460572" lon="21.05412">
      <ele>585</ele>
      <time>2026-05-07T16:49:59Z</time>
    </trkpt>
    <trkpt lat="49.460733" lon="21.053922">
      <ele>585</ele>
      <time>2026-05-07T16:50:25Z</time>
    </trkpt>
    <trkpt lat="49.460818" lon="21.053654">
      <ele>583</ele>
      <time>2026-05-07T16:50:49Z</time>
    </trkpt>
    <trkpt lat="49.460904" lon="21.05327">
      <ele>580</ele>
      <time>2026-05-07T16:51:23Z</time>
    </trkpt>
    <trkpt lat="49.461027" lon="21.05293">
      <ele>577</ele>
      <time>2026-05-07T16:51:55Z</time>
    </trkpt>
    <trkpt lat="49.461127" lon="21.052688">
      <ele>575</ele>
      <time>2026-05-07T16:52:19Z</time>
    </trkpt>
    <trkpt lat="49.461221" lon="21.052524">
      <ele>573</ele>
      <time>2026-05-07T16:52:37Z</time>
    </trkpt>
    <trkpt lat="49.461357" lon="21.052417">
      <ele>573</ele>
      <time>2026-05-07T16:52:57Z</time>
    </trkpt>
    <trkpt lat="49.46157" lon="21.052299">
      <ele>573</ele>
      <time>2026-05-07T16:53:25Z</time>
    </trkpt>
    <trkpt lat="49.461657" lon="21.05224">
      <ele>573</ele>
      <time>2026-05-07T16:53:37Z</time>
    </trkpt>
    <trkpt lat="49.461689" lon="21.05213">
      <ele>572</ele>
      <time>2026-05-07T16:53:47Z</time>
    </trkpt>
    <trkpt lat="49.461721" lon="21.051761">
      <ele>566</ele>
      <time>2026-05-07T16:54:19Z</time>
    </trkpt>
    <trkpt lat="49.461833" lon="21.051092">
      <ele>558</ele>
      <time>2026-05-07T16:55:16Z</time>
    </trkpt>
    <trkpt lat="49.461873" lon="21.050502">
      <ele>551</ele>
      <time>2026-05-07T16:56:06Z</time>
    </trkpt>
    <trkpt lat="49.461952" lon="21.04996">
      <ele>543</ele>
      <time>2026-05-07T16:56:53Z</time>
    </trkpt>
    <trkpt lat="49.461986" lon="21.049238">
      <ele>536</ele>
      <time>2026-05-07T16:57:53Z</time>
    </trkpt>
    <trkpt lat="49.462001" lon="21.048848">
      <ele>533</ele>
      <time>2026-05-07T16:58:25Z</time>
    </trkpt>
  </trkseg>
</trk>
</gpx>