<?xml version="1.0" encoding="UTF-8"?><gpx creator="https://mapa-turystyczna.pl" xmlns="http://www.topografix.com/GPX/1/1" version="1.1" xmlns:xsi="http://www.w3.org/2001/XMLSchema-instance" xsi:schemaLocation="http://www.topografix.com/GPX/1/1 http://www.topografix.com/GPX/1/1/gpx.xsd">
  <metadata>
    <link href="https://mapa-turystyczna.pl">
      <text>mapa-turystyczna.pl</text>
    </link>
    <time>2026-05-07T08:43:36Z</time>
    <bounds maxlat="50.451548" maxlon="16.754253" minlat="50.43665" minlon="16.658364"/>
  </metadata>

<trk>
  <name>Trasa przez: Kłodzko</name>
  <link href="https://mapa-turystyczna.pl/route/g09r">
    <text>Trasa przez: Kłodzko</text>
  </link>
  <trkseg>
    <trkpt lat="50.43665" lon="16.658364">
      <ele>288</ele>
      <time>2026-05-07T08:43:36Z</time>
    </trkpt>
    <trkpt lat="50.436662" lon="16.658488">
      <ele>288</ele>
      <time>2026-05-07T08:43:46Z</time>
    </trkpt>
    <trkpt lat="50.436667" lon="16.65864">
      <ele>288</ele>
      <time>2026-05-07T08:43:57Z</time>
    </trkpt>
    <trkpt lat="50.436671" lon="16.658752">
      <ele>289</ele>
      <time>2026-05-07T08:44:06Z</time>
    </trkpt>
    <trkpt lat="50.436675" lon="16.658834">
      <ele>289</ele>
      <time>2026-05-07T08:44:12Z</time>
    </trkpt>
    <trkpt lat="50.43666" lon="16.658926">
      <ele>289</ele>
      <time>2026-05-07T08:44:19Z</time>
    </trkpt>
    <trkpt lat="50.436801" lon="16.65891">
      <ele>289</ele>
      <time>2026-05-07T08:44:36Z</time>
    </trkpt>
    <trkpt lat="50.436804" lon="16.659056">
      <ele>289</ele>
      <time>2026-05-07T08:44:46Z</time>
    </trkpt>
    <trkpt lat="50.436818" lon="16.659214">
      <ele>289</ele>
      <time>2026-05-07T08:44:58Z</time>
    </trkpt>
    <trkpt lat="50.436862" lon="16.65942">
      <ele>289</ele>
      <time>2026-05-07T08:45:13Z</time>
    </trkpt>
    <trkpt lat="50.437057" lon="16.660236">
      <ele>289</ele>
      <time>2026-05-07T08:46:16Z</time>
    </trkpt>
    <trkpt lat="50.437088" lon="16.66029">
      <ele>289</ele>
      <time>2026-05-07T08:46:21Z</time>
    </trkpt>
    <trkpt lat="50.437104" lon="16.660319">
      <ele>289</ele>
      <time>2026-05-07T08:46:24Z</time>
    </trkpt>
    <trkpt lat="50.437141" lon="16.660369">
      <ele>289</ele>
      <time>2026-05-07T08:46:29Z</time>
    </trkpt>
    <trkpt lat="50.437166" lon="16.660392">
      <ele>289</ele>
      <time>2026-05-07T08:46:32Z</time>
    </trkpt>
    <trkpt lat="50.437273" lon="16.660467">
      <ele>289</ele>
      <time>2026-05-07T08:46:45Z</time>
    </trkpt>
    <trkpt lat="50.43729" lon="16.660482">
      <ele>289</ele>
      <time>2026-05-07T08:46:48Z</time>
    </trkpt>
    <trkpt lat="50.437356" lon="16.660512">
      <ele>288</ele>
      <time>2026-05-07T08:46:55Z</time>
    </trkpt>
    <trkpt lat="50.437413" lon="16.66023">
      <ele>288</ele>
      <time>2026-05-07T08:47:17Z</time>
    </trkpt>
    <trkpt lat="50.437443" lon="16.66016">
      <ele>288</ele>
      <time>2026-05-07T08:47:23Z</time>
    </trkpt>
    <trkpt lat="50.437512" lon="16.660091">
      <ele>288</ele>
      <time>2026-05-07T08:47:32Z</time>
    </trkpt>
    <trkpt lat="50.437847" lon="16.659774">
      <ele>289</ele>
      <time>2026-05-07T08:48:16Z</time>
    </trkpt>
    <trkpt lat="50.437928" lon="16.659699">
      <ele>290</ele>
      <time>2026-05-07T08:48:26Z</time>
    </trkpt>
    <trkpt lat="50.437973" lon="16.659816">
      <ele>290</ele>
      <time>2026-05-07T08:48:36Z</time>
    </trkpt>
    <trkpt lat="50.437983" lon="16.659841">
      <ele>290</ele>
      <time>2026-05-07T08:48:38Z</time>
    </trkpt>
    <trkpt lat="50.437995" lon="16.659868">
      <ele>290</ele>
      <time>2026-05-07T08:48:40Z</time>
    </trkpt>
    <trkpt lat="50.438056" lon="16.660021">
      <ele>290</ele>
      <time>2026-05-07T08:48:53Z</time>
    </trkpt>
    <trkpt lat="50.438119" lon="16.660166">
      <ele>290</ele>
      <time>2026-05-07T08:49:06Z</time>
    </trkpt>
    <trkpt lat="50.438164" lon="16.660261">
      <ele>290</ele>
      <time>2026-05-07T08:49:14Z</time>
    </trkpt>
    <trkpt lat="50.438211" lon="16.660338">
      <ele>290</ele>
      <time>2026-05-07T08:49:22Z</time>
    </trkpt>
    <trkpt lat="50.438252" lon="16.660397">
      <ele>290</ele>
      <time>2026-05-07T08:49:28Z</time>
    </trkpt>
    <trkpt lat="50.438366" lon="16.660505">
      <ele>291</ele>
      <time>2026-05-07T08:49:43Z</time>
    </trkpt>
    <trkpt lat="50.438484" lon="16.660602">
      <ele>292</ele>
      <time>2026-05-07T08:49:58Z</time>
    </trkpt>
    <trkpt lat="50.438715" lon="16.660689">
      <ele>294</ele>
      <time>2026-05-07T08:50:25Z</time>
    </trkpt>
    <trkpt lat="50.438743" lon="16.660676">
      <ele>294</ele>
      <time>2026-05-07T08:50:28Z</time>
    </trkpt>
    <trkpt lat="50.438861" lon="16.660618">
      <ele>294</ele>
      <time>2026-05-07T08:50:42Z</time>
    </trkpt>
    <trkpt lat="50.438967" lon="16.660566">
      <ele>293</ele>
      <time>2026-05-07T08:50:55Z</time>
    </trkpt>
    <trkpt lat="50.438989" lon="16.660555">
      <ele>293</ele>
      <time>2026-05-07T08:50:57Z</time>
    </trkpt>
    <trkpt lat="50.4391" lon="16.660491">
      <ele>292</ele>
      <time>2026-05-07T08:51:10Z</time>
    </trkpt>
    <trkpt lat="50.439171" lon="16.660451">
      <ele>292</ele>
      <time>2026-05-07T08:51:19Z</time>
    </trkpt>
    <trkpt lat="50.439194" lon="16.660529">
      <ele>292</ele>
      <time>2026-05-07T08:51:25Z</time>
    </trkpt>
    <trkpt lat="50.439199" lon="16.660545">
      <ele>292</ele>
      <time>2026-05-07T08:51:26Z</time>
    </trkpt>
    <trkpt lat="50.439549" lon="16.661787">
      <ele>290</ele>
      <time>2026-05-07T08:53:03Z</time>
    </trkpt>
    <trkpt lat="50.439637" lon="16.661978">
      <ele>289</ele>
      <time>2026-05-07T08:53:20Z</time>
    </trkpt>
    <trkpt lat="50.439649" lon="16.66198">
      <ele>289</ele>
      <time>2026-05-07T08:53:22Z</time>
    </trkpt>
    <trkpt lat="50.439709" lon="16.661924">
      <ele>289</ele>
      <time>2026-05-07T08:53:29Z</time>
    </trkpt>
    <trkpt lat="50.439733" lon="16.661898">
      <ele>289</ele>
      <time>2026-05-07T08:53:33Z</time>
    </trkpt>
    <trkpt lat="50.439746" lon="16.661926">
      <ele>289</ele>
      <time>2026-05-07T08:53:35Z</time>
    </trkpt>
    <trkpt lat="50.439922" lon="16.662316">
      <ele>291</ele>
      <time>2026-05-07T08:54:09Z</time>
    </trkpt>
    <trkpt lat="50.440112" lon="16.663002">
      <ele>295</ele>
      <time>2026-05-07T08:55:03Z</time>
    </trkpt>
    <trkpt lat="50.440346" lon="16.663636">
      <ele>299</ele>
      <time>2026-05-07T08:55:56Z</time>
    </trkpt>
    <trkpt lat="50.440941" lon="16.665501">
      <ele>300</ele>
      <time>2026-05-07T08:58:25Z</time>
    </trkpt>
    <trkpt lat="50.440956" lon="16.665612">
      <ele>300</ele>
      <time>2026-05-07T08:58:33Z</time>
    </trkpt>
    <trkpt lat="50.440988" lon="16.665838">
      <ele>301</ele>
      <time>2026-05-07T08:58:49Z</time>
    </trkpt>
    <trkpt lat="50.441012" lon="16.666001">
      <ele>301</ele>
      <time>2026-05-07T08:59:01Z</time>
    </trkpt>
    <trkpt lat="50.441021" lon="16.666067">
      <ele>302</ele>
      <time>2026-05-07T08:59:06Z</time>
    </trkpt>
    <trkpt lat="50.441048" lon="16.66625">
      <ele>302</ele>
      <time>2026-05-07T08:59:20Z</time>
    </trkpt>
    <trkpt lat="50.441116" lon="16.666652">
      <ele>302</ele>
      <time>2026-05-07T08:59:49Z</time>
    </trkpt>
    <trkpt lat="50.44117" lon="16.666972">
      <ele>303</ele>
      <time>2026-05-07T09:00:13Z</time>
    </trkpt>
    <trkpt lat="50.441255" lon="16.667319">
      <ele>304</ele>
      <time>2026-05-07T09:00:40Z</time>
    </trkpt>
    <trkpt lat="50.441369" lon="16.667653">
      <ele>305</ele>
      <time>2026-05-07T09:01:07Z</time>
    </trkpt>
    <trkpt lat="50.441553" lon="16.668308">
      <ele>304</ele>
      <time>2026-05-07T09:01:58Z</time>
    </trkpt>
    <trkpt lat="50.441701" lon="16.66895">
      <ele>301</ele>
      <time>2026-05-07T09:02:47Z</time>
    </trkpt>
    <trkpt lat="50.441883" lon="16.669623">
      <ele>301</ele>
      <time>2026-05-07T09:03:39Z</time>
    </trkpt>
    <trkpt lat="50.441977" lon="16.669911">
      <ele>301</ele>
      <time>2026-05-07T09:04:02Z</time>
    </trkpt>
    <trkpt lat="50.442008" lon="16.669984">
      <ele>301</ele>
      <time>2026-05-07T09:04:08Z</time>
    </trkpt>
    <trkpt lat="50.442177" lon="16.670415">
      <ele>301</ele>
      <time>2026-05-07T09:04:45Z</time>
    </trkpt>
    <trkpt lat="50.442337" lon="16.670837">
      <ele>301</ele>
      <time>2026-05-07T09:05:20Z</time>
    </trkpt>
    <trkpt lat="50.442513" lon="16.671302">
      <ele>300</ele>
      <time>2026-05-07T09:05:58Z</time>
    </trkpt>
    <trkpt lat="50.442642" lon="16.671645">
      <ele>301</ele>
      <time>2026-05-07T09:06:27Z</time>
    </trkpt>
    <trkpt lat="50.443132" lon="16.672506">
      <ele>303</ele>
      <time>2026-05-07T09:07:49Z</time>
    </trkpt>
    <trkpt lat="50.443153" lon="16.672542">
      <ele>303</ele>
      <time>2026-05-07T09:07:53Z</time>
    </trkpt>
    <trkpt lat="50.443684" lon="16.673405">
      <ele>303</ele>
      <time>2026-05-07T09:09:19Z</time>
    </trkpt>
    <trkpt lat="50.443883" lon="16.673681">
      <ele>304</ele>
      <time>2026-05-07T09:09:49Z</time>
    </trkpt>
    <trkpt lat="50.444085" lon="16.673969">
      <ele>307</ele>
      <time>2026-05-07T09:10:19Z</time>
    </trkpt>
    <trkpt lat="50.444592" lon="16.674626">
      <ele>312</ele>
      <time>2026-05-07T09:11:33Z</time>
    </trkpt>
    <trkpt lat="50.444896" lon="16.674936">
      <ele>315</ele>
      <time>2026-05-07T09:12:14Z</time>
    </trkpt>
    <trkpt lat="50.445176" lon="16.675287">
      <ele>315</ele>
      <time>2026-05-07T09:12:54Z</time>
    </trkpt>
    <trkpt lat="50.445421" lon="16.675615">
      <ele>315</ele>
      <time>2026-05-07T09:13:30Z</time>
    </trkpt>
    <trkpt lat="50.446699" lon="16.677566">
      <ele>317</ele>
      <time>2026-05-07T09:16:50Z</time>
    </trkpt>
    <trkpt lat="50.446949" lon="16.677857">
      <ele>318</ele>
      <time>2026-05-07T09:17:25Z</time>
    </trkpt>
    <trkpt lat="50.446994" lon="16.678553">
      <ele>320</ele>
      <time>2026-05-07T09:18:15Z</time>
    </trkpt>
    <trkpt lat="50.447033" lon="16.678884">
      <ele>322</ele>
      <time>2026-05-07T09:18:39Z</time>
    </trkpt>
    <trkpt lat="50.447113" lon="16.679284">
      <ele>323</ele>
      <time>2026-05-07T09:19:09Z</time>
    </trkpt>
    <trkpt lat="50.447174" lon="16.679562">
      <ele>324</ele>
      <time>2026-05-07T09:19:30Z</time>
    </trkpt>
    <trkpt lat="50.44719" lon="16.679635">
      <ele>324</ele>
      <time>2026-05-07T09:19:36Z</time>
    </trkpt>
    <trkpt lat="50.447138" lon="16.679925">
      <ele>325</ele>
      <time>2026-05-07T09:20:04Z</time>
    </trkpt>
    <trkpt lat="50.447163" lon="16.68003">
      <ele>325</ele>
      <time>2026-05-07T09:20:14Z</time>
    </trkpt>
    <trkpt lat="50.447214" lon="16.680219">
      <ele>326</ele>
      <time>2026-05-07T09:20:34Z</time>
    </trkpt>
    <trkpt lat="50.447317" lon="16.680511">
      <ele>327</ele>
      <time>2026-05-07T09:21:05Z</time>
    </trkpt>
    <trkpt lat="50.447479" lon="16.680961">
      <ele>329</ele>
      <time>2026-05-07T09:21:53Z</time>
    </trkpt>
    <trkpt lat="50.447544" lon="16.681163">
      <ele>331</ele>
      <time>2026-05-07T09:22:14Z</time>
    </trkpt>
    <trkpt lat="50.447612" lon="16.681354">
      <ele>333</ele>
      <time>2026-05-07T09:22:35Z</time>
    </trkpt>
    <trkpt lat="50.447682" lon="16.681493">
      <ele>334</ele>
      <time>2026-05-07T09:22:51Z</time>
    </trkpt>
    <trkpt lat="50.447759" lon="16.681598">
      <ele>335</ele>
      <time>2026-05-07T09:23:06Z</time>
    </trkpt>
    <trkpt lat="50.447892" lon="16.681755">
      <ele>336</ele>
      <time>2026-05-07T09:23:30Z</time>
    </trkpt>
    <trkpt lat="50.448022" lon="16.681984">
      <ele>337</ele>
      <time>2026-05-07T09:23:59Z</time>
    </trkpt>
    <trkpt lat="50.447857" lon="16.682417">
      <ele>337</ele>
      <time>2026-05-07T09:24:46Z</time>
    </trkpt>
    <trkpt lat="50.447146" lon="16.684365">
      <ele>350</ele>
      <time>2026-05-07T09:28:15Z</time>
    </trkpt>
    <trkpt lat="50.447055" lon="16.684729">
      <ele>352</ele>
      <time>2026-05-07T09:28:52Z</time>
    </trkpt>
    <trkpt lat="50.446956" lon="16.685195">
      <ele>354</ele>
      <time>2026-05-07T09:29:38Z</time>
    </trkpt>
    <trkpt lat="50.446851" lon="16.68553">
      <ele>358</ele>
      <time>2026-05-07T09:30:13Z</time>
    </trkpt>
    <trkpt lat="50.446717" lon="16.685772">
      <ele>362</ele>
      <time>2026-05-07T09:30:43Z</time>
    </trkpt>
    <trkpt lat="50.446626" lon="16.685942">
      <ele>364</ele>
      <time>2026-05-07T09:31:04Z</time>
    </trkpt>
    <trkpt lat="50.446573" lon="16.686089">
      <ele>365</ele>
      <time>2026-05-07T09:31:20Z</time>
    </trkpt>
    <trkpt lat="50.446475" lon="16.68632">
      <ele>366</ele>
      <time>2026-05-07T09:31:46Z</time>
    </trkpt>
    <trkpt lat="50.446507" lon="16.686516">
      <ele>368</ele>
      <time>2026-05-07T09:32:04Z</time>
    </trkpt>
    <trkpt lat="50.446552" lon="16.686695">
      <ele>369</ele>
      <time>2026-05-07T09:32:23Z</time>
    </trkpt>
    <trkpt lat="50.446543" lon="16.686795">
      <ele>370</ele>
      <time>2026-05-07T09:32:32Z</time>
    </trkpt>
    <trkpt lat="50.446494" lon="16.68693">
      <ele>370</ele>
      <time>2026-05-07T09:32:46Z</time>
    </trkpt>
    <trkpt lat="50.446412" lon="16.687139">
      <ele>373</ele>
      <time>2026-05-07T09:33:09Z</time>
    </trkpt>
    <trkpt lat="50.446363" lon="16.687344">
      <ele>374</ele>
      <time>2026-05-07T09:33:30Z</time>
    </trkpt>
    <trkpt lat="50.44627" lon="16.687754">
      <ele>377</ele>
      <time>2026-05-07T09:34:11Z</time>
    </trkpt>
    <trkpt lat="50.446119" lon="16.68836">
      <ele>385</ele>
      <time>2026-05-07T09:35:12Z</time>
    </trkpt>
    <trkpt lat="50.445984" lon="16.688937">
      <ele>401</ele>
      <time>2026-05-07T09:36:13Z</time>
    </trkpt>
    <trkpt lat="50.446076" lon="16.689145">
      <ele>406</ele>
      <time>2026-05-07T09:36:37Z</time>
    </trkpt>
    <trkpt lat="50.446217" lon="16.689368">
      <ele>411</ele>
      <time>2026-05-07T09:37:07Z</time>
    </trkpt>
    <trkpt lat="50.446341" lon="16.689625">
      <ele>412</ele>
      <time>2026-05-07T09:37:37Z</time>
    </trkpt>
    <trkpt lat="50.446439" lon="16.689772">
      <ele>412</ele>
      <time>2026-05-07T09:37:57Z</time>
    </trkpt>
    <trkpt lat="50.44649" lon="16.689919">
      <ele>412</ele>
      <time>2026-05-07T09:38:13Z</time>
    </trkpt>
    <trkpt lat="50.446505" lon="16.690026">
      <ele>413</ele>
      <time>2026-05-07T09:38:23Z</time>
    </trkpt>
    <trkpt lat="50.446472" lon="16.690137">
      <ele>415</ele>
      <time>2026-05-07T09:38:35Z</time>
    </trkpt>
    <trkpt lat="50.446404" lon="16.690168">
      <ele>418</ele>
      <time>2026-05-07T09:38:46Z</time>
    </trkpt>
    <trkpt lat="50.446331" lon="16.690208">
      <ele>420</ele>
      <time>2026-05-07T09:38:57Z</time>
    </trkpt>
    <trkpt lat="50.446313" lon="16.690228">
      <ele>420</ele>
      <time>2026-05-07T09:39:00Z</time>
    </trkpt>
    <trkpt lat="50.446295" lon="16.690343">
      <ele>421</ele>
      <time>2026-05-07T09:39:11Z</time>
    </trkpt>
    <trkpt lat="50.44629" lon="16.690414">
      <ele>422</ele>
      <time>2026-05-07T09:39:18Z</time>
    </trkpt>
    <trkpt lat="50.446268" lon="16.6906">
      <ele>422</ele>
      <time>2026-05-07T09:39:36Z</time>
    </trkpt>
    <trkpt lat="50.446213" lon="16.690676">
      <ele>423</ele>
      <time>2026-05-07T09:39:47Z</time>
    </trkpt>
    <trkpt lat="50.446101" lon="16.690814">
      <ele>423</ele>
      <time>2026-05-07T09:40:07Z</time>
    </trkpt>
    <trkpt lat="50.445886" lon="16.690945">
      <ele>424</ele>
      <time>2026-05-07T09:40:41Z</time>
    </trkpt>
    <trkpt lat="50.445798" lon="16.691068">
      <ele>423</ele>
      <time>2026-05-07T09:40:58Z</time>
    </trkpt>
    <trkpt lat="50.445682" lon="16.691191">
      <ele>421</ele>
      <time>2026-05-07T09:41:19Z</time>
    </trkpt>
    <trkpt lat="50.445505" lon="16.691389">
      <ele>416</ele>
      <time>2026-05-07T09:41:51Z</time>
    </trkpt>
    <trkpt lat="50.445374" lon="16.691485">
      <ele>413</ele>
      <time>2026-05-07T09:42:13Z</time>
    </trkpt>
    <trkpt lat="50.445217" lon="16.691524">
      <ele>411</ele>
      <time>2026-05-07T09:42:36Z</time>
    </trkpt>
    <trkpt lat="50.44498" lon="16.69158">
      <ele>408</ele>
      <time>2026-05-07T09:43:11Z</time>
    </trkpt>
    <trkpt lat="50.444866" lon="16.691635">
      <ele>408</ele>
      <time>2026-05-07T09:43:29Z</time>
    </trkpt>
    <trkpt lat="50.444738" lon="16.691746">
      <ele>407</ele>
      <time>2026-05-07T09:43:50Z</time>
    </trkpt>
    <trkpt lat="50.444654" lon="16.691865">
      <ele>407</ele>
      <time>2026-05-07T09:44:07Z</time>
    </trkpt>
    <trkpt lat="50.444515" lon="16.692087">
      <ele>407</ele>
      <time>2026-05-07T09:44:36Z</time>
    </trkpt>
    <trkpt lat="50.444407" lon="16.692246">
      <ele>407</ele>
      <time>2026-05-07T09:44:57Z</time>
    </trkpt>
    <trkpt lat="50.444331" lon="16.69242">
      <ele>407</ele>
      <time>2026-05-07T09:45:17Z</time>
    </trkpt>
    <trkpt lat="50.444266" lon="16.692547">
      <ele>407</ele>
      <time>2026-05-07T09:45:32Z</time>
    </trkpt>
    <trkpt lat="50.444238" lon="16.692674">
      <ele>406</ele>
      <time>2026-05-07T09:45:45Z</time>
    </trkpt>
    <trkpt lat="50.444197" lon="16.692832">
      <ele>406</ele>
      <time>2026-05-07T09:46:00Z</time>
    </trkpt>
    <trkpt lat="50.444269" lon="16.693043">
      <ele>406</ele>
      <time>2026-05-07T09:46:23Z</time>
    </trkpt>
    <trkpt lat="50.444287" lon="16.693296">
      <ele>406</ele>
      <time>2026-05-07T09:46:46Z</time>
    </trkpt>
    <trkpt lat="50.444284" lon="16.693316">
      <ele>406</ele>
      <time>2026-05-07T09:46:48Z</time>
    </trkpt>
    <trkpt lat="50.444246" lon="16.693577">
      <ele>405</ele>
      <time>2026-05-07T09:47:13Z</time>
    </trkpt>
    <trkpt lat="50.44422" lon="16.693964">
      <ele>405</ele>
      <time>2026-05-07T09:47:49Z</time>
    </trkpt>
    <trkpt lat="50.444209" lon="16.694301">
      <ele>405</ele>
      <time>2026-05-07T09:48:21Z</time>
    </trkpt>
    <trkpt lat="50.444217" lon="16.694526">
      <ele>405</ele>
      <time>2026-05-07T09:48:42Z</time>
    </trkpt>
    <trkpt lat="50.444235" lon="16.694623">
      <ele>406</ele>
      <time>2026-05-07T09:48:51Z</time>
    </trkpt>
    <trkpt lat="50.444303" lon="16.694809">
      <ele>406</ele>
      <time>2026-05-07T09:49:11Z</time>
    </trkpt>
    <trkpt lat="50.444327" lon="16.694874">
      <ele>407</ele>
      <time>2026-05-07T09:49:18Z</time>
    </trkpt>
    <trkpt lat="50.444375" lon="16.694976">
      <ele>407</ele>
      <time>2026-05-07T09:49:30Z</time>
    </trkpt>
    <trkpt lat="50.444488" lon="16.695151">
      <ele>408</ele>
      <time>2026-05-07T09:49:53Z</time>
    </trkpt>
    <trkpt lat="50.444545" lon="16.695302">
      <ele>409</ele>
      <time>2026-05-07T09:50:10Z</time>
    </trkpt>
    <trkpt lat="50.444634" lon="16.695555">
      <ele>410</ele>
      <time>2026-05-07T09:50:37Z</time>
    </trkpt>
    <trkpt lat="50.444687" lon="16.695815">
      <ele>413</ele>
      <time>2026-05-07T09:51:02Z</time>
    </trkpt>
    <trkpt lat="50.444718" lon="16.696052">
      <ele>415</ele>
      <time>2026-05-07T09:51:25Z</time>
    </trkpt>
    <trkpt lat="50.444751" lon="16.696281">
      <ele>417</ele>
      <time>2026-05-07T09:51:47Z</time>
    </trkpt>
    <trkpt lat="50.444758" lon="16.696461">
      <ele>419</ele>
      <time>2026-05-07T09:52:04Z</time>
    </trkpt>
    <trkpt lat="50.44476" lon="16.696865">
      <ele>423</ele>
      <time>2026-05-07T09:52:42Z</time>
    </trkpt>
    <trkpt lat="50.444763" lon="16.697159">
      <ele>426</ele>
      <time>2026-05-07T09:53:09Z</time>
    </trkpt>
    <trkpt lat="50.444761" lon="16.697484">
      <ele>430</ele>
      <time>2026-05-07T09:53:40Z</time>
    </trkpt>
    <trkpt lat="50.444682" lon="16.698055">
      <ele>440</ele>
      <time>2026-05-07T09:54:36Z</time>
    </trkpt>
    <trkpt lat="50.444269" lon="16.698211">
      <ele>440</ele>
      <time>2026-05-07T09:55:14Z</time>
    </trkpt>
    <trkpt lat="50.444157" lon="16.698277">
      <ele>441</ele>
      <time>2026-05-07T09:55:25Z</time>
    </trkpt>
    <trkpt lat="50.444062" lon="16.698378">
      <ele>441</ele>
      <time>2026-05-07T09:55:35Z</time>
    </trkpt>
    <trkpt lat="50.444046" lon="16.69839">
      <ele>441</ele>
      <time>2026-05-07T09:55:37Z</time>
    </trkpt>
    <trkpt lat="50.443987" lon="16.698473">
      <ele>441</ele>
      <time>2026-05-07T09:55:44Z</time>
    </trkpt>
    <trkpt lat="50.443872" lon="16.698633">
      <ele>441</ele>
      <time>2026-05-07T09:55:58Z</time>
    </trkpt>
    <trkpt lat="50.443742" lon="16.6988">
      <ele>442</ele>
      <time>2026-05-07T09:56:13Z</time>
    </trkpt>
    <trkpt lat="50.443551" lon="16.699068">
      <ele>441</ele>
      <time>2026-05-07T09:56:36Z</time>
    </trkpt>
    <trkpt lat="50.443613" lon="16.699081">
      <ele>443</ele>
      <time>2026-05-07T09:56:46Z</time>
    </trkpt>
    <trkpt lat="50.443667" lon="16.69911">
      <ele>443</ele>
      <time>2026-05-07T09:56:54Z</time>
    </trkpt>
    <trkpt lat="50.443726" lon="16.699168">
      <ele>444</ele>
      <time>2026-05-07T09:57:05Z</time>
    </trkpt>
    <trkpt lat="50.443773" lon="16.69928">
      <ele>445</ele>
      <time>2026-05-07T09:57:18Z</time>
    </trkpt>
    <trkpt lat="50.44382" lon="16.699582">
      <ele>447</ele>
      <time>2026-05-07T09:57:48Z</time>
    </trkpt>
    <trkpt lat="50.443889" lon="16.699876">
      <ele>451</ele>
      <time>2026-05-07T09:58:19Z</time>
    </trkpt>
    <trkpt lat="50.443829" lon="16.700224">
      <ele>453</ele>
      <time>2026-05-07T09:58:54Z</time>
    </trkpt>
    <trkpt lat="50.443783" lon="16.700498">
      <ele>456</ele>
      <time>2026-05-07T09:59:22Z</time>
    </trkpt>
    <trkpt lat="50.443743" lon="16.700739">
      <ele>457</ele>
      <time>2026-05-07T09:59:46Z</time>
    </trkpt>
    <trkpt lat="50.443663" lon="16.701196">
      <ele>460</ele>
      <time>2026-05-07T10:00:32Z</time>
    </trkpt>
    <trkpt lat="50.443634" lon="16.701457">
      <ele>462</ele>
      <time>2026-05-07T10:00:58Z</time>
    </trkpt>
    <trkpt lat="50.443632" lon="16.701679">
      <ele>465</ele>
      <time>2026-05-07T10:01:20Z</time>
    </trkpt>
    <trkpt lat="50.443653" lon="16.701815">
      <ele>467</ele>
      <time>2026-05-07T10:01:34Z</time>
    </trkpt>
    <trkpt lat="50.443691" lon="16.70196">
      <ele>469</ele>
      <time>2026-05-07T10:01:49Z</time>
    </trkpt>
    <trkpt lat="50.443768" lon="16.702185">
      <ele>472</ele>
      <time>2026-05-07T10:02:14Z</time>
    </trkpt>
    <trkpt lat="50.443785" lon="16.702322">
      <ele>473</ele>
      <time>2026-05-07T10:02:28Z</time>
    </trkpt>
    <trkpt lat="50.44381" lon="16.702563">
      <ele>475</ele>
      <time>2026-05-07T10:02:51Z</time>
    </trkpt>
    <trkpt lat="50.443961" lon="16.703234">
      <ele>478</ele>
      <time>2026-05-07T10:04:00Z</time>
    </trkpt>
    <trkpt lat="50.444012" lon="16.70355">
      <ele>479</ele>
      <time>2026-05-07T10:04:32Z</time>
    </trkpt>
    <trkpt lat="50.444063" lon="16.70384">
      <ele>479</ele>
      <time>2026-05-07T10:05:01Z</time>
    </trkpt>
    <trkpt lat="50.444184" lon="16.704328">
      <ele>488</ele>
      <time>2026-05-07T10:05:53Z</time>
    </trkpt>
    <trkpt lat="50.444202" lon="16.70439">
      <ele>489</ele>
      <time>2026-05-07T10:06:00Z</time>
    </trkpt>
    <trkpt lat="50.444282" lon="16.704913">
      <ele>496</ele>
      <time>2026-05-07T10:06:53Z</time>
    </trkpt>
    <trkpt lat="50.44429" lon="16.705294">
      <ele>501</ele>
      <time>2026-05-07T10:07:30Z</time>
    </trkpt>
    <trkpt lat="50.444297" lon="16.705463">
      <ele>504</ele>
      <time>2026-05-07T10:07:47Z</time>
    </trkpt>
    <trkpt lat="50.444309" lon="16.705626">
      <ele>507</ele>
      <time>2026-05-07T10:08:04Z</time>
    </trkpt>
    <trkpt lat="50.44434" lon="16.705785">
      <ele>509</ele>
      <time>2026-05-07T10:08:20Z</time>
    </trkpt>
    <trkpt lat="50.444391" lon="16.705906">
      <ele>510</ele>
      <time>2026-05-07T10:08:34Z</time>
    </trkpt>
    <trkpt lat="50.444415" lon="16.705999">
      <ele>511</ele>
      <time>2026-05-07T10:08:44Z</time>
    </trkpt>
    <trkpt lat="50.44443" lon="16.70616">
      <ele>512</ele>
      <time>2026-05-07T10:09:00Z</time>
    </trkpt>
    <trkpt lat="50.444434" lon="16.706313">
      <ele>514</ele>
      <time>2026-05-07T10:09:15Z</time>
    </trkpt>
    <trkpt lat="50.444405" lon="16.706514">
      <ele>517</ele>
      <time>2026-05-07T10:09:35Z</time>
    </trkpt>
    <trkpt lat="50.444302" lon="16.706852">
      <ele>518</ele>
      <time>2026-05-07T10:10:11Z</time>
    </trkpt>
    <trkpt lat="50.444219" lon="16.707048">
      <ele>518</ele>
      <time>2026-05-07T10:10:34Z</time>
    </trkpt>
    <trkpt lat="50.444015" lon="16.707526">
      <ele>519</ele>
      <time>2026-05-07T10:11:30Z</time>
    </trkpt>
    <trkpt lat="50.443861" lon="16.707813">
      <ele>520</ele>
      <time>2026-05-07T10:12:06Z</time>
    </trkpt>
    <trkpt lat="50.443404" lon="16.708561">
      <ele>526</ele>
      <time>2026-05-07T10:13:47Z</time>
    </trkpt>
    <trkpt lat="50.443139" lon="16.70893">
      <ele>529</ele>
      <time>2026-05-07T10:14:41Z</time>
    </trkpt>
    <trkpt lat="50.442837" lon="16.709231">
      <ele>533</ele>
      <time>2026-05-07T10:15:35Z</time>
    </trkpt>
    <trkpt lat="50.442705" lon="16.709357">
      <ele>534</ele>
      <time>2026-05-07T10:15:59Z</time>
    </trkpt>
    <trkpt lat="50.442632" lon="16.709402">
      <ele>535</ele>
      <time>2026-05-07T10:16:11Z</time>
    </trkpt>
    <trkpt lat="50.442452" lon="16.709371">
      <ele>536</ele>
      <time>2026-05-07T10:16:38Z</time>
    </trkpt>
    <trkpt lat="50.442299" lon="16.709363">
      <ele>536</ele>
      <time>2026-05-07T10:17:02Z</time>
    </trkpt>
    <trkpt lat="50.442165" lon="16.709403">
      <ele>538</ele>
      <time>2026-05-07T10:17:23Z</time>
    </trkpt>
    <trkpt lat="50.442054" lon="16.709427">
      <ele>540</ele>
      <time>2026-05-07T10:17:40Z</time>
    </trkpt>
    <trkpt lat="50.441863" lon="16.709414">
      <ele>542</ele>
      <time>2026-05-07T10:18:09Z</time>
    </trkpt>
    <trkpt lat="50.441718" lon="16.709451">
      <ele>543</ele>
      <time>2026-05-07T10:18:31Z</time>
    </trkpt>
    <trkpt lat="50.441549" lon="16.709561">
      <ele>543</ele>
      <time>2026-05-07T10:18:59Z</time>
    </trkpt>
    <trkpt lat="50.441417" lon="16.709695">
      <ele>545</ele>
      <time>2026-05-07T10:19:23Z</time>
    </trkpt>
    <trkpt lat="50.441272" lon="16.709889">
      <ele>546</ele>
      <time>2026-05-07T10:19:52Z</time>
    </trkpt>
    <trkpt lat="50.441144" lon="16.710233">
      <ele>549</ele>
      <time>2026-05-07T10:20:31Z</time>
    </trkpt>
    <trkpt lat="50.440992" lon="16.710958">
      <ele>554</ele>
      <time>2026-05-07T10:21:45Z</time>
    </trkpt>
    <trkpt lat="50.44085" lon="16.711275">
      <ele>556</ele>
      <time>2026-05-07T10:22:23Z</time>
    </trkpt>
    <trkpt lat="50.440759" lon="16.71149">
      <ele>556</ele>
      <time>2026-05-07T10:22:48Z</time>
    </trkpt>
    <trkpt lat="50.440676" lon="16.711739">
      <ele>556</ele>
      <time>2026-05-07T10:23:15Z</time>
    </trkpt>
    <trkpt lat="50.440655" lon="16.71204">
      <ele>556</ele>
      <time>2026-05-07T10:23:44Z</time>
    </trkpt>
    <trkpt lat="50.440573" lon="16.712614">
      <ele>561</ele>
      <time>2026-05-07T10:24:42Z</time>
    </trkpt>
    <trkpt lat="50.440508" lon="16.712898">
      <ele>564</ele>
      <time>2026-05-07T10:25:11Z</time>
    </trkpt>
    <trkpt lat="50.440484" lon="16.713123">
      <ele>566</ele>
      <time>2026-05-07T10:25:33Z</time>
    </trkpt>
    <trkpt lat="50.44049" lon="16.7133">
      <ele>569</ele>
      <time>2026-05-07T10:25:51Z</time>
    </trkpt>
    <trkpt lat="50.440443" lon="16.713587">
      <ele>570</ele>
      <time>2026-05-07T10:26:20Z</time>
    </trkpt>
    <trkpt lat="50.44035" lon="16.713882">
      <ele>571</ele>
      <time>2026-05-07T10:26:52Z</time>
    </trkpt>
    <trkpt lat="50.440305" lon="16.714298">
      <ele>571</ele>
      <time>2026-05-07T10:27:32Z</time>
    </trkpt>
    <trkpt lat="50.440298" lon="16.714475">
      <ele>571</ele>
      <time>2026-05-07T10:27:50Z</time>
    </trkpt>
    <trkpt lat="50.440257" lon="16.71469">
      <ele>570</ele>
      <time>2026-05-07T10:28:11Z</time>
    </trkpt>
    <trkpt lat="50.440208" lon="16.714803">
      <ele>569</ele>
      <time>2026-05-07T10:28:25Z</time>
    </trkpt>
    <trkpt lat="50.440003" lon="16.715257">
      <ele>570</ele>
      <time>2026-05-07T10:29:19Z</time>
    </trkpt>
    <trkpt lat="50.439912" lon="16.715588">
      <ele>572</ele>
      <time>2026-05-07T10:29:54Z</time>
    </trkpt>
    <trkpt lat="50.439885" lon="16.715795">
      <ele>573</ele>
      <time>2026-05-07T10:30:14Z</time>
    </trkpt>
    <trkpt lat="50.439895" lon="16.715956">
      <ele>574</ele>
      <time>2026-05-07T10:30:30Z</time>
    </trkpt>
    <trkpt lat="50.439916" lon="16.716086">
      <ele>574</ele>
      <time>2026-05-07T10:30:43Z</time>
    </trkpt>
    <trkpt lat="50.440068" lon="16.71644">
      <ele>572</ele>
      <time>2026-05-07T10:31:24Z</time>
    </trkpt>
    <trkpt lat="50.440088" lon="16.716551">
      <ele>572</ele>
      <time>2026-05-07T10:31:35Z</time>
    </trkpt>
    <trkpt lat="50.440109" lon="16.716803">
      <ele>573</ele>
      <time>2026-05-07T10:32:00Z</time>
    </trkpt>
    <trkpt lat="50.44017" lon="16.717072">
      <ele>573</ele>
      <time>2026-05-07T10:32:28Z</time>
    </trkpt>
    <trkpt lat="50.440266" lon="16.717426">
      <ele>576</ele>
      <time>2026-05-07T10:33:05Z</time>
    </trkpt>
    <trkpt lat="50.440332" lon="16.717581">
      <ele>578</ele>
      <time>2026-05-07T10:33:23Z</time>
    </trkpt>
    <trkpt lat="50.440413" lon="16.717742">
      <ele>580</ele>
      <time>2026-05-07T10:33:43Z</time>
    </trkpt>
    <trkpt lat="50.440456" lon="16.718">
      <ele>581</ele>
      <time>2026-05-07T10:34:09Z</time>
    </trkpt>
    <trkpt lat="50.440479" lon="16.718477">
      <ele>579</ele>
      <time>2026-05-07T10:34:56Z</time>
    </trkpt>
    <trkpt lat="50.440452" lon="16.718649">
      <ele>578</ele>
      <time>2026-05-07T10:35:13Z</time>
    </trkpt>
    <trkpt lat="50.440397" lon="16.718818">
      <ele>577</ele>
      <time>2026-05-07T10:35:31Z</time>
    </trkpt>
    <trkpt lat="50.44036" lon="16.719048">
      <ele>573</ele>
      <time>2026-05-07T10:35:55Z</time>
    </trkpt>
    <trkpt lat="50.440296" lon="16.719813">
      <ele>560</ele>
      <time>2026-05-07T10:37:11Z</time>
    </trkpt>
    <trkpt lat="50.440238" lon="16.720215">
      <ele>556</ele>
      <time>2026-05-07T10:37:52Z</time>
    </trkpt>
    <trkpt lat="50.440192" lon="16.720336">
      <ele>556</ele>
      <time>2026-05-07T10:38:05Z</time>
    </trkpt>
    <trkpt lat="50.440122" lon="16.720505">
      <ele>555</ele>
      <time>2026-05-07T10:38:25Z</time>
    </trkpt>
    <trkpt lat="50.440057" lon="16.720878">
      <ele>556</ele>
      <time>2026-05-07T10:39:02Z</time>
    </trkpt>
    <trkpt lat="50.440047" lon="16.721306">
      <ele>555</ele>
      <time>2026-05-07T10:39:44Z</time>
    </trkpt>
    <trkpt lat="50.440047" lon="16.721921">
      <ele>555</ele>
      <time>2026-05-07T10:40:43Z</time>
    </trkpt>
    <trkpt lat="50.43995" lon="16.72228">
      <ele>556</ele>
      <time>2026-05-07T10:41:21Z</time>
    </trkpt>
    <trkpt lat="50.439764" lon="16.722822">
      <ele>558</ele>
      <time>2026-05-07T10:42:21Z</time>
    </trkpt>
    <trkpt lat="50.439712" lon="16.723034">
      <ele>558</ele>
      <time>2026-05-07T10:42:43Z</time>
    </trkpt>
    <trkpt lat="50.439706" lon="16.723192">
      <ele>558</ele>
      <time>2026-05-07T10:42:58Z</time>
    </trkpt>
    <trkpt lat="50.439769" lon="16.723439">
      <ele>559</ele>
      <time>2026-05-07T10:43:24Z</time>
    </trkpt>
    <trkpt lat="50.439793" lon="16.723742">
      <ele>560</ele>
      <time>2026-05-07T10:43:54Z</time>
    </trkpt>
    <trkpt lat="50.439895" lon="16.724115">
      <ele>562</ele>
      <time>2026-05-07T10:44:33Z</time>
    </trkpt>
    <trkpt lat="50.43995" lon="16.724403">
      <ele>564</ele>
      <time>2026-05-07T10:45:02Z</time>
    </trkpt>
    <trkpt lat="50.440056" lon="16.724767">
      <ele>565</ele>
      <time>2026-05-07T10:45:41Z</time>
    </trkpt>
    <trkpt lat="50.440146" lon="16.724992">
      <ele>566</ele>
      <time>2026-05-07T10:46:07Z</time>
    </trkpt>
    <trkpt lat="50.440621" lon="16.725781">
      <ele>566</ele>
      <time>2026-05-07T10:47:52Z</time>
    </trkpt>
    <trkpt lat="50.440833" lon="16.726124">
      <ele>563</ele>
      <time>2026-05-07T10:48:38Z</time>
    </trkpt>
    <trkpt lat="50.441188" lon="16.726748">
      <ele>565</ele>
      <time>2026-05-07T10:49:59Z</time>
    </trkpt>
    <trkpt lat="50.441313" lon="16.727087">
      <ele>568</ele>
      <time>2026-05-07T10:50:38Z</time>
    </trkpt>
    <trkpt lat="50.44142" lon="16.727478">
      <ele>574</ele>
      <time>2026-05-07T10:51:19Z</time>
    </trkpt>
    <trkpt lat="50.44145" lon="16.727795">
      <ele>577</ele>
      <time>2026-05-07T10:51:51Z</time>
    </trkpt>
    <trkpt lat="50.441499" lon="16.728128">
      <ele>581</ele>
      <time>2026-05-07T10:52:24Z</time>
    </trkpt>
    <trkpt lat="50.441509" lon="16.728516">
      <ele>584</ele>
      <time>2026-05-07T10:53:02Z</time>
    </trkpt>
    <trkpt lat="50.441532" lon="16.72906">
      <ele>586</ele>
      <time>2026-05-07T10:53:55Z</time>
    </trkpt>
    <trkpt lat="50.441618" lon="16.729543">
      <ele>588</ele>
      <time>2026-05-07T10:54:44Z</time>
    </trkpt>
    <trkpt lat="50.441831" lon="16.730122">
      <ele>595</ele>
      <time>2026-05-07T10:55:49Z</time>
    </trkpt>
    <trkpt lat="50.441897" lon="16.730306">
      <ele>597</ele>
      <time>2026-05-07T10:56:10Z</time>
    </trkpt>
    <trkpt lat="50.441918" lon="16.73048">
      <ele>598</ele>
      <time>2026-05-07T10:56:27Z</time>
    </trkpt>
    <trkpt lat="50.441895" lon="16.730716">
      <ele>597</ele>
      <time>2026-05-07T10:56:50Z</time>
    </trkpt>
    <trkpt lat="50.441828" lon="16.731503">
      <ele>598</ele>
      <time>2026-05-07T10:58:07Z</time>
    </trkpt>
    <trkpt lat="50.441759" lon="16.732277">
      <ele>596</ele>
      <time>2026-05-07T10:59:22Z</time>
    </trkpt>
    <trkpt lat="50.441748" lon="16.732618">
      <ele>594</ele>
      <time>2026-05-07T10:59:56Z</time>
    </trkpt>
    <trkpt lat="50.441774" lon="16.732746">
      <ele>594</ele>
      <time>2026-05-07T11:00:09Z</time>
    </trkpt>
    <trkpt lat="50.441821" lon="16.73287">
      <ele>593</ele>
      <time>2026-05-07T11:00:23Z</time>
    </trkpt>
    <trkpt lat="50.44208" lon="16.733259">
      <ele>590</ele>
      <time>2026-05-07T11:01:17Z</time>
    </trkpt>
    <trkpt lat="50.44214" lon="16.733417">
      <ele>590</ele>
      <time>2026-05-07T11:01:35Z</time>
    </trkpt>
    <trkpt lat="50.442203" lon="16.733586">
      <ele>591</ele>
      <time>2026-05-07T11:01:54Z</time>
    </trkpt>
    <trkpt lat="50.442357" lon="16.733884">
      <ele>592</ele>
      <time>2026-05-07T11:02:31Z</time>
    </trkpt>
    <trkpt lat="50.442442" lon="16.73401">
      <ele>592</ele>
      <time>2026-05-07T11:02:49Z</time>
    </trkpt>
    <trkpt lat="50.442524" lon="16.734157">
      <ele>592</ele>
      <time>2026-05-07T11:03:08Z</time>
    </trkpt>
    <trkpt lat="50.442596" lon="16.734369">
      <ele>592</ele>
      <time>2026-05-07T11:03:31Z</time>
    </trkpt>
    <trkpt lat="50.442662" lon="16.734704">
      <ele>592</ele>
      <time>2026-05-07T11:04:05Z</time>
    </trkpt>
    <trkpt lat="50.442741" lon="16.734884">
      <ele>592</ele>
      <time>2026-05-07T11:04:26Z</time>
    </trkpt>
    <trkpt lat="50.442801" lon="16.735032">
      <ele>592</ele>
      <time>2026-05-07T11:04:43Z</time>
    </trkpt>
    <trkpt lat="50.442934" lon="16.73534">
      <ele>594</ele>
      <time>2026-05-07T11:05:19Z</time>
    </trkpt>
    <trkpt lat="50.442984" lon="16.735479">
      <ele>596</ele>
      <time>2026-05-07T11:05:35Z</time>
    </trkpt>
    <trkpt lat="50.443013" lon="16.735526">
      <ele>597</ele>
      <time>2026-05-07T11:05:42Z</time>
    </trkpt>
    <trkpt lat="50.443084" lon="16.735607">
      <ele>599</ele>
      <time>2026-05-07T11:05:55Z</time>
    </trkpt>
    <trkpt lat="50.443238" lon="16.735787">
      <ele>603</ele>
      <time>2026-05-07T11:06:25Z</time>
    </trkpt>
    <trkpt lat="50.443274" lon="16.735837">
      <ele>604</ele>
      <time>2026-05-07T11:06:32Z</time>
    </trkpt>
    <trkpt lat="50.443287" lon="16.735893">
      <ele>606</ele>
      <time>2026-05-07T11:06:39Z</time>
    </trkpt>
    <trkpt lat="50.443339" lon="16.736053">
      <ele>611</ele>
      <time>2026-05-07T11:06:57Z</time>
    </trkpt>
    <trkpt lat="50.443408" lon="16.736198">
      <ele>614</ele>
      <time>2026-05-07T11:07:15Z</time>
    </trkpt>
    <trkpt lat="50.443467" lon="16.736363">
      <ele>619</ele>
      <time>2026-05-07T11:07:35Z</time>
    </trkpt>
    <trkpt lat="50.443534" lon="16.736541">
      <ele>624</ele>
      <time>2026-05-07T11:07:56Z</time>
    </trkpt>
    <trkpt lat="50.443563" lon="16.736619">
      <ele>627</ele>
      <time>2026-05-07T11:08:05Z</time>
    </trkpt>
    <trkpt lat="50.443642" lon="16.736716">
      <ele>630</ele>
      <time>2026-05-07T11:08:21Z</time>
    </trkpt>
    <trkpt lat="50.443787" lon="16.736911">
      <ele>635</ele>
      <time>2026-05-07T11:08:51Z</time>
    </trkpt>
    <trkpt lat="50.44386" lon="16.737022">
      <ele>638</ele>
      <time>2026-05-07T11:09:07Z</time>
    </trkpt>
    <trkpt lat="50.443949" lon="16.73718">
      <ele>642</ele>
      <time>2026-05-07T11:09:28Z</time>
    </trkpt>
    <trkpt lat="50.444008" lon="16.737333">
      <ele>646</ele>
      <time>2026-05-07T11:09:46Z</time>
    </trkpt>
    <trkpt lat="50.444044" lon="16.737464">
      <ele>648</ele>
      <time>2026-05-07T11:10:00Z</time>
    </trkpt>
    <trkpt lat="50.444109" lon="16.737719">
      <ele>653</ele>
      <time>2026-05-07T11:10:28Z</time>
    </trkpt>
    <trkpt lat="50.444145" lon="16.737928">
      <ele>655</ele>
      <time>2026-05-07T11:10:49Z</time>
    </trkpt>
    <trkpt lat="50.444136" lon="16.73814">
      <ele>657</ele>
      <time>2026-05-07T11:11:10Z</time>
    </trkpt>
    <trkpt lat="50.444123" lon="16.73841">
      <ele>659</ele>
      <time>2026-05-07T11:11:36Z</time>
    </trkpt>
    <trkpt lat="50.444119" lon="16.738462">
      <ele>659</ele>
      <time>2026-05-07T11:11:41Z</time>
    </trkpt>
    <trkpt lat="50.444116" lon="16.738607">
      <ele>659</ele>
      <time>2026-05-07T11:11:54Z</time>
    </trkpt>
    <trkpt lat="50.444158" lon="16.738781">
      <ele>660</ele>
      <time>2026-05-07T11:12:11Z</time>
    </trkpt>
    <trkpt lat="50.444177" lon="16.738889">
      <ele>661</ele>
      <time>2026-05-07T11:12:22Z</time>
    </trkpt>
    <trkpt lat="50.444201" lon="16.739001">
      <ele>660</ele>
      <time>2026-05-07T11:12:33Z</time>
    </trkpt>
    <trkpt lat="50.444229" lon="16.739117">
      <ele>659</ele>
      <time>2026-05-07T11:12:44Z</time>
    </trkpt>
    <trkpt lat="50.444261" lon="16.739245">
      <ele>658</ele>
      <time>2026-05-07T11:12:57Z</time>
    </trkpt>
    <trkpt lat="50.444312" lon="16.739476">
      <ele>657</ele>
      <time>2026-05-07T11:13:19Z</time>
    </trkpt>
    <trkpt lat="50.444377" lon="16.73964">
      <ele>656</ele>
      <time>2026-05-07T11:13:37Z</time>
    </trkpt>
    <trkpt lat="50.444435" lon="16.739795">
      <ele>655</ele>
      <time>2026-05-07T11:13:54Z</time>
    </trkpt>
    <trkpt lat="50.444455" lon="16.739837">
      <ele>654</ele>
      <time>2026-05-07T11:13:59Z</time>
    </trkpt>
    <trkpt lat="50.444491" lon="16.739928">
      <ele>654</ele>
      <time>2026-05-07T11:14:09Z</time>
    </trkpt>
    <trkpt lat="50.444561" lon="16.740207">
      <ele>652</ele>
      <time>2026-05-07T11:14:36Z</time>
    </trkpt>
    <trkpt lat="50.444598" lon="16.740498">
      <ele>649</ele>
      <time>2026-05-07T11:15:04Z</time>
    </trkpt>
    <trkpt lat="50.444582" lon="16.740817">
      <ele>649</ele>
      <time>2026-05-07T11:15:33Z</time>
    </trkpt>
    <trkpt lat="50.444552" lon="16.741112">
      <ele>650</ele>
      <time>2026-05-07T11:16:01Z</time>
    </trkpt>
    <trkpt lat="50.444555" lon="16.741306">
      <ele>650</ele>
      <time>2026-05-07T11:16:18Z</time>
    </trkpt>
    <trkpt lat="50.444563" lon="16.741608">
      <ele>651</ele>
      <time>2026-05-07T11:16:46Z</time>
    </trkpt>
    <trkpt lat="50.444583" lon="16.74183">
      <ele>650</ele>
      <time>2026-05-07T11:17:07Z</time>
    </trkpt>
    <trkpt lat="50.444658" lon="16.742037">
      <ele>649</ele>
      <time>2026-05-07T11:17:29Z</time>
    </trkpt>
    <trkpt lat="50.444765" lon="16.742235">
      <ele>647</ele>
      <time>2026-05-07T11:17:53Z</time>
    </trkpt>
    <trkpt lat="50.44485" lon="16.742376">
      <ele>647</ele>
      <time>2026-05-07T11:18:11Z</time>
    </trkpt>
    <trkpt lat="50.444922" lon="16.742502">
      <ele>647</ele>
      <time>2026-05-07T11:18:26Z</time>
    </trkpt>
    <trkpt lat="50.444983" lon="16.742616">
      <ele>648</ele>
      <time>2026-05-07T11:18:40Z</time>
    </trkpt>
    <trkpt lat="50.445022" lon="16.742776">
      <ele>650</ele>
      <time>2026-05-07T11:18:56Z</time>
    </trkpt>
    <trkpt lat="50.445085" lon="16.742928">
      <ele>649</ele>
      <time>2026-05-07T11:19:13Z</time>
    </trkpt>
    <trkpt lat="50.445098" lon="16.743022">
      <ele>648</ele>
      <time>2026-05-07T11:19:22Z</time>
    </trkpt>
    <trkpt lat="50.445098" lon="16.743116">
      <ele>649</ele>
      <time>2026-05-07T11:19:30Z</time>
    </trkpt>
    <trkpt lat="50.4451" lon="16.743199">
      <ele>649</ele>
      <time>2026-05-07T11:19:38Z</time>
    </trkpt>
    <trkpt lat="50.445106" lon="16.743269">
      <ele>649</ele>
      <time>2026-05-07T11:19:45Z</time>
    </trkpt>
    <trkpt lat="50.445131" lon="16.743392">
      <ele>648</ele>
      <time>2026-05-07T11:19:57Z</time>
    </trkpt>
    <trkpt lat="50.445155" lon="16.743515">
      <ele>646</ele>
      <time>2026-05-07T11:20:09Z</time>
    </trkpt>
    <trkpt lat="50.445161" lon="16.743669">
      <ele>645</ele>
      <time>2026-05-07T11:20:23Z</time>
    </trkpt>
    <trkpt lat="50.445167" lon="16.743781">
      <ele>644</ele>
      <time>2026-05-07T11:20:33Z</time>
    </trkpt>
    <trkpt lat="50.445156" lon="16.74388">
      <ele>644</ele>
      <time>2026-05-07T11:20:43Z</time>
    </trkpt>
    <trkpt lat="50.445124" lon="16.744063">
      <ele>643</ele>
      <time>2026-05-07T11:21:00Z</time>
    </trkpt>
    <trkpt lat="50.4451" lon="16.744159">
      <ele>643</ele>
      <time>2026-05-07T11:21:09Z</time>
    </trkpt>
    <trkpt lat="50.44505" lon="16.744293">
      <ele>643</ele>
      <time>2026-05-07T11:21:24Z</time>
    </trkpt>
    <trkpt lat="50.445042" lon="16.744451">
      <ele>641</ele>
      <time>2026-05-07T11:21:38Z</time>
    </trkpt>
    <trkpt lat="50.445045" lon="16.744545">
      <ele>640</ele>
      <time>2026-05-07T11:21:47Z</time>
    </trkpt>
    <trkpt lat="50.445071" lon="16.744735">
      <ele>638</ele>
      <time>2026-05-07T11:22:05Z</time>
    </trkpt>
    <trkpt lat="50.445131" lon="16.744932">
      <ele>636</ele>
      <time>2026-05-07T11:22:26Z</time>
    </trkpt>
    <trkpt lat="50.445189" lon="16.745085">
      <ele>635</ele>
      <time>2026-05-07T11:22:42Z</time>
    </trkpt>
    <trkpt lat="50.445276" lon="16.745299">
      <ele>635</ele>
      <time>2026-05-07T11:23:05Z</time>
    </trkpt>
    <trkpt lat="50.445325" lon="16.745382">
      <ele>635</ele>
      <time>2026-05-07T11:23:16Z</time>
    </trkpt>
    <trkpt lat="50.445383" lon="16.745487">
      <ele>636</ele>
      <time>2026-05-07T11:23:29Z</time>
    </trkpt>
    <trkpt lat="50.445424" lon="16.745586">
      <ele>637</ele>
      <time>2026-05-07T11:23:40Z</time>
    </trkpt>
    <trkpt lat="50.445471" lon="16.745573">
      <ele>637</ele>
      <time>2026-05-07T11:23:46Z</time>
    </trkpt>
    <trkpt lat="50.445522" lon="16.745597">
      <ele>637</ele>
      <time>2026-05-07T11:23:54Z</time>
    </trkpt>
    <trkpt lat="50.445638" lon="16.745708">
      <ele>638</ele>
      <time>2026-05-07T11:24:14Z</time>
    </trkpt>
    <trkpt lat="50.445745" lon="16.745862">
      <ele>640</ele>
      <time>2026-05-07T11:24:35Z</time>
    </trkpt>
    <trkpt lat="50.445802" lon="16.74597">
      <ele>641</ele>
      <time>2026-05-07T11:24:48Z</time>
    </trkpt>
    <trkpt lat="50.445836" lon="16.746058">
      <ele>642</ele>
      <time>2026-05-07T11:24:58Z</time>
    </trkpt>
    <trkpt lat="50.44588" lon="16.746241">
      <ele>645</ele>
      <time>2026-05-07T11:25:16Z</time>
    </trkpt>
    <trkpt lat="50.44592" lon="16.746415">
      <ele>647</ele>
      <time>2026-05-07T11:25:33Z</time>
    </trkpt>
    <trkpt lat="50.445942" lon="16.746605">
      <ele>650</ele>
      <time>2026-05-07T11:25:51Z</time>
    </trkpt>
    <trkpt lat="50.445943" lon="16.746793">
      <ele>652</ele>
      <time>2026-05-07T11:26:09Z</time>
    </trkpt>
    <trkpt lat="50.445978" lon="16.746943">
      <ele>654</ele>
      <time>2026-05-07T11:26:24Z</time>
    </trkpt>
    <trkpt lat="50.446045" lon="16.747099">
      <ele>657</ele>
      <time>2026-05-07T11:26:41Z</time>
    </trkpt>
    <trkpt lat="50.4462" lon="16.747536">
      <ele>666</ele>
      <time>2026-05-07T11:27:29Z</time>
    </trkpt>
    <trkpt lat="50.446321" lon="16.747833">
      <ele>672</ele>
      <time>2026-05-07T11:28:02Z</time>
    </trkpt>
    <trkpt lat="50.446397" lon="16.748125">
      <ele>677</ele>
      <time>2026-05-07T11:28:32Z</time>
    </trkpt>
    <trkpt lat="50.446454" lon="16.748918">
      <ele>688</ele>
      <time>2026-05-07T11:29:47Z</time>
    </trkpt>
    <trkpt lat="50.446506" lon="16.749173">
      <ele>688</ele>
      <time>2026-05-07T11:30:11Z</time>
    </trkpt>
    <trkpt lat="50.446667" lon="16.749241">
      <ele>692</ele>
      <time>2026-05-07T11:30:36Z</time>
    </trkpt>
    <trkpt lat="50.446892" lon="16.749396">
      <ele>698</ele>
      <time>2026-05-07T11:31:12Z</time>
    </trkpt>
    <trkpt lat="50.447164" lon="16.74964">
      <ele>701</ele>
      <time>2026-05-07T11:31:58Z</time>
    </trkpt>
    <trkpt lat="50.44731" lon="16.749803">
      <ele>703</ele>
      <time>2026-05-07T11:32:24Z</time>
    </trkpt>
    <trkpt lat="50.447418" lon="16.749918">
      <ele>704</ele>
      <time>2026-05-07T11:32:43Z</time>
    </trkpt>
    <trkpt lat="50.447602" lon="16.750025">
      <ele>705</ele>
      <time>2026-05-07T11:33:11Z</time>
    </trkpt>
    <trkpt lat="50.447732" lon="16.750148">
      <ele>706</ele>
      <time>2026-05-07T11:33:33Z</time>
    </trkpt>
    <trkpt lat="50.447811" lon="16.750366">
      <ele>707</ele>
      <time>2026-05-07T11:33:56Z</time>
    </trkpt>
    <trkpt lat="50.447947" lon="16.750901">
      <ele>704</ele>
      <time>2026-05-07T11:34:49Z</time>
    </trkpt>
    <trkpt lat="50.448139" lon="16.751581">
      <ele>698</ele>
      <time>2026-05-07T11:35:58Z</time>
    </trkpt>
    <trkpt lat="50.448244" lon="16.752064">
      <ele>700</ele>
      <time>2026-05-07T11:36:45Z</time>
    </trkpt>
    <trkpt lat="50.44833" lon="16.752326">
      <ele>703</ele>
      <time>2026-05-07T11:37:12Z</time>
    </trkpt>
    <trkpt lat="50.448439" lon="16.752659">
      <ele>708</ele>
      <time>2026-05-07T11:37:47Z</time>
    </trkpt>
    <trkpt lat="50.448555" lon="16.752922">
      <ele>713</ele>
      <time>2026-05-07T11:38:18Z</time>
    </trkpt>
    <trkpt lat="50.448669" lon="16.753119">
      <ele>717</ele>
      <time>2026-05-07T11:38:43Z</time>
    </trkpt>
    <trkpt lat="50.448975" lon="16.753464">
      <ele>726</ele>
      <time>2026-05-07T11:39:38Z</time>
    </trkpt>
    <trkpt lat="50.449139" lon="16.753609">
      <ele>730</ele>
      <time>2026-05-07T11:40:06Z</time>
    </trkpt>
    <trkpt lat="50.449315" lon="16.753658">
      <ele>733</ele>
      <time>2026-05-07T11:40:32Z</time>
    </trkpt>
    <trkpt lat="50.449362" lon="16.753721">
      <ele>735</ele>
      <time>2026-05-07T11:40:41Z</time>
    </trkpt>
    <trkpt lat="50.449395" lon="16.753796">
      <ele>736</ele>
      <time>2026-05-07T11:40:50Z</time>
    </trkpt>
    <trkpt lat="50.449444" lon="16.753991">
      <ele>738</ele>
      <time>2026-05-07T11:41:09Z</time>
    </trkpt>
    <trkpt lat="50.449515" lon="16.754063">
      <ele>740</ele>
      <time>2026-05-07T11:41:22Z</time>
    </trkpt>
    <trkpt lat="50.449686" lon="16.754184">
      <ele>745</ele>
      <time>2026-05-07T11:41:50Z</time>
    </trkpt>
    <trkpt lat="50.449851" lon="16.754253">
      <ele>748</ele>
      <time>2026-05-07T11:42:14Z</time>
    </trkpt>
    <trkpt lat="50.449967" lon="16.754244">
      <ele>749</ele>
      <time>2026-05-07T11:42:31Z</time>
    </trkpt>
    <trkpt lat="50.450092" lon="16.754217">
      <ele>750</ele>
      <time>2026-05-07T11:42:50Z</time>
    </trkpt>
    <trkpt lat="50.45019" lon="16.754153">
      <ele>751</ele>
      <time>2026-05-07T11:43:05Z</time>
    </trkpt>
    <trkpt lat="50.450325" lon="16.754039">
      <ele>752</ele>
      <time>2026-05-07T11:43:27Z</time>
    </trkpt>
    <trkpt lat="50.450444" lon="16.753956">
      <ele>753</ele>
      <time>2026-05-07T11:43:46Z</time>
    </trkpt>
    <trkpt lat="50.450568" lon="16.753939">
      <ele>755</ele>
      <time>2026-05-07T11:44:04Z</time>
    </trkpt>
    <trkpt lat="50.450671" lon="16.753911">
      <ele>755</ele>
      <time>2026-05-07T11:44:19Z</time>
    </trkpt>
    <trkpt lat="50.450826" lon="16.753849">
      <ele>756</ele>
      <time>2026-05-07T11:44:42Z</time>
    </trkpt>
    <trkpt lat="50.45105" lon="16.75364">
      <ele>753</ele>
      <time>2026-05-07T11:45:20Z</time>
    </trkpt>
    <trkpt lat="50.451273" lon="16.753497">
      <ele>751</ele>
      <time>2026-05-07T11:45:55Z</time>
    </trkpt>
    <trkpt lat="50.451548" lon="16.753391">
      <ele>752</ele>
      <time>2026-05-07T11:46:36Z</time>
    </trkpt>
    <trkpt lat="50.451273" lon="16.753497">
      <ele>751</ele>
      <time>2026-05-07T11:47:11Z</time>
    </trkpt>
    <trkpt lat="50.45105" lon="16.75364">
      <ele>753</ele>
      <time>2026-05-07T11:47:41Z</time>
    </trkpt>
    <trkpt lat="50.450826" lon="16.753849">
      <ele>756</ele>
      <time>2026-05-07T11:48:13Z</time>
    </trkpt>
    <trkpt lat="50.450671" lon="16.753911">
      <ele>755</ele>
      <time>2026-05-07T11:48:33Z</time>
    </trkpt>
    <trkpt lat="50.450568" lon="16.753939">
      <ele>755</ele>
      <time>2026-05-07T11:48:46Z</time>
    </trkpt>
    <trkpt lat="50.450444" lon="16.753956">
      <ele>753</ele>
      <time>2026-05-07T11:49:02Z</time>
    </trkpt>
    <trkpt lat="50.450325" lon="16.754039">
      <ele>752</ele>
      <time>2026-05-07T11:49:18Z</time>
    </trkpt>
    <trkpt lat="50.45019" lon="16.754153">
      <ele>751</ele>
      <time>2026-05-07T11:49:37Z</time>
    </trkpt>
    <trkpt lat="50.450092" lon="16.754217">
      <ele>750</ele>
      <time>2026-05-07T11:49:50Z</time>
    </trkpt>
    <trkpt lat="50.449967" lon="16.754244">
      <ele>749</ele>
      <time>2026-05-07T11:50:06Z</time>
    </trkpt>
    <trkpt lat="50.449851" lon="16.754253">
      <ele>748</ele>
      <time>2026-05-07T11:50:20Z</time>
    </trkpt>
    <trkpt lat="50.449686" lon="16.754184">
      <ele>745</ele>
      <time>2026-05-07T11:50:41Z</time>
    </trkpt>
    <trkpt lat="50.449515" lon="16.754063">
      <ele>740</ele>
      <time>2026-05-07T11:51:05Z</time>
    </trkpt>
    <trkpt lat="50.449444" lon="16.753991">
      <ele>738</ele>
      <time>2026-05-07T11:51:16Z</time>
    </trkpt>
    <trkpt lat="50.449395" lon="16.753796">
      <ele>736</ele>
      <time>2026-05-07T11:51:33Z</time>
    </trkpt>
    <trkpt lat="50.449362" lon="16.753721">
      <ele>735</ele>
      <time>2026-05-07T11:51:40Z</time>
    </trkpt>
    <trkpt lat="50.449315" lon="16.753658">
      <ele>733</ele>
      <time>2026-05-07T11:51:48Z</time>
    </trkpt>
    <trkpt lat="50.449139" lon="16.753609">
      <ele>730</ele>
      <time>2026-05-07T11:52:10Z</time>
    </trkpt>
    <trkpt lat="50.448975" lon="16.753464">
      <ele>726</ele>
      <time>2026-05-07T11:52:34Z</time>
    </trkpt>
    <trkpt lat="50.448669" lon="16.753119">
      <ele>717</ele>
      <time>2026-05-07T11:53:22Z</time>
    </trkpt>
    <trkpt lat="50.448555" lon="16.752922">
      <ele>713</ele>
      <time>2026-05-07T11:53:43Z</time>
    </trkpt>
    <trkpt lat="50.448439" lon="16.752659">
      <ele>708</ele>
      <time>2026-05-07T11:54:09Z</time>
    </trkpt>
    <trkpt lat="50.44833" lon="16.752326">
      <ele>703</ele>
      <time>2026-05-07T11:54:39Z</time>
    </trkpt>
    <trkpt lat="50.448244" lon="16.752064">
      <ele>700</ele>
      <time>2026-05-07T11:55:03Z</time>
    </trkpt>
    <trkpt lat="50.448139" lon="16.751581">
      <ele>698</ele>
      <time>2026-05-07T11:55:43Z</time>
    </trkpt>
    <trkpt lat="50.447947" lon="16.750901">
      <ele>704</ele>
      <time>2026-05-07T11:56:42Z</time>
    </trkpt>
    <trkpt lat="50.447811" lon="16.750366">
      <ele>707</ele>
      <time>2026-05-07T11:57:27Z</time>
    </trkpt>
    <trkpt lat="50.447732" lon="16.750148">
      <ele>706</ele>
      <time>2026-05-07T11:57:47Z</time>
    </trkpt>
    <trkpt lat="50.447602" lon="16.750025">
      <ele>705</ele>
      <time>2026-05-07T11:58:06Z</time>
    </trkpt>
    <trkpt lat="50.447418" lon="16.749918">
      <ele>704</ele>
      <time>2026-05-07T11:58:30Z</time>
    </trkpt>
    <trkpt lat="50.44731" lon="16.749803">
      <ele>703</ele>
      <time>2026-05-07T11:58:47Z</time>
    </trkpt>
    <trkpt lat="50.447164" lon="16.74964">
      <ele>701</ele>
      <time>2026-05-07T11:59:09Z</time>
    </trkpt>
    <trkpt lat="50.446892" lon="16.749396">
      <ele>698</ele>
      <time>2026-05-07T11:59:48Z</time>
    </trkpt>
    <trkpt lat="50.446667" lon="16.749241">
      <ele>692</ele>
      <time>2026-05-07T12:00:19Z</time>
    </trkpt>
    <trkpt lat="50.446506" lon="16.749173">
      <ele>688</ele>
      <time>2026-05-07T12:00:40Z</time>
    </trkpt>
    <trkpt lat="50.446454" lon="16.748918">
      <ele>688</ele>
      <time>2026-05-07T12:01:01Z</time>
    </trkpt>
    <trkpt lat="50.446397" lon="16.748125">
      <ele>677</ele>
      <time>2026-05-07T12:02:05Z</time>
    </trkpt>
    <trkpt lat="50.446321" lon="16.747833">
      <ele>672</ele>
      <time>2026-05-07T12:02:31Z</time>
    </trkpt>
    <trkpt lat="50.4462" lon="16.747536">
      <ele>666</ele>
      <time>2026-05-07T12:02:59Z</time>
    </trkpt>
    <trkpt lat="50.446045" lon="16.747099">
      <ele>657</ele>
      <time>2026-05-07T12:03:40Z</time>
    </trkpt>
    <trkpt lat="50.445978" lon="16.746943">
      <ele>654</ele>
      <time>2026-05-07T12:03:55Z</time>
    </trkpt>
    <trkpt lat="50.445943" lon="16.746793">
      <ele>652</ele>
      <time>2026-05-07T12:04:08Z</time>
    </trkpt>
    <trkpt lat="50.445942" lon="16.746605">
      <ele>650</ele>
      <time>2026-05-07T12:04:23Z</time>
    </trkpt>
    <trkpt lat="50.44592" lon="16.746415">
      <ele>647</ele>
      <time>2026-05-07T12:04:39Z</time>
    </trkpt>
    <trkpt lat="50.44588" lon="16.746241">
      <ele>645</ele>
      <time>2026-05-07T12:04:53Z</time>
    </trkpt>
    <trkpt lat="50.445836" lon="16.746058">
      <ele>642</ele>
      <time>2026-05-07T12:05:09Z</time>
    </trkpt>
    <trkpt lat="50.445802" lon="16.74597">
      <ele>641</ele>
      <time>2026-05-07T12:05:17Z</time>
    </trkpt>
    <trkpt lat="50.445745" lon="16.745862">
      <ele>640</ele>
      <time>2026-05-07T12:05:28Z</time>
    </trkpt>
    <trkpt lat="50.445638" lon="16.745708">
      <ele>638</ele>
      <time>2026-05-07T12:05:46Z</time>
    </trkpt>
    <trkpt lat="50.445522" lon="16.745597">
      <ele>637</ele>
      <time>2026-05-07T12:06:03Z</time>
    </trkpt>
    <trkpt lat="50.445471" lon="16.745573">
      <ele>637</ele>
      <time>2026-05-07T12:06:10Z</time>
    </trkpt>
    <trkpt lat="50.445424" lon="16.745586">
      <ele>637</ele>
      <time>2026-05-07T12:06:16Z</time>
    </trkpt>
    <trkpt lat="50.445383" lon="16.745487">
      <ele>636</ele>
      <time>2026-05-07T12:06:25Z</time>
    </trkpt>
    <trkpt lat="50.445325" lon="16.745382">
      <ele>635</ele>
      <time>2026-05-07T12:06:36Z</time>
    </trkpt>
    <trkpt lat="50.445276" lon="16.745299">
      <ele>635</ele>
      <time>2026-05-07T12:06:45Z</time>
    </trkpt>
    <trkpt lat="50.445189" lon="16.745085">
      <ele>635</ele>
      <time>2026-05-07T12:07:05Z</time>
    </trkpt>
    <trkpt lat="50.445131" lon="16.744932">
      <ele>636</ele>
      <time>2026-05-07T12:07:19Z</time>
    </trkpt>
    <trkpt lat="50.445071" lon="16.744735">
      <ele>638</ele>
      <time>2026-05-07T12:07:37Z</time>
    </trkpt>
    <trkpt lat="50.445045" lon="16.744545">
      <ele>640</ele>
      <time>2026-05-07T12:07:52Z</time>
    </trkpt>
    <trkpt lat="50.445042" lon="16.744451">
      <ele>641</ele>
      <time>2026-05-07T12:08:00Z</time>
    </trkpt>
    <trkpt lat="50.44505" lon="16.744293">
      <ele>643</ele>
      <time>2026-05-07T12:08:12Z</time>
    </trkpt>
    <trkpt lat="50.4451" lon="16.744159">
      <ele>643</ele>
      <time>2026-05-07T12:08:24Z</time>
    </trkpt>
    <trkpt lat="50.445124" lon="16.744063">
      <ele>643</ele>
      <time>2026-05-07T12:08:33Z</time>
    </trkpt>
    <trkpt lat="50.445156" lon="16.74388">
      <ele>644</ele>
      <time>2026-05-07T12:08:48Z</time>
    </trkpt>
    <trkpt lat="50.445167" lon="16.743781">
      <ele>644</ele>
      <time>2026-05-07T12:08:55Z</time>
    </trkpt>
    <trkpt lat="50.445161" lon="16.743669">
      <ele>645</ele>
      <time>2026-05-07T12:09:04Z</time>
    </trkpt>
    <trkpt lat="50.445155" lon="16.743515">
      <ele>646</ele>
      <time>2026-05-07T12:09:17Z</time>
    </trkpt>
    <trkpt lat="50.445131" lon="16.743392">
      <ele>648</ele>
      <time>2026-05-07T12:09:27Z</time>
    </trkpt>
    <trkpt lat="50.445106" lon="16.743269">
      <ele>649</ele>
      <time>2026-05-07T12:09:37Z</time>
    </trkpt>
    <trkpt lat="50.4451" lon="16.743199">
      <ele>649</ele>
      <time>2026-05-07T12:09:43Z</time>
    </trkpt>
    <trkpt lat="50.445098" lon="16.743116">
      <ele>649</ele>
      <time>2026-05-07T12:09:49Z</time>
    </trkpt>
    <trkpt lat="50.445098" lon="16.743022">
      <ele>648</ele>
      <time>2026-05-07T12:09:57Z</time>
    </trkpt>
    <trkpt lat="50.445085" lon="16.742928">
      <ele>649</ele>
      <time>2026-05-07T12:10:04Z</time>
    </trkpt>
    <trkpt lat="50.445022" lon="16.742776">
      <ele>650</ele>
      <time>2026-05-07T12:10:19Z</time>
    </trkpt>
    <trkpt lat="50.444983" lon="16.742616">
      <ele>648</ele>
      <time>2026-05-07T12:10:32Z</time>
    </trkpt>
    <trkpt lat="50.444922" lon="16.742502">
      <ele>647</ele>
      <time>2026-05-07T12:10:44Z</time>
    </trkpt>
    <trkpt lat="50.44485" lon="16.742376">
      <ele>647</ele>
      <time>2026-05-07T12:10:58Z</time>
    </trkpt>
    <trkpt lat="50.444765" lon="16.742235">
      <ele>647</ele>
      <time>2026-05-07T12:11:13Z</time>
    </trkpt>
    <trkpt lat="50.444658" lon="16.742037">
      <ele>649</ele>
      <time>2026-05-07T12:11:34Z</time>
    </trkpt>
    <trkpt lat="50.444583" lon="16.74183">
      <ele>650</ele>
      <time>2026-05-07T12:11:52Z</time>
    </trkpt>
    <trkpt lat="50.444563" lon="16.741608">
      <ele>651</ele>
      <time>2026-05-07T12:12:10Z</time>
    </trkpt>
    <trkpt lat="50.444555" lon="16.741306">
      <ele>650</ele>
      <time>2026-05-07T12:12:34Z</time>
    </trkpt>
    <trkpt lat="50.444552" lon="16.741112">
      <ele>650</ele>
      <time>2026-05-07T12:12:49Z</time>
    </trkpt>
    <trkpt lat="50.444582" lon="16.740817">
      <ele>649</ele>
      <time>2026-05-07T12:13:13Z</time>
    </trkpt>
    <trkpt lat="50.444598" lon="16.740498">
      <ele>649</ele>
      <time>2026-05-07T12:13:38Z</time>
    </trkpt>
    <trkpt lat="50.444561" lon="16.740207">
      <ele>652</ele>
      <time>2026-05-07T12:14:02Z</time>
    </trkpt>
    <trkpt lat="50.444491" lon="16.739928">
      <ele>654</ele>
      <time>2026-05-07T12:14:25Z</time>
    </trkpt>
    <trkpt lat="50.444455" lon="16.739837">
      <ele>654</ele>
      <time>2026-05-07T12:14:34Z</time>
    </trkpt>
    <trkpt lat="50.444435" lon="16.739795">
      <ele>655</ele>
      <time>2026-05-07T12:14:38Z</time>
    </trkpt>
    <trkpt lat="50.444377" lon="16.73964">
      <ele>656</ele>
      <time>2026-05-07T12:14:52Z</time>
    </trkpt>
    <trkpt lat="50.444312" lon="16.739476">
      <ele>657</ele>
      <time>2026-05-07T12:15:07Z</time>
    </trkpt>
    <trkpt lat="50.444261" lon="16.739245">
      <ele>658</ele>
      <time>2026-05-07T12:15:27Z</time>
    </trkpt>
    <trkpt lat="50.444229" lon="16.739117">
      <ele>659</ele>
      <time>2026-05-07T12:15:38Z</time>
    </trkpt>
    <trkpt lat="50.444201" lon="16.739001">
      <ele>660</ele>
      <time>2026-05-07T12:15:48Z</time>
    </trkpt>
    <trkpt lat="50.444177" lon="16.738889">
      <ele>661</ele>
      <time>2026-05-07T12:15:57Z</time>
    </trkpt>
    <trkpt lat="50.444158" lon="16.738781">
      <ele>660</ele>
      <time>2026-05-07T12:16:06Z</time>
    </trkpt>
    <trkpt lat="50.444116" lon="16.738607">
      <ele>659</ele>
      <time>2026-05-07T12:16:20Z</time>
    </trkpt>
    <trkpt lat="50.444119" lon="16.738462">
      <ele>659</ele>
      <time>2026-05-07T12:16:32Z</time>
    </trkpt>
    <trkpt lat="50.444123" lon="16.73841">
      <ele>659</ele>
      <time>2026-05-07T12:16:36Z</time>
    </trkpt>
    <trkpt lat="50.444136" lon="16.73814">
      <ele>657</ele>
      <time>2026-05-07T12:16:54Z</time>
    </trkpt>
    <trkpt lat="50.444145" lon="16.737928">
      <ele>655</ele>
      <time>2026-05-07T12:17:07Z</time>
    </trkpt>
    <trkpt lat="50.444109" lon="16.737719">
      <ele>653</ele>
      <time>2026-05-07T12:17:22Z</time>
    </trkpt>
    <trkpt lat="50.444044" lon="16.737464">
      <ele>648</ele>
      <time>2026-05-07T12:17:40Z</time>
    </trkpt>
    <trkpt lat="50.444008" lon="16.737333">
      <ele>646</ele>
      <time>2026-05-07T12:17:49Z</time>
    </trkpt>
    <trkpt lat="50.443949" lon="16.73718">
      <ele>642</ele>
      <time>2026-05-07T12:18:01Z</time>
    </trkpt>
    <trkpt lat="50.44386" lon="16.737022">
      <ele>638</ele>
      <time>2026-05-07T12:18:15Z</time>
    </trkpt>
    <trkpt lat="50.443787" lon="16.736911">
      <ele>635</ele>
      <time>2026-05-07T12:18:26Z</time>
    </trkpt>
    <trkpt lat="50.443642" lon="16.736716">
      <ele>630</ele>
      <time>2026-05-07T12:18:46Z</time>
    </trkpt>
    <trkpt lat="50.443563" lon="16.736619">
      <ele>627</ele>
      <time>2026-05-07T12:18:56Z</time>
    </trkpt>
    <trkpt lat="50.443534" lon="16.736541">
      <ele>624</ele>
      <time>2026-05-07T12:19:03Z</time>
    </trkpt>
    <trkpt lat="50.443467" lon="16.736363">
      <ele>619</ele>
      <time>2026-05-07T12:19:17Z</time>
    </trkpt>
    <trkpt lat="50.443408" lon="16.736198">
      <ele>614</ele>
      <time>2026-05-07T12:19:30Z</time>
    </trkpt>
    <trkpt lat="50.443339" lon="16.736053">
      <ele>611</ele>
      <time>2026-05-07T12:19:42Z</time>
    </trkpt>
    <trkpt lat="50.443287" lon="16.735893">
      <ele>606</ele>
      <time>2026-05-07T12:19:54Z</time>
    </trkpt>
    <trkpt lat="50.443274" lon="16.735837">
      <ele>604</ele>
      <time>2026-05-07T12:19:58Z</time>
    </trkpt>
    <trkpt lat="50.443238" lon="16.735787">
      <ele>603</ele>
      <time>2026-05-07T12:20:03Z</time>
    </trkpt>
    <trkpt lat="50.443084" lon="16.735607">
      <ele>599</ele>
      <time>2026-05-07T12:20:23Z</time>
    </trkpt>
    <trkpt lat="50.443013" lon="16.735526">
      <ele>597</ele>
      <time>2026-05-07T12:20:32Z</time>
    </trkpt>
    <trkpt lat="50.442984" lon="16.735479">
      <ele>596</ele>
      <time>2026-05-07T12:20:37Z</time>
    </trkpt>
    <trkpt lat="50.442934" lon="16.73534">
      <ele>594</ele>
      <time>2026-05-07T12:20:47Z</time>
    </trkpt>
    <trkpt lat="50.442801" lon="16.735032">
      <ele>592</ele>
      <time>2026-05-07T12:21:11Z</time>
    </trkpt>
    <trkpt lat="50.442741" lon="16.734884">
      <ele>592</ele>
      <time>2026-05-07T12:21:23Z</time>
    </trkpt>
    <trkpt lat="50.442662" lon="16.734704">
      <ele>592</ele>
      <time>2026-05-07T12:21:37Z</time>
    </trkpt>
    <trkpt lat="50.442596" lon="16.734369">
      <ele>592</ele>
      <time>2026-05-07T12:21:59Z</time>
    </trkpt>
    <trkpt lat="50.442524" lon="16.734157">
      <ele>592</ele>
      <time>2026-05-07T12:22:15Z</time>
    </trkpt>
    <trkpt lat="50.442442" lon="16.73401">
      <ele>592</ele>
      <time>2026-05-07T12:22:27Z</time>
    </trkpt>
    <trkpt lat="50.442357" lon="16.733884">
      <ele>592</ele>
      <time>2026-05-07T12:22:39Z</time>
    </trkpt>
    <trkpt lat="50.442203" lon="16.733586">
      <ele>591</ele>
      <time>2026-05-07T12:23:04Z</time>
    </trkpt>
    <trkpt lat="50.44214" lon="16.733417">
      <ele>590</ele>
      <time>2026-05-07T12:23:17Z</time>
    </trkpt>
    <trkpt lat="50.44208" lon="16.733259">
      <ele>590</ele>
      <time>2026-05-07T12:23:29Z</time>
    </trkpt>
    <trkpt lat="50.441821" lon="16.73287">
      <ele>593</ele>
      <time>2026-05-07T12:24:05Z</time>
    </trkpt>
    <trkpt lat="50.441774" lon="16.732746">
      <ele>594</ele>
      <time>2026-05-07T12:24:14Z</time>
    </trkpt>
    <trkpt lat="50.441748" lon="16.732618">
      <ele>594</ele>
      <time>2026-05-07T12:24:23Z</time>
    </trkpt>
    <trkpt lat="50.441759" lon="16.732277">
      <ele>596</ele>
      <time>2026-05-07T12:24:45Z</time>
    </trkpt>
    <trkpt lat="50.441828" lon="16.731503">
      <ele>598</ele>
      <time>2026-05-07T12:25:36Z</time>
    </trkpt>
    <trkpt lat="50.441895" lon="16.730716">
      <ele>597</ele>
      <time>2026-05-07T12:26:27Z</time>
    </trkpt>
    <trkpt lat="50.441918" lon="16.73048">
      <ele>598</ele>
      <time>2026-05-07T12:26:42Z</time>
    </trkpt>
    <trkpt lat="50.441897" lon="16.730306">
      <ele>597</ele>
      <time>2026-05-07T12:26:54Z</time>
    </trkpt>
    <trkpt lat="50.441831" lon="16.730122">
      <ele>595</ele>
      <time>2026-05-07T12:27:07Z</time>
    </trkpt>
    <trkpt lat="50.441618" lon="16.729543">
      <ele>588</ele>
      <time>2026-05-07T12:27:51Z</time>
    </trkpt>
    <trkpt lat="50.441532" lon="16.72906">
      <ele>586</ele>
      <time>2026-05-07T12:28:23Z</time>
    </trkpt>
    <trkpt lat="50.441509" lon="16.728516">
      <ele>584</ele>
      <time>2026-05-07T12:28:59Z</time>
    </trkpt>
    <trkpt lat="50.441499" lon="16.728128">
      <ele>581</ele>
      <time>2026-05-07T12:29:24Z</time>
    </trkpt>
    <trkpt lat="50.44145" lon="16.727795">
      <ele>577</ele>
      <time>2026-05-07T12:29:46Z</time>
    </trkpt>
    <trkpt lat="50.44142" lon="16.727478">
      <ele>574</ele>
      <time>2026-05-07T12:30:07Z</time>
    </trkpt>
    <trkpt lat="50.441313" lon="16.727087">
      <ele>568</ele>
      <time>2026-05-07T12:30:35Z</time>
    </trkpt>
    <trkpt lat="50.441188" lon="16.726748">
      <ele>565</ele>
      <time>2026-05-07T12:31:00Z</time>
    </trkpt>
    <trkpt lat="50.440833" lon="16.726124">
      <ele>563</ele>
      <time>2026-05-07T12:31:54Z</time>
    </trkpt>
    <trkpt lat="50.440621" lon="16.725781">
      <ele>566</ele>
      <time>2026-05-07T12:32:25Z</time>
    </trkpt>
    <trkpt lat="50.440146" lon="16.724992">
      <ele>566</ele>
      <time>2026-05-07T12:33:36Z</time>
    </trkpt>
    <trkpt lat="50.440056" lon="16.724767">
      <ele>565</ele>
      <time>2026-05-07T12:33:53Z</time>
    </trkpt>
    <trkpt lat="50.43995" lon="16.724403">
      <ele>564</ele>
      <time>2026-05-07T12:34:19Z</time>
    </trkpt>
    <trkpt lat="50.439895" lon="16.724115">
      <ele>562</ele>
      <time>2026-05-07T12:34:38Z</time>
    </trkpt>
    <trkpt lat="50.439793" lon="16.723742">
      <ele>560</ele>
      <time>2026-05-07T12:35:04Z</time>
    </trkpt>
    <trkpt lat="50.439769" lon="16.723439">
      <ele>559</ele>
      <time>2026-05-07T12:35:24Z</time>
    </trkpt>
    <trkpt lat="50.439706" lon="16.723192">
      <ele>558</ele>
      <time>2026-05-07T12:35:41Z</time>
    </trkpt>
    <trkpt lat="50.439712" lon="16.723034">
      <ele>558</ele>
      <time>2026-05-07T12:35:51Z</time>
    </trkpt>
    <trkpt lat="50.439764" lon="16.722822">
      <ele>558</ele>
      <time>2026-05-07T12:36:06Z</time>
    </trkpt>
    <trkpt lat="50.43995" lon="16.72228">
      <ele>556</ele>
      <time>2026-05-07T12:36:46Z</time>
    </trkpt>
    <trkpt lat="50.440047" lon="16.721921">
      <ele>555</ele>
      <time>2026-05-07T12:37:11Z</time>
    </trkpt>
    <trkpt lat="50.440047" lon="16.721306">
      <ele>555</ele>
      <time>2026-05-07T12:37:51Z</time>
    </trkpt>
    <trkpt lat="50.440057" lon="16.720878">
      <ele>556</ele>
      <time>2026-05-07T12:38:18Z</time>
    </trkpt>
    <trkpt lat="50.440122" lon="16.720505">
      <ele>555</ele>
      <time>2026-05-07T12:38:43Z</time>
    </trkpt>
    <trkpt lat="50.440192" lon="16.720336">
      <ele>556</ele>
      <time>2026-05-07T12:38:56Z</time>
    </trkpt>
    <trkpt lat="50.440238" lon="16.720215">
      <ele>556</ele>
      <time>2026-05-07T12:39:06Z</time>
    </trkpt>
    <trkpt lat="50.440296" lon="16.719813">
      <ele>560</ele>
      <time>2026-05-07T12:39:32Z</time>
    </trkpt>
    <trkpt lat="50.44036" lon="16.719048">
      <ele>573</ele>
      <time>2026-05-07T12:40:24Z</time>
    </trkpt>
    <trkpt lat="50.440397" lon="16.718818">
      <ele>577</ele>
      <time>2026-05-07T12:40:39Z</time>
    </trkpt>
    <trkpt lat="50.440452" lon="16.718649">
      <ele>578</ele>
      <time>2026-05-07T12:40:51Z</time>
    </trkpt>
    <trkpt lat="50.440479" lon="16.718477">
      <ele>579</ele>
      <time>2026-05-07T12:41:03Z</time>
    </trkpt>
    <trkpt lat="50.440456" lon="16.718">
      <ele>581</ele>
      <time>2026-05-07T12:41:34Z</time>
    </trkpt>
    <trkpt lat="50.440413" lon="16.717742">
      <ele>580</ele>
      <time>2026-05-07T12:41:51Z</time>
    </trkpt>
    <trkpt lat="50.440332" lon="16.717581">
      <ele>578</ele>
      <time>2026-05-07T12:42:04Z</time>
    </trkpt>
    <trkpt lat="50.440266" lon="16.717426">
      <ele>576</ele>
      <time>2026-05-07T12:42:17Z</time>
    </trkpt>
    <trkpt lat="50.44017" lon="16.717072">
      <ele>573</ele>
      <time>2026-05-07T12:42:42Z</time>
    </trkpt>
    <trkpt lat="50.440109" lon="16.716803">
      <ele>573</ele>
      <time>2026-05-07T12:43:00Z</time>
    </trkpt>
    <trkpt lat="50.440088" lon="16.716551">
      <ele>572</ele>
      <time>2026-05-07T12:43:16Z</time>
    </trkpt>
    <trkpt lat="50.440068" lon="16.71644">
      <ele>572</ele>
      <time>2026-05-07T12:43:24Z</time>
    </trkpt>
    <trkpt lat="50.439916" lon="16.716086">
      <ele>574</ele>
      <time>2026-05-07T12:43:52Z</time>
    </trkpt>
    <trkpt lat="50.439895" lon="16.715956">
      <ele>574</ele>
      <time>2026-05-07T12:44:00Z</time>
    </trkpt>
    <trkpt lat="50.439885" lon="16.715795">
      <ele>573</ele>
      <time>2026-05-07T12:44:11Z</time>
    </trkpt>
    <trkpt lat="50.439912" lon="16.715588">
      <ele>572</ele>
      <time>2026-05-07T12:44:24Z</time>
    </trkpt>
    <trkpt lat="50.440003" lon="16.715257">
      <ele>570</ele>
      <time>2026-05-07T12:44:48Z</time>
    </trkpt>
    <trkpt lat="50.440208" lon="16.714803">
      <ele>569</ele>
      <time>2026-05-07T12:45:24Z</time>
    </trkpt>
    <trkpt lat="50.440257" lon="16.71469">
      <ele>570</ele>
      <time>2026-05-07T12:45:32Z</time>
    </trkpt>
    <trkpt lat="50.440298" lon="16.714475">
      <ele>571</ele>
      <time>2026-05-07T12:45:47Z</time>
    </trkpt>
    <trkpt lat="50.440305" lon="16.714298">
      <ele>571</ele>
      <time>2026-05-07T12:45:58Z</time>
    </trkpt>
    <trkpt lat="50.44035" lon="16.713882">
      <ele>571</ele>
      <time>2026-05-07T12:46:26Z</time>
    </trkpt>
    <trkpt lat="50.440443" lon="16.713587">
      <ele>570</ele>
      <time>2026-05-07T12:46:47Z</time>
    </trkpt>
    <trkpt lat="50.44049" lon="16.7133">
      <ele>569</ele>
      <time>2026-05-07T12:47:06Z</time>
    </trkpt>
    <trkpt lat="50.440484" lon="16.713123">
      <ele>566</ele>
      <time>2026-05-07T12:47:18Z</time>
    </trkpt>
    <trkpt lat="50.440508" lon="16.712898">
      <ele>564</ele>
      <time>2026-05-07T12:47:33Z</time>
    </trkpt>
    <trkpt lat="50.440573" lon="16.712614">
      <ele>561</ele>
      <time>2026-05-07T12:47:52Z</time>
    </trkpt>
    <trkpt lat="50.440655" lon="16.71204">
      <ele>556</ele>
      <time>2026-05-07T12:48:30Z</time>
    </trkpt>
    <trkpt lat="50.440676" lon="16.711739">
      <ele>556</ele>
      <time>2026-05-07T12:48:50Z</time>
    </trkpt>
    <trkpt lat="50.440759" lon="16.71149">
      <ele>556</ele>
      <time>2026-05-07T12:49:08Z</time>
    </trkpt>
    <trkpt lat="50.44085" lon="16.711275">
      <ele>556</ele>
      <time>2026-05-07T12:49:25Z</time>
    </trkpt>
    <trkpt lat="50.440992" lon="16.710958">
      <ele>554</ele>
      <time>2026-05-07T12:49:50Z</time>
    </trkpt>
    <trkpt lat="50.441144" lon="16.710233">
      <ele>549</ele>
      <time>2026-05-07T12:50:39Z</time>
    </trkpt>
    <trkpt lat="50.441272" lon="16.709889">
      <ele>546</ele>
      <time>2026-05-07T12:51:05Z</time>
    </trkpt>
    <trkpt lat="50.441417" lon="16.709695">
      <ele>545</ele>
      <time>2026-05-07T12:51:25Z</time>
    </trkpt>
    <trkpt lat="50.441549" lon="16.709561">
      <ele>543</ele>
      <time>2026-05-07T12:51:41Z</time>
    </trkpt>
    <trkpt lat="50.441718" lon="16.709451">
      <ele>543</ele>
      <time>2026-05-07T12:51:59Z</time>
    </trkpt>
    <trkpt lat="50.441863" lon="16.709414">
      <ele>542</ele>
      <time>2026-05-07T12:52:14Z</time>
    </trkpt>
    <trkpt lat="50.442054" lon="16.709427">
      <ele>540</ele>
      <time>2026-05-07T12:52:33Z</time>
    </trkpt>
    <trkpt lat="50.442165" lon="16.709403">
      <ele>538</ele>
      <time>2026-05-07T12:52:45Z</time>
    </trkpt>
    <trkpt lat="50.442299" lon="16.709363">
      <ele>536</ele>
      <time>2026-05-07T12:52:59Z</time>
    </trkpt>
    <trkpt lat="50.442452" lon="16.709371">
      <ele>536</ele>
      <time>2026-05-07T12:53:14Z</time>
    </trkpt>
    <trkpt lat="50.442632" lon="16.709402">
      <ele>535</ele>
      <time>2026-05-07T12:53:33Z</time>
    </trkpt>
    <trkpt lat="50.442705" lon="16.709357">
      <ele>534</ele>
      <time>2026-05-07T12:53:41Z</time>
    </trkpt>
    <trkpt lat="50.442837" lon="16.709231">
      <ele>533</ele>
      <time>2026-05-07T12:53:56Z</time>
    </trkpt>
    <trkpt lat="50.443139" lon="16.70893">
      <ele>529</ele>
      <time>2026-05-07T12:54:33Z</time>
    </trkpt>
    <trkpt lat="50.443404" lon="16.708561">
      <ele>526</ele>
      <time>2026-05-07T12:55:09Z</time>
    </trkpt>
    <trkpt lat="50.443861" lon="16.707813">
      <ele>520</ele>
      <time>2026-05-07T12:56:16Z</time>
    </trkpt>
    <trkpt lat="50.444015" lon="16.707526">
      <ele>519</ele>
      <time>2026-05-07T12:56:40Z</time>
    </trkpt>
    <trkpt lat="50.444219" lon="16.707048">
      <ele>518</ele>
      <time>2026-05-07T12:57:17Z</time>
    </trkpt>
    <trkpt lat="50.444302" lon="16.706852">
      <ele>518</ele>
      <time>2026-05-07T12:57:32Z</time>
    </trkpt>
    <trkpt lat="50.444405" lon="16.706514">
      <ele>517</ele>
      <time>2026-05-07T12:57:57Z</time>
    </trkpt>
    <trkpt lat="50.444434" lon="16.706313">
      <ele>514</ele>
      <time>2026-05-07T12:58:10Z</time>
    </trkpt>
    <trkpt lat="50.44443" lon="16.70616">
      <ele>512</ele>
      <time>2026-05-07T12:58:20Z</time>
    </trkpt>
    <trkpt lat="50.444415" lon="16.705999">
      <ele>511</ele>
      <time>2026-05-07T12:58:31Z</time>
    </trkpt>
    <trkpt lat="50.444391" lon="16.705906">
      <ele>510</ele>
      <time>2026-05-07T12:58:37Z</time>
    </trkpt>
    <trkpt lat="50.44434" lon="16.705785">
      <ele>509</ele>
      <time>2026-05-07T12:58:47Z</time>
    </trkpt>
    <trkpt lat="50.444309" lon="16.705626">
      <ele>507</ele>
      <time>2026-05-07T12:58:58Z</time>
    </trkpt>
    <trkpt lat="50.444297" lon="16.705463">
      <ele>504</ele>
      <time>2026-05-07T12:59:08Z</time>
    </trkpt>
    <trkpt lat="50.44429" lon="16.705294">
      <ele>501</ele>
      <time>2026-05-07T12:59:20Z</time>
    </trkpt>
    <trkpt lat="50.444282" lon="16.704913">
      <ele>496</ele>
      <time>2026-05-07T12:59:45Z</time>
    </trkpt>
    <trkpt lat="50.444202" lon="16.70439">
      <ele>489</ele>
      <time>2026-05-07T13:00:20Z</time>
    </trkpt>
    <trkpt lat="50.444184" lon="16.704328">
      <ele>488</ele>
      <time>2026-05-07T13:00:25Z</time>
    </trkpt>
    <trkpt lat="50.444063" lon="16.70384">
      <ele>479</ele>
      <time>2026-05-07T13:00:59Z</time>
    </trkpt>
    <trkpt lat="50.444012" lon="16.70355">
      <ele>479</ele>
      <time>2026-05-07T13:01:19Z</time>
    </trkpt>
    <trkpt lat="50.443961" lon="16.703234">
      <ele>478</ele>
      <time>2026-05-07T13:01:40Z</time>
    </trkpt>
    <trkpt lat="50.44381" lon="16.702563">
      <ele>475</ele>
      <time>2026-05-07T13:02:26Z</time>
    </trkpt>
    <trkpt lat="50.443785" lon="16.702322">
      <ele>473</ele>
      <time>2026-05-07T13:02:42Z</time>
    </trkpt>
    <trkpt lat="50.443768" lon="16.702185">
      <ele>472</ele>
      <time>2026-05-07T13:02:51Z</time>
    </trkpt>
    <trkpt lat="50.443691" lon="16.70196">
      <ele>469</ele>
      <time>2026-05-07T13:03:07Z</time>
    </trkpt>
    <trkpt lat="50.443653" lon="16.701815">
      <ele>467</ele>
      <time>2026-05-07T13:03:18Z</time>
    </trkpt>
    <trkpt lat="50.443632" lon="16.701679">
      <ele>465</ele>
      <time>2026-05-07T13:03:27Z</time>
    </trkpt>
    <trkpt lat="50.443634" lon="16.701457">
      <ele>462</ele>
      <time>2026-05-07T13:03:41Z</time>
    </trkpt>
    <trkpt lat="50.443663" lon="16.701196">
      <ele>460</ele>
      <time>2026-05-07T13:03:59Z</time>
    </trkpt>
    <trkpt lat="50.443743" lon="16.700739">
      <ele>457</ele>
      <time>2026-05-07T13:04:29Z</time>
    </trkpt>
    <trkpt lat="50.443783" lon="16.700498">
      <ele>456</ele>
      <time>2026-05-07T13:04:45Z</time>
    </trkpt>
    <trkpt lat="50.443829" lon="16.700224">
      <ele>453</ele>
      <time>2026-05-07T13:05:04Z</time>
    </trkpt>
    <trkpt lat="50.443889" lon="16.699876">
      <ele>451</ele>
      <time>2026-05-07T13:05:27Z</time>
    </trkpt>
    <trkpt lat="50.44382" lon="16.699582">
      <ele>447</ele>
      <time>2026-05-07T13:05:48Z</time>
    </trkpt>
    <trkpt lat="50.443773" lon="16.69928">
      <ele>445</ele>
      <time>2026-05-07T13:06:08Z</time>
    </trkpt>
    <trkpt lat="50.443726" lon="16.699168">
      <ele>444</ele>
      <time>2026-05-07T13:06:17Z</time>
    </trkpt>
    <trkpt lat="50.443667" lon="16.69911">
      <ele>443</ele>
      <time>2026-05-07T13:06:24Z</time>
    </trkpt>
    <trkpt lat="50.443613" lon="16.699081">
      <ele>443</ele>
      <time>2026-05-07T13:06:30Z</time>
    </trkpt>
    <trkpt lat="50.443551" lon="16.699068">
      <ele>441</ele>
      <time>2026-05-07T13:06:36Z</time>
    </trkpt>
    <trkpt lat="50.443742" lon="16.6988">
      <ele>442</ele>
      <time>2026-05-07T13:06:59Z</time>
    </trkpt>
    <trkpt lat="50.443872" lon="16.698633">
      <ele>441</ele>
      <time>2026-05-07T13:07:14Z</time>
    </trkpt>
    <trkpt lat="50.443987" lon="16.698473">
      <ele>441</ele>
      <time>2026-05-07T13:07:28Z</time>
    </trkpt>
    <trkpt lat="50.444046" lon="16.69839">
      <ele>441</ele>
      <time>2026-05-07T13:07:35Z</time>
    </trkpt>
    <trkpt lat="50.444062" lon="16.698378">
      <ele>441</ele>
      <time>2026-05-07T13:07:37Z</time>
    </trkpt>
    <trkpt lat="50.444157" lon="16.698277">
      <ele>441</ele>
      <time>2026-05-07T13:07:47Z</time>
    </trkpt>
    <trkpt lat="50.444269" lon="16.698211">
      <ele>440</ele>
      <time>2026-05-07T13:07:58Z</time>
    </trkpt>
    <trkpt lat="50.444682" lon="16.698055">
      <ele>440</ele>
      <time>2026-05-07T13:08:36Z</time>
    </trkpt>
    <trkpt lat="50.444761" lon="16.697484">
      <ele>430</ele>
      <time>2026-05-07T13:09:16Z</time>
    </trkpt>
    <trkpt lat="50.444763" lon="16.697159">
      <ele>426</ele>
      <time>2026-05-07T13:09:38Z</time>
    </trkpt>
    <trkpt lat="50.44476" lon="16.696865">
      <ele>423</ele>
      <time>2026-05-07T13:09:58Z</time>
    </trkpt>
    <trkpt lat="50.444758" lon="16.696461">
      <ele>419</ele>
      <time>2026-05-07T13:10:25Z</time>
    </trkpt>
    <trkpt lat="50.444751" lon="16.696281">
      <ele>417</ele>
      <time>2026-05-07T13:10:37Z</time>
    </trkpt>
    <trkpt lat="50.444718" lon="16.696052">
      <ele>415</ele>
      <time>2026-05-07T13:10:53Z</time>
    </trkpt>
    <trkpt lat="50.444687" lon="16.695815">
      <ele>413</ele>
      <time>2026-05-07T13:11:09Z</time>
    </trkpt>
    <trkpt lat="50.444634" lon="16.695555">
      <ele>410</ele>
      <time>2026-05-07T13:11:27Z</time>
    </trkpt>
    <trkpt lat="50.444545" lon="16.695302">
      <ele>409</ele>
      <time>2026-05-07T13:11:46Z</time>
    </trkpt>
    <trkpt lat="50.444488" lon="16.695151">
      <ele>408</ele>
      <time>2026-05-07T13:11:58Z</time>
    </trkpt>
    <trkpt lat="50.444375" lon="16.694976">
      <ele>407</ele>
      <time>2026-05-07T13:12:15Z</time>
    </trkpt>
    <trkpt lat="50.444327" lon="16.694874">
      <ele>407</ele>
      <time>2026-05-07T13:12:23Z</time>
    </trkpt>
    <trkpt lat="50.444303" lon="16.694809">
      <ele>406</ele>
      <time>2026-05-07T13:12:28Z</time>
    </trkpt>
    <trkpt lat="50.444235" lon="16.694623">
      <ele>406</ele>
      <time>2026-05-07T13:12:42Z</time>
    </trkpt>
    <trkpt lat="50.444217" lon="16.694526">
      <ele>405</ele>
      <time>2026-05-07T13:12:49Z</time>
    </trkpt>
    <trkpt lat="50.444209" lon="16.694301">
      <ele>405</ele>
      <time>2026-05-07T13:13:04Z</time>
    </trkpt>
    <trkpt lat="50.44422" lon="16.693964">
      <ele>405</ele>
      <time>2026-05-07T13:13:26Z</time>
    </trkpt>
    <trkpt lat="50.444246" lon="16.693577">
      <ele>405</ele>
      <time>2026-05-07T13:13:52Z</time>
    </trkpt>
    <trkpt lat="50.444284" lon="16.693316">
      <ele>406</ele>
      <time>2026-05-07T13:14:10Z</time>
    </trkpt>
    <trkpt lat="50.444287" lon="16.693296">
      <ele>406</ele>
      <time>2026-05-07T13:14:11Z</time>
    </trkpt>
    <trkpt lat="50.444269" lon="16.693043">
      <ele>406</ele>
      <time>2026-05-07T13:14:28Z</time>
    </trkpt>
    <trkpt lat="50.444197" lon="16.692832">
      <ele>406</ele>
      <time>2026-05-07T13:14:44Z</time>
    </trkpt>
    <trkpt lat="50.444238" lon="16.692674">
      <ele>406</ele>
      <time>2026-05-07T13:14:56Z</time>
    </trkpt>
    <trkpt lat="50.444266" lon="16.692547">
      <ele>407</ele>
      <time>2026-05-07T13:15:05Z</time>
    </trkpt>
    <trkpt lat="50.444331" lon="16.69242">
      <ele>407</ele>
      <time>2026-05-07T13:15:15Z</time>
    </trkpt>
    <trkpt lat="50.444407" lon="16.692246">
      <ele>407</ele>
      <time>2026-05-07T13:15:29Z</time>
    </trkpt>
    <trkpt lat="50.444515" lon="16.692087">
      <ele>407</ele>
      <time>2026-05-07T13:15:45Z</time>
    </trkpt>
    <trkpt lat="50.444654" lon="16.691865">
      <ele>407</ele>
      <time>2026-05-07T13:16:06Z</time>
    </trkpt>
    <trkpt lat="50.444738" lon="16.691746">
      <ele>407</ele>
      <time>2026-05-07T13:16:17Z</time>
    </trkpt>
    <trkpt lat="50.444866" lon="16.691635">
      <ele>408</ele>
      <time>2026-05-07T13:16:33Z</time>
    </trkpt>
    <trkpt lat="50.44498" lon="16.69158">
      <ele>408</ele>
      <time>2026-05-07T13:16:45Z</time>
    </trkpt>
    <trkpt lat="50.445217" lon="16.691524">
      <ele>411</ele>
      <time>2026-05-07T13:17:10Z</time>
    </trkpt>
    <trkpt lat="50.445374" lon="16.691485">
      <ele>413</ele>
      <time>2026-05-07T13:17:27Z</time>
    </trkpt>
    <trkpt lat="50.445505" lon="16.691389">
      <ele>416</ele>
      <time>2026-05-07T13:17:42Z</time>
    </trkpt>
    <trkpt lat="50.445682" lon="16.691191">
      <ele>421</ele>
      <time>2026-05-07T13:18:05Z</time>
    </trkpt>
    <trkpt lat="50.445798" lon="16.691068">
      <ele>423</ele>
      <time>2026-05-07T13:18:20Z</time>
    </trkpt>
    <trkpt lat="50.445886" lon="16.690945">
      <ele>424</ele>
      <time>2026-05-07T13:18:32Z</time>
    </trkpt>
    <trkpt lat="50.446101" lon="16.690814">
      <ele>423</ele>
      <time>2026-05-07T13:18:56Z</time>
    </trkpt>
    <trkpt lat="50.446213" lon="16.690676">
      <ele>423</ele>
      <time>2026-05-07T13:19:11Z</time>
    </trkpt>
    <trkpt lat="50.446268" lon="16.6906">
      <ele>422</ele>
      <time>2026-05-07T13:19:19Z</time>
    </trkpt>
    <trkpt lat="50.44629" lon="16.690414">
      <ele>422</ele>
      <time>2026-05-07T13:19:32Z</time>
    </trkpt>
    <trkpt lat="50.446295" lon="16.690343">
      <ele>421</ele>
      <time>2026-05-07T13:19:36Z</time>
    </trkpt>
    <trkpt lat="50.446313" lon="16.690228">
      <ele>420</ele>
      <time>2026-05-07T13:19:44Z</time>
    </trkpt>
    <trkpt lat="50.446331" lon="16.690208">
      <ele>420</ele>
      <time>2026-05-07T13:19:47Z</time>
    </trkpt>
    <trkpt lat="50.446404" lon="16.690168">
      <ele>418</ele>
      <time>2026-05-07T13:19:55Z</time>
    </trkpt>
    <trkpt lat="50.446472" lon="16.690137">
      <ele>415</ele>
      <time>2026-05-07T13:20:03Z</time>
    </trkpt>
    <trkpt lat="50.446505" lon="16.690026">
      <ele>413</ele>
      <time>2026-05-07T13:20:11Z</time>
    </trkpt>
    <trkpt lat="50.44649" lon="16.689919">
      <ele>412</ele>
      <time>2026-05-07T13:20:18Z</time>
    </trkpt>
    <trkpt lat="50.446439" lon="16.689772">
      <ele>412</ele>
      <time>2026-05-07T13:20:29Z</time>
    </trkpt>
    <trkpt lat="50.446341" lon="16.689625">
      <ele>412</ele>
      <time>2026-05-07T13:20:44Z</time>
    </trkpt>
    <trkpt lat="50.446217" lon="16.689368">
      <ele>411</ele>
      <time>2026-05-07T13:21:05Z</time>
    </trkpt>
    <trkpt lat="50.446076" lon="16.689145">
      <ele>406</ele>
      <time>2026-05-07T13:21:26Z</time>
    </trkpt>
    <trkpt lat="50.445984" lon="16.688937">
      <ele>401</ele>
      <time>2026-05-07T13:21:44Z</time>
    </trkpt>
    <trkpt lat="50.446119" lon="16.68836">
      <ele>385</ele>
      <time>2026-05-07T13:22:27Z</time>
    </trkpt>
    <trkpt lat="50.44627" lon="16.687754">
      <ele>377</ele>
      <time>2026-05-07T13:23:11Z</time>
    </trkpt>
    <trkpt lat="50.446363" lon="16.687344">
      <ele>374</ele>
      <time>2026-05-07T13:23:40Z</time>
    </trkpt>
    <trkpt lat="50.446412" lon="16.687139">
      <ele>373</ele>
      <time>2026-05-07T13:23:55Z</time>
    </trkpt>
    <trkpt lat="50.446494" lon="16.68693">
      <ele>370</ele>
      <time>2026-05-07T13:24:11Z</time>
    </trkpt>
    <trkpt lat="50.446543" lon="16.686795">
      <ele>370</ele>
      <time>2026-05-07T13:24:22Z</time>
    </trkpt>
    <trkpt lat="50.446552" lon="16.686695">
      <ele>369</ele>
      <time>2026-05-07T13:24:28Z</time>
    </trkpt>
    <trkpt lat="50.446507" lon="16.686516">
      <ele>368</ele>
      <time>2026-05-07T13:24:41Z</time>
    </trkpt>
    <trkpt lat="50.446475" lon="16.68632">
      <ele>366</ele>
      <time>2026-05-07T13:24:55Z</time>
    </trkpt>
    <trkpt lat="50.446573" lon="16.686089">
      <ele>365</ele>
      <time>2026-05-07T13:25:13Z</time>
    </trkpt>
    <trkpt lat="50.446626" lon="16.685942">
      <ele>364</ele>
      <time>2026-05-07T13:25:25Z</time>
    </trkpt>
    <trkpt lat="50.446717" lon="16.685772">
      <ele>362</ele>
      <time>2026-05-07T13:25:40Z</time>
    </trkpt>
    <trkpt lat="50.446851" lon="16.68553">
      <ele>358</ele>
      <time>2026-05-07T13:26:01Z</time>
    </trkpt>
    <trkpt lat="50.446956" lon="16.685195">
      <ele>354</ele>
      <time>2026-05-07T13:26:26Z</time>
    </trkpt>
    <trkpt lat="50.447055" lon="16.684729">
      <ele>352</ele>
      <time>2026-05-07T13:26:59Z</time>
    </trkpt>
    <trkpt lat="50.447146" lon="16.684365">
      <ele>350</ele>
      <time>2026-05-07T13:27:25Z</time>
    </trkpt>
    <trkpt lat="50.447857" lon="16.682417">
      <ele>337</ele>
      <time>2026-05-07T13:29:55Z</time>
    </trkpt>
    <trkpt lat="50.448022" lon="16.681984">
      <ele>337</ele>
      <time>2026-05-07T13:30:28Z</time>
    </trkpt>
    <trkpt lat="50.447892" lon="16.681755">
      <ele>336</ele>
      <time>2026-05-07T13:30:49Z</time>
    </trkpt>
    <trkpt lat="50.447759" lon="16.681598">
      <ele>335</ele>
      <time>2026-05-07T13:31:06Z</time>
    </trkpt>
    <trkpt lat="50.447682" lon="16.681493">
      <ele>334</ele>
      <time>2026-05-07T13:31:17Z</time>
    </trkpt>
    <trkpt lat="50.447612" lon="16.681354">
      <ele>333</ele>
      <time>2026-05-07T13:31:28Z</time>
    </trkpt>
    <trkpt lat="50.447544" lon="16.681163">
      <ele>331</ele>
      <time>2026-05-07T13:31:43Z</time>
    </trkpt>
    <trkpt lat="50.447479" lon="16.680961">
      <ele>329</ele>
      <time>2026-05-07T13:31:58Z</time>
    </trkpt>
    <trkpt lat="50.447317" lon="16.680511">
      <ele>327</ele>
      <time>2026-05-07T13:32:33Z</time>
    </trkpt>
    <trkpt lat="50.447214" lon="16.680219">
      <ele>326</ele>
      <time>2026-05-07T13:32:55Z</time>
    </trkpt>
    <trkpt lat="50.447163" lon="16.68003">
      <ele>325</ele>
      <time>2026-05-07T13:33:09Z</time>
    </trkpt>
    <trkpt lat="50.447138" lon="16.679925">
      <ele>325</ele>
      <time>2026-05-07T13:33:16Z</time>
    </trkpt>
    <trkpt lat="50.44719" lon="16.679635">
      <ele>324</ele>
      <time>2026-05-07T13:33:36Z</time>
    </trkpt>
    <trkpt lat="50.447174" lon="16.679562">
      <ele>324</ele>
      <time>2026-05-07T13:33:41Z</time>
    </trkpt>
    <trkpt lat="50.447113" lon="16.679284">
      <ele>323</ele>
      <time>2026-05-07T13:33:59Z</time>
    </trkpt>
    <trkpt lat="50.447033" lon="16.678884">
      <ele>322</ele>
      <time>2026-05-07T13:34:24Z</time>
    </trkpt>
    <trkpt lat="50.446994" lon="16.678553">
      <ele>320</ele>
      <time>2026-05-07T13:34:45Z</time>
    </trkpt>
    <trkpt lat="50.446949" lon="16.677857">
      <ele>318</ele>
      <time>2026-05-07T13:35:28Z</time>
    </trkpt>
    <trkpt lat="50.446699" lon="16.677566">
      <ele>317</ele>
      <time>2026-05-07T13:35:58Z</time>
    </trkpt>
    <trkpt lat="50.445421" lon="16.675615">
      <ele>315</ele>
      <time>2026-05-07T13:38:49Z</time>
    </trkpt>
    <trkpt lat="50.445176" lon="16.675287">
      <ele>315</ele>
      <time>2026-05-07T13:39:20Z</time>
    </trkpt>
    <trkpt lat="50.444896" lon="16.674936">
      <ele>315</ele>
      <time>2026-05-07T13:39:55Z</time>
    </trkpt>
    <trkpt lat="50.444592" lon="16.674626">
      <ele>312</ele>
      <time>2026-05-07T13:40:30Z</time>
    </trkpt>
    <trkpt lat="50.444085" lon="16.673969">
      <ele>307</ele>
      <time>2026-05-07T13:41:33Z</time>
    </trkpt>
    <trkpt lat="50.443883" lon="16.673681">
      <ele>304</ele>
      <time>2026-05-07T13:42:00Z</time>
    </trkpt>
    <trkpt lat="50.443684" lon="16.673405">
      <ele>303</ele>
      <time>2026-05-07T13:42:25Z</time>
    </trkpt>
    <trkpt lat="50.443153" lon="16.672542">
      <ele>303</ele>
      <time>2026-05-07T13:43:39Z</time>
    </trkpt>
    <trkpt lat="50.443132" lon="16.672506">
      <ele>303</ele>
      <time>2026-05-07T13:43:42Z</time>
    </trkpt>
    <trkpt lat="50.442642" lon="16.671645">
      <ele>301</ele>
      <time>2026-05-07T13:44:52Z</time>
    </trkpt>
    <trkpt lat="50.442513" lon="16.671302">
      <ele>300</ele>
      <time>2026-05-07T13:45:17Z</time>
    </trkpt>
    <trkpt lat="50.442337" lon="16.670837">
      <ele>301</ele>
      <time>2026-05-07T13:45:50Z</time>
    </trkpt>
    <trkpt lat="50.442177" lon="16.670415">
      <ele>301</ele>
      <time>2026-05-07T13:46:20Z</time>
    </trkpt>
    <trkpt lat="50.442008" lon="16.669984">
      <ele>301</ele>
      <time>2026-05-07T13:46:51Z</time>
    </trkpt>
    <trkpt lat="50.441977" lon="16.669911">
      <ele>301</ele>
      <time>2026-05-07T13:46:56Z</time>
    </trkpt>
    <trkpt lat="50.441883" lon="16.669623">
      <ele>301</ele>
      <time>2026-05-07T13:47:16Z</time>
    </trkpt>
    <trkpt lat="50.441701" lon="16.66895">
      <ele>301</ele>
      <time>2026-05-07T13:48:01Z</time>
    </trkpt>
    <trkpt lat="50.441553" lon="16.668308">
      <ele>304</ele>
      <time>2026-05-07T13:48:43Z</time>
    </trkpt>
    <trkpt lat="50.441369" lon="16.667653">
      <ele>305</ele>
      <time>2026-05-07T13:49:27Z</time>
    </trkpt>
    <trkpt lat="50.441255" lon="16.667319">
      <ele>304</ele>
      <time>2026-05-07T13:49:50Z</time>
    </trkpt>
    <trkpt lat="50.44117" lon="16.666972">
      <ele>303</ele>
      <time>2026-05-07T13:50:13Z</time>
    </trkpt>
    <trkpt lat="50.441116" lon="16.666652">
      <ele>302</ele>
      <time>2026-05-07T13:50:33Z</time>
    </trkpt>
    <trkpt lat="50.441048" lon="16.66625">
      <ele>302</ele>
      <time>2026-05-07T13:50:59Z</time>
    </trkpt>
    <trkpt lat="50.441021" lon="16.666067">
      <ele>302</ele>
      <time>2026-05-07T13:51:10Z</time>
    </trkpt>
    <trkpt lat="50.441012" lon="16.666001">
      <ele>301</ele>
      <time>2026-05-07T13:51:14Z</time>
    </trkpt>
    <trkpt lat="50.440988" lon="16.665838">
      <ele>301</ele>
      <time>2026-05-07T13:51:25Z</time>
    </trkpt>
    <trkpt lat="50.440956" lon="16.665612">
      <ele>300</ele>
      <time>2026-05-07T13:51:39Z</time>
    </trkpt>
    <trkpt lat="50.440941" lon="16.665501">
      <ele>300</ele>
      <time>2026-05-07T13:51:46Z</time>
    </trkpt>
    <trkpt lat="50.440346" lon="16.663636">
      <ele>299</ele>
      <time>2026-05-07T13:53:53Z</time>
    </trkpt>
    <trkpt lat="50.440112" lon="16.663002">
      <ele>295</ele>
      <time>2026-05-07T13:54:38Z</time>
    </trkpt>
    <trkpt lat="50.439922" lon="16.662316">
      <ele>291</ele>
      <time>2026-05-07T13:55:24Z</time>
    </trkpt>
    <trkpt lat="50.439746" lon="16.661926">
      <ele>289</ele>
      <time>2026-05-07T13:55:54Z</time>
    </trkpt>
    <trkpt lat="50.439733" lon="16.661898">
      <ele>289</ele>
      <time>2026-05-07T13:55:56Z</time>
    </trkpt>
    <trkpt lat="50.439709" lon="16.661924">
      <ele>289</ele>
      <time>2026-05-07T13:55:59Z</time>
    </trkpt>
    <trkpt lat="50.439649" lon="16.66198">
      <ele>289</ele>
      <time>2026-05-07T13:56:05Z</time>
    </trkpt>
    <trkpt lat="50.439637" lon="16.661978">
      <ele>289</ele>
      <time>2026-05-07T13:56:07Z</time>
    </trkpt>
    <trkpt lat="50.439549" lon="16.661787">
      <ele>290</ele>
      <time>2026-05-07T13:56:21Z</time>
    </trkpt>
    <trkpt lat="50.439199" lon="16.660545">
      <ele>292</ele>
      <time>2026-05-07T13:57:44Z</time>
    </trkpt>
    <trkpt lat="50.439194" lon="16.660529">
      <ele>292</ele>
      <time>2026-05-07T13:57:45Z</time>
    </trkpt>
    <trkpt lat="50.439171" lon="16.660451">
      <ele>292</ele>
      <time>2026-05-07T13:57:51Z</time>
    </trkpt>
    <trkpt lat="50.4391" lon="16.660491">
      <ele>292</ele>
      <time>2026-05-07T13:57:58Z</time>
    </trkpt>
    <trkpt lat="50.438989" lon="16.660555">
      <ele>293</ele>
      <time>2026-05-07T13:58:09Z</time>
    </trkpt>
    <trkpt lat="50.438967" lon="16.660566">
      <ele>293</ele>
      <time>2026-05-07T13:58:12Z</time>
    </trkpt>
    <trkpt lat="50.438861" lon="16.660618">
      <ele>294</ele>
      <time>2026-05-07T13:58:22Z</time>
    </trkpt>
    <trkpt lat="50.438743" lon="16.660676">
      <ele>294</ele>
      <time>2026-05-07T13:58:34Z</time>
    </trkpt>
    <trkpt lat="50.438715" lon="16.660689">
      <ele>294</ele>
      <time>2026-05-07T13:58:37Z</time>
    </trkpt>
    <trkpt lat="50.438484" lon="16.660602">
      <ele>292</ele>
      <time>2026-05-07T13:59:00Z</time>
    </trkpt>
    <trkpt lat="50.438366" lon="16.660505">
      <ele>291</ele>
      <time>2026-05-07T13:59:13Z</time>
    </trkpt>
    <trkpt lat="50.438252" lon="16.660397">
      <ele>290</ele>
      <time>2026-05-07T13:59:26Z</time>
    </trkpt>
    <trkpt lat="50.438211" lon="16.660338">
      <ele>290</ele>
      <time>2026-05-07T13:59:31Z</time>
    </trkpt>
    <trkpt lat="50.438164" lon="16.660261">
      <ele>290</ele>
      <time>2026-05-07T13:59:37Z</time>
    </trkpt>
    <trkpt lat="50.438119" lon="16.660166">
      <ele>290</ele>
      <time>2026-05-07T13:59:45Z</time>
    </trkpt>
    <trkpt lat="50.438056" lon="16.660021">
      <ele>290</ele>
      <time>2026-05-07T13:59:55Z</time>
    </trkpt>
    <trkpt lat="50.437995" lon="16.659868">
      <ele>290</ele>
      <time>2026-05-07T14:00:06Z</time>
    </trkpt>
    <trkpt lat="50.437983" lon="16.659841">
      <ele>290</ele>
      <time>2026-05-07T14:00:08Z</time>
    </trkpt>
    <trkpt lat="50.437973" lon="16.659816">
      <ele>290</ele>
      <time>2026-05-07T14:00:10Z</time>
    </trkpt>
    <trkpt lat="50.437928" lon="16.659699">
      <ele>290</ele>
      <time>2026-05-07T14:00:19Z</time>
    </trkpt>
    <trkpt lat="50.437847" lon="16.659774">
      <ele>289</ele>
      <time>2026-05-07T14:00:28Z</time>
    </trkpt>
    <trkpt lat="50.437512" lon="16.660091">
      <ele>288</ele>
      <time>2026-05-07T14:01:05Z</time>
    </trkpt>
    <trkpt lat="50.437443" lon="16.66016">
      <ele>288</ele>
      <time>2026-05-07T14:01:13Z</time>
    </trkpt>
    <trkpt lat="50.437413" lon="16.66023">
      <ele>288</ele>
      <time>2026-05-07T14:01:18Z</time>
    </trkpt>
    <trkpt lat="50.437356" lon="16.660512">
      <ele>288</ele>
      <time>2026-05-07T14:01:37Z</time>
    </trkpt>
    <trkpt lat="50.43729" lon="16.660482">
      <ele>289</ele>
      <time>2026-05-07T14:01:43Z</time>
    </trkpt>
    <trkpt lat="50.437273" lon="16.660467">
      <ele>289</ele>
      <time>2026-05-07T14:01:45Z</time>
    </trkpt>
    <trkpt lat="50.437166" lon="16.660392">
      <ele>289</ele>
      <time>2026-05-07T14:01:56Z</time>
    </trkpt>
    <trkpt lat="50.437141" lon="16.660369">
      <ele>289</ele>
      <time>2026-05-07T14:01:59Z</time>
    </trkpt>
    <trkpt lat="50.437104" lon="16.660319">
      <ele>289</ele>
      <time>2026-05-07T14:02:04Z</time>
    </trkpt>
    <trkpt lat="50.437088" lon="16.66029">
      <ele>289</ele>
      <time>2026-05-07T14:02:06Z</time>
    </trkpt>
    <trkpt lat="50.437057" lon="16.660236">
      <ele>289</ele>
      <time>2026-05-07T14:02:11Z</time>
    </trkpt>
    <trkpt lat="50.436862" lon="16.65942">
      <ele>289</ele>
      <time>2026-05-07T14:03:04Z</time>
    </trkpt>
    <trkpt lat="50.436818" lon="16.659214">
      <ele>289</ele>
      <time>2026-05-07T14:03:17Z</time>
    </trkpt>
    <trkpt lat="50.436804" lon="16.659056">
      <ele>289</ele>
      <time>2026-05-07T14:03:27Z</time>
    </trkpt>
    <trkpt lat="50.436801" lon="16.65891">
      <ele>289</ele>
      <time>2026-05-07T14:03:36Z</time>
    </trkpt>
    <trkpt lat="50.43666" lon="16.658926">
      <ele>289</ele>
      <time>2026-05-07T14:03:53Z</time>
    </trkpt>
    <trkpt lat="50.436675" lon="16.658834">
      <ele>289</ele>
      <time>2026-05-07T14:04:00Z</time>
    </trkpt>
    <trkpt lat="50.436671" lon="16.658752">
      <ele>289</ele>
      <time>2026-05-07T14:04:06Z</time>
    </trkpt>
    <trkpt lat="50.436667" lon="16.65864">
      <ele>288</ele>
      <time>2026-05-07T14:04:15Z</time>
    </trkpt>
    <trkpt lat="50.436662" lon="16.658488">
      <ele>288</ele>
      <time>2026-05-07T14:04:26Z</time>
    </trkpt>
    <trkpt lat="50.43665" lon="16.658364">
      <ele>288</ele>
      <time>2026-05-07T14:04:36Z</time>
    </trkpt>
  </trkseg>
</trk>
</gpx>