<?xml version="1.0" encoding="UTF-8"?><gpx creator="https://mapa-turystyczna.pl" xmlns="http://www.topografix.com/GPX/1/1" version="1.1" xmlns:xsi="http://www.w3.org/2001/XMLSchema-instance" xsi:schemaLocation="http://www.topografix.com/GPX/1/1 http://www.topografix.com/GPX/1/1/gpx.xsd">
  <metadata>
    <link href="https://mapa-turystyczna.pl">
      <text>mapa-turystyczna.pl</text>
    </link>
    <time>2026-05-07T08:43:09Z</time>
    <bounds maxlat="50.783033" maxlon="15.762937" minlat="50.736115" minlon="15.714721"/>
  </metadata>

<trk>
  <name>Karpacz – Karpacz</name>
  <link href="https://mapa-turystyczna.pl/route/79xm">
    <text>Karpacz – Karpacz</text>
  </link>
  <trkseg>
    <trkpt lat="50.783033" lon="15.761874">
      <ele>543</ele>
      <time>2026-05-07T08:43:09Z</time>
    </trkpt>
    <trkpt lat="50.782964" lon="15.761942">
      <ele>546</ele>
      <time>2026-05-07T08:43:20Z</time>
    </trkpt>
    <trkpt lat="50.782938" lon="15.761899">
      <ele>546</ele>
      <time>2026-05-07T08:43:24Z</time>
    </trkpt>
    <trkpt lat="50.782923" lon="15.761922">
      <ele>546</ele>
      <time>2026-05-07T08:43:27Z</time>
    </trkpt>
    <trkpt lat="50.78289" lon="15.761974">
      <ele>546</ele>
      <time>2026-05-07T08:43:33Z</time>
    </trkpt>
    <trkpt lat="50.782883" lon="15.761984">
      <ele>547</ele>
      <time>2026-05-07T08:43:34Z</time>
    </trkpt>
    <trkpt lat="50.782878" lon="15.761989">
      <ele>547</ele>
      <time>2026-05-07T08:43:35Z</time>
    </trkpt>
    <trkpt lat="50.782871" lon="15.761996">
      <ele>547</ele>
      <time>2026-05-07T08:43:36Z</time>
    </trkpt>
    <trkpt lat="50.782863" lon="15.762">
      <ele>547</ele>
      <time>2026-05-07T08:43:37Z</time>
    </trkpt>
    <trkpt lat="50.782853" lon="15.762003">
      <ele>547</ele>
      <time>2026-05-07T08:43:38Z</time>
    </trkpt>
    <trkpt lat="50.782843" lon="15.762003">
      <ele>547</ele>
      <time>2026-05-07T08:43:40Z</time>
    </trkpt>
    <trkpt lat="50.782785" lon="15.761991">
      <ele>547</ele>
      <time>2026-05-07T08:43:47Z</time>
    </trkpt>
    <trkpt lat="50.782727" lon="15.76198">
      <ele>547</ele>
      <time>2026-05-07T08:43:54Z</time>
    </trkpt>
    <trkpt lat="50.782472" lon="15.761934">
      <ele>548</ele>
      <time>2026-05-07T08:44:27Z</time>
    </trkpt>
    <trkpt lat="50.782256" lon="15.761904">
      <ele>549</ele>
      <time>2026-05-07T08:44:54Z</time>
    </trkpt>
    <trkpt lat="50.782176" lon="15.761898">
      <ele>549</ele>
      <time>2026-05-07T08:45:04Z</time>
    </trkpt>
    <trkpt lat="50.782167" lon="15.762072">
      <ele>551</ele>
      <time>2026-05-07T08:45:18Z</time>
    </trkpt>
    <trkpt lat="50.782164" lon="15.762123">
      <ele>551</ele>
      <time>2026-05-07T08:45:22Z</time>
    </trkpt>
    <trkpt lat="50.782032" lon="15.762081">
      <ele>553</ele>
      <time>2026-05-07T08:45:39Z</time>
    </trkpt>
    <trkpt lat="50.781976" lon="15.762181">
      <ele>554</ele>
      <time>2026-05-07T08:45:50Z</time>
    </trkpt>
    <trkpt lat="50.781937" lon="15.762213">
      <ele>555</ele>
      <time>2026-05-07T08:45:56Z</time>
    </trkpt>
    <trkpt lat="50.781547" lon="15.762277">
      <ele>561</ele>
      <time>2026-05-07T08:46:46Z</time>
    </trkpt>
    <trkpt lat="50.781506" lon="15.762288">
      <ele>561</ele>
      <time>2026-05-07T08:46:51Z</time>
    </trkpt>
    <trkpt lat="50.781464" lon="15.762301">
      <ele>562</ele>
      <time>2026-05-07T08:46:56Z</time>
    </trkpt>
    <trkpt lat="50.78141" lon="15.762327">
      <ele>562</ele>
      <time>2026-05-07T08:47:04Z</time>
    </trkpt>
    <trkpt lat="50.781351" lon="15.762372">
      <ele>562</ele>
      <time>2026-05-07T08:47:12Z</time>
    </trkpt>
    <trkpt lat="50.781306" lon="15.762416">
      <ele>563</ele>
      <time>2026-05-07T08:47:18Z</time>
    </trkpt>
    <trkpt lat="50.781254" lon="15.762476">
      <ele>563</ele>
      <time>2026-05-07T08:47:27Z</time>
    </trkpt>
    <trkpt lat="50.781207" lon="15.762549">
      <ele>563</ele>
      <time>2026-05-07T08:47:35Z</time>
    </trkpt>
    <trkpt lat="50.781034" lon="15.762851">
      <ele>565</ele>
      <time>2026-05-07T08:48:07Z</time>
    </trkpt>
    <trkpt lat="50.781006" lon="15.762937">
      <ele>565</ele>
      <time>2026-05-07T08:48:15Z</time>
    </trkpt>
    <trkpt lat="50.780897" lon="15.762903">
      <ele>566</ele>
      <time>2026-05-07T08:48:29Z</time>
    </trkpt>
    <trkpt lat="50.78073" lon="15.762868">
      <ele>568</ele>
      <time>2026-05-07T08:48:51Z</time>
    </trkpt>
    <trkpt lat="50.780641" lon="15.762859">
      <ele>569</ele>
      <time>2026-05-07T08:49:02Z</time>
    </trkpt>
    <trkpt lat="50.780602" lon="15.762858">
      <ele>569</ele>
      <time>2026-05-07T08:49:07Z</time>
    </trkpt>
    <trkpt lat="50.780555" lon="15.762856">
      <ele>570</ele>
      <time>2026-05-07T08:49:13Z</time>
    </trkpt>
    <trkpt lat="50.780528" lon="15.762854">
      <ele>570</ele>
      <time>2026-05-07T08:49:16Z</time>
    </trkpt>
    <trkpt lat="50.78009" lon="15.762849">
      <ele>572</ele>
      <time>2026-05-07T08:50:11Z</time>
    </trkpt>
    <trkpt lat="50.779936" lon="15.762824">
      <ele>572</ele>
      <time>2026-05-07T08:50:31Z</time>
    </trkpt>
    <trkpt lat="50.779827" lon="15.762803">
      <ele>573</ele>
      <time>2026-05-07T08:50:45Z</time>
    </trkpt>
    <trkpt lat="50.779597" lon="15.762701">
      <ele>574</ele>
      <time>2026-05-07T08:51:15Z</time>
    </trkpt>
    <trkpt lat="50.779383" lon="15.762592">
      <ele>575</ele>
      <time>2026-05-07T08:51:43Z</time>
    </trkpt>
    <trkpt lat="50.779338" lon="15.76257">
      <ele>575</ele>
      <time>2026-05-07T08:51:49Z</time>
    </trkpt>
    <trkpt lat="50.779313" lon="15.762558">
      <ele>575</ele>
      <time>2026-05-07T08:51:53Z</time>
    </trkpt>
    <trkpt lat="50.779135" lon="15.762465">
      <ele>576</ele>
      <time>2026-05-07T08:52:16Z</time>
    </trkpt>
    <trkpt lat="50.778994" lon="15.762391">
      <ele>577</ele>
      <time>2026-05-07T08:52:35Z</time>
    </trkpt>
    <trkpt lat="50.778635" lon="15.762139">
      <ele>579</ele>
      <time>2026-05-07T08:53:25Z</time>
    </trkpt>
    <trkpt lat="50.778509" lon="15.762044">
      <ele>580</ele>
      <time>2026-05-07T08:53:42Z</time>
    </trkpt>
    <trkpt lat="50.778488" lon="15.762029">
      <ele>580</ele>
      <time>2026-05-07T08:53:45Z</time>
    </trkpt>
    <trkpt lat="50.778472" lon="15.762017">
      <ele>580</ele>
      <time>2026-05-07T08:53:47Z</time>
    </trkpt>
    <trkpt lat="50.778256" lon="15.76185">
      <ele>582</ele>
      <time>2026-05-07T08:54:18Z</time>
    </trkpt>
    <trkpt lat="50.77787" lon="15.761515">
      <ele>587</ele>
      <time>2026-05-07T08:55:14Z</time>
    </trkpt>
    <trkpt lat="50.777562" lon="15.761199">
      <ele>589</ele>
      <time>2026-05-07T08:56:00Z</time>
    </trkpt>
    <trkpt lat="50.777415" lon="15.761064">
      <ele>590</ele>
      <time>2026-05-07T08:56:21Z</time>
    </trkpt>
    <trkpt lat="50.776654" lon="15.760499">
      <ele>593</ele>
      <time>2026-05-07T08:58:07Z</time>
    </trkpt>
    <trkpt lat="50.776588" lon="15.760453">
      <ele>594</ele>
      <time>2026-05-07T08:58:17Z</time>
    </trkpt>
    <trkpt lat="50.776506" lon="15.760387">
      <ele>595</ele>
      <time>2026-05-07T08:58:28Z</time>
    </trkpt>
    <trkpt lat="50.776402" lon="15.760303">
      <ele>597</ele>
      <time>2026-05-07T08:58:43Z</time>
    </trkpt>
    <trkpt lat="50.776313" lon="15.760265">
      <ele>598</ele>
      <time>2026-05-07T08:58:55Z</time>
    </trkpt>
    <trkpt lat="50.776262" lon="15.760243">
      <ele>598</ele>
      <time>2026-05-07T08:59:01Z</time>
    </trkpt>
    <trkpt lat="50.776232" lon="15.760229">
      <ele>599</ele>
      <time>2026-05-07T08:59:05Z</time>
    </trkpt>
    <trkpt lat="50.776235" lon="15.760204">
      <ele>599</ele>
      <time>2026-05-07T08:59:07Z</time>
    </trkpt>
    <trkpt lat="50.776234" lon="15.760179">
      <ele>599</ele>
      <time>2026-05-07T08:59:09Z</time>
    </trkpt>
    <trkpt lat="50.776229" lon="15.760156">
      <ele>599</ele>
      <time>2026-05-07T08:59:11Z</time>
    </trkpt>
    <trkpt lat="50.77622" lon="15.760136">
      <ele>600</ele>
      <time>2026-05-07T08:59:13Z</time>
    </trkpt>
    <trkpt lat="50.776207" lon="15.760121">
      <ele>600</ele>
      <time>2026-05-07T08:59:15Z</time>
    </trkpt>
    <trkpt lat="50.776193" lon="15.760112">
      <ele>600</ele>
      <time>2026-05-07T08:59:17Z</time>
    </trkpt>
    <trkpt lat="50.776177" lon="15.760109">
      <ele>600</ele>
      <time>2026-05-07T08:59:19Z</time>
    </trkpt>
    <trkpt lat="50.776162" lon="15.760114">
      <ele>600</ele>
      <time>2026-05-07T08:59:21Z</time>
    </trkpt>
    <trkpt lat="50.776148" lon="15.760125">
      <ele>600</ele>
      <time>2026-05-07T08:59:23Z</time>
    </trkpt>
    <trkpt lat="50.776137" lon="15.760142">
      <ele>600</ele>
      <time>2026-05-07T08:59:25Z</time>
    </trkpt>
    <trkpt lat="50.776129" lon="15.760162">
      <ele>600</ele>
      <time>2026-05-07T08:59:27Z</time>
    </trkpt>
    <trkpt lat="50.776125" lon="15.760185">
      <ele>600</ele>
      <time>2026-05-07T08:59:29Z</time>
    </trkpt>
    <trkpt lat="50.776125" lon="15.760209">
      <ele>600</ele>
      <time>2026-05-07T08:59:31Z</time>
    </trkpt>
    <trkpt lat="50.776129" lon="15.760232">
      <ele>599</ele>
      <time>2026-05-07T08:59:33Z</time>
    </trkpt>
    <trkpt lat="50.776136" lon="15.760252">
      <ele>599</ele>
      <time>2026-05-07T08:59:35Z</time>
    </trkpt>
    <trkpt lat="50.77611" lon="15.76029">
      <ele>599</ele>
      <time>2026-05-07T08:59:39Z</time>
    </trkpt>
    <trkpt lat="50.776083" lon="15.760311">
      <ele>599</ele>
      <time>2026-05-07T08:59:43Z</time>
    </trkpt>
    <trkpt lat="50.776063" lon="15.760321">
      <ele>599</ele>
      <time>2026-05-07T08:59:46Z</time>
    </trkpt>
    <trkpt lat="50.776028" lon="15.760335">
      <ele>599</ele>
      <time>2026-05-07T08:59:50Z</time>
    </trkpt>
    <trkpt lat="50.776014" lon="15.76034">
      <ele>599</ele>
      <time>2026-05-07T08:59:52Z</time>
    </trkpt>
    <trkpt lat="50.775995" lon="15.760347">
      <ele>599</ele>
      <time>2026-05-07T08:59:55Z</time>
    </trkpt>
    <trkpt lat="50.775626" lon="15.760422">
      <ele>601</ele>
      <time>2026-05-07T09:00:41Z</time>
    </trkpt>
    <trkpt lat="50.775086" lon="15.760568">
      <ele>601</ele>
      <time>2026-05-07T09:01:51Z</time>
    </trkpt>
    <trkpt lat="50.774945" lon="15.760593">
      <ele>600</ele>
      <time>2026-05-07T09:02:09Z</time>
    </trkpt>
    <trkpt lat="50.774846" lon="15.760598">
      <ele>599</ele>
      <time>2026-05-07T09:02:21Z</time>
    </trkpt>
    <trkpt lat="50.774741" lon="15.76058">
      <ele>598</ele>
      <time>2026-05-07T09:02:34Z</time>
    </trkpt>
    <trkpt lat="50.77465" lon="15.760534">
      <ele>598</ele>
      <time>2026-05-07T09:02:46Z</time>
    </trkpt>
    <trkpt lat="50.774487" lon="15.760419">
      <ele>599</ele>
      <time>2026-05-07T09:03:09Z</time>
    </trkpt>
    <trkpt lat="50.774171" lon="15.760201">
      <ele>603</ele>
      <time>2026-05-07T09:03:58Z</time>
    </trkpt>
    <trkpt lat="50.77402" lon="15.760113">
      <ele>603</ele>
      <time>2026-05-07T09:04:20Z</time>
    </trkpt>
    <trkpt lat="50.77364" lon="15.759987">
      <ele>606</ele>
      <time>2026-05-07T09:05:15Z</time>
    </trkpt>
    <trkpt lat="50.773355" lon="15.759903">
      <ele>610</ele>
      <time>2026-05-07T09:05:55Z</time>
    </trkpt>
    <trkpt lat="50.773317" lon="15.759899">
      <ele>610</ele>
      <time>2026-05-07T09:06:01Z</time>
    </trkpt>
    <trkpt lat="50.773274" lon="15.759901">
      <ele>609</ele>
      <time>2026-05-07T09:06:07Z</time>
    </trkpt>
    <trkpt lat="50.773242" lon="15.75991">
      <ele>609</ele>
      <time>2026-05-07T09:06:11Z</time>
    </trkpt>
    <trkpt lat="50.77321" lon="15.759926">
      <ele>608</ele>
      <time>2026-05-07T09:06:16Z</time>
    </trkpt>
    <trkpt lat="50.773178" lon="15.759947">
      <ele>607</ele>
      <time>2026-05-07T09:06:21Z</time>
    </trkpt>
    <trkpt lat="50.773147" lon="15.759976">
      <ele>606</ele>
      <time>2026-05-07T09:06:27Z</time>
    </trkpt>
    <trkpt lat="50.773124" lon="15.760008">
      <ele>605</ele>
      <time>2026-05-07T09:06:31Z</time>
    </trkpt>
    <trkpt lat="50.773102" lon="15.760049">
      <ele>604</ele>
      <time>2026-05-07T09:06:36Z</time>
    </trkpt>
    <trkpt lat="50.773066" lon="15.760131">
      <ele>603</ele>
      <time>2026-05-07T09:06:45Z</time>
    </trkpt>
    <trkpt lat="50.772971" lon="15.760429">
      <ele>600</ele>
      <time>2026-05-07T09:07:15Z</time>
    </trkpt>
    <trkpt lat="50.772901" lon="15.760677">
      <ele>599</ele>
      <time>2026-05-07T09:07:39Z</time>
    </trkpt>
    <trkpt lat="50.772842" lon="15.760901">
      <ele>600</ele>
      <time>2026-05-07T09:08:00Z</time>
    </trkpt>
    <trkpt lat="50.772819" lon="15.760992">
      <ele>600</ele>
      <time>2026-05-07T09:08:09Z</time>
    </trkpt>
    <trkpt lat="50.772784" lon="15.760943">
      <ele>601</ele>
      <time>2026-05-07T09:08:17Z</time>
    </trkpt>
    <trkpt lat="50.772702" lon="15.760864">
      <ele>602</ele>
      <time>2026-05-07T09:08:33Z</time>
    </trkpt>
    <trkpt lat="50.772638" lon="15.760821">
      <ele>603</ele>
      <time>2026-05-07T09:08:45Z</time>
    </trkpt>
    <trkpt lat="50.772543" lon="15.760786">
      <ele>605</ele>
      <time>2026-05-07T09:09:01Z</time>
    </trkpt>
    <trkpt lat="50.772415" lon="15.760734">
      <ele>606</ele>
      <time>2026-05-07T09:09:23Z</time>
    </trkpt>
    <trkpt lat="50.772278" lon="15.760692">
      <ele>608</ele>
      <time>2026-05-07T09:09:46Z</time>
    </trkpt>
    <trkpt lat="50.772193" lon="15.760639">
      <ele>608</ele>
      <time>2026-05-07T09:10:02Z</time>
    </trkpt>
    <trkpt lat="50.772068" lon="15.760572">
      <ele>609</ele>
      <time>2026-05-07T09:10:24Z</time>
    </trkpt>
    <trkpt lat="50.771997" lon="15.760548">
      <ele>609</ele>
      <time>2026-05-07T09:10:36Z</time>
    </trkpt>
    <trkpt lat="50.771934" lon="15.760539">
      <ele>610</ele>
      <time>2026-05-07T09:10:46Z</time>
    </trkpt>
    <trkpt lat="50.771837" lon="15.760558">
      <ele>611</ele>
      <time>2026-05-07T09:11:03Z</time>
    </trkpt>
    <trkpt lat="50.771762" lon="15.760582">
      <ele>612</ele>
      <time>2026-05-07T09:11:15Z</time>
    </trkpt>
    <trkpt lat="50.771652" lon="15.760649">
      <ele>614</ele>
      <time>2026-05-07T09:11:35Z</time>
    </trkpt>
    <trkpt lat="50.771518" lon="15.760773">
      <ele>617</ele>
      <time>2026-05-07T09:12:02Z</time>
    </trkpt>
    <trkpt lat="50.771386" lon="15.760878">
      <ele>620</ele>
      <time>2026-05-07T09:12:27Z</time>
    </trkpt>
    <trkpt lat="50.77124" lon="15.760939">
      <ele>622</ele>
      <time>2026-05-07T09:12:52Z</time>
    </trkpt>
    <trkpt lat="50.771159" lon="15.760942">
      <ele>623</ele>
      <time>2026-05-07T09:13:06Z</time>
    </trkpt>
    <trkpt lat="50.771084" lon="15.760936">
      <ele>624</ele>
      <time>2026-05-07T09:13:18Z</time>
    </trkpt>
    <trkpt lat="50.770977" lon="15.760918">
      <ele>624</ele>
      <time>2026-05-07T09:13:36Z</time>
    </trkpt>
    <trkpt lat="50.770787" lon="15.76091">
      <ele>624</ele>
      <time>2026-05-07T09:14:08Z</time>
    </trkpt>
    <trkpt lat="50.770685" lon="15.760922">
      <ele>625</ele>
      <time>2026-05-07T09:14:25Z</time>
    </trkpt>
    <trkpt lat="50.770558" lon="15.760993">
      <ele>626</ele>
      <time>2026-05-07T09:14:47Z</time>
    </trkpt>
    <trkpt lat="50.770445" lon="15.761108">
      <ele>628</ele>
      <time>2026-05-07T09:15:10Z</time>
    </trkpt>
    <trkpt lat="50.770353" lon="15.761175">
      <ele>630</ele>
      <time>2026-05-07T09:15:27Z</time>
    </trkpt>
    <trkpt lat="50.770187" lon="15.761333">
      <ele>633</ele>
      <time>2026-05-07T09:15:59Z</time>
    </trkpt>
    <trkpt lat="50.770127" lon="15.761433">
      <ele>635</ele>
      <time>2026-05-07T09:16:14Z</time>
    </trkpt>
    <trkpt lat="50.769976" lon="15.761722">
      <ele>639</ele>
      <time>2026-05-07T09:16:54Z</time>
    </trkpt>
    <trkpt lat="50.769933" lon="15.761822">
      <ele>640</ele>
      <time>2026-05-07T09:17:07Z</time>
    </trkpt>
    <trkpt lat="50.769803" lon="15.761889">
      <ele>642</ele>
      <time>2026-05-07T09:17:30Z</time>
    </trkpt>
    <trkpt lat="50.768971" lon="15.761999">
      <ele>654</ele>
      <time>2026-05-07T09:19:50Z</time>
    </trkpt>
    <trkpt lat="50.768303" lon="15.762085">
      <ele>656</ele>
      <time>2026-05-07T09:21:42Z</time>
    </trkpt>
    <trkpt lat="50.767966" lon="15.7621">
      <ele>657</ele>
      <time>2026-05-07T09:22:38Z</time>
    </trkpt>
    <trkpt lat="50.767612" lon="15.762114">
      <ele>661</ele>
      <time>2026-05-07T09:23:37Z</time>
    </trkpt>
    <trkpt lat="50.767498" lon="15.762115">
      <ele>662</ele>
      <time>2026-05-07T09:23:56Z</time>
    </trkpt>
    <trkpt lat="50.767382" lon="15.76213">
      <ele>663</ele>
      <time>2026-05-07T09:24:15Z</time>
    </trkpt>
    <trkpt lat="50.767325" lon="15.762142">
      <ele>664</ele>
      <time>2026-05-07T09:24:25Z</time>
    </trkpt>
    <trkpt lat="50.767277" lon="15.762248">
      <ele>665</ele>
      <time>2026-05-07T09:24:39Z</time>
    </trkpt>
    <trkpt lat="50.767147" lon="15.761977">
      <ele>666</ele>
      <time>2026-05-07T09:25:15Z</time>
    </trkpt>
    <trkpt lat="50.767036" lon="15.761834">
      <ele>667</ele>
      <time>2026-05-07T09:25:39Z</time>
    </trkpt>
    <trkpt lat="50.766978" lon="15.761789">
      <ele>668</ele>
      <time>2026-05-07T09:25:49Z</time>
    </trkpt>
    <trkpt lat="50.766912" lon="15.761757">
      <ele>668</ele>
      <time>2026-05-07T09:26:01Z</time>
    </trkpt>
    <trkpt lat="50.766816" lon="15.761721">
      <ele>669</ele>
      <time>2026-05-07T09:26:17Z</time>
    </trkpt>
    <trkpt lat="50.766519" lon="15.761618">
      <ele>672</ele>
      <time>2026-05-07T09:27:08Z</time>
    </trkpt>
    <trkpt lat="50.766375" lon="15.76159">
      <ele>673</ele>
      <time>2026-05-07T09:27:32Z</time>
    </trkpt>
    <trkpt lat="50.766272" lon="15.761593">
      <ele>673</ele>
      <time>2026-05-07T09:27:50Z</time>
    </trkpt>
    <trkpt lat="50.766156" lon="15.76161">
      <ele>672</ele>
      <time>2026-05-07T09:28:09Z</time>
    </trkpt>
    <trkpt lat="50.766161" lon="15.76141">
      <ele>672</ele>
      <time>2026-05-07T09:28:24Z</time>
    </trkpt>
    <trkpt lat="50.766146" lon="15.761328">
      <ele>672</ele>
      <time>2026-05-07T09:28:31Z</time>
    </trkpt>
    <trkpt lat="50.766109" lon="15.761243">
      <ele>671</ele>
      <time>2026-05-07T09:28:39Z</time>
    </trkpt>
    <trkpt lat="50.766041" lon="15.76114">
      <ele>671</ele>
      <time>2026-05-07T09:28:50Z</time>
    </trkpt>
    <trkpt lat="50.765973" lon="15.761024">
      <ele>671</ele>
      <time>2026-05-07T09:29:02Z</time>
    </trkpt>
    <trkpt lat="50.765967" lon="15.760898">
      <ele>671</ele>
      <time>2026-05-07T09:29:11Z</time>
    </trkpt>
    <trkpt lat="50.765978" lon="15.76081">
      <ele>670</ele>
      <time>2026-05-07T09:29:18Z</time>
    </trkpt>
    <trkpt lat="50.766007" lon="15.76075">
      <ele>670</ele>
      <time>2026-05-07T09:29:24Z</time>
    </trkpt>
    <trkpt lat="50.766117" lon="15.760429">
      <ele>669</ele>
      <time>2026-05-07T09:29:52Z</time>
    </trkpt>
    <trkpt lat="50.766147" lon="15.760332">
      <ele>669</ele>
      <time>2026-05-07T09:30:00Z</time>
    </trkpt>
    <trkpt lat="50.766146" lon="15.760268">
      <ele>669</ele>
      <time>2026-05-07T09:30:05Z</time>
    </trkpt>
    <trkpt lat="50.766135" lon="15.760219">
      <ele>669</ele>
      <time>2026-05-07T09:30:09Z</time>
    </trkpt>
    <trkpt lat="50.766109" lon="15.760077">
      <ele>669</ele>
      <time>2026-05-07T09:30:20Z</time>
    </trkpt>
    <trkpt lat="50.766103" lon="15.759997">
      <ele>669</ele>
      <time>2026-05-07T09:30:26Z</time>
    </trkpt>
    <trkpt lat="50.766085" lon="15.759903">
      <ele>670</ele>
      <time>2026-05-07T09:30:33Z</time>
    </trkpt>
    <trkpt lat="50.76605" lon="15.759694">
      <ele>671</ele>
      <time>2026-05-07T09:30:50Z</time>
    </trkpt>
    <trkpt lat="50.766032" lon="15.759526">
      <ele>672</ele>
      <time>2026-05-07T09:31:03Z</time>
    </trkpt>
    <trkpt lat="50.76608" lon="15.759466">
      <ele>671</ele>
      <time>2026-05-07T09:31:10Z</time>
    </trkpt>
    <trkpt lat="50.766201" lon="15.759391">
      <ele>670</ele>
      <time>2026-05-07T09:31:26Z</time>
    </trkpt>
    <trkpt lat="50.766255" lon="15.759357">
      <ele>670</ele>
      <time>2026-05-07T09:31:33Z</time>
    </trkpt>
    <trkpt lat="50.766305" lon="15.759314">
      <ele>669</ele>
      <time>2026-05-07T09:31:40Z</time>
    </trkpt>
    <trkpt lat="50.766333" lon="15.759217">
      <ele>669</ele>
      <time>2026-05-07T09:31:48Z</time>
    </trkpt>
    <trkpt lat="50.766326" lon="15.759132">
      <ele>668</ele>
      <time>2026-05-07T09:31:54Z</time>
    </trkpt>
    <trkpt lat="50.766283" lon="15.758968">
      <ele>668</ele>
      <time>2026-05-07T09:32:08Z</time>
    </trkpt>
    <trkpt lat="50.766219" lon="15.758783">
      <ele>668</ele>
      <time>2026-05-07T09:32:24Z</time>
    </trkpt>
    <trkpt lat="50.766197" lon="15.75873">
      <ele>668</ele>
      <time>2026-05-07T09:32:29Z</time>
    </trkpt>
    <trkpt lat="50.765947" lon="15.75812">
      <ele>672</ele>
      <time>2026-05-07T09:33:24Z</time>
    </trkpt>
    <trkpt lat="50.765842" lon="15.757771">
      <ele>673</ele>
      <time>2026-05-07T09:33:53Z</time>
    </trkpt>
    <trkpt lat="50.765714" lon="15.757292">
      <ele>673</ele>
      <time>2026-05-07T09:34:33Z</time>
    </trkpt>
    <trkpt lat="50.765672" lon="15.757138">
      <ele>673</ele>
      <time>2026-05-07T09:34:45Z</time>
    </trkpt>
    <trkpt lat="50.765622" lon="15.757002">
      <ele>674</ele>
      <time>2026-05-07T09:34:57Z</time>
    </trkpt>
    <trkpt lat="50.765561" lon="15.756892">
      <ele>676</ele>
      <time>2026-05-07T09:35:09Z</time>
    </trkpt>
    <trkpt lat="50.76551" lon="15.756798">
      <ele>677</ele>
      <time>2026-05-07T09:35:18Z</time>
    </trkpt>
    <trkpt lat="50.76546" lon="15.756644">
      <ele>678</ele>
      <time>2026-05-07T09:35:31Z</time>
    </trkpt>
    <trkpt lat="50.765433" lon="15.756454">
      <ele>679</ele>
      <time>2026-05-07T09:35:46Z</time>
    </trkpt>
    <trkpt lat="50.765396" lon="15.755988">
      <ele>678</ele>
      <time>2026-05-07T09:36:22Z</time>
    </trkpt>
    <trkpt lat="50.765371" lon="15.755787">
      <ele>677</ele>
      <time>2026-05-07T09:36:37Z</time>
    </trkpt>
    <trkpt lat="50.76526" lon="15.75529">
      <ele>679</ele>
      <time>2026-05-07T09:37:17Z</time>
    </trkpt>
    <trkpt lat="50.765262" lon="15.75514">
      <ele>679</ele>
      <time>2026-05-07T09:37:29Z</time>
    </trkpt>
    <trkpt lat="50.765277" lon="15.754958">
      <ele>679</ele>
      <time>2026-05-07T09:37:42Z</time>
    </trkpt>
    <trkpt lat="50.765292" lon="15.754824">
      <ele>680</ele>
      <time>2026-05-07T09:37:53Z</time>
    </trkpt>
    <trkpt lat="50.765353" lon="15.754636">
      <ele>681</ele>
      <time>2026-05-07T09:38:09Z</time>
    </trkpt>
    <trkpt lat="50.765257" lon="15.754649">
      <ele>684</ele>
      <time>2026-05-07T09:38:26Z</time>
    </trkpt>
    <trkpt lat="50.765162" lon="15.754692">
      <ele>687</ele>
      <time>2026-05-07T09:38:44Z</time>
    </trkpt>
    <trkpt lat="50.765053" lon="15.754693">
      <ele>691</ele>
      <time>2026-05-07T09:39:04Z</time>
    </trkpt>
    <trkpt lat="50.764921" lon="15.75469">
      <ele>697</ele>
      <time>2026-05-07T09:39:28Z</time>
    </trkpt>
    <trkpt lat="50.764775" lon="15.754695">
      <ele>705</ele>
      <time>2026-05-07T09:39:56Z</time>
    </trkpt>
    <trkpt lat="50.76466" lon="15.754716">
      <ele>710</ele>
      <time>2026-05-07T09:40:17Z</time>
    </trkpt>
    <trkpt lat="50.764597" lon="15.754773">
      <ele>713</ele>
      <time>2026-05-07T09:40:30Z</time>
    </trkpt>
    <trkpt lat="50.764517" lon="15.754842">
      <ele>716</ele>
      <time>2026-05-07T09:40:47Z</time>
    </trkpt>
    <trkpt lat="50.764437" lon="15.754915">
      <ele>719</ele>
      <time>2026-05-07T09:41:03Z</time>
    </trkpt>
    <trkpt lat="50.764388" lon="15.755036">
      <ele>720</ele>
      <time>2026-05-07T09:41:19Z</time>
    </trkpt>
    <trkpt lat="50.764365" lon="15.755202">
      <ele>719</ele>
      <time>2026-05-07T09:41:38Z</time>
    </trkpt>
    <trkpt lat="50.764346" lon="15.755435">
      <ele>716</ele>
      <time>2026-05-07T09:42:03Z</time>
    </trkpt>
    <trkpt lat="50.764303" lon="15.755658">
      <ele>715</ele>
      <time>2026-05-07T09:42:29Z</time>
    </trkpt>
    <trkpt lat="50.764259" lon="15.756047">
      <ele>710</ele>
      <time>2026-05-07T09:43:12Z</time>
    </trkpt>
    <trkpt lat="50.764225" lon="15.756404">
      <ele>707</ele>
      <time>2026-05-07T09:43:52Z</time>
    </trkpt>
    <trkpt lat="50.764193" lon="15.756591">
      <ele>705</ele>
      <time>2026-05-07T09:44:13Z</time>
    </trkpt>
    <trkpt lat="50.76419" lon="15.756811">
      <ele>704</ele>
      <time>2026-05-07T09:44:37Z</time>
    </trkpt>
    <trkpt lat="50.764168" lon="15.757018">
      <ele>705</ele>
      <time>2026-05-07T09:45:00Z</time>
    </trkpt>
    <trkpt lat="50.764156" lon="15.757216">
      <ele>704</ele>
      <time>2026-05-07T09:45:21Z</time>
    </trkpt>
    <trkpt lat="50.764163" lon="15.757463">
      <ele>705</ele>
      <time>2026-05-07T09:45:48Z</time>
    </trkpt>
    <trkpt lat="50.764205" lon="15.757664">
      <ele>704</ele>
      <time>2026-05-07T09:46:11Z</time>
    </trkpt>
    <trkpt lat="50.764308" lon="15.758057">
      <ele>702</ele>
      <time>2026-05-07T09:46:58Z</time>
    </trkpt>
    <trkpt lat="50.764303" lon="15.758179">
      <ele>702</ele>
      <time>2026-05-07T09:47:11Z</time>
    </trkpt>
    <trkpt lat="50.764149" lon="15.758206">
      <ele>706</ele>
      <time>2026-05-07T09:47:38Z</time>
    </trkpt>
    <trkpt lat="50.764073" lon="15.758211">
      <ele>707</ele>
      <time>2026-05-07T09:47:51Z</time>
    </trkpt>
    <trkpt lat="50.763923" lon="15.758268">
      <ele>708</ele>
      <time>2026-05-07T09:48:18Z</time>
    </trkpt>
    <trkpt lat="50.763786" lon="15.7583">
      <ele>710</ele>
      <time>2026-05-07T09:48:42Z</time>
    </trkpt>
    <trkpt lat="50.763689" lon="15.758289">
      <ele>711</ele>
      <time>2026-05-07T09:48:59Z</time>
    </trkpt>
    <trkpt lat="50.763585" lon="15.758256">
      <ele>713</ele>
      <time>2026-05-07T09:49:17Z</time>
    </trkpt>
    <trkpt lat="50.763426" lon="15.75816">
      <ele>715</ele>
      <time>2026-05-07T09:49:47Z</time>
    </trkpt>
    <trkpt lat="50.763352" lon="15.758139">
      <ele>716</ele>
      <time>2026-05-07T09:50:00Z</time>
    </trkpt>
    <trkpt lat="50.763258" lon="15.758091">
      <ele>718</ele>
      <time>2026-05-07T09:50:17Z</time>
    </trkpt>
    <trkpt lat="50.763111" lon="15.757951">
      <ele>723</ele>
      <time>2026-05-07T09:50:47Z</time>
    </trkpt>
    <trkpt lat="50.763004" lon="15.757857">
      <ele>725</ele>
      <time>2026-05-07T09:51:08Z</time>
    </trkpt>
    <trkpt lat="50.762831" lon="15.757761">
      <ele>729</ele>
      <time>2026-05-07T09:51:41Z</time>
    </trkpt>
    <trkpt lat="50.762683" lon="15.757707">
      <ele>732</ele>
      <time>2026-05-07T09:52:07Z</time>
    </trkpt>
    <trkpt lat="50.762531" lon="15.757635">
      <ele>734</ele>
      <time>2026-05-07T09:52:34Z</time>
    </trkpt>
    <trkpt lat="50.762442" lon="15.757565">
      <ele>736</ele>
      <time>2026-05-07T09:52:52Z</time>
    </trkpt>
    <trkpt lat="50.762346" lon="15.757463">
      <ele>737</ele>
      <time>2026-05-07T09:53:12Z</time>
    </trkpt>
    <trkpt lat="50.762276" lon="15.757401">
      <ele>738</ele>
      <time>2026-05-07T09:53:26Z</time>
    </trkpt>
    <trkpt lat="50.762208" lon="15.757372">
      <ele>739</ele>
      <time>2026-05-07T09:53:38Z</time>
    </trkpt>
    <trkpt lat="50.762166" lon="15.757358">
      <ele>739</ele>
      <time>2026-05-07T09:53:45Z</time>
    </trkpt>
    <trkpt lat="50.762086" lon="15.757388">
      <ele>739</ele>
      <time>2026-05-07T09:53:59Z</time>
    </trkpt>
    <trkpt lat="50.762027" lon="15.757471">
      <ele>740</ele>
      <time>2026-05-07T09:54:13Z</time>
    </trkpt>
    <trkpt lat="50.761986" lon="15.757605">
      <ele>739</ele>
      <time>2026-05-07T09:54:29Z</time>
    </trkpt>
    <trkpt lat="50.761971" lon="15.757804">
      <ele>739</ele>
      <time>2026-05-07T09:54:51Z</time>
    </trkpt>
    <trkpt lat="50.761942" lon="15.758072">
      <ele>739</ele>
      <time>2026-05-07T09:55:20Z</time>
    </trkpt>
    <trkpt lat="50.761911" lon="15.758252">
      <ele>739</ele>
      <time>2026-05-07T09:55:41Z</time>
    </trkpt>
    <trkpt lat="50.761867" lon="15.758407">
      <ele>739</ele>
      <time>2026-05-07T09:55:59Z</time>
    </trkpt>
    <trkpt lat="50.761813" lon="15.758555">
      <ele>739</ele>
      <time>2026-05-07T09:56:18Z</time>
    </trkpt>
    <trkpt lat="50.761658" lon="15.758753">
      <ele>740</ele>
      <time>2026-05-07T09:56:52Z</time>
    </trkpt>
    <trkpt lat="50.761579" lon="15.758914">
      <ele>740</ele>
      <time>2026-05-07T09:57:14Z</time>
    </trkpt>
    <trkpt lat="50.761502" lon="15.759139">
      <ele>740</ele>
      <time>2026-05-07T09:57:42Z</time>
    </trkpt>
    <trkpt lat="50.761438" lon="15.759405">
      <ele>742</ele>
      <time>2026-05-07T09:58:13Z</time>
    </trkpt>
    <trkpt lat="50.761416" lon="15.759619">
      <ele>741</ele>
      <time>2026-05-07T09:58:36Z</time>
    </trkpt>
    <trkpt lat="50.761404" lon="15.759762">
      <ele>740</ele>
      <time>2026-05-07T09:58:52Z</time>
    </trkpt>
    <trkpt lat="50.761373" lon="15.759907">
      <ele>740</ele>
      <time>2026-05-07T09:59:09Z</time>
    </trkpt>
    <trkpt lat="50.761316" lon="15.76">
      <ele>740</ele>
      <time>2026-05-07T09:59:23Z</time>
    </trkpt>
    <trkpt lat="50.761248" lon="15.760067">
      <ele>741</ele>
      <time>2026-05-07T09:59:37Z</time>
    </trkpt>
    <trkpt lat="50.761141" lon="15.760129">
      <ele>742</ele>
      <time>2026-05-07T09:59:56Z</time>
    </trkpt>
    <trkpt lat="50.761021" lon="15.760167">
      <ele>744</ele>
      <time>2026-05-07T10:00:18Z</time>
    </trkpt>
    <trkpt lat="50.760661" lon="15.760255">
      <ele>749</ele>
      <time>2026-05-07T10:01:20Z</time>
    </trkpt>
    <trkpt lat="50.760435" lon="15.760352">
      <ele>750</ele>
      <time>2026-05-07T10:02:01Z</time>
    </trkpt>
    <trkpt lat="50.760249" lon="15.760429">
      <ele>752</ele>
      <time>2026-05-07T10:02:34Z</time>
    </trkpt>
    <trkpt lat="50.760076" lon="15.760481">
      <ele>752</ele>
      <time>2026-05-07T10:03:04Z</time>
    </trkpt>
    <trkpt lat="50.759965" lon="15.760491">
      <ele>753</ele>
      <time>2026-05-07T10:03:23Z</time>
    </trkpt>
    <trkpt lat="50.759773" lon="15.760408">
      <ele>755</ele>
      <time>2026-05-07T10:03:58Z</time>
    </trkpt>
    <trkpt lat="50.759558" lon="15.760325">
      <ele>759</ele>
      <time>2026-05-07T10:04:36Z</time>
    </trkpt>
    <trkpt lat="50.759422" lon="15.76026">
      <ele>761</ele>
      <time>2026-05-07T10:05:01Z</time>
    </trkpt>
    <trkpt lat="50.759297" lon="15.760226">
      <ele>763</ele>
      <time>2026-05-07T10:05:23Z</time>
    </trkpt>
    <trkpt lat="50.759191" lon="15.760215">
      <ele>764</ele>
      <time>2026-05-07T10:05:41Z</time>
    </trkpt>
    <trkpt lat="50.759083" lon="15.760247">
      <ele>764</ele>
      <time>2026-05-07T10:06:00Z</time>
    </trkpt>
    <trkpt lat="50.758988" lon="15.760282">
      <ele>765</ele>
      <time>2026-05-07T10:06:17Z</time>
    </trkpt>
    <trkpt lat="50.758884" lon="15.760309">
      <ele>765</ele>
      <time>2026-05-07T10:06:35Z</time>
    </trkpt>
    <trkpt lat="50.758796" lon="15.760314">
      <ele>765</ele>
      <time>2026-05-07T10:06:50Z</time>
    </trkpt>
    <trkpt lat="50.758718" lon="15.760287">
      <ele>765</ele>
      <time>2026-05-07T10:07:04Z</time>
    </trkpt>
    <trkpt lat="50.75866" lon="15.760226">
      <ele>766</ele>
      <time>2026-05-07T10:07:16Z</time>
    </trkpt>
    <trkpt lat="50.758628" lon="15.760148">
      <ele>767</ele>
      <time>2026-05-07T10:07:26Z</time>
    </trkpt>
    <trkpt lat="50.758615" lon="15.760075">
      <ele>767</ele>
      <time>2026-05-07T10:07:34Z</time>
    </trkpt>
    <trkpt lat="50.758613" lon="15.75996">
      <ele>768</ele>
      <time>2026-05-07T10:07:47Z</time>
    </trkpt>
    <trkpt lat="50.758601" lon="15.759837">
      <ele>769</ele>
      <time>2026-05-07T10:08:00Z</time>
    </trkpt>
    <trkpt lat="50.758584" lon="15.759761">
      <ele>769</ele>
      <time>2026-05-07T10:08:09Z</time>
    </trkpt>
    <trkpt lat="50.758649" lon="15.759163">
      <ele>772</ele>
      <time>2026-05-07T10:09:09Z</time>
    </trkpt>
    <trkpt lat="50.758574" lon="15.759078">
      <ele>773</ele>
      <time>2026-05-07T10:09:27Z</time>
    </trkpt>
    <trkpt lat="50.758518" lon="15.759019">
      <ele>775</ele>
      <time>2026-05-07T10:09:40Z</time>
    </trkpt>
    <trkpt lat="50.758438" lon="15.758976">
      <ele>776</ele>
      <time>2026-05-07T10:09:56Z</time>
    </trkpt>
    <trkpt lat="50.758338" lon="15.758965">
      <ele>777</ele>
      <time>2026-05-07T10:10:15Z</time>
    </trkpt>
    <trkpt lat="50.758202" lon="15.758957">
      <ele>779</ele>
      <time>2026-05-07T10:10:41Z</time>
    </trkpt>
    <trkpt lat="50.758094" lon="15.758935">
      <ele>780</ele>
      <time>2026-05-07T10:11:02Z</time>
    </trkpt>
    <trkpt lat="50.758019" lon="15.758914">
      <ele>781</ele>
      <time>2026-05-07T10:11:16Z</time>
    </trkpt>
    <trkpt lat="50.757955" lon="15.758877">
      <ele>781</ele>
      <time>2026-05-07T10:11:29Z</time>
    </trkpt>
    <trkpt lat="50.757297" lon="15.758167">
      <ele>787</ele>
      <time>2026-05-07T10:14:01Z</time>
    </trkpt>
    <trkpt lat="50.756917" lon="15.757853">
      <ele>793</ele>
      <time>2026-05-07T10:15:23Z</time>
    </trkpt>
    <trkpt lat="50.756699" lon="15.757715">
      <ele>796</ele>
      <time>2026-05-07T10:16:08Z</time>
    </trkpt>
    <trkpt lat="50.756618" lon="15.757683">
      <ele>797</ele>
      <time>2026-05-07T10:16:24Z</time>
    </trkpt>
    <trkpt lat="50.756434" lon="15.75749">
      <ele>800</ele>
      <time>2026-05-07T10:17:06Z</time>
    </trkpt>
    <trkpt lat="50.756331" lon="15.757412">
      <ele>802</ele>
      <time>2026-05-07T10:17:28Z</time>
    </trkpt>
    <trkpt lat="50.756248" lon="15.757372">
      <ele>802</ele>
      <time>2026-05-07T10:17:45Z</time>
    </trkpt>
    <trkpt lat="50.756068" lon="15.7572">
      <ele>803</ele>
      <time>2026-05-07T10:18:25Z</time>
    </trkpt>
    <trkpt lat="50.755834" lon="15.756766">
      <ele>810</ele>
      <time>2026-05-07T10:19:34Z</time>
    </trkpt>
    <trkpt lat="50.755657" lon="15.756481">
      <ele>815</ele>
      <time>2026-05-07T10:20:23Z</time>
    </trkpt>
    <trkpt lat="50.755474" lon="15.756237">
      <ele>818</ele>
      <time>2026-05-07T10:21:09Z</time>
    </trkpt>
    <trkpt lat="50.75533" lon="15.756108">
      <ele>820</ele>
      <time>2026-05-07T10:21:40Z</time>
    </trkpt>
    <trkpt lat="50.755233" lon="15.756012">
      <ele>822</ele>
      <time>2026-05-07T10:22:02Z</time>
    </trkpt>
    <trkpt lat="50.755155" lon="15.755897">
      <ele>824</ele>
      <time>2026-05-07T10:22:23Z</time>
    </trkpt>
    <trkpt lat="50.755063" lon="15.755787">
      <ele>826</ele>
      <time>2026-05-07T10:22:45Z</time>
    </trkpt>
    <trkpt lat="50.754922" lon="15.755669">
      <ele>828</ele>
      <time>2026-05-07T10:23:15Z</time>
    </trkpt>
    <trkpt lat="50.754795" lon="15.755564">
      <ele>829</ele>
      <time>2026-05-07T10:23:43Z</time>
    </trkpt>
    <trkpt lat="50.754685" lon="15.755415">
      <ele>832</ele>
      <time>2026-05-07T10:24:11Z</time>
    </trkpt>
    <trkpt lat="50.754298" lon="15.754746">
      <ele>844</ele>
      <time>2026-05-07T10:26:01Z</time>
    </trkpt>
    <trkpt lat="50.753943" lon="15.754212">
      <ele>854</ele>
      <time>2026-05-07T10:27:36Z</time>
    </trkpt>
    <trkpt lat="50.753658" lon="15.753791">
      <ele>861</ele>
      <time>2026-05-07T10:28:51Z</time>
    </trkpt>
    <trkpt lat="50.75359" lon="15.753708">
      <ele>862</ele>
      <time>2026-05-07T10:29:08Z</time>
    </trkpt>
    <trkpt lat="50.753483" lon="15.753563">
      <ele>864</ele>
      <time>2026-05-07T10:29:35Z</time>
    </trkpt>
    <trkpt lat="50.753354" lon="15.753376">
      <ele>863</ele>
      <time>2026-05-07T10:30:08Z</time>
    </trkpt>
    <trkpt lat="50.753212" lon="15.75319">
      <ele>867</ele>
      <time>2026-05-07T10:30:44Z</time>
    </trkpt>
    <trkpt lat="50.753141" lon="15.753118">
      <ele>868</ele>
      <time>2026-05-07T10:31:00Z</time>
    </trkpt>
    <trkpt lat="50.753034" lon="15.752917">
      <ele>871</ele>
      <time>2026-05-07T10:31:32Z</time>
    </trkpt>
    <trkpt lat="50.752913" lon="15.752632">
      <ele>876</ele>
      <time>2026-05-07T10:32:14Z</time>
    </trkpt>
    <trkpt lat="50.752762" lon="15.752351">
      <ele>878</ele>
      <time>2026-05-07T10:32:58Z</time>
    </trkpt>
    <trkpt lat="50.752641" lon="15.752077">
      <ele>882</ele>
      <time>2026-05-07T10:33:39Z</time>
    </trkpt>
    <trkpt lat="50.752548" lon="15.751828">
      <ele>884</ele>
      <time>2026-05-07T10:34:14Z</time>
    </trkpt>
    <trkpt lat="50.752501" lon="15.751629">
      <ele>886</ele>
      <time>2026-05-07T10:34:39Z</time>
    </trkpt>
    <trkpt lat="50.752428" lon="15.751431">
      <ele>889</ele>
      <time>2026-05-07T10:35:08Z</time>
    </trkpt>
    <trkpt lat="50.752341" lon="15.751232">
      <ele>892</ele>
      <time>2026-05-07T10:35:37Z</time>
    </trkpt>
    <trkpt lat="50.752245" lon="15.751044">
      <ele>894</ele>
      <time>2026-05-07T10:36:06Z</time>
    </trkpt>
    <trkpt lat="50.752162" lon="15.750835">
      <ele>898</ele>
      <time>2026-05-07T10:36:37Z</time>
    </trkpt>
    <trkpt lat="50.752014" lon="15.750404">
      <ele>906</ele>
      <time>2026-05-07T10:37:38Z</time>
    </trkpt>
    <trkpt lat="50.751649" lon="15.749513">
      <ele>917</ele>
      <time>2026-05-07T10:39:46Z</time>
    </trkpt>
    <trkpt lat="50.751344" lon="15.748895">
      <ele>930</ele>
      <time>2026-05-07T10:41:23Z</time>
    </trkpt>
    <trkpt lat="50.751093" lon="15.748408">
      <ele>938</ele>
      <time>2026-05-07T10:42:40Z</time>
    </trkpt>
    <trkpt lat="50.750793" lon="15.747932">
      <ele>948</ele>
      <time>2026-05-07T10:44:03Z</time>
    </trkpt>
    <trkpt lat="50.750124" lon="15.747033">
      <ele>964</ele>
      <time>2026-05-07T10:46:52Z</time>
    </trkpt>
    <trkpt lat="50.749937" lon="15.746772">
      <ele>969</ele>
      <time>2026-05-07T10:47:40Z</time>
    </trkpt>
    <trkpt lat="50.749874" lon="15.746619">
      <ele>971</ele>
      <time>2026-05-07T10:48:02Z</time>
    </trkpt>
    <trkpt lat="50.749813" lon="15.746383">
      <ele>975</ele>
      <time>2026-05-07T10:48:33Z</time>
    </trkpt>
    <trkpt lat="50.74954" lon="15.745827">
      <ele>981</ele>
      <time>2026-05-07T10:49:58Z</time>
    </trkpt>
    <trkpt lat="50.749092" lon="15.745091">
      <ele>990</ele>
      <time>2026-05-07T10:52:02Z</time>
    </trkpt>
    <trkpt lat="50.748741" lon="15.744596">
      <ele>999</ele>
      <time>2026-05-07T10:53:33Z</time>
    </trkpt>
    <trkpt lat="50.748626" lon="15.744363">
      <ele>1003</ele>
      <time>2026-05-07T10:54:09Z</time>
    </trkpt>
    <trkpt lat="50.748517" lon="15.744228">
      <ele>1004</ele>
      <time>2026-05-07T10:54:39Z</time>
    </trkpt>
    <trkpt lat="50.748403" lon="15.744042">
      <ele>1006</ele>
      <time>2026-05-07T10:55:15Z</time>
    </trkpt>
    <trkpt lat="50.748325" lon="15.743877">
      <ele>1007</ele>
      <time>2026-05-07T10:55:43Z</time>
    </trkpt>
    <trkpt lat="50.74827" lon="15.743715">
      <ele>1011</ele>
      <time>2026-05-07T10:56:09Z</time>
    </trkpt>
    <trkpt lat="50.748174" lon="15.74341">
      <ele>1017</ele>
      <time>2026-05-07T10:56:57Z</time>
    </trkpt>
    <trkpt lat="50.748129" lon="15.743245">
      <ele>1019</ele>
      <time>2026-05-07T10:57:22Z</time>
    </trkpt>
    <trkpt lat="50.748075" lon="15.743093">
      <ele>1021</ele>
      <time>2026-05-07T10:57:46Z</time>
    </trkpt>
    <trkpt lat="50.748047" lon="15.742964">
      <ele>1022</ele>
      <time>2026-05-07T10:58:04Z</time>
    </trkpt>
    <trkpt lat="50.748021" lon="15.742878">
      <ele>1022</ele>
      <time>2026-05-07T10:58:17Z</time>
    </trkpt>
    <trkpt lat="50.747978" lon="15.742763">
      <ele>1023</ele>
      <time>2026-05-07T10:58:35Z</time>
    </trkpt>
    <trkpt lat="50.747929" lon="15.742657">
      <ele>1024</ele>
      <time>2026-05-07T10:58:53Z</time>
    </trkpt>
    <trkpt lat="50.747894" lon="15.742564">
      <ele>1024</ele>
      <time>2026-05-07T10:59:08Z</time>
    </trkpt>
    <trkpt lat="50.747843" lon="15.742457">
      <ele>1025</ele>
      <time>2026-05-07T10:59:27Z</time>
    </trkpt>
    <trkpt lat="50.747728" lon="15.742274">
      <ele>1026</ele>
      <time>2026-05-07T11:00:02Z</time>
    </trkpt>
    <trkpt lat="50.747647" lon="15.742127">
      <ele>1028</ele>
      <time>2026-05-07T11:00:29Z</time>
    </trkpt>
    <trkpt lat="50.747595" lon="15.741996">
      <ele>1030</ele>
      <time>2026-05-07T11:00:50Z</time>
    </trkpt>
    <trkpt lat="50.747561" lon="15.741912">
      <ele>1031</ele>
      <time>2026-05-07T11:01:04Z</time>
    </trkpt>
    <trkpt lat="50.74754" lon="15.741816">
      <ele>1032</ele>
      <time>2026-05-07T11:01:18Z</time>
    </trkpt>
    <trkpt lat="50.747506" lon="15.74165">
      <ele>1034</ele>
      <time>2026-05-07T11:01:42Z</time>
    </trkpt>
    <trkpt lat="50.747473" lon="15.741441">
      <ele>1037</ele>
      <time>2026-05-07T11:02:12Z</time>
    </trkpt>
    <trkpt lat="50.747426" lon="15.741134">
      <ele>1039</ele>
      <time>2026-05-07T11:02:55Z</time>
    </trkpt>
    <trkpt lat="50.74742" lon="15.741004">
      <ele>1041</ele>
      <time>2026-05-07T11:03:13Z</time>
    </trkpt>
    <trkpt lat="50.747409" lon="15.740924">
      <ele>1042</ele>
      <time>2026-05-07T11:03:24Z</time>
    </trkpt>
    <trkpt lat="50.7474" lon="15.740873">
      <ele>1042</ele>
      <time>2026-05-07T11:03:32Z</time>
    </trkpt>
    <trkpt lat="50.747371" lon="15.740814">
      <ele>1043</ele>
      <time>2026-05-07T11:03:42Z</time>
    </trkpt>
    <trkpt lat="50.747337" lon="15.740722">
      <ele>1044</ele>
      <time>2026-05-07T11:03:57Z</time>
    </trkpt>
    <trkpt lat="50.747314" lon="15.740594">
      <ele>1045</ele>
      <time>2026-05-07T11:04:15Z</time>
    </trkpt>
    <trkpt lat="50.747302" lon="15.740493">
      <ele>1047</ele>
      <time>2026-05-07T11:04:29Z</time>
    </trkpt>
    <trkpt lat="50.747288" lon="15.740382">
      <ele>1050</ele>
      <time>2026-05-07T11:04:46Z</time>
    </trkpt>
    <trkpt lat="50.747273" lon="15.740281">
      <ele>1052</ele>
      <time>2026-05-07T11:05:01Z</time>
    </trkpt>
    <trkpt lat="50.747262" lon="15.740235">
      <ele>1053</ele>
      <time>2026-05-07T11:05:07Z</time>
    </trkpt>
    <trkpt lat="50.747234" lon="15.740179">
      <ele>1054</ele>
      <time>2026-05-07T11:05:17Z</time>
    </trkpt>
    <trkpt lat="50.747213" lon="15.740108">
      <ele>1055</ele>
      <time>2026-05-07T11:05:28Z</time>
    </trkpt>
    <trkpt lat="50.747193" lon="15.740034">
      <ele>1057</ele>
      <time>2026-05-07T11:05:40Z</time>
    </trkpt>
    <trkpt lat="50.747158" lon="15.739942">
      <ele>1058</ele>
      <time>2026-05-07T11:05:54Z</time>
    </trkpt>
    <trkpt lat="50.747112" lon="15.739853">
      <ele>1058</ele>
      <time>2026-05-07T11:06:10Z</time>
    </trkpt>
    <trkpt lat="50.747074" lon="15.739759">
      <ele>1059</ele>
      <time>2026-05-07T11:06:25Z</time>
    </trkpt>
    <trkpt lat="50.747037" lon="15.739654">
      <ele>1060</ele>
      <time>2026-05-07T11:06:42Z</time>
    </trkpt>
    <trkpt lat="50.747003" lon="15.739566">
      <ele>1060</ele>
      <time>2026-05-07T11:06:56Z</time>
    </trkpt>
    <trkpt lat="50.746973" lon="15.739486">
      <ele>1061</ele>
      <time>2026-05-07T11:07:09Z</time>
    </trkpt>
    <trkpt lat="50.746937" lon="15.739365">
      <ele>1062</ele>
      <time>2026-05-07T11:07:27Z</time>
    </trkpt>
    <trkpt lat="50.746879" lon="15.739233">
      <ele>1064</ele>
      <time>2026-05-07T11:07:49Z</time>
    </trkpt>
    <trkpt lat="50.746818" lon="15.7391">
      <ele>1065</ele>
      <time>2026-05-07T11:08:12Z</time>
    </trkpt>
    <trkpt lat="50.746741" lon="15.738955">
      <ele>1065</ele>
      <time>2026-05-07T11:08:37Z</time>
    </trkpt>
    <trkpt lat="50.746696" lon="15.738878">
      <ele>1065</ele>
      <time>2026-05-07T11:08:52Z</time>
    </trkpt>
    <trkpt lat="50.746659" lon="15.738793">
      <ele>1066</ele>
      <time>2026-05-07T11:09:06Z</time>
    </trkpt>
    <trkpt lat="50.746578" lon="15.738648">
      <ele>1066</ele>
      <time>2026-05-07T11:09:32Z</time>
    </trkpt>
    <trkpt lat="50.746505" lon="15.738506">
      <ele>1067</ele>
      <time>2026-05-07T11:09:57Z</time>
    </trkpt>
    <trkpt lat="50.746457" lon="15.738365">
      <ele>1067</ele>
      <time>2026-05-07T11:10:19Z</time>
    </trkpt>
    <trkpt lat="50.746413" lon="15.738232">
      <ele>1070</ele>
      <time>2026-05-07T11:10:40Z</time>
    </trkpt>
    <trkpt lat="50.746337" lon="15.738016">
      <ele>1075</ele>
      <time>2026-05-07T11:11:15Z</time>
    </trkpt>
    <trkpt lat="50.746258" lon="15.737805">
      <ele>1079</ele>
      <time>2026-05-07T11:11:50Z</time>
    </trkpt>
    <trkpt lat="50.746149" lon="15.737585">
      <ele>1085</ele>
      <time>2026-05-07T11:12:29Z</time>
    </trkpt>
    <trkpt lat="50.746044" lon="15.737386">
      <ele>1089</ele>
      <time>2026-05-07T11:13:06Z</time>
    </trkpt>
    <trkpt lat="50.745956" lon="15.73728">
      <ele>1092</ele>
      <time>2026-05-07T11:13:30Z</time>
    </trkpt>
    <trkpt lat="50.745904" lon="15.737169">
      <ele>1094</ele>
      <time>2026-05-07T11:13:49Z</time>
    </trkpt>
    <trkpt lat="50.745844" lon="15.737086">
      <ele>1096</ele>
      <time>2026-05-07T11:14:07Z</time>
    </trkpt>
    <trkpt lat="50.745774" lon="15.736988">
      <ele>1098</ele>
      <time>2026-05-07T11:14:27Z</time>
    </trkpt>
    <trkpt lat="50.745712" lon="15.736903">
      <ele>1099</ele>
      <time>2026-05-07T11:14:45Z</time>
    </trkpt>
    <trkpt lat="50.745656" lon="15.736811">
      <ele>1100</ele>
      <time>2026-05-07T11:15:03Z</time>
    </trkpt>
    <trkpt lat="50.745611" lon="15.736758">
      <ele>1101</ele>
      <time>2026-05-07T11:15:15Z</time>
    </trkpt>
    <trkpt lat="50.745567" lon="15.736708">
      <ele>1101</ele>
      <time>2026-05-07T11:15:26Z</time>
    </trkpt>
    <trkpt lat="50.745504" lon="15.736626">
      <ele>1102</ele>
      <time>2026-05-07T11:15:44Z</time>
    </trkpt>
    <trkpt lat="50.745441" lon="15.736535">
      <ele>1102</ele>
      <time>2026-05-07T11:16:02Z</time>
    </trkpt>
    <trkpt lat="50.74536" lon="15.736436">
      <ele>1102</ele>
      <time>2026-05-07T11:16:24Z</time>
    </trkpt>
    <trkpt lat="50.745278" lon="15.736344">
      <ele>1103</ele>
      <time>2026-05-07T11:16:46Z</time>
    </trkpt>
    <trkpt lat="50.745211" lon="15.736261">
      <ele>1103</ele>
      <time>2026-05-07T11:17:05Z</time>
    </trkpt>
    <trkpt lat="50.745147" lon="15.736173">
      <ele>1104</ele>
      <time>2026-05-07T11:17:23Z</time>
    </trkpt>
    <trkpt lat="50.745094" lon="15.73606">
      <ele>1105</ele>
      <time>2026-05-07T11:17:42Z</time>
    </trkpt>
    <trkpt lat="50.745035" lon="15.735939">
      <ele>1106</ele>
      <time>2026-05-07T11:18:03Z</time>
    </trkpt>
    <trkpt lat="50.744941" lon="15.735729">
      <ele>1108</ele>
      <time>2026-05-07T11:18:38Z</time>
    </trkpt>
    <trkpt lat="50.744877" lon="15.735605">
      <ele>1109</ele>
      <time>2026-05-07T11:19:00Z</time>
    </trkpt>
    <trkpt lat="50.744838" lon="15.735535">
      <ele>1110</ele>
      <time>2026-05-07T11:19:13Z</time>
    </trkpt>
    <trkpt lat="50.744792" lon="15.735464">
      <ele>1110</ele>
      <time>2026-05-07T11:19:27Z</time>
    </trkpt>
    <trkpt lat="50.744729" lon="15.735365">
      <ele>1111</ele>
      <time>2026-05-07T11:19:46Z</time>
    </trkpt>
    <trkpt lat="50.744662" lon="15.735266">
      <ele>1112</ele>
      <time>2026-05-07T11:20:06Z</time>
    </trkpt>
    <trkpt lat="50.744611" lon="15.735167">
      <ele>1113</ele>
      <time>2026-05-07T11:20:23Z</time>
    </trkpt>
    <trkpt lat="50.744568" lon="15.735091">
      <ele>1113</ele>
      <time>2026-05-07T11:20:37Z</time>
    </trkpt>
    <trkpt lat="50.744519" lon="15.735">
      <ele>1114</ele>
      <time>2026-05-07T11:20:54Z</time>
    </trkpt>
    <trkpt lat="50.744476" lon="15.734926">
      <ele>1115</ele>
      <time>2026-05-07T11:21:07Z</time>
    </trkpt>
    <trkpt lat="50.744428" lon="15.734854">
      <ele>1115</ele>
      <time>2026-05-07T11:21:22Z</time>
    </trkpt>
    <trkpt lat="50.744373" lon="15.734766">
      <ele>1116</ele>
      <time>2026-05-07T11:21:39Z</time>
    </trkpt>
    <trkpt lat="50.744353" lon="15.734766">
      <ele>1116</ele>
      <time>2026-05-07T11:21:43Z</time>
    </trkpt>
    <trkpt lat="50.744319" lon="15.734773">
      <ele>1115</ele>
      <time>2026-05-07T11:21:51Z</time>
    </trkpt>
    <trkpt lat="50.74426" lon="15.734759">
      <ele>1115</ele>
      <time>2026-05-07T11:22:03Z</time>
    </trkpt>
    <trkpt lat="50.744168" lon="15.734744">
      <ele>1113</ele>
      <time>2026-05-07T11:22:23Z</time>
    </trkpt>
    <trkpt lat="50.744124" lon="15.734706">
      <ele>1114</ele>
      <time>2026-05-07T11:22:34Z</time>
    </trkpt>
    <trkpt lat="50.744052" lon="15.734532">
      <ele>1117</ele>
      <time>2026-05-07T11:23:03Z</time>
    </trkpt>
    <trkpt lat="50.743799" lon="15.733877">
      <ele>1129</ele>
      <time>2026-05-07T11:24:50Z</time>
    </trkpt>
    <trkpt lat="50.743768" lon="15.733798">
      <ele>1131</ele>
      <time>2026-05-07T11:25:04Z</time>
    </trkpt>
    <trkpt lat="50.743726" lon="15.733724">
      <ele>1133</ele>
      <time>2026-05-07T11:25:18Z</time>
    </trkpt>
    <trkpt lat="50.743688" lon="15.733649">
      <ele>1135</ele>
      <time>2026-05-07T11:25:31Z</time>
    </trkpt>
    <trkpt lat="50.74364" lon="15.733559">
      <ele>1137</ele>
      <time>2026-05-07T11:25:48Z</time>
    </trkpt>
    <trkpt lat="50.743602" lon="15.733483">
      <ele>1139</ele>
      <time>2026-05-07T11:26:02Z</time>
    </trkpt>
    <trkpt lat="50.743561" lon="15.733408">
      <ele>1140</ele>
      <time>2026-05-07T11:26:15Z</time>
    </trkpt>
    <trkpt lat="50.743518" lon="15.733362">
      <ele>1141</ele>
      <time>2026-05-07T11:26:27Z</time>
    </trkpt>
    <trkpt lat="50.743464" lon="15.73329">
      <ele>1142</ele>
      <time>2026-05-07T11:26:42Z</time>
    </trkpt>
    <trkpt lat="50.743417" lon="15.733222">
      <ele>1143</ele>
      <time>2026-05-07T11:26:56Z</time>
    </trkpt>
    <trkpt lat="50.743317" lon="15.733119">
      <ele>1145</ele>
      <time>2026-05-07T11:27:22Z</time>
    </trkpt>
    <trkpt lat="50.743247" lon="15.733041">
      <ele>1148</ele>
      <time>2026-05-07T11:27:41Z</time>
    </trkpt>
    <trkpt lat="50.74318" lon="15.732971">
      <ele>1150</ele>
      <time>2026-05-07T11:27:59Z</time>
    </trkpt>
    <trkpt lat="50.743129" lon="15.732933">
      <ele>1151</ele>
      <time>2026-05-07T11:28:12Z</time>
    </trkpt>
    <trkpt lat="50.743121" lon="15.732926">
      <ele>1152</ele>
      <time>2026-05-07T11:28:14Z</time>
    </trkpt>
    <trkpt lat="50.743083" lon="15.732893">
      <ele>1153</ele>
      <time>2026-05-07T11:28:23Z</time>
    </trkpt>
    <trkpt lat="50.743033" lon="15.732846">
      <ele>1154</ele>
      <time>2026-05-07T11:28:36Z</time>
    </trkpt>
    <trkpt lat="50.743008" lon="15.732814">
      <ele>1155</ele>
      <time>2026-05-07T11:28:43Z</time>
    </trkpt>
    <trkpt lat="50.742977" lon="15.732789">
      <ele>1156</ele>
      <time>2026-05-07T11:28:51Z</time>
    </trkpt>
    <trkpt lat="50.742932" lon="15.732761">
      <ele>1158</ele>
      <time>2026-05-07T11:29:02Z</time>
    </trkpt>
    <trkpt lat="50.742852" lon="15.732685">
      <ele>1162</ele>
      <time>2026-05-07T11:29:23Z</time>
    </trkpt>
    <trkpt lat="50.74279" lon="15.732614">
      <ele>1165</ele>
      <time>2026-05-07T11:29:41Z</time>
    </trkpt>
    <trkpt lat="50.742746" lon="15.732556">
      <ele>1168</ele>
      <time>2026-05-07T11:29:54Z</time>
    </trkpt>
    <trkpt lat="50.742712" lon="15.732516">
      <ele>1169</ele>
      <time>2026-05-07T11:30:04Z</time>
    </trkpt>
    <trkpt lat="50.742688" lon="15.732471">
      <ele>1170</ele>
      <time>2026-05-07T11:30:12Z</time>
    </trkpt>
    <trkpt lat="50.742658" lon="15.732446">
      <ele>1171</ele>
      <time>2026-05-07T11:30:20Z</time>
    </trkpt>
    <trkpt lat="50.74261" lon="15.732449">
      <ele>1170</ele>
      <time>2026-05-07T11:30:30Z</time>
    </trkpt>
    <trkpt lat="50.742559" lon="15.732474">
      <ele>1169</ele>
      <time>2026-05-07T11:30:42Z</time>
    </trkpt>
    <trkpt lat="50.742466" lon="15.732535">
      <ele>1168</ele>
      <time>2026-05-07T11:31:04Z</time>
    </trkpt>
    <trkpt lat="50.742416" lon="15.732557">
      <ele>1168</ele>
      <time>2026-05-07T11:31:15Z</time>
    </trkpt>
    <trkpt lat="50.742363" lon="15.732571">
      <ele>1168</ele>
      <time>2026-05-07T11:31:26Z</time>
    </trkpt>
    <trkpt lat="50.742338" lon="15.732564">
      <ele>1169</ele>
      <time>2026-05-07T11:31:32Z</time>
    </trkpt>
    <trkpt lat="50.742313" lon="15.73257">
      <ele>1169</ele>
      <time>2026-05-07T11:31:37Z</time>
    </trkpt>
    <trkpt lat="50.742286" lon="15.732616">
      <ele>1168</ele>
      <time>2026-05-07T11:31:46Z</time>
    </trkpt>
    <trkpt lat="50.742182" lon="15.732671">
      <ele>1170</ele>
      <time>2026-05-07T11:32:10Z</time>
    </trkpt>
    <trkpt lat="50.742142" lon="15.732684">
      <ele>1171</ele>
      <time>2026-05-07T11:32:19Z</time>
    </trkpt>
    <trkpt lat="50.742046" lon="15.732647">
      <ele>1176</ele>
      <time>2026-05-07T11:32:42Z</time>
    </trkpt>
    <trkpt lat="50.74198" lon="15.732663">
      <ele>1178</ele>
      <time>2026-05-07T11:32:57Z</time>
    </trkpt>
    <trkpt lat="50.74187" lon="15.732722">
      <ele>1183</ele>
      <time>2026-05-07T11:33:24Z</time>
    </trkpt>
    <trkpt lat="50.741839" lon="15.732773">
      <ele>1184</ele>
      <time>2026-05-07T11:33:34Z</time>
    </trkpt>
    <trkpt lat="50.741783" lon="15.732807">
      <ele>1187</ele>
      <time>2026-05-07T11:33:49Z</time>
    </trkpt>
    <trkpt lat="50.741685" lon="15.732835">
      <ele>1194</ele>
      <time>2026-05-07T11:34:13Z</time>
    </trkpt>
    <trkpt lat="50.741644" lon="15.732886">
      <ele>1195</ele>
      <time>2026-05-07T11:34:25Z</time>
    </trkpt>
    <trkpt lat="50.741542" lon="15.732948">
      <ele>1200</ele>
      <time>2026-05-07T11:34:50Z</time>
    </trkpt>
    <trkpt lat="50.741515" lon="15.732936">
      <ele>1202</ele>
      <time>2026-05-07T11:34:58Z</time>
    </trkpt>
    <trkpt lat="50.741507" lon="15.732908">
      <ele>1204</ele>
      <time>2026-05-07T11:35:03Z</time>
    </trkpt>
    <trkpt lat="50.741589" lon="15.732658">
      <ele>1205</ele>
      <time>2026-05-07T11:35:41Z</time>
    </trkpt>
    <trkpt lat="50.741591" lon="15.732629">
      <ele>1205</ele>
      <time>2026-05-07T11:35:45Z</time>
    </trkpt>
    <trkpt lat="50.741579" lon="15.732627">
      <ele>1206</ele>
      <time>2026-05-07T11:35:48Z</time>
    </trkpt>
    <trkpt lat="50.741519" lon="15.732677">
      <ele>1209</ele>
      <time>2026-05-07T11:36:04Z</time>
    </trkpt>
    <trkpt lat="50.741449" lon="15.732762">
      <ele>1212</ele>
      <time>2026-05-07T11:36:24Z</time>
    </trkpt>
    <trkpt lat="50.741355" lon="15.732907">
      <ele>1212</ele>
      <time>2026-05-07T11:36:52Z</time>
    </trkpt>
    <trkpt lat="50.74129" lon="15.732987">
      <ele>1211</ele>
      <time>2026-05-07T11:37:10Z</time>
    </trkpt>
    <trkpt lat="50.74119" lon="15.73315">
      <ele>1209</ele>
      <time>2026-05-07T11:37:41Z</time>
    </trkpt>
    <trkpt lat="50.741127" lon="15.733237">
      <ele>1209</ele>
      <time>2026-05-07T11:37:59Z</time>
    </trkpt>
    <trkpt lat="50.741091" lon="15.733275">
      <ele>1209</ele>
      <time>2026-05-07T11:38:09Z</time>
    </trkpt>
    <trkpt lat="50.741041" lon="15.7333">
      <ele>1210</ele>
      <time>2026-05-07T11:38:20Z</time>
    </trkpt>
    <trkpt lat="50.740945" lon="15.733331">
      <ele>1212</ele>
      <time>2026-05-07T11:38:42Z</time>
    </trkpt>
    <trkpt lat="50.740856" lon="15.733355">
      <ele>1215</ele>
      <time>2026-05-07T11:39:02Z</time>
    </trkpt>
    <trkpt lat="50.740768" lon="15.733363">
      <ele>1218</ele>
      <time>2026-05-07T11:39:22Z</time>
    </trkpt>
    <trkpt lat="50.740506" lon="15.733331">
      <ele>1227</ele>
      <time>2026-05-07T11:40:21Z</time>
    </trkpt>
    <trkpt lat="50.740443" lon="15.733314">
      <ele>1229</ele>
      <time>2026-05-07T11:40:35Z</time>
    </trkpt>
    <trkpt lat="50.740428" lon="15.733279">
      <ele>1230</ele>
      <time>2026-05-07T11:40:41Z</time>
    </trkpt>
    <trkpt lat="50.740415" lon="15.733226">
      <ele>1231</ele>
      <time>2026-05-07T11:40:49Z</time>
    </trkpt>
    <trkpt lat="50.740391" lon="15.733051">
      <ele>1234</ele>
      <time>2026-05-07T11:41:15Z</time>
    </trkpt>
    <trkpt lat="50.740383" lon="15.733026">
      <ele>1235</ele>
      <time>2026-05-07T11:41:19Z</time>
    </trkpt>
    <trkpt lat="50.740387" lon="15.732958">
      <ele>1236</ele>
      <time>2026-05-07T11:41:28Z</time>
    </trkpt>
    <trkpt lat="50.740442" lon="15.732904">
      <ele>1235</ele>
      <time>2026-05-07T11:41:42Z</time>
    </trkpt>
    <trkpt lat="50.74059" lon="15.732741">
      <ele>1233</ele>
      <time>2026-05-07T11:42:21Z</time>
    </trkpt>
    <trkpt lat="50.740595" lon="15.73273">
      <ele>1233</ele>
      <time>2026-05-07T11:42:23Z</time>
    </trkpt>
    <trkpt lat="50.740571" lon="15.732425">
      <ele>1240</ele>
      <time>2026-05-07T11:43:07Z</time>
    </trkpt>
    <trkpt lat="50.740582" lon="15.732388">
      <ele>1241</ele>
      <time>2026-05-07T11:43:13Z</time>
    </trkpt>
    <trkpt lat="50.740695" lon="15.732147">
      <ele>1246</ele>
      <time>2026-05-07T11:43:54Z</time>
    </trkpt>
    <trkpt lat="50.740711" lon="15.732081">
      <ele>1247</ele>
      <time>2026-05-07T11:44:04Z</time>
    </trkpt>
    <trkpt lat="50.740707" lon="15.731967">
      <ele>1250</ele>
      <time>2026-05-07T11:44:21Z</time>
    </trkpt>
    <trkpt lat="50.7407" lon="15.731904">
      <ele>1252</ele>
      <time>2026-05-07T11:44:31Z</time>
    </trkpt>
    <trkpt lat="50.740699" lon="15.731858">
      <ele>1254</ele>
      <time>2026-05-07T11:44:37Z</time>
    </trkpt>
    <trkpt lat="50.740703" lon="15.731816">
      <ele>1255</ele>
      <time>2026-05-07T11:44:44Z</time>
    </trkpt>
    <trkpt lat="50.740714" lon="15.731791">
      <ele>1255</ele>
      <time>2026-05-07T11:44:48Z</time>
    </trkpt>
    <trkpt lat="50.740739" lon="15.731773">
      <ele>1255</ele>
      <time>2026-05-07T11:44:54Z</time>
    </trkpt>
    <trkpt lat="50.740773" lon="15.73171">
      <ele>1255</ele>
      <time>2026-05-07T11:45:05Z</time>
    </trkpt>
    <trkpt lat="50.740808" lon="15.731604">
      <ele>1258</ele>
      <time>2026-05-07T11:45:22Z</time>
    </trkpt>
    <trkpt lat="50.74085" lon="15.73153">
      <ele>1260</ele>
      <time>2026-05-07T11:45:36Z</time>
    </trkpt>
    <trkpt lat="50.741041" lon="15.73131">
      <ele>1264</ele>
      <time>2026-05-07T11:46:28Z</time>
    </trkpt>
    <trkpt lat="50.74114" lon="15.731172">
      <ele>1265</ele>
      <time>2026-05-07T11:46:56Z</time>
    </trkpt>
    <trkpt lat="50.741166" lon="15.731098">
      <ele>1267</ele>
      <time>2026-05-07T11:47:09Z</time>
    </trkpt>
    <trkpt lat="50.741201" lon="15.731037">
      <ele>1269</ele>
      <time>2026-05-07T11:47:20Z</time>
    </trkpt>
    <trkpt lat="50.741228" lon="15.730961">
      <ele>1271</ele>
      <time>2026-05-07T11:47:33Z</time>
    </trkpt>
    <trkpt lat="50.741263" lon="15.730922">
      <ele>1272</ele>
      <time>2026-05-07T11:47:42Z</time>
    </trkpt>
    <trkpt lat="50.741305" lon="15.730893">
      <ele>1272</ele>
      <time>2026-05-07T11:47:52Z</time>
    </trkpt>
    <trkpt lat="50.741345" lon="15.730853">
      <ele>1273</ele>
      <time>2026-05-07T11:48:03Z</time>
    </trkpt>
    <trkpt lat="50.741372" lon="15.730806">
      <ele>1274</ele>
      <time>2026-05-07T11:48:11Z</time>
    </trkpt>
    <trkpt lat="50.741434" lon="15.730743">
      <ele>1274</ele>
      <time>2026-05-07T11:48:27Z</time>
    </trkpt>
    <trkpt lat="50.741471" lon="15.730654">
      <ele>1276</ele>
      <time>2026-05-07T11:48:42Z</time>
    </trkpt>
    <trkpt lat="50.741497" lon="15.730607">
      <ele>1277</ele>
      <time>2026-05-07T11:48:51Z</time>
    </trkpt>
    <trkpt lat="50.741521" lon="15.730538">
      <ele>1279</ele>
      <time>2026-05-07T11:49:03Z</time>
    </trkpt>
    <trkpt lat="50.74157" lon="15.730431">
      <ele>1283</ele>
      <time>2026-05-07T11:49:22Z</time>
    </trkpt>
    <trkpt lat="50.741579" lon="15.730321">
      <ele>1289</ele>
      <time>2026-05-07T11:49:41Z</time>
    </trkpt>
    <trkpt lat="50.74159" lon="15.730255">
      <ele>1292</ele>
      <time>2026-05-07T11:49:52Z</time>
    </trkpt>
    <trkpt lat="50.741614" lon="15.730228">
      <ele>1293</ele>
      <time>2026-05-07T11:49:58Z</time>
    </trkpt>
    <trkpt lat="50.741644" lon="15.730214">
      <ele>1294</ele>
      <time>2026-05-07T11:50:05Z</time>
    </trkpt>
    <trkpt lat="50.741651" lon="15.730197">
      <ele>1294</ele>
      <time>2026-05-07T11:50:08Z</time>
    </trkpt>
    <trkpt lat="50.741645" lon="15.730177">
      <ele>1296</ele>
      <time>2026-05-07T11:50:12Z</time>
    </trkpt>
    <trkpt lat="50.741651" lon="15.730152">
      <ele>1297</ele>
      <time>2026-05-07T11:50:17Z</time>
    </trkpt>
    <trkpt lat="50.741682" lon="15.730107">
      <ele>1299</ele>
      <time>2026-05-07T11:50:26Z</time>
    </trkpt>
    <trkpt lat="50.741687" lon="15.730085">
      <ele>1300</ele>
      <time>2026-05-07T11:50:30Z</time>
    </trkpt>
    <trkpt lat="50.741685" lon="15.730071">
      <ele>1301</ele>
      <time>2026-05-07T11:50:33Z</time>
    </trkpt>
    <trkpt lat="50.741676" lon="15.730063">
      <ele>1301</ele>
      <time>2026-05-07T11:50:35Z</time>
    </trkpt>
    <trkpt lat="50.741606" lon="15.73007">
      <ele>1301</ele>
      <time>2026-05-07T11:50:50Z</time>
    </trkpt>
    <trkpt lat="50.741552" lon="15.730064">
      <ele>1302</ele>
      <time>2026-05-07T11:51:02Z</time>
    </trkpt>
    <trkpt lat="50.74152" lon="15.730031">
      <ele>1303</ele>
      <time>2026-05-07T11:51:11Z</time>
    </trkpt>
    <trkpt lat="50.741506" lon="15.73003">
      <ele>1303</ele>
      <time>2026-05-07T11:51:14Z</time>
    </trkpt>
    <trkpt lat="50.741469" lon="15.730056">
      <ele>1302</ele>
      <time>2026-05-07T11:51:23Z</time>
    </trkpt>
    <trkpt lat="50.741409" lon="15.730066">
      <ele>1302</ele>
      <time>2026-05-07T11:51:36Z</time>
    </trkpt>
    <trkpt lat="50.741364" lon="15.730057">
      <ele>1303</ele>
      <time>2026-05-07T11:51:46Z</time>
    </trkpt>
    <trkpt lat="50.741342" lon="15.730039">
      <ele>1304</ele>
      <time>2026-05-07T11:51:52Z</time>
    </trkpt>
    <trkpt lat="50.741321" lon="15.730031">
      <ele>1306</ele>
      <time>2026-05-07T11:51:57Z</time>
    </trkpt>
    <trkpt lat="50.741291" lon="15.730036">
      <ele>1307</ele>
      <time>2026-05-07T11:52:04Z</time>
    </trkpt>
    <trkpt lat="50.741277" lon="15.730028">
      <ele>1308</ele>
      <time>2026-05-07T11:52:08Z</time>
    </trkpt>
    <trkpt lat="50.741259" lon="15.729986">
      <ele>1310</ele>
      <time>2026-05-07T11:52:16Z</time>
    </trkpt>
    <trkpt lat="50.741259" lon="15.729951">
      <ele>1312</ele>
      <time>2026-05-07T11:52:22Z</time>
    </trkpt>
    <trkpt lat="50.741268" lon="15.729918">
      <ele>1313</ele>
      <time>2026-05-07T11:52:28Z</time>
    </trkpt>
    <trkpt lat="50.741297" lon="15.72987">
      <ele>1315</ele>
      <time>2026-05-07T11:52:37Z</time>
    </trkpt>
    <trkpt lat="50.741398" lon="15.729769">
      <ele>1316</ele>
      <time>2026-05-07T11:53:03Z</time>
    </trkpt>
    <trkpt lat="50.74145" lon="15.729738">
      <ele>1317</ele>
      <time>2026-05-07T11:53:15Z</time>
    </trkpt>
    <trkpt lat="50.741484" lon="15.729707">
      <ele>1319</ele>
      <time>2026-05-07T11:53:24Z</time>
    </trkpt>
    <trkpt lat="50.741535" lon="15.729648">
      <ele>1321</ele>
      <time>2026-05-07T11:53:38Z</time>
    </trkpt>
    <trkpt lat="50.741536" lon="15.729629">
      <ele>1322</ele>
      <time>2026-05-07T11:53:41Z</time>
    </trkpt>
    <trkpt lat="50.741519" lon="15.729561">
      <ele>1325</ele>
      <time>2026-05-07T11:53:53Z</time>
    </trkpt>
    <trkpt lat="50.74152" lon="15.729528">
      <ele>1327</ele>
      <time>2026-05-07T11:53:59Z</time>
    </trkpt>
    <trkpt lat="50.741589" lon="15.729395">
      <ele>1330</ele>
      <time>2026-05-07T11:54:23Z</time>
    </trkpt>
    <trkpt lat="50.741599" lon="15.729361">
      <ele>1330</ele>
      <time>2026-05-07T11:54:28Z</time>
    </trkpt>
    <trkpt lat="50.741597" lon="15.729348">
      <ele>1331</ele>
      <time>2026-05-07T11:54:30Z</time>
    </trkpt>
    <trkpt lat="50.74159" lon="15.72934">
      <ele>1331</ele>
      <time>2026-05-07T11:54:32Z</time>
    </trkpt>
    <trkpt lat="50.74154" lon="15.729344">
      <ele>1332</ele>
      <time>2026-05-07T11:54:43Z</time>
    </trkpt>
    <trkpt lat="50.7414" lon="15.729378">
      <ele>1335</ele>
      <time>2026-05-07T11:55:14Z</time>
    </trkpt>
    <trkpt lat="50.741381" lon="15.72938">
      <ele>1336</ele>
      <time>2026-05-07T11:55:18Z</time>
    </trkpt>
    <trkpt lat="50.741373" lon="15.729373">
      <ele>1336</ele>
      <time>2026-05-07T11:55:20Z</time>
    </trkpt>
    <trkpt lat="50.741375" lon="15.729347">
      <ele>1337</ele>
      <time>2026-05-07T11:55:24Z</time>
    </trkpt>
    <trkpt lat="50.741411" lon="15.729243">
      <ele>1338</ele>
      <time>2026-05-07T11:55:41Z</time>
    </trkpt>
    <trkpt lat="50.741428" lon="15.72921">
      <ele>1339</ele>
      <time>2026-05-07T11:55:46Z</time>
    </trkpt>
    <trkpt lat="50.74143" lon="15.72919">
      <ele>1339</ele>
      <time>2026-05-07T11:55:49Z</time>
    </trkpt>
    <trkpt lat="50.741427" lon="15.729176">
      <ele>1339</ele>
      <time>2026-05-07T11:55:52Z</time>
    </trkpt>
    <trkpt lat="50.74142" lon="15.729173">
      <ele>1340</ele>
      <time>2026-05-07T11:55:53Z</time>
    </trkpt>
    <trkpt lat="50.74141" lon="15.729177">
      <ele>1340</ele>
      <time>2026-05-07T11:55:55Z</time>
    </trkpt>
    <trkpt lat="50.741371" lon="15.729217">
      <ele>1340</ele>
      <time>2026-05-07T11:56:06Z</time>
    </trkpt>
    <trkpt lat="50.74136" lon="15.729207">
      <ele>1341</ele>
      <time>2026-05-07T11:56:09Z</time>
    </trkpt>
    <trkpt lat="50.741362" lon="15.729164">
      <ele>1342</ele>
      <time>2026-05-07T11:56:15Z</time>
    </trkpt>
    <trkpt lat="50.741374" lon="15.72913">
      <ele>1342</ele>
      <time>2026-05-07T11:56:20Z</time>
    </trkpt>
    <trkpt lat="50.741372" lon="15.729106">
      <ele>1343</ele>
      <time>2026-05-07T11:56:24Z</time>
    </trkpt>
    <trkpt lat="50.741362" lon="15.729102">
      <ele>1343</ele>
      <time>2026-05-07T11:56:26Z</time>
    </trkpt>
    <trkpt lat="50.741351" lon="15.72911">
      <ele>1344</ele>
      <time>2026-05-07T11:56:29Z</time>
    </trkpt>
    <trkpt lat="50.741338" lon="15.729134">
      <ele>1343</ele>
      <time>2026-05-07T11:56:33Z</time>
    </trkpt>
    <trkpt lat="50.741245" lon="15.729254">
      <ele>1344</ele>
      <time>2026-05-07T11:56:59Z</time>
    </trkpt>
    <trkpt lat="50.741239" lon="15.729239">
      <ele>1344</ele>
      <time>2026-05-07T11:57:01Z</time>
    </trkpt>
    <trkpt lat="50.741238" lon="15.729156">
      <ele>1347</ele>
      <time>2026-05-07T11:57:14Z</time>
    </trkpt>
    <trkpt lat="50.741232" lon="15.729143">
      <ele>1347</ele>
      <time>2026-05-07T11:57:16Z</time>
    </trkpt>
    <trkpt lat="50.741218" lon="15.729151">
      <ele>1347</ele>
      <time>2026-05-07T11:57:19Z</time>
    </trkpt>
    <trkpt lat="50.741191" lon="15.729179">
      <ele>1348</ele>
      <time>2026-05-07T11:57:26Z</time>
    </trkpt>
    <trkpt lat="50.741172" lon="15.729224">
      <ele>1347</ele>
      <time>2026-05-07T11:57:34Z</time>
    </trkpt>
    <trkpt lat="50.741109" lon="15.729245">
      <ele>1348</ele>
      <time>2026-05-07T11:57:48Z</time>
    </trkpt>
    <trkpt lat="50.741069" lon="15.729281">
      <ele>1349</ele>
      <time>2026-05-07T11:57:58Z</time>
    </trkpt>
    <trkpt lat="50.741059" lon="15.729275">
      <ele>1350</ele>
      <time>2026-05-07T11:58:01Z</time>
    </trkpt>
    <trkpt lat="50.741063" lon="15.729172">
      <ele>1353</ele>
      <time>2026-05-07T11:58:16Z</time>
    </trkpt>
    <trkpt lat="50.741056" lon="15.72914">
      <ele>1354</ele>
      <time>2026-05-07T11:58:21Z</time>
    </trkpt>
    <trkpt lat="50.741045" lon="15.729139">
      <ele>1354</ele>
      <time>2026-05-07T11:58:23Z</time>
    </trkpt>
    <trkpt lat="50.741035" lon="15.729152">
      <ele>1354</ele>
      <time>2026-05-07T11:58:26Z</time>
    </trkpt>
    <trkpt lat="50.741018" lon="15.729197">
      <ele>1354</ele>
      <time>2026-05-07T11:58:33Z</time>
    </trkpt>
    <trkpt lat="50.740995" lon="15.729212">
      <ele>1354</ele>
      <time>2026-05-07T11:58:39Z</time>
    </trkpt>
    <trkpt lat="50.74096" lon="15.72922">
      <ele>1356</ele>
      <time>2026-05-07T11:58:47Z</time>
    </trkpt>
    <trkpt lat="50.740921" lon="15.729243">
      <ele>1357</ele>
      <time>2026-05-07T11:58:56Z</time>
    </trkpt>
    <trkpt lat="50.740887" lon="15.729284">
      <ele>1358</ele>
      <time>2026-05-07T11:59:06Z</time>
    </trkpt>
    <trkpt lat="50.740802" lon="15.729354">
      <ele>1360</ele>
      <time>2026-05-07T11:59:27Z</time>
    </trkpt>
    <trkpt lat="50.740606" lon="15.729545">
      <ele>1363</ele>
      <time>2026-05-07T12:00:17Z</time>
    </trkpt>
    <trkpt lat="50.740522" lon="15.729582">
      <ele>1366</ele>
      <time>2026-05-07T12:00:36Z</time>
    </trkpt>
    <trkpt lat="50.740462" lon="15.729623">
      <ele>1366</ele>
      <time>2026-05-07T12:00:50Z</time>
    </trkpt>
    <trkpt lat="50.740399" lon="15.729656">
      <ele>1368</ele>
      <time>2026-05-07T12:01:05Z</time>
    </trkpt>
    <trkpt lat="50.740347" lon="15.729673">
      <ele>1369</ele>
      <time>2026-05-07T12:01:17Z</time>
    </trkpt>
    <trkpt lat="50.740208" lon="15.729749">
      <ele>1373</ele>
      <time>2026-05-07T12:01:49Z</time>
    </trkpt>
    <trkpt lat="50.740157" lon="15.729761">
      <ele>1374</ele>
      <time>2026-05-07T12:02:00Z</time>
    </trkpt>
    <trkpt lat="50.740076" lon="15.729794">
      <ele>1376</ele>
      <time>2026-05-07T12:02:19Z</time>
    </trkpt>
    <trkpt lat="50.739974" lon="15.72982">
      <ele>1379</ele>
      <time>2026-05-07T12:02:42Z</time>
    </trkpt>
    <trkpt lat="50.739863" lon="15.729864">
      <ele>1380</ele>
      <time>2026-05-07T12:03:06Z</time>
    </trkpt>
    <trkpt lat="50.739828" lon="15.72986">
      <ele>1380</ele>
      <time>2026-05-07T12:03:14Z</time>
    </trkpt>
    <trkpt lat="50.739793" lon="15.729825">
      <ele>1381</ele>
      <time>2026-05-07T12:03:23Z</time>
    </trkpt>
    <trkpt lat="50.739759" lon="15.729784">
      <ele>1383</ele>
      <time>2026-05-07T12:03:33Z</time>
    </trkpt>
    <trkpt lat="50.739725" lon="15.729727">
      <ele>1385</ele>
      <time>2026-05-07T12:03:44Z</time>
    </trkpt>
    <trkpt lat="50.739641" lon="15.72964">
      <ele>1388</ele>
      <time>2026-05-07T12:04:06Z</time>
    </trkpt>
    <trkpt lat="50.739621" lon="15.729559">
      <ele>1389</ele>
      <time>2026-05-07T12:04:19Z</time>
    </trkpt>
    <trkpt lat="50.7396" lon="15.729501">
      <ele>1390</ele>
      <time>2026-05-07T12:04:28Z</time>
    </trkpt>
    <trkpt lat="50.739557" lon="15.729478">
      <ele>1391</ele>
      <time>2026-05-07T12:04:38Z</time>
    </trkpt>
    <trkpt lat="50.739516" lon="15.729441">
      <ele>1392</ele>
      <time>2026-05-07T12:04:48Z</time>
    </trkpt>
    <trkpt lat="50.739379" lon="15.729291">
      <ele>1393</ele>
      <time>2026-05-07T12:05:24Z</time>
    </trkpt>
    <trkpt lat="50.739283" lon="15.729191">
      <ele>1393</ele>
      <time>2026-05-07T12:05:49Z</time>
    </trkpt>
    <trkpt lat="50.739222" lon="15.729084">
      <ele>1395</ele>
      <time>2026-05-07T12:06:09Z</time>
    </trkpt>
    <trkpt lat="50.739173" lon="15.72921">
      <ele>1393</ele>
      <time>2026-05-07T12:06:24Z</time>
    </trkpt>
    <trkpt lat="50.738905" lon="15.729966">
      <ele>1392</ele>
      <time>2026-05-07T12:07:49Z</time>
    </trkpt>
    <trkpt lat="50.738795" lon="15.730276">
      <ele>1393</ele>
      <time>2026-05-07T12:08:23Z</time>
    </trkpt>
    <trkpt lat="50.738735" lon="15.73045">
      <ele>1394</ele>
      <time>2026-05-07T12:08:43Z</time>
    </trkpt>
    <trkpt lat="50.738708" lon="15.730536">
      <ele>1394</ele>
      <time>2026-05-07T12:08:52Z</time>
    </trkpt>
    <trkpt lat="50.738683" lon="15.730589">
      <ele>1395</ele>
      <time>2026-05-07T12:08:59Z</time>
    </trkpt>
    <trkpt lat="50.738646" lon="15.730657">
      <ele>1395</ele>
      <time>2026-05-07T12:09:08Z</time>
    </trkpt>
    <trkpt lat="50.738598" lon="15.730728">
      <ele>1396</ele>
      <time>2026-05-07T12:09:18Z</time>
    </trkpt>
    <trkpt lat="50.738514" lon="15.730812">
      <ele>1397</ele>
      <time>2026-05-07T12:09:33Z</time>
    </trkpt>
    <trkpt lat="50.738411" lon="15.730916">
      <ele>1399</ele>
      <time>2026-05-07T12:09:53Z</time>
    </trkpt>
    <trkpt lat="50.738265" lon="15.731045">
      <ele>1402</ele>
      <time>2026-05-07T12:10:19Z</time>
    </trkpt>
    <trkpt lat="50.738191" lon="15.731118">
      <ele>1403</ele>
      <time>2026-05-07T12:10:32Z</time>
    </trkpt>
    <trkpt lat="50.738152" lon="15.731155">
      <ele>1403</ele>
      <time>2026-05-07T12:10:39Z</time>
    </trkpt>
    <trkpt lat="50.738121" lon="15.731202">
      <ele>1404</ele>
      <time>2026-05-07T12:10:46Z</time>
    </trkpt>
    <trkpt lat="50.73808" lon="15.731271">
      <ele>1406</ele>
      <time>2026-05-07T12:10:56Z</time>
    </trkpt>
    <trkpt lat="50.738043" lon="15.73139">
      <ele>1408</ele>
      <time>2026-05-07T12:11:09Z</time>
    </trkpt>
    <trkpt lat="50.738013" lon="15.731404">
      <ele>1408</ele>
      <time>2026-05-07T12:11:17Z</time>
    </trkpt>
    <trkpt lat="50.73794" lon="15.731445">
      <ele>1408</ele>
      <time>2026-05-07T12:11:38Z</time>
    </trkpt>
    <trkpt lat="50.737757" lon="15.731635">
      <ele>1410</ele>
      <time>2026-05-07T12:12:37Z</time>
    </trkpt>
    <trkpt lat="50.737684" lon="15.731778">
      <ele>1412</ele>
      <time>2026-05-07T12:13:08Z</time>
    </trkpt>
    <trkpt lat="50.737438" lon="15.732079">
      <ele>1415</ele>
      <time>2026-05-07T12:14:32Z</time>
    </trkpt>
    <trkpt lat="50.737309" lon="15.732229">
      <ele>1418</ele>
      <time>2026-05-07T12:15:15Z</time>
    </trkpt>
    <trkpt lat="50.737191" lon="15.732377">
      <ele>1420</ele>
      <time>2026-05-07T12:15:56Z</time>
    </trkpt>
    <trkpt lat="50.737127" lon="15.732449">
      <ele>1421</ele>
      <time>2026-05-07T12:16:17Z</time>
    </trkpt>
    <trkpt lat="50.737064" lon="15.732524">
      <ele>1423</ele>
      <time>2026-05-07T12:16:39Z</time>
    </trkpt>
    <trkpt lat="50.737018" lon="15.732575">
      <ele>1424</ele>
      <time>2026-05-07T12:16:54Z</time>
    </trkpt>
    <trkpt lat="50.736981" lon="15.732618">
      <ele>1425</ele>
      <time>2026-05-07T12:17:07Z</time>
    </trkpt>
    <trkpt lat="50.736952" lon="15.732653">
      <ele>1427</ele>
      <time>2026-05-07T12:17:17Z</time>
    </trkpt>
    <trkpt lat="50.736893" lon="15.732764">
      <ele>1429</ele>
      <time>2026-05-07T12:17:43Z</time>
    </trkpt>
    <trkpt lat="50.736888" lon="15.732799">
      <ele>1430</ele>
      <time>2026-05-07T12:17:49Z</time>
    </trkpt>
    <trkpt lat="50.736848" lon="15.732885">
      <ele>1432</ele>
      <time>2026-05-07T12:18:08Z</time>
    </trkpt>
    <trkpt lat="50.736828" lon="15.73293">
      <ele>1433</ele>
      <time>2026-05-07T12:18:17Z</time>
    </trkpt>
    <trkpt lat="50.736821" lon="15.732956">
      <ele>1434</ele>
      <time>2026-05-07T12:18:22Z</time>
    </trkpt>
    <trkpt lat="50.73682" lon="15.732998">
      <ele>1434</ele>
      <time>2026-05-07T12:18:29Z</time>
    </trkpt>
    <trkpt lat="50.736816" lon="15.733071">
      <ele>1435</ele>
      <time>2026-05-07T12:18:42Z</time>
    </trkpt>
    <trkpt lat="50.736815" lon="15.7332">
      <ele>1438</ele>
      <time>2026-05-07T12:19:05Z</time>
    </trkpt>
    <trkpt lat="50.736818" lon="15.733464">
      <ele>1443</ele>
      <time>2026-05-07T12:19:51Z</time>
    </trkpt>
    <trkpt lat="50.736815" lon="15.733501">
      <ele>1443</ele>
      <time>2026-05-07T12:19:58Z</time>
    </trkpt>
    <trkpt lat="50.736811" lon="15.733518">
      <ele>1444</ele>
      <time>2026-05-07T12:20:01Z</time>
    </trkpt>
    <trkpt lat="50.7368" lon="15.733532">
      <ele>1445</ele>
      <time>2026-05-07T12:20:05Z</time>
    </trkpt>
    <trkpt lat="50.736788" lon="15.733537">
      <ele>1445</ele>
      <time>2026-05-07T12:20:09Z</time>
    </trkpt>
    <trkpt lat="50.736764" lon="15.73352">
      <ele>1445</ele>
      <time>2026-05-07T12:20:16Z</time>
    </trkpt>
    <trkpt lat="50.736741" lon="15.733505">
      <ele>1446</ele>
      <time>2026-05-07T12:20:22Z</time>
    </trkpt>
    <trkpt lat="50.736723" lon="15.733497">
      <ele>1446</ele>
      <time>2026-05-07T12:20:28Z</time>
    </trkpt>
    <trkpt lat="50.736709" lon="15.733502">
      <ele>1447</ele>
      <time>2026-05-07T12:20:32Z</time>
    </trkpt>
    <trkpt lat="50.736704" lon="15.733517">
      <ele>1447</ele>
      <time>2026-05-07T12:20:35Z</time>
    </trkpt>
    <trkpt lat="50.736705" lon="15.733532">
      <ele>1448</ele>
      <time>2026-05-07T12:20:37Z</time>
    </trkpt>
    <trkpt lat="50.736704" lon="15.733589">
      <ele>1449</ele>
      <time>2026-05-07T12:20:48Z</time>
    </trkpt>
    <trkpt lat="50.736708" lon="15.733704">
      <ele>1452</ele>
      <time>2026-05-07T12:21:08Z</time>
    </trkpt>
    <trkpt lat="50.736716" lon="15.733885">
      <ele>1455</ele>
      <time>2026-05-07T12:21:40Z</time>
    </trkpt>
    <trkpt lat="50.736728" lon="15.734071">
      <ele>1458</ele>
      <time>2026-05-07T12:22:12Z</time>
    </trkpt>
    <trkpt lat="50.736738" lon="15.734266">
      <ele>1460</ele>
      <time>2026-05-07T12:22:46Z</time>
    </trkpt>
    <trkpt lat="50.736743" lon="15.734477">
      <ele>1463</ele>
      <time>2026-05-07T12:23:23Z</time>
    </trkpt>
    <trkpt lat="50.736754" lon="15.734634">
      <ele>1466</ele>
      <time>2026-05-07T12:23:50Z</time>
    </trkpt>
    <trkpt lat="50.736762" lon="15.734717">
      <ele>1467</ele>
      <time>2026-05-07T12:24:05Z</time>
    </trkpt>
    <trkpt lat="50.736766" lon="15.734799">
      <ele>1469</ele>
      <time>2026-05-07T12:24:19Z</time>
    </trkpt>
    <trkpt lat="50.736764" lon="15.734814">
      <ele>1469</ele>
      <time>2026-05-07T12:24:22Z</time>
    </trkpt>
    <trkpt lat="50.73676" lon="15.734823">
      <ele>1470</ele>
      <time>2026-05-07T12:24:24Z</time>
    </trkpt>
    <trkpt lat="50.736751" lon="15.73482">
      <ele>1470</ele>
      <time>2026-05-07T12:24:27Z</time>
    </trkpt>
    <trkpt lat="50.736745" lon="15.734812">
      <ele>1470</ele>
      <time>2026-05-07T12:24:29Z</time>
    </trkpt>
    <trkpt lat="50.736725" lon="15.734789">
      <ele>1471</ele>
      <time>2026-05-07T12:24:36Z</time>
    </trkpt>
    <trkpt lat="50.736704" lon="15.734757">
      <ele>1471</ele>
      <time>2026-05-07T12:24:44Z</time>
    </trkpt>
    <trkpt lat="50.736651" lon="15.73468">
      <ele>1473</ele>
      <time>2026-05-07T12:25:03Z</time>
    </trkpt>
    <trkpt lat="50.7366" lon="15.734618">
      <ele>1474</ele>
      <time>2026-05-07T12:25:21Z</time>
    </trkpt>
    <trkpt lat="50.736546" lon="15.734584">
      <ele>1476</ele>
      <time>2026-05-07T12:25:37Z</time>
    </trkpt>
    <trkpt lat="50.736491" lon="15.734541">
      <ele>1478</ele>
      <time>2026-05-07T12:25:54Z</time>
    </trkpt>
    <trkpt lat="50.736391" lon="15.734497">
      <ele>1482</ele>
      <time>2026-05-07T12:26:23Z</time>
    </trkpt>
    <trkpt lat="50.736291" lon="15.734444">
      <ele>1480</ele>
      <time>2026-05-07T12:26:52Z</time>
    </trkpt>
    <trkpt lat="50.73618" lon="15.734404">
      <ele>1478</ele>
      <time>2026-05-07T12:27:23Z</time>
    </trkpt>
    <trkpt lat="50.736149" lon="15.734399">
      <ele>1477</ele>
      <time>2026-05-07T12:27:32Z</time>
    </trkpt>
    <trkpt lat="50.736131" lon="15.734409">
      <ele>1477</ele>
      <time>2026-05-07T12:27:37Z</time>
    </trkpt>
    <trkpt lat="50.736123" lon="15.734438">
      <ele>1478</ele>
      <time>2026-05-07T12:27:42Z</time>
    </trkpt>
    <trkpt lat="50.736123" lon="15.734499">
      <ele>1479</ele>
      <time>2026-05-07T12:27:53Z</time>
    </trkpt>
    <trkpt lat="50.736131" lon="15.734547">
      <ele>1481</ele>
      <time>2026-05-07T12:28:02Z</time>
    </trkpt>
    <trkpt lat="50.736152" lon="15.73458">
      <ele>1482</ele>
      <time>2026-05-07T12:28:10Z</time>
    </trkpt>
    <trkpt lat="50.736176" lon="15.734627">
      <ele>1483</ele>
      <time>2026-05-07T12:28:21Z</time>
    </trkpt>
    <trkpt lat="50.736211" lon="15.734695">
      <ele>1485</ele>
      <time>2026-05-07T12:28:37Z</time>
    </trkpt>
    <trkpt lat="50.736242" lon="15.734779">
      <ele>1487</ele>
      <time>2026-05-07T12:28:54Z</time>
    </trkpt>
    <trkpt lat="50.736286" lon="15.734869">
      <ele>1489</ele>
      <time>2026-05-07T12:29:14Z</time>
    </trkpt>
    <trkpt lat="50.736316" lon="15.734961">
      <ele>1491</ele>
      <time>2026-05-07T12:29:32Z</time>
    </trkpt>
    <trkpt lat="50.736328" lon="15.735024">
      <ele>1492</ele>
      <time>2026-05-07T12:29:44Z</time>
    </trkpt>
    <trkpt lat="50.736336" lon="15.735088">
      <ele>1494</ele>
      <time>2026-05-07T12:29:55Z</time>
    </trkpt>
    <trkpt lat="50.73634" lon="15.735291">
      <ele>1499</ele>
      <time>2026-05-07T12:30:32Z</time>
    </trkpt>
    <trkpt lat="50.736341" lon="15.735469">
      <ele>1504</ele>
      <time>2026-05-07T12:31:04Z</time>
    </trkpt>
    <trkpt lat="50.73634" lon="15.735789">
      <ele>1509</ele>
      <time>2026-05-07T12:32:00Z</time>
    </trkpt>
    <trkpt lat="50.736334" lon="15.7358">
      <ele>1509</ele>
      <time>2026-05-07T12:32:02Z</time>
    </trkpt>
    <trkpt lat="50.736327" lon="15.7358">
      <ele>1509</ele>
      <time>2026-05-07T12:32:04Z</time>
    </trkpt>
    <trkpt lat="50.736311" lon="15.735788">
      <ele>1509</ele>
      <time>2026-05-07T12:32:09Z</time>
    </trkpt>
    <trkpt lat="50.736287" lon="15.735767">
      <ele>1508</ele>
      <time>2026-05-07T12:32:17Z</time>
    </trkpt>
    <trkpt lat="50.736264" lon="15.735768">
      <ele>1508</ele>
      <time>2026-05-07T12:32:23Z</time>
    </trkpt>
    <trkpt lat="50.73623" lon="15.735774">
      <ele>1507</ele>
      <time>2026-05-07T12:32:32Z</time>
    </trkpt>
    <trkpt lat="50.736227" lon="15.735791">
      <ele>1507</ele>
      <time>2026-05-07T12:32:35Z</time>
    </trkpt>
    <trkpt lat="50.736225" lon="15.735808">
      <ele>1508</ele>
      <time>2026-05-07T12:32:38Z</time>
    </trkpt>
    <trkpt lat="50.736229" lon="15.735829">
      <ele>1508</ele>
      <time>2026-05-07T12:32:42Z</time>
    </trkpt>
    <trkpt lat="50.736262" lon="15.736068">
      <ele>1513</ele>
      <time>2026-05-07T12:33:25Z</time>
    </trkpt>
    <trkpt lat="50.736297" lon="15.736277">
      <ele>1518</ele>
      <time>2026-05-07T12:34:04Z</time>
    </trkpt>
    <trkpt lat="50.73635" lon="15.736567">
      <ele>1528</ele>
      <time>2026-05-07T12:35:00Z</time>
    </trkpt>
    <trkpt lat="50.73642" lon="15.736876">
      <ele>1538</ele>
      <time>2026-05-07T12:36:01Z</time>
    </trkpt>
    <trkpt lat="50.736438" lon="15.736983">
      <ele>1541</ele>
      <time>2026-05-07T12:36:21Z</time>
    </trkpt>
    <trkpt lat="50.73646" lon="15.737141">
      <ele>1545</ele>
      <time>2026-05-07T12:36:51Z</time>
    </trkpt>
    <trkpt lat="50.736467" lon="15.737303">
      <ele>1550</ele>
      <time>2026-05-07T12:37:21Z</time>
    </trkpt>
    <trkpt lat="50.736472" lon="15.73746">
      <ele>1555</ele>
      <time>2026-05-07T12:37:50Z</time>
    </trkpt>
    <trkpt lat="50.736459" lon="15.737561">
      <ele>1559</ele>
      <time>2026-05-07T12:38:09Z</time>
    </trkpt>
    <trkpt lat="50.736448" lon="15.737662">
      <ele>1562</ele>
      <time>2026-05-07T12:38:28Z</time>
    </trkpt>
    <trkpt lat="50.736436" lon="15.737787">
      <ele>1566</ele>
      <time>2026-05-07T12:38:51Z</time>
    </trkpt>
    <trkpt lat="50.736425" lon="15.737917">
      <ele>1568</ele>
      <time>2026-05-07T12:39:14Z</time>
    </trkpt>
    <trkpt lat="50.736429" lon="15.738062">
      <ele>1570</ele>
      <time>2026-05-07T12:39:39Z</time>
    </trkpt>
    <trkpt lat="50.736427" lon="15.738195">
      <ele>1573</ele>
      <time>2026-05-07T12:40:03Z</time>
    </trkpt>
    <trkpt lat="50.736426" lon="15.738445">
      <ele>1577</ele>
      <time>2026-05-07T12:40:47Z</time>
    </trkpt>
    <trkpt lat="50.736414" lon="15.738618">
      <ele>1581</ele>
      <time>2026-05-07T12:41:17Z</time>
    </trkpt>
    <trkpt lat="50.736404" lon="15.738709">
      <ele>1583</ele>
      <time>2026-05-07T12:41:34Z</time>
    </trkpt>
    <trkpt lat="50.736387" lon="15.738861">
      <ele>1586</ele>
      <time>2026-05-07T12:42:01Z</time>
    </trkpt>
    <trkpt lat="50.736364" lon="15.739026">
      <ele>1589</ele>
      <time>2026-05-07T12:42:30Z</time>
    </trkpt>
    <trkpt lat="50.736301" lon="15.73936">
      <ele>1594</ele>
      <time>2026-05-07T12:43:31Z</time>
    </trkpt>
    <trkpt lat="50.736286" lon="15.739437">
      <ele>1596</ele>
      <time>2026-05-07T12:43:45Z</time>
    </trkpt>
    <trkpt lat="50.736225" lon="15.739473">
      <ele>1596</ele>
      <time>2026-05-07T12:44:02Z</time>
    </trkpt>
    <trkpt lat="50.736115" lon="15.739531">
      <ele>1597</ele>
      <time>2026-05-07T12:44:34Z</time>
    </trkpt>
    <trkpt lat="50.7361283" lon="15.739738">
      <ele>1598</ele>
      <time>2026-05-07T12:45:09Z</time>
    </trkpt>
    <trkpt lat="50.736115" lon="15.739531">
      <ele>1597</ele>
      <time>2026-05-07T12:45:24Z</time>
    </trkpt>
    <trkpt lat="50.736225" lon="15.739473">
      <ele>1596</ele>
      <time>2026-05-07T12:45:36Z</time>
    </trkpt>
    <trkpt lat="50.736286" lon="15.739437">
      <ele>1596</ele>
      <time>2026-05-07T12:45:44Z</time>
    </trkpt>
    <trkpt lat="50.736301" lon="15.73936">
      <ele>1594</ele>
      <time>2026-05-07T12:45:49Z</time>
    </trkpt>
    <trkpt lat="50.736364" lon="15.739026">
      <ele>1589</ele>
      <time>2026-05-07T12:46:14Z</time>
    </trkpt>
    <trkpt lat="50.736387" lon="15.738861">
      <ele>1586</ele>
      <time>2026-05-07T12:46:26Z</time>
    </trkpt>
    <trkpt lat="50.736404" lon="15.738709">
      <ele>1583</ele>
      <time>2026-05-07T12:46:38Z</time>
    </trkpt>
    <trkpt lat="50.736414" lon="15.738618">
      <ele>1581</ele>
      <time>2026-05-07T12:46:44Z</time>
    </trkpt>
    <trkpt lat="50.736426" lon="15.738445">
      <ele>1577</ele>
      <time>2026-05-07T12:46:57Z</time>
    </trkpt>
    <trkpt lat="50.736427" lon="15.738195">
      <ele>1573</ele>
      <time>2026-05-07T12:47:15Z</time>
    </trkpt>
    <trkpt lat="50.736429" lon="15.738062">
      <ele>1570</ele>
      <time>2026-05-07T12:47:25Z</time>
    </trkpt>
    <trkpt lat="50.736425" lon="15.737917">
      <ele>1568</ele>
      <time>2026-05-07T12:47:35Z</time>
    </trkpt>
    <trkpt lat="50.736436" lon="15.737787">
      <ele>1566</ele>
      <time>2026-05-07T12:47:45Z</time>
    </trkpt>
    <trkpt lat="50.736448" lon="15.737662">
      <ele>1562</ele>
      <time>2026-05-07T12:47:54Z</time>
    </trkpt>
    <trkpt lat="50.736459" lon="15.737561">
      <ele>1559</ele>
      <time>2026-05-07T12:48:02Z</time>
    </trkpt>
    <trkpt lat="50.736472" lon="15.73746">
      <ele>1555</ele>
      <time>2026-05-07T12:48:10Z</time>
    </trkpt>
    <trkpt lat="50.736467" lon="15.737303">
      <ele>1550</ele>
      <time>2026-05-07T12:48:22Z</time>
    </trkpt>
    <trkpt lat="50.73646" lon="15.737141">
      <ele>1545</ele>
      <time>2026-05-07T12:48:34Z</time>
    </trkpt>
    <trkpt lat="50.736438" lon="15.736983">
      <ele>1541</ele>
      <time>2026-05-07T12:48:46Z</time>
    </trkpt>
    <trkpt lat="50.73642" lon="15.736876">
      <ele>1538</ele>
      <time>2026-05-07T12:48:55Z</time>
    </trkpt>
    <trkpt lat="50.73635" lon="15.736567">
      <ele>1528</ele>
      <time>2026-05-07T12:49:20Z</time>
    </trkpt>
    <trkpt lat="50.736297" lon="15.736277">
      <ele>1518</ele>
      <time>2026-05-07T12:49:43Z</time>
    </trkpt>
    <trkpt lat="50.736262" lon="15.736068">
      <ele>1513</ele>
      <time>2026-05-07T12:49:59Z</time>
    </trkpt>
    <trkpt lat="50.736229" lon="15.735829">
      <ele>1508</ele>
      <time>2026-05-07T12:50:17Z</time>
    </trkpt>
    <trkpt lat="50.736225" lon="15.735808">
      <ele>1508</ele>
      <time>2026-05-07T12:50:18Z</time>
    </trkpt>
    <trkpt lat="50.736227" lon="15.735791">
      <ele>1507</ele>
      <time>2026-05-07T12:50:19Z</time>
    </trkpt>
    <trkpt lat="50.73623" lon="15.735774">
      <ele>1507</ele>
      <time>2026-05-07T12:50:21Z</time>
    </trkpt>
    <trkpt lat="50.736264" lon="15.735768">
      <ele>1508</ele>
      <time>2026-05-07T12:50:24Z</time>
    </trkpt>
    <trkpt lat="50.736287" lon="15.735767">
      <ele>1508</ele>
      <time>2026-05-07T12:50:27Z</time>
    </trkpt>
    <trkpt lat="50.736311" lon="15.735788">
      <ele>1509</ele>
      <time>2026-05-07T12:50:30Z</time>
    </trkpt>
    <trkpt lat="50.736327" lon="15.7358">
      <ele>1509</ele>
      <time>2026-05-07T12:50:32Z</time>
    </trkpt>
    <trkpt lat="50.736334" lon="15.7358">
      <ele>1509</ele>
      <time>2026-05-07T12:50:33Z</time>
    </trkpt>
    <trkpt lat="50.73634" lon="15.735789">
      <ele>1509</ele>
      <time>2026-05-07T12:50:34Z</time>
    </trkpt>
    <trkpt lat="50.736341" lon="15.735469">
      <ele>1504</ele>
      <time>2026-05-07T12:50:57Z</time>
    </trkpt>
    <trkpt lat="50.73634" lon="15.735291">
      <ele>1499</ele>
      <time>2026-05-07T12:51:10Z</time>
    </trkpt>
    <trkpt lat="50.736336" lon="15.735088">
      <ele>1494</ele>
      <time>2026-05-07T12:51:25Z</time>
    </trkpt>
    <trkpt lat="50.736328" lon="15.735024">
      <ele>1492</ele>
      <time>2026-05-07T12:51:30Z</time>
    </trkpt>
    <trkpt lat="50.736316" lon="15.734961">
      <ele>1491</ele>
      <time>2026-05-07T12:51:35Z</time>
    </trkpt>
    <trkpt lat="50.736286" lon="15.734869">
      <ele>1489</ele>
      <time>2026-05-07T12:51:42Z</time>
    </trkpt>
    <trkpt lat="50.736242" lon="15.734779">
      <ele>1487</ele>
      <time>2026-05-07T12:51:51Z</time>
    </trkpt>
    <trkpt lat="50.736211" lon="15.734695">
      <ele>1485</ele>
      <time>2026-05-07T12:51:58Z</time>
    </trkpt>
    <trkpt lat="50.736176" lon="15.734627">
      <ele>1483</ele>
      <time>2026-05-07T12:52:04Z</time>
    </trkpt>
    <trkpt lat="50.736152" lon="15.73458">
      <ele>1482</ele>
      <time>2026-05-07T12:52:08Z</time>
    </trkpt>
    <trkpt lat="50.736131" lon="15.734547">
      <ele>1481</ele>
      <time>2026-05-07T12:52:12Z</time>
    </trkpt>
    <trkpt lat="50.736123" lon="15.734499">
      <ele>1479</ele>
      <time>2026-05-07T12:52:16Z</time>
    </trkpt>
    <trkpt lat="50.736123" lon="15.734438">
      <ele>1478</ele>
      <time>2026-05-07T12:52:20Z</time>
    </trkpt>
    <trkpt lat="50.736131" lon="15.734409">
      <ele>1477</ele>
      <time>2026-05-07T12:52:22Z</time>
    </trkpt>
    <trkpt lat="50.736149" lon="15.734399">
      <ele>1477</ele>
      <time>2026-05-07T12:52:24Z</time>
    </trkpt>
    <trkpt lat="50.73618" lon="15.734404">
      <ele>1478</ele>
      <time>2026-05-07T12:52:28Z</time>
    </trkpt>
    <trkpt lat="50.736291" lon="15.734444">
      <ele>1480</ele>
      <time>2026-05-07T12:52:41Z</time>
    </trkpt>
    <trkpt lat="50.736391" lon="15.734497">
      <ele>1482</ele>
      <time>2026-05-07T12:52:52Z</time>
    </trkpt>
    <trkpt lat="50.736491" lon="15.734541">
      <ele>1478</ele>
      <time>2026-05-07T12:53:05Z</time>
    </trkpt>
    <trkpt lat="50.736546" lon="15.734584">
      <ele>1476</ele>
      <time>2026-05-07T12:53:12Z</time>
    </trkpt>
    <trkpt lat="50.7366" lon="15.734618">
      <ele>1474</ele>
      <time>2026-05-07T12:53:18Z</time>
    </trkpt>
    <trkpt lat="50.736651" lon="15.73468">
      <ele>1473</ele>
      <time>2026-05-07T12:53:25Z</time>
    </trkpt>
    <trkpt lat="50.736704" lon="15.734757">
      <ele>1471</ele>
      <time>2026-05-07T12:53:34Z</time>
    </trkpt>
    <trkpt lat="50.736725" lon="15.734789">
      <ele>1471</ele>
      <time>2026-05-07T12:53:37Z</time>
    </trkpt>
    <trkpt lat="50.736745" lon="15.734812">
      <ele>1470</ele>
      <time>2026-05-07T12:53:40Z</time>
    </trkpt>
    <trkpt lat="50.736751" lon="15.73482">
      <ele>1470</ele>
      <time>2026-05-07T12:53:40Z</time>
    </trkpt>
    <trkpt lat="50.73676" lon="15.734823">
      <ele>1470</ele>
      <time>2026-05-07T12:53:42Z</time>
    </trkpt>
    <trkpt lat="50.736764" lon="15.734814">
      <ele>1469</ele>
      <time>2026-05-07T12:53:42Z</time>
    </trkpt>
    <trkpt lat="50.736766" lon="15.734799">
      <ele>1469</ele>
      <time>2026-05-07T12:53:44Z</time>
    </trkpt>
    <trkpt lat="50.736762" lon="15.734717">
      <ele>1467</ele>
      <time>2026-05-07T12:53:50Z</time>
    </trkpt>
    <trkpt lat="50.736754" lon="15.734634">
      <ele>1466</ele>
      <time>2026-05-07T12:53:56Z</time>
    </trkpt>
    <trkpt lat="50.736743" lon="15.734477">
      <ele>1463</ele>
      <time>2026-05-07T12:54:07Z</time>
    </trkpt>
    <trkpt lat="50.736738" lon="15.734266">
      <ele>1460</ele>
      <time>2026-05-07T12:54:22Z</time>
    </trkpt>
    <trkpt lat="50.736728" lon="15.734071">
      <ele>1458</ele>
      <time>2026-05-07T12:54:36Z</time>
    </trkpt>
    <trkpt lat="50.736716" lon="15.733885">
      <ele>1455</ele>
      <time>2026-05-07T12:54:49Z</time>
    </trkpt>
    <trkpt lat="50.736708" lon="15.733704">
      <ele>1452</ele>
      <time>2026-05-07T12:55:02Z</time>
    </trkpt>
    <trkpt lat="50.736704" lon="15.733589">
      <ele>1449</ele>
      <time>2026-05-07T12:55:11Z</time>
    </trkpt>
    <trkpt lat="50.736705" lon="15.733532">
      <ele>1448</ele>
      <time>2026-05-07T12:55:15Z</time>
    </trkpt>
    <trkpt lat="50.736704" lon="15.733517">
      <ele>1447</ele>
      <time>2026-05-07T12:55:16Z</time>
    </trkpt>
    <trkpt lat="50.736709" lon="15.733502">
      <ele>1447</ele>
      <time>2026-05-07T12:55:17Z</time>
    </trkpt>
    <trkpt lat="50.736723" lon="15.733497">
      <ele>1446</ele>
      <time>2026-05-07T12:55:19Z</time>
    </trkpt>
    <trkpt lat="50.736741" lon="15.733505">
      <ele>1446</ele>
      <time>2026-05-07T12:55:21Z</time>
    </trkpt>
    <trkpt lat="50.736764" lon="15.73352">
      <ele>1445</ele>
      <time>2026-05-07T12:55:24Z</time>
    </trkpt>
    <trkpt lat="50.736788" lon="15.733537">
      <ele>1445</ele>
      <time>2026-05-07T12:55:27Z</time>
    </trkpt>
    <trkpt lat="50.7368" lon="15.733532">
      <ele>1445</ele>
      <time>2026-05-07T12:55:28Z</time>
    </trkpt>
    <trkpt lat="50.736811" lon="15.733518">
      <ele>1444</ele>
      <time>2026-05-07T12:55:30Z</time>
    </trkpt>
    <trkpt lat="50.736815" lon="15.733501">
      <ele>1443</ele>
      <time>2026-05-07T12:55:31Z</time>
    </trkpt>
    <trkpt lat="50.736818" lon="15.733464">
      <ele>1443</ele>
      <time>2026-05-07T12:55:34Z</time>
    </trkpt>
    <trkpt lat="50.736815" lon="15.7332">
      <ele>1438</ele>
      <time>2026-05-07T12:55:53Z</time>
    </trkpt>
    <trkpt lat="50.736816" lon="15.733071">
      <ele>1435</ele>
      <time>2026-05-07T12:56:02Z</time>
    </trkpt>
    <trkpt lat="50.73682" lon="15.732998">
      <ele>1434</ele>
      <time>2026-05-07T12:56:08Z</time>
    </trkpt>
    <trkpt lat="50.736821" lon="15.732956">
      <ele>1434</ele>
      <time>2026-05-07T12:56:11Z</time>
    </trkpt>
    <trkpt lat="50.736828" lon="15.73293">
      <ele>1433</ele>
      <time>2026-05-07T12:56:13Z</time>
    </trkpt>
    <trkpt lat="50.736848" lon="15.732885">
      <ele>1432</ele>
      <time>2026-05-07T12:56:17Z</time>
    </trkpt>
    <trkpt lat="50.736888" lon="15.732799">
      <ele>1430</ele>
      <time>2026-05-07T12:56:24Z</time>
    </trkpt>
    <trkpt lat="50.736893" lon="15.732764">
      <ele>1429</ele>
      <time>2026-05-07T12:56:27Z</time>
    </trkpt>
    <trkpt lat="50.736952" lon="15.732653">
      <ele>1427</ele>
      <time>2026-05-07T12:56:37Z</time>
    </trkpt>
    <trkpt lat="50.736981" lon="15.732618">
      <ele>1425</ele>
      <time>2026-05-07T12:56:42Z</time>
    </trkpt>
    <trkpt lat="50.737018" lon="15.732575">
      <ele>1424</ele>
      <time>2026-05-07T12:56:47Z</time>
    </trkpt>
    <trkpt lat="50.737064" lon="15.732524">
      <ele>1423</ele>
      <time>2026-05-07T12:56:53Z</time>
    </trkpt>
    <trkpt lat="50.737127" lon="15.732449">
      <ele>1421</ele>
      <time>2026-05-07T12:57:02Z</time>
    </trkpt>
    <trkpt lat="50.737191" lon="15.732377">
      <ele>1420</ele>
      <time>2026-05-07T12:57:11Z</time>
    </trkpt>
    <trkpt lat="50.737309" lon="15.732229">
      <ele>1418</ele>
      <time>2026-05-07T12:57:28Z</time>
    </trkpt>
    <trkpt lat="50.737438" lon="15.732079">
      <ele>1415</ele>
      <time>2026-05-07T12:57:45Z</time>
    </trkpt>
    <trkpt lat="50.737684" lon="15.731778">
      <ele>1412</ele>
      <time>2026-05-07T12:58:20Z</time>
    </trkpt>
    <trkpt lat="50.737757" lon="15.731635">
      <ele>1410</ele>
      <time>2026-05-07T12:58:33Z</time>
    </trkpt>
    <trkpt lat="50.73794" lon="15.731445">
      <ele>1408</ele>
      <time>2026-05-07T12:58:57Z</time>
    </trkpt>
    <trkpt lat="50.738013" lon="15.731404">
      <ele>1408</ele>
      <time>2026-05-07T12:59:06Z</time>
    </trkpt>
    <trkpt lat="50.738043" lon="15.73139">
      <ele>1408</ele>
      <time>2026-05-07T12:59:09Z</time>
    </trkpt>
    <trkpt lat="50.73808" lon="15.731271">
      <ele>1406</ele>
      <time>2026-05-07T12:59:22Z</time>
    </trkpt>
    <trkpt lat="50.738121" lon="15.731202">
      <ele>1404</ele>
      <time>2026-05-07T12:59:32Z</time>
    </trkpt>
    <trkpt lat="50.738152" lon="15.731155">
      <ele>1403</ele>
      <time>2026-05-07T12:59:39Z</time>
    </trkpt>
    <trkpt lat="50.738191" lon="15.731118">
      <ele>1403</ele>
      <time>2026-05-07T12:59:46Z</time>
    </trkpt>
    <trkpt lat="50.738265" lon="15.731045">
      <ele>1402</ele>
      <time>2026-05-07T12:59:59Z</time>
    </trkpt>
    <trkpt lat="50.738411" lon="15.730916">
      <ele>1399</ele>
      <time>2026-05-07T13:00:25Z</time>
    </trkpt>
    <trkpt lat="50.738514" lon="15.730812">
      <ele>1397</ele>
      <time>2026-05-07T13:00:45Z</time>
    </trkpt>
    <trkpt lat="50.738598" lon="15.730728">
      <ele>1396</ele>
      <time>2026-05-07T13:01:00Z</time>
    </trkpt>
    <trkpt lat="50.738646" lon="15.730657">
      <ele>1395</ele>
      <time>2026-05-07T13:01:10Z</time>
    </trkpt>
    <trkpt lat="50.738683" lon="15.730589">
      <ele>1395</ele>
      <time>2026-05-07T13:01:19Z</time>
    </trkpt>
    <trkpt lat="50.738708" lon="15.730536">
      <ele>1394</ele>
      <time>2026-05-07T13:01:26Z</time>
    </trkpt>
    <trkpt lat="50.738735" lon="15.73045">
      <ele>1394</ele>
      <time>2026-05-07T13:01:35Z</time>
    </trkpt>
    <trkpt lat="50.738795" lon="15.730276">
      <ele>1393</ele>
      <time>2026-05-07T13:01:55Z</time>
    </trkpt>
    <trkpt lat="50.738905" lon="15.729966">
      <ele>1392</ele>
      <time>2026-05-07T13:02:29Z</time>
    </trkpt>
    <trkpt lat="50.739173" lon="15.72921">
      <ele>1393</ele>
      <time>2026-05-07T13:03:54Z</time>
    </trkpt>
    <trkpt lat="50.739222" lon="15.729084">
      <ele>1395</ele>
      <time>2026-05-07T13:04:09Z</time>
    </trkpt>
    <trkpt lat="50.739284" lon="15.728907">
      <ele>1393</ele>
      <time>2026-05-07T13:04:21Z</time>
    </trkpt>
    <trkpt lat="50.739386" lon="15.728617">
      <ele>1392</ele>
      <time>2026-05-07T13:04:41Z</time>
    </trkpt>
    <trkpt lat="50.739479" lon="15.728338">
      <ele>1391</ele>
      <time>2026-05-07T13:04:59Z</time>
    </trkpt>
    <trkpt lat="50.739656" lon="15.727843">
      <ele>1393</ele>
      <time>2026-05-07T13:05:33Z</time>
    </trkpt>
    <trkpt lat="50.739709" lon="15.727682">
      <ele>1394</ele>
      <time>2026-05-07T13:05:44Z</time>
    </trkpt>
    <trkpt lat="50.739748" lon="15.72751">
      <ele>1395</ele>
      <time>2026-05-07T13:05:55Z</time>
    </trkpt>
    <trkpt lat="50.739767" lon="15.727293">
      <ele>1396</ele>
      <time>2026-05-07T13:06:08Z</time>
    </trkpt>
    <trkpt lat="50.73978" lon="15.727042">
      <ele>1396</ele>
      <time>2026-05-07T13:06:23Z</time>
    </trkpt>
    <trkpt lat="50.739786" lon="15.726856">
      <ele>1396</ele>
      <time>2026-05-07T13:06:34Z</time>
    </trkpt>
    <trkpt lat="50.739791" lon="15.726668">
      <ele>1395</ele>
      <time>2026-05-07T13:06:45Z</time>
    </trkpt>
    <trkpt lat="50.739817" lon="15.726311">
      <ele>1394</ele>
      <time>2026-05-07T13:07:06Z</time>
    </trkpt>
    <trkpt lat="50.739828" lon="15.726163">
      <ele>1394</ele>
      <time>2026-05-07T13:07:15Z</time>
    </trkpt>
    <trkpt lat="50.739849" lon="15.726024">
      <ele>1393</ele>
      <time>2026-05-07T13:07:24Z</time>
    </trkpt>
    <trkpt lat="50.739883" lon="15.725894">
      <ele>1393</ele>
      <time>2026-05-07T13:07:32Z</time>
    </trkpt>
    <trkpt lat="50.739916" lon="15.725771">
      <ele>1392</ele>
      <time>2026-05-07T13:07:40Z</time>
    </trkpt>
    <trkpt lat="50.739954" lon="15.725609">
      <ele>1391</ele>
      <time>2026-05-07T13:07:50Z</time>
    </trkpt>
    <trkpt lat="50.740006" lon="15.725453">
      <ele>1390</ele>
      <time>2026-05-07T13:08:01Z</time>
    </trkpt>
    <trkpt lat="50.740113" lon="15.725138">
      <ele>1388</ele>
      <time>2026-05-07T13:08:22Z</time>
    </trkpt>
    <trkpt lat="50.74018" lon="15.724951">
      <ele>1387</ele>
      <time>2026-05-07T13:08:35Z</time>
    </trkpt>
    <trkpt lat="50.740251" lon="15.724793">
      <ele>1385</ele>
      <time>2026-05-07T13:08:46Z</time>
    </trkpt>
    <trkpt lat="50.740323" lon="15.724641">
      <ele>1385</ele>
      <time>2026-05-07T13:08:58Z</time>
    </trkpt>
    <trkpt lat="50.740394" lon="15.724483">
      <ele>1385</ele>
      <time>2026-05-07T13:09:09Z</time>
    </trkpt>
    <trkpt lat="50.740465" lon="15.724445">
      <ele>1384</ele>
      <time>2026-05-07T13:09:18Z</time>
    </trkpt>
    <trkpt lat="50.740555" lon="15.724412">
      <ele>1384</ele>
      <time>2026-05-07T13:09:29Z</time>
    </trkpt>
    <trkpt lat="50.740643" lon="15.724371">
      <ele>1383</ele>
      <time>2026-05-07T13:09:41Z</time>
    </trkpt>
    <trkpt lat="50.740741" lon="15.724326">
      <ele>1382</ele>
      <time>2026-05-07T13:09:53Z</time>
    </trkpt>
    <trkpt lat="50.740917" lon="15.724273">
      <ele>1380</ele>
      <time>2026-05-07T13:10:15Z</time>
    </trkpt>
    <trkpt lat="50.741103" lon="15.724242">
      <ele>1378</ele>
      <time>2026-05-07T13:10:38Z</time>
    </trkpt>
    <trkpt lat="50.74122" lon="15.724232">
      <ele>1377</ele>
      <time>2026-05-07T13:10:53Z</time>
    </trkpt>
    <trkpt lat="50.741343" lon="15.724242">
      <ele>1375</ele>
      <time>2026-05-07T13:11:08Z</time>
    </trkpt>
    <trkpt lat="50.741593" lon="15.724259">
      <ele>1372</ele>
      <time>2026-05-07T13:11:38Z</time>
    </trkpt>
    <trkpt lat="50.741834" lon="15.724267">
      <ele>1369</ele>
      <time>2026-05-07T13:12:08Z</time>
    </trkpt>
    <trkpt lat="50.741958" lon="15.724282">
      <ele>1367</ele>
      <time>2026-05-07T13:12:23Z</time>
    </trkpt>
    <trkpt lat="50.742018" lon="15.724288">
      <ele>1367</ele>
      <time>2026-05-07T13:12:31Z</time>
    </trkpt>
    <trkpt lat="50.742085" lon="15.724282">
      <ele>1366</ele>
      <time>2026-05-07T13:12:39Z</time>
    </trkpt>
    <trkpt lat="50.742206" lon="15.724248">
      <ele>1366</ele>
      <time>2026-05-07T13:12:54Z</time>
    </trkpt>
    <trkpt lat="50.742333" lon="15.724231">
      <ele>1365</ele>
      <time>2026-05-07T13:13:10Z</time>
    </trkpt>
    <trkpt lat="50.742577" lon="15.724194">
      <ele>1364</ele>
      <time>2026-05-07T13:13:40Z</time>
    </trkpt>
    <trkpt lat="50.742671" lon="15.724126">
      <ele>1364</ele>
      <time>2026-05-07T13:13:52Z</time>
    </trkpt>
    <trkpt lat="50.74284" lon="15.723972">
      <ele>1364</ele>
      <time>2026-05-07T13:14:16Z</time>
    </trkpt>
    <trkpt lat="50.743066" lon="15.723759">
      <ele>1364</ele>
      <time>2026-05-07T13:14:48Z</time>
    </trkpt>
    <trkpt lat="50.743185" lon="15.723632">
      <ele>1363</ele>
      <time>2026-05-07T13:15:06Z</time>
    </trkpt>
    <trkpt lat="50.743302" lon="15.723515">
      <ele>1363</ele>
      <time>2026-05-07T13:15:23Z</time>
    </trkpt>
    <trkpt lat="50.743348" lon="15.723471">
      <ele>1363</ele>
      <time>2026-05-07T13:15:29Z</time>
    </trkpt>
    <trkpt lat="50.7434" lon="15.72344">
      <ele>1363</ele>
      <time>2026-05-07T13:15:36Z</time>
    </trkpt>
    <trkpt lat="50.743478" lon="15.723416">
      <ele>1364</ele>
      <time>2026-05-07T13:15:46Z</time>
    </trkpt>
    <trkpt lat="50.743553" lon="15.723419">
      <ele>1364</ele>
      <time>2026-05-07T13:15:55Z</time>
    </trkpt>
    <trkpt lat="50.743622" lon="15.723442">
      <ele>1364</ele>
      <time>2026-05-07T13:16:03Z</time>
    </trkpt>
    <trkpt lat="50.743696" lon="15.723491">
      <ele>1365</ele>
      <time>2026-05-07T13:16:13Z</time>
    </trkpt>
    <trkpt lat="50.743809" lon="15.723598">
      <ele>1366</ele>
      <time>2026-05-07T13:16:29Z</time>
    </trkpt>
    <trkpt lat="50.743915" lon="15.723697">
      <ele>1366</ele>
      <time>2026-05-07T13:16:44Z</time>
    </trkpt>
    <trkpt lat="50.744026" lon="15.723809">
      <ele>1366</ele>
      <time>2026-05-07T13:17:01Z</time>
    </trkpt>
    <trkpt lat="50.744139" lon="15.723925">
      <ele>1366</ele>
      <time>2026-05-07T13:17:17Z</time>
    </trkpt>
    <trkpt lat="50.744214" lon="15.723997">
      <ele>1366</ele>
      <time>2026-05-07T13:17:28Z</time>
    </trkpt>
    <trkpt lat="50.744291" lon="15.724081">
      <ele>1366</ele>
      <time>2026-05-07T13:17:39Z</time>
    </trkpt>
    <trkpt lat="50.744359" lon="15.724168">
      <ele>1366</ele>
      <time>2026-05-07T13:17:50Z</time>
    </trkpt>
    <trkpt lat="50.744424" lon="15.724271">
      <ele>1366</ele>
      <time>2026-05-07T13:18:01Z</time>
    </trkpt>
    <trkpt lat="50.744522" lon="15.724452">
      <ele>1367</ele>
      <time>2026-05-07T13:18:20Z</time>
    </trkpt>
    <trkpt lat="50.744579" lon="15.724585">
      <ele>1368</ele>
      <time>2026-05-07T13:18:32Z</time>
    </trkpt>
    <trkpt lat="50.744637" lon="15.724733">
      <ele>1368</ele>
      <time>2026-05-07T13:18:45Z</time>
    </trkpt>
    <trkpt lat="50.744704" lon="15.724995">
      <ele>1367</ele>
      <time>2026-05-07T13:19:07Z</time>
    </trkpt>
    <trkpt lat="50.744774" lon="15.725259">
      <ele>1367</ele>
      <time>2026-05-07T13:19:29Z</time>
    </trkpt>
    <trkpt lat="50.744825" lon="15.725429">
      <ele>1367</ele>
      <time>2026-05-07T13:19:44Z</time>
    </trkpt>
    <trkpt lat="50.744887" lon="15.725593">
      <ele>1368</ele>
      <time>2026-05-07T13:19:59Z</time>
    </trkpt>
    <trkpt lat="50.744954" lon="15.725746">
      <ele>1368</ele>
      <time>2026-05-07T13:20:13Z</time>
    </trkpt>
    <trkpt lat="50.745027" lon="15.725882">
      <ele>1368</ele>
      <time>2026-05-07T13:20:27Z</time>
    </trkpt>
    <trkpt lat="50.745114" lon="15.726009">
      <ele>1368</ele>
      <time>2026-05-07T13:20:41Z</time>
    </trkpt>
    <trkpt lat="50.745232" lon="15.726132">
      <ele>1368</ele>
      <time>2026-05-07T13:20:59Z</time>
    </trkpt>
    <trkpt lat="50.745423" lon="15.726302">
      <ele>1368</ele>
      <time>2026-05-07T13:21:25Z</time>
    </trkpt>
    <trkpt lat="50.745609" lon="15.726413">
      <ele>1368</ele>
      <time>2026-05-07T13:21:50Z</time>
    </trkpt>
    <trkpt lat="50.745828" lon="15.726562">
      <ele>1369</ele>
      <time>2026-05-07T13:22:19Z</time>
    </trkpt>
    <trkpt lat="50.74603" lon="15.726692">
      <ele>1370</ele>
      <time>2026-05-07T13:22:45Z</time>
    </trkpt>
    <trkpt lat="50.746225" lon="15.726819">
      <ele>1370</ele>
      <time>2026-05-07T13:23:11Z</time>
    </trkpt>
    <trkpt lat="50.746431" lon="15.726939">
      <ele>1370</ele>
      <time>2026-05-07T13:23:38Z</time>
    </trkpt>
    <trkpt lat="50.746538" lon="15.726993">
      <ele>1369</ele>
      <time>2026-05-07T13:23:52Z</time>
    </trkpt>
    <trkpt lat="50.746676" lon="15.727034">
      <ele>1367</ele>
      <time>2026-05-07T13:24:09Z</time>
    </trkpt>
    <trkpt lat="50.746748" lon="15.727045">
      <ele>1366</ele>
      <time>2026-05-07T13:24:16Z</time>
    </trkpt>
    <trkpt lat="50.746871" lon="15.727042">
      <ele>1364</ele>
      <time>2026-05-07T13:24:28Z</time>
    </trkpt>
    <trkpt lat="50.746899" lon="15.727037">
      <ele>1364</ele>
      <time>2026-05-07T13:24:30Z</time>
    </trkpt>
    <trkpt lat="50.747005" lon="15.727021">
      <ele>1363</ele>
      <time>2026-05-07T13:24:40Z</time>
    </trkpt>
    <trkpt lat="50.747207" lon="15.726925">
      <ele>1361</ele>
      <time>2026-05-07T13:25:00Z</time>
    </trkpt>
    <trkpt lat="50.747342" lon="15.726847">
      <ele>1361</ele>
      <time>2026-05-07T13:25:14Z</time>
    </trkpt>
    <trkpt lat="50.747474" lon="15.726769">
      <ele>1360</ele>
      <time>2026-05-07T13:25:27Z</time>
    </trkpt>
    <trkpt lat="50.747569" lon="15.726718">
      <ele>1359</ele>
      <time>2026-05-07T13:25:37Z</time>
    </trkpt>
    <trkpt lat="50.747638" lon="15.726663">
      <ele>1358</ele>
      <time>2026-05-07T13:25:44Z</time>
    </trkpt>
    <trkpt lat="50.74778" lon="15.726513">
      <ele>1357</ele>
      <time>2026-05-07T13:26:00Z</time>
    </trkpt>
    <trkpt lat="50.747949" lon="15.726344">
      <ele>1352</ele>
      <time>2026-05-07T13:26:19Z</time>
    </trkpt>
    <trkpt lat="50.748092" lon="15.726192">
      <ele>1348</ele>
      <time>2026-05-07T13:26:36Z</time>
    </trkpt>
    <trkpt lat="50.748231" lon="15.726032">
      <ele>1344</ele>
      <time>2026-05-07T13:26:53Z</time>
    </trkpt>
    <trkpt lat="50.748342" lon="15.725854">
      <ele>1342</ele>
      <time>2026-05-07T13:27:08Z</time>
    </trkpt>
    <trkpt lat="50.748436" lon="15.725685">
      <ele>1340</ele>
      <time>2026-05-07T13:27:21Z</time>
    </trkpt>
    <trkpt lat="50.748541" lon="15.725486">
      <ele>1338</ele>
      <time>2026-05-07T13:27:37Z</time>
    </trkpt>
    <trkpt lat="50.748732" lon="15.725135">
      <ele>1335</ele>
      <time>2026-05-07T13:28:05Z</time>
    </trkpt>
    <trkpt lat="50.74892" lon="15.724791">
      <ele>1331</ele>
      <time>2026-05-07T13:28:32Z</time>
    </trkpt>
    <trkpt lat="50.749076" lon="15.724432">
      <ele>1327</ele>
      <time>2026-05-07T13:28:58Z</time>
    </trkpt>
    <trkpt lat="50.749232" lon="15.724021">
      <ele>1323</ele>
      <time>2026-05-07T13:29:27Z</time>
    </trkpt>
    <trkpt lat="50.749404" lon="15.723527">
      <ele>1316</ele>
      <time>2026-05-07T13:30:01Z</time>
    </trkpt>
    <trkpt lat="50.749563" lon="15.72301">
      <ele>1310</ele>
      <time>2026-05-07T13:30:36Z</time>
    </trkpt>
    <trkpt lat="50.749617" lon="15.722763">
      <ele>1308</ele>
      <time>2026-05-07T13:30:52Z</time>
    </trkpt>
    <trkpt lat="50.749651" lon="15.722509">
      <ele>1306</ele>
      <time>2026-05-07T13:31:07Z</time>
    </trkpt>
    <trkpt lat="50.749722" lon="15.722014">
      <ele>1299</ele>
      <time>2026-05-07T13:31:38Z</time>
    </trkpt>
    <trkpt lat="50.749756" lon="15.721643">
      <ele>1293</ele>
      <time>2026-05-07T13:32:01Z</time>
    </trkpt>
    <trkpt lat="50.749771" lon="15.721264">
      <ele>1290</ele>
      <time>2026-05-07T13:32:24Z</time>
    </trkpt>
    <trkpt lat="50.749775" lon="15.720912">
      <ele>1287</ele>
      <time>2026-05-07T13:32:45Z</time>
    </trkpt>
    <trkpt lat="50.749756" lon="15.720558">
      <ele>1285</ele>
      <time>2026-05-07T13:33:07Z</time>
    </trkpt>
    <trkpt lat="50.749736" lon="15.720263">
      <ele>1282</ele>
      <time>2026-05-07T13:33:24Z</time>
    </trkpt>
    <trkpt lat="50.749756" lon="15.7195">
      <ele>1274</ele>
      <time>2026-05-07T13:34:11Z</time>
    </trkpt>
    <trkpt lat="50.749751" lon="15.719225">
      <ele>1272</ele>
      <time>2026-05-07T13:34:27Z</time>
    </trkpt>
    <trkpt lat="50.749716" lon="15.718702">
      <ele>1271</ele>
      <time>2026-05-07T13:34:59Z</time>
    </trkpt>
    <trkpt lat="50.749725" lon="15.718201">
      <ele>1267</ele>
      <time>2026-05-07T13:35:29Z</time>
    </trkpt>
    <trkpt lat="50.749713" lon="15.71781">
      <ele>1264</ele>
      <time>2026-05-07T13:35:52Z</time>
    </trkpt>
    <trkpt lat="50.749713" lon="15.717434">
      <ele>1259</ele>
      <time>2026-05-07T13:36:15Z</time>
    </trkpt>
    <trkpt lat="50.749694" lon="15.717185">
      <ele>1256</ele>
      <time>2026-05-07T13:36:30Z</time>
    </trkpt>
    <trkpt lat="50.749676" lon="15.716952">
      <ele>1253</ele>
      <time>2026-05-07T13:36:45Z</time>
    </trkpt>
    <trkpt lat="50.749617" lon="15.716619">
      <ele>1251</ele>
      <time>2026-05-07T13:37:05Z</time>
    </trkpt>
    <trkpt lat="50.749556" lon="15.716273">
      <ele>1249</ele>
      <time>2026-05-07T13:37:27Z</time>
    </trkpt>
    <trkpt lat="50.749518" lon="15.716031">
      <ele>1246</ele>
      <time>2026-05-07T13:37:42Z</time>
    </trkpt>
    <trkpt lat="50.749468" lon="15.715799">
      <ele>1243</ele>
      <time>2026-05-07T13:37:57Z</time>
    </trkpt>
    <trkpt lat="50.749434" lon="15.71562">
      <ele>1240</ele>
      <time>2026-05-07T13:38:08Z</time>
    </trkpt>
    <trkpt lat="50.749398" lon="15.715468">
      <ele>1238</ele>
      <time>2026-05-07T13:38:18Z</time>
    </trkpt>
    <trkpt lat="50.749248" lon="15.715055">
      <ele>1235</ele>
      <time>2026-05-07T13:38:47Z</time>
    </trkpt>
    <trkpt lat="50.749183" lon="15.714866">
      <ele>1233</ele>
      <time>2026-05-07T13:39:00Z</time>
    </trkpt>
    <trkpt lat="50.749142" lon="15.714721">
      <ele>1233</ele>
      <time>2026-05-07T13:39:09Z</time>
    </trkpt>
    <trkpt lat="50.74918" lon="15.714728">
      <ele>1230</ele>
      <time>2026-05-07T13:39:14Z</time>
    </trkpt>
    <trkpt lat="50.749233" lon="15.714743">
      <ele>1229</ele>
      <time>2026-05-07T13:39:19Z</time>
    </trkpt>
    <trkpt lat="50.749395" lon="15.71481">
      <ele>1223</ele>
      <time>2026-05-07T13:39:38Z</time>
    </trkpt>
    <trkpt lat="50.749551" lon="15.714873">
      <ele>1217</ele>
      <time>2026-05-07T13:39:55Z</time>
    </trkpt>
    <trkpt lat="50.749713" lon="15.714938">
      <ele>1211</ele>
      <time>2026-05-07T13:40:14Z</time>
    </trkpt>
    <trkpt lat="50.749871" lon="15.71503">
      <ele>1208</ele>
      <time>2026-05-07T13:40:31Z</time>
    </trkpt>
    <trkpt lat="50.750544" lon="15.715206">
      <ele>1184</ele>
      <time>2026-05-07T13:41:46Z</time>
    </trkpt>
    <trkpt lat="50.750626" lon="15.715249">
      <ele>1181</ele>
      <time>2026-05-07T13:41:55Z</time>
    </trkpt>
    <trkpt lat="50.750715" lon="15.715309">
      <ele>1179</ele>
      <time>2026-05-07T13:42:06Z</time>
    </trkpt>
    <trkpt lat="50.750796" lon="15.715361">
      <ele>1176</ele>
      <time>2026-05-07T13:42:15Z</time>
    </trkpt>
    <trkpt lat="50.750878" lon="15.715431">
      <ele>1174</ele>
      <time>2026-05-07T13:42:25Z</time>
    </trkpt>
    <trkpt lat="50.750976" lon="15.715522">
      <ele>1171</ele>
      <time>2026-05-07T13:42:37Z</time>
    </trkpt>
    <trkpt lat="50.751078" lon="15.715634">
      <ele>1168</ele>
      <time>2026-05-07T13:42:51Z</time>
    </trkpt>
    <trkpt lat="50.75126" lon="15.715881">
      <ele>1162</ele>
      <time>2026-05-07T13:43:16Z</time>
    </trkpt>
    <trkpt lat="50.751365" lon="15.716033">
      <ele>1158</ele>
      <time>2026-05-07T13:43:31Z</time>
    </trkpt>
    <trkpt lat="50.751474" lon="15.716208">
      <ele>1155</ele>
      <time>2026-05-07T13:43:48Z</time>
    </trkpt>
    <trkpt lat="50.751671" lon="15.716516">
      <ele>1151</ele>
      <time>2026-05-07T13:44:17Z</time>
    </trkpt>
    <trkpt lat="50.751734" lon="15.716627">
      <ele>1148</ele>
      <time>2026-05-07T13:44:27Z</time>
    </trkpt>
    <trkpt lat="50.751802" lon="15.716743">
      <ele>1145</ele>
      <time>2026-05-07T13:44:38Z</time>
    </trkpt>
    <trkpt lat="50.751935" lon="15.717014">
      <ele>1139</ele>
      <time>2026-05-07T13:45:01Z</time>
    </trkpt>
    <trkpt lat="50.75204" lon="15.717287">
      <ele>1135</ele>
      <time>2026-05-07T13:45:23Z</time>
    </trkpt>
    <trkpt lat="50.752095" lon="15.717416">
      <ele>1132</ele>
      <time>2026-05-07T13:45:33Z</time>
    </trkpt>
    <trkpt lat="50.752166" lon="15.717543">
      <ele>1129</ele>
      <time>2026-05-07T13:45:45Z</time>
    </trkpt>
    <trkpt lat="50.75226" lon="15.717631">
      <ele>1125</ele>
      <time>2026-05-07T13:45:57Z</time>
    </trkpt>
    <trkpt lat="50.75234" lon="15.717738">
      <ele>1121</ele>
      <time>2026-05-07T13:46:08Z</time>
    </trkpt>
    <trkpt lat="50.752472" lon="15.717965">
      <ele>1118</ele>
      <time>2026-05-07T13:46:29Z</time>
    </trkpt>
    <trkpt lat="50.75259" lon="15.718224">
      <ele>1114</ele>
      <time>2026-05-07T13:46:50Z</time>
    </trkpt>
    <trkpt lat="50.752724" lon="15.718467">
      <ele>1110</ele>
      <time>2026-05-07T13:47:12Z</time>
    </trkpt>
    <trkpt lat="50.752985" lon="15.718942">
      <ele>1099</ele>
      <time>2026-05-07T13:47:54Z</time>
    </trkpt>
    <trkpt lat="50.753184" lon="15.719278">
      <ele>1094</ele>
      <time>2026-05-07T13:48:25Z</time>
    </trkpt>
    <trkpt lat="50.753565" lon="15.719815">
      <ele>1083</ele>
      <time>2026-05-07T13:49:19Z</time>
    </trkpt>
    <trkpt lat="50.753748" lon="15.720019">
      <ele>1076</ele>
      <time>2026-05-07T13:49:44Z</time>
    </trkpt>
    <trkpt lat="50.75395" lon="15.720243">
      <ele>1067</ele>
      <time>2026-05-07T13:50:11Z</time>
    </trkpt>
    <trkpt lat="50.754184" lon="15.72048">
      <ele>1061</ele>
      <time>2026-05-07T13:50:40Z</time>
    </trkpt>
    <trkpt lat="50.754409" lon="15.720733">
      <ele>1058</ele>
      <time>2026-05-07T13:51:09Z</time>
    </trkpt>
    <trkpt lat="50.754561" lon="15.720858">
      <ele>1056</ele>
      <time>2026-05-07T13:51:27Z</time>
    </trkpt>
    <trkpt lat="50.754726" lon="15.720949">
      <ele>1055</ele>
      <time>2026-05-07T13:51:45Z</time>
    </trkpt>
    <trkpt lat="50.755044" lon="15.721154">
      <ele>1050</ele>
      <time>2026-05-07T13:52:21Z</time>
    </trkpt>
    <trkpt lat="50.755688" lon="15.721509">
      <ele>1034</ele>
      <time>2026-05-07T13:53:34Z</time>
    </trkpt>
    <trkpt lat="50.755995" lon="15.721694">
      <ele>1027</ele>
      <time>2026-05-07T13:54:09Z</time>
    </trkpt>
    <trkpt lat="50.756311" lon="15.721885">
      <ele>1021</ele>
      <time>2026-05-07T13:54:44Z</time>
    </trkpt>
    <trkpt lat="50.756618" lon="15.722082">
      <ele>1016</ele>
      <time>2026-05-07T13:55:19Z</time>
    </trkpt>
    <trkpt lat="50.756945" lon="15.72222">
      <ele>1008</ele>
      <time>2026-05-07T13:55:55Z</time>
    </trkpt>
    <trkpt lat="50.757245" lon="15.722349">
      <ele>1000</ele>
      <time>2026-05-07T13:56:28Z</time>
    </trkpt>
    <trkpt lat="50.7575" lon="15.722494">
      <ele>990</ele>
      <time>2026-05-07T13:56:58Z</time>
    </trkpt>
    <trkpt lat="50.757729" lon="15.722637">
      <ele>986</ele>
      <time>2026-05-07T13:57:24Z</time>
    </trkpt>
    <trkpt lat="50.757918" lon="15.722781">
      <ele>982</ele>
      <time>2026-05-07T13:57:46Z</time>
    </trkpt>
    <trkpt lat="50.758145" lon="15.723062">
      <ele>978</ele>
      <time>2026-05-07T13:58:17Z</time>
    </trkpt>
    <trkpt lat="50.758381" lon="15.723236">
      <ele>975</ele>
      <time>2026-05-07T13:58:44Z</time>
    </trkpt>
    <trkpt lat="50.758669" lon="15.72341">
      <ele>967</ele>
      <time>2026-05-07T13:59:17Z</time>
    </trkpt>
    <trkpt lat="50.758771" lon="15.723477">
      <ele>964</ele>
      <time>2026-05-07T13:59:29Z</time>
    </trkpt>
    <trkpt lat="50.758854" lon="15.723511">
      <ele>962</ele>
      <time>2026-05-07T13:59:38Z</time>
    </trkpt>
    <trkpt lat="50.758991" lon="15.723602">
      <ele>959</ele>
      <time>2026-05-07T13:59:54Z</time>
    </trkpt>
    <trkpt lat="50.759153" lon="15.723714">
      <ele>956</ele>
      <time>2026-05-07T14:00:12Z</time>
    </trkpt>
    <trkpt lat="50.759268" lon="15.723795">
      <ele>953</ele>
      <time>2026-05-07T14:00:26Z</time>
    </trkpt>
    <trkpt lat="50.759336" lon="15.723846">
      <ele>951</ele>
      <time>2026-05-07T14:00:34Z</time>
    </trkpt>
    <trkpt lat="50.759453" lon="15.723913">
      <ele>949</ele>
      <time>2026-05-07T14:00:47Z</time>
    </trkpt>
    <trkpt lat="50.759545" lon="15.72398">
      <ele>947</ele>
      <time>2026-05-07T14:00:57Z</time>
    </trkpt>
    <trkpt lat="50.759682" lon="15.724153">
      <ele>944</ele>
      <time>2026-05-07T14:01:16Z</time>
    </trkpt>
    <trkpt lat="50.759825" lon="15.724348">
      <ele>941</ele>
      <time>2026-05-07T14:01:36Z</time>
    </trkpt>
    <trkpt lat="50.759979" lon="15.724522">
      <ele>936</ele>
      <time>2026-05-07T14:01:56Z</time>
    </trkpt>
    <trkpt lat="50.76012" lon="15.724692">
      <ele>933</ele>
      <time>2026-05-07T14:02:15Z</time>
    </trkpt>
    <trkpt lat="50.76036" lon="15.724938">
      <ele>927</ele>
      <time>2026-05-07T14:02:45Z</time>
    </trkpt>
    <trkpt lat="50.760518" lon="15.725079">
      <ele>925</ele>
      <time>2026-05-07T14:03:04Z</time>
    </trkpt>
    <trkpt lat="50.760687" lon="15.725215">
      <ele>924</ele>
      <time>2026-05-07T14:03:24Z</time>
    </trkpt>
    <trkpt lat="50.760937" lon="15.725413">
      <ele>923</ele>
      <time>2026-05-07T14:03:53Z</time>
    </trkpt>
    <trkpt lat="50.761071" lon="15.725484">
      <ele>922</ele>
      <time>2026-05-07T14:04:08Z</time>
    </trkpt>
    <trkpt lat="50.761217" lon="15.725554">
      <ele>920</ele>
      <time>2026-05-07T14:04:24Z</time>
    </trkpt>
    <trkpt lat="50.761341" lon="15.725577">
      <ele>919</ele>
      <time>2026-05-07T14:04:37Z</time>
    </trkpt>
    <trkpt lat="50.761475" lon="15.725594">
      <ele>916</ele>
      <time>2026-05-07T14:04:51Z</time>
    </trkpt>
    <trkpt lat="50.761577" lon="15.725582">
      <ele>914</ele>
      <time>2026-05-07T14:05:02Z</time>
    </trkpt>
    <trkpt lat="50.76182" lon="15.725554">
      <ele>910</ele>
      <time>2026-05-07T14:05:27Z</time>
    </trkpt>
    <trkpt lat="50.762206" lon="15.725494">
      <ele>903</ele>
      <time>2026-05-07T14:06:08Z</time>
    </trkpt>
    <trkpt lat="50.76244" lon="15.725478">
      <ele>900</ele>
      <time>2026-05-07T14:06:33Z</time>
    </trkpt>
    <trkpt lat="50.762661" lon="15.725421">
      <ele>895</ele>
      <time>2026-05-07T14:06:57Z</time>
    </trkpt>
    <trkpt lat="50.762849" lon="15.725432">
      <ele>892</ele>
      <time>2026-05-07T14:07:17Z</time>
    </trkpt>
    <trkpt lat="50.763109" lon="15.725468">
      <ele>887</ele>
      <time>2026-05-07T14:07:44Z</time>
    </trkpt>
    <trkpt lat="50.763297" lon="15.725488">
      <ele>885</ele>
      <time>2026-05-07T14:08:04Z</time>
    </trkpt>
    <trkpt lat="50.763498" lon="15.72551">
      <ele>883</ele>
      <time>2026-05-07T14:08:25Z</time>
    </trkpt>
    <trkpt lat="50.763688" lon="15.725585">
      <ele>881</ele>
      <time>2026-05-07T14:08:45Z</time>
    </trkpt>
    <trkpt lat="50.763849" lon="15.72569">
      <ele>879</ele>
      <time>2026-05-07T14:09:04Z</time>
    </trkpt>
    <trkpt lat="50.764145" lon="15.725839">
      <ele>875</ele>
      <time>2026-05-07T14:09:36Z</time>
    </trkpt>
    <trkpt lat="50.764299" lon="15.725915">
      <ele>873</ele>
      <time>2026-05-07T14:09:53Z</time>
    </trkpt>
    <trkpt lat="50.764514" lon="15.725986">
      <ele>870</ele>
      <time>2026-05-07T14:10:16Z</time>
    </trkpt>
    <trkpt lat="50.764648" lon="15.726014">
      <ele>868</ele>
      <time>2026-05-07T14:10:30Z</time>
    </trkpt>
    <trkpt lat="50.764893" lon="15.72604">
      <ele>865</ele>
      <time>2026-05-07T14:10:56Z</time>
    </trkpt>
    <trkpt lat="50.765096" lon="15.726072">
      <ele>864</ele>
      <time>2026-05-07T14:11:17Z</time>
    </trkpt>
    <trkpt lat="50.765281" lon="15.726117">
      <ele>863</ele>
      <time>2026-05-07T14:11:37Z</time>
    </trkpt>
    <trkpt lat="50.765668" lon="15.726257">
      <ele>858</ele>
      <time>2026-05-07T14:12:19Z</time>
    </trkpt>
    <trkpt lat="50.765821" lon="15.726349">
      <ele>855</ele>
      <time>2026-05-07T14:12:36Z</time>
    </trkpt>
    <trkpt lat="50.766006" lon="15.726488">
      <ele>853</ele>
      <time>2026-05-07T14:12:57Z</time>
    </trkpt>
    <trkpt lat="50.766128" lon="15.726619">
      <ele>852</ele>
      <time>2026-05-07T14:13:13Z</time>
    </trkpt>
    <trkpt lat="50.766217" lon="15.726775">
      <ele>851</ele>
      <time>2026-05-07T14:13:26Z</time>
    </trkpt>
    <trkpt lat="50.76639" lon="15.727019">
      <ele>848</ele>
      <time>2026-05-07T14:13:51Z</time>
    </trkpt>
    <trkpt lat="50.766486" lon="15.727244">
      <ele>847</ele>
      <time>2026-05-07T14:14:09Z</time>
    </trkpt>
    <trkpt lat="50.766651" lon="15.727591">
      <ele>841</ele>
      <time>2026-05-07T14:14:38Z</time>
    </trkpt>
    <trkpt lat="50.766842" lon="15.727872">
      <ele>837</ele>
      <time>2026-05-07T14:15:05Z</time>
    </trkpt>
    <trkpt lat="50.766892" lon="15.727927">
      <ele>836</ele>
      <time>2026-05-07T14:15:12Z</time>
    </trkpt>
    <trkpt lat="50.767013" lon="15.728029">
      <ele>834</ele>
      <time>2026-05-07T14:15:26Z</time>
    </trkpt>
    <trkpt lat="50.767246" lon="15.728198">
      <ele>829</ele>
      <time>2026-05-07T14:15:53Z</time>
    </trkpt>
    <trkpt lat="50.767431" lon="15.728272">
      <ele>826</ele>
      <time>2026-05-07T14:16:13Z</time>
    </trkpt>
    <trkpt lat="50.767473" lon="15.728316">
      <ele>825</ele>
      <time>2026-05-07T14:16:18Z</time>
    </trkpt>
    <trkpt lat="50.767676" lon="15.72853">
      <ele>821</ele>
      <time>2026-05-07T14:16:44Z</time>
    </trkpt>
    <trkpt lat="50.767707" lon="15.728496">
      <ele>820</ele>
      <time>2026-05-07T14:16:48Z</time>
    </trkpt>
    <trkpt lat="50.767736" lon="15.728481">
      <ele>820</ele>
      <time>2026-05-07T14:16:51Z</time>
    </trkpt>
    <trkpt lat="50.76778" lon="15.728493">
      <ele>819</ele>
      <time>2026-05-07T14:16:56Z</time>
    </trkpt>
    <trkpt lat="50.76781" lon="15.728509">
      <ele>818</ele>
      <time>2026-05-07T14:17:00Z</time>
    </trkpt>
    <trkpt lat="50.767826" lon="15.728537">
      <ele>818</ele>
      <time>2026-05-07T14:17:02Z</time>
    </trkpt>
    <trkpt lat="50.767916" lon="15.728796">
      <ele>815</ele>
      <time>2026-05-07T14:17:22Z</time>
    </trkpt>
    <trkpt lat="50.768028" lon="15.729029">
      <ele>813</ele>
      <time>2026-05-07T14:17:41Z</time>
    </trkpt>
    <trkpt lat="50.768118" lon="15.729171">
      <ele>812</ele>
      <time>2026-05-07T14:17:54Z</time>
    </trkpt>
    <trkpt lat="50.768294" lon="15.729448">
      <ele>809</ele>
      <time>2026-05-07T14:18:20Z</time>
    </trkpt>
    <trkpt lat="50.768354" lon="15.729541">
      <ele>808</ele>
      <time>2026-05-07T14:18:29Z</time>
    </trkpt>
    <trkpt lat="50.768476" lon="15.729728">
      <ele>805</ele>
      <time>2026-05-07T14:18:47Z</time>
    </trkpt>
    <trkpt lat="50.768546" lon="15.72977">
      <ele>803</ele>
      <time>2026-05-07T14:18:55Z</time>
    </trkpt>
    <trkpt lat="50.768537" lon="15.729873">
      <ele>803</ele>
      <time>2026-05-07T14:19:02Z</time>
    </trkpt>
    <trkpt lat="50.768587" lon="15.729942">
      <ele>802</ele>
      <time>2026-05-07T14:19:09Z</time>
    </trkpt>
    <trkpt lat="50.768557" lon="15.730292">
      <ele>804</ele>
      <time>2026-05-07T14:19:28Z</time>
    </trkpt>
    <trkpt lat="50.768557" lon="15.730691">
      <ele>807</ele>
      <time>2026-05-07T14:19:49Z</time>
    </trkpt>
    <trkpt lat="50.768628" lon="15.731276">
      <ele>807</ele>
      <time>2026-05-07T14:20:20Z</time>
    </trkpt>
    <trkpt lat="50.768656" lon="15.73152">
      <ele>807</ele>
      <time>2026-05-07T14:20:33Z</time>
    </trkpt>
    <trkpt lat="50.768691" lon="15.731787">
      <ele>806</ele>
      <time>2026-05-07T14:20:47Z</time>
    </trkpt>
    <trkpt lat="50.76877" lon="15.73253">
      <ele>807</ele>
      <time>2026-05-07T14:21:26Z</time>
    </trkpt>
    <trkpt lat="50.768774" lon="15.732561">
      <ele>807</ele>
      <time>2026-05-07T14:21:28Z</time>
    </trkpt>
    <trkpt lat="50.768789" lon="15.732701">
      <ele>807</ele>
      <time>2026-05-07T14:21:36Z</time>
    </trkpt>
    <trkpt lat="50.768812" lon="15.733111">
      <ele>810</ele>
      <time>2026-05-07T14:21:57Z</time>
    </trkpt>
    <trkpt lat="50.768819" lon="15.733306">
      <ele>812</ele>
      <time>2026-05-07T14:22:08Z</time>
    </trkpt>
    <trkpt lat="50.768807" lon="15.733655">
      <ele>813</ele>
      <time>2026-05-07T14:22:26Z</time>
    </trkpt>
    <trkpt lat="50.768726" lon="15.734266">
      <ele>817</ele>
      <time>2026-05-07T14:22:59Z</time>
    </trkpt>
    <trkpt lat="50.768692" lon="15.734468">
      <ele>818</ele>
      <time>2026-05-07T14:23:10Z</time>
    </trkpt>
    <trkpt lat="50.768586" lon="15.73511">
      <ele>818</ele>
      <time>2026-05-07T14:23:44Z</time>
    </trkpt>
    <trkpt lat="50.768571" lon="15.735212">
      <ele>817</ele>
      <time>2026-05-07T14:23:50Z</time>
    </trkpt>
    <trkpt lat="50.768532" lon="15.735437">
      <ele>816</ele>
      <time>2026-05-07T14:24:02Z</time>
    </trkpt>
    <trkpt lat="50.768516" lon="15.735565">
      <ele>815</ele>
      <time>2026-05-07T14:24:09Z</time>
    </trkpt>
    <trkpt lat="50.768516" lon="15.735645">
      <ele>814</ele>
      <time>2026-05-07T14:24:14Z</time>
    </trkpt>
    <trkpt lat="50.768527" lon="15.735717">
      <ele>814</ele>
      <time>2026-05-07T14:24:19Z</time>
    </trkpt>
    <trkpt lat="50.768551" lon="15.735804">
      <ele>812</ele>
      <time>2026-05-07T14:24:24Z</time>
    </trkpt>
    <trkpt lat="50.768593" lon="15.735892">
      <ele>811</ele>
      <time>2026-05-07T14:24:31Z</time>
    </trkpt>
    <trkpt lat="50.768676" lon="15.736025">
      <ele>808</ele>
      <time>2026-05-07T14:24:43Z</time>
    </trkpt>
    <trkpt lat="50.768844" lon="15.736278">
      <ele>802</ele>
      <time>2026-05-07T14:25:06Z</time>
    </trkpt>
    <trkpt lat="50.768869" lon="15.736316">
      <ele>801</ele>
      <time>2026-05-07T14:25:09Z</time>
    </trkpt>
    <trkpt lat="50.768884" lon="15.736335">
      <ele>801</ele>
      <time>2026-05-07T14:25:11Z</time>
    </trkpt>
    <trkpt lat="50.768978" lon="15.736464">
      <ele>799</ele>
      <time>2026-05-07T14:25:24Z</time>
    </trkpt>
    <trkpt lat="50.769111" lon="15.736638">
      <ele>797</ele>
      <time>2026-05-07T14:25:40Z</time>
    </trkpt>
    <trkpt lat="50.769237" lon="15.736837">
      <ele>797</ele>
      <time>2026-05-07T14:25:58Z</time>
    </trkpt>
    <trkpt lat="50.769299" lon="15.736943">
      <ele>797</ele>
      <time>2026-05-07T14:26:06Z</time>
    </trkpt>
    <trkpt lat="50.769336" lon="15.737057">
      <ele>797</ele>
      <time>2026-05-07T14:26:14Z</time>
    </trkpt>
    <trkpt lat="50.769364" lon="15.737236">
      <ele>796</ele>
      <time>2026-05-07T14:26:26Z</time>
    </trkpt>
    <trkpt lat="50.769371" lon="15.737341">
      <ele>795</ele>
      <time>2026-05-07T14:26:32Z</time>
    </trkpt>
    <trkpt lat="50.769357" lon="15.737541">
      <ele>794</ele>
      <time>2026-05-07T14:26:45Z</time>
    </trkpt>
    <trkpt lat="50.769318" lon="15.737791">
      <ele>792</ele>
      <time>2026-05-07T14:27:00Z</time>
    </trkpt>
    <trkpt lat="50.76922" lon="15.7384">
      <ele>787</ele>
      <time>2026-05-07T14:27:39Z</time>
    </trkpt>
    <trkpt lat="50.769179" lon="15.738594">
      <ele>785</ele>
      <time>2026-05-07T14:27:52Z</time>
    </trkpt>
    <trkpt lat="50.769137" lon="15.738698">
      <ele>784</ele>
      <time>2026-05-07T14:27:59Z</time>
    </trkpt>
    <trkpt lat="50.769115" lon="15.738752">
      <ele>783</ele>
      <time>2026-05-07T14:28:03Z</time>
    </trkpt>
    <trkpt lat="50.769045" lon="15.738917">
      <ele>781</ele>
      <time>2026-05-07T14:28:16Z</time>
    </trkpt>
    <trkpt lat="50.768779" lon="15.739351">
      <ele>781</ele>
      <time>2026-05-07T14:28:53Z</time>
    </trkpt>
    <trkpt lat="50.768719" lon="15.739473">
      <ele>781</ele>
      <time>2026-05-07T14:29:02Z</time>
    </trkpt>
    <trkpt lat="50.768692" lon="15.739591">
      <ele>781</ele>
      <time>2026-05-07T14:29:10Z</time>
    </trkpt>
    <trkpt lat="50.768692" lon="15.739692">
      <ele>781</ele>
      <time>2026-05-07T14:29:16Z</time>
    </trkpt>
    <trkpt lat="50.76871" lon="15.739781">
      <ele>780</ele>
      <time>2026-05-07T14:29:22Z</time>
    </trkpt>
    <trkpt lat="50.768762" lon="15.739908">
      <ele>779</ele>
      <time>2026-05-07T14:29:31Z</time>
    </trkpt>
    <trkpt lat="50.768818" lon="15.740008">
      <ele>777</ele>
      <time>2026-05-07T14:29:40Z</time>
    </trkpt>
    <trkpt lat="50.768909" lon="15.7401">
      <ele>774</ele>
      <time>2026-05-07T14:29:50Z</time>
    </trkpt>
    <trkpt lat="50.769038" lon="15.740206">
      <ele>773</ele>
      <time>2026-05-07T14:30:04Z</time>
    </trkpt>
    <trkpt lat="50.769123" lon="15.740237">
      <ele>772</ele>
      <time>2026-05-07T14:30:13Z</time>
    </trkpt>
    <trkpt lat="50.76933" lon="15.740244">
      <ele>771</ele>
      <time>2026-05-07T14:30:33Z</time>
    </trkpt>
    <trkpt lat="50.769812" lon="15.740187">
      <ele>766</ele>
      <time>2026-05-07T14:31:20Z</time>
    </trkpt>
    <trkpt lat="50.769949" lon="15.740138">
      <ele>764</ele>
      <time>2026-05-07T14:31:34Z</time>
    </trkpt>
    <trkpt lat="50.770165" lon="15.740045">
      <ele>762</ele>
      <time>2026-05-07T14:31:55Z</time>
    </trkpt>
    <trkpt lat="50.770249" lon="15.739998">
      <ele>761</ele>
      <time>2026-05-07T14:32:04Z</time>
    </trkpt>
    <trkpt lat="50.770306" lon="15.739959">
      <ele>761</ele>
      <time>2026-05-07T14:32:10Z</time>
    </trkpt>
    <trkpt lat="50.770387" lon="15.739905">
      <ele>761</ele>
      <time>2026-05-07T14:32:19Z</time>
    </trkpt>
    <trkpt lat="50.770692" lon="15.739672">
      <ele>760</ele>
      <time>2026-05-07T14:32:51Z</time>
    </trkpt>
    <trkpt lat="50.771038" lon="15.739402">
      <ele>756</ele>
      <time>2026-05-07T14:33:29Z</time>
    </trkpt>
    <trkpt lat="50.771331" lon="15.739168">
      <ele>755</ele>
      <time>2026-05-07T14:34:01Z</time>
    </trkpt>
    <trkpt lat="50.771409" lon="15.739104">
      <ele>754</ele>
      <time>2026-05-07T14:34:09Z</time>
    </trkpt>
    <trkpt lat="50.77145" lon="15.739071">
      <ele>754</ele>
      <time>2026-05-07T14:34:14Z</time>
    </trkpt>
    <trkpt lat="50.771505" lon="15.73902">
      <ele>753</ele>
      <time>2026-05-07T14:34:20Z</time>
    </trkpt>
    <trkpt lat="50.771569" lon="15.738927">
      <ele>752</ele>
      <time>2026-05-07T14:34:28Z</time>
    </trkpt>
    <trkpt lat="50.771629" lon="15.738792">
      <ele>752</ele>
      <time>2026-05-07T14:34:38Z</time>
    </trkpt>
    <trkpt lat="50.771675" lon="15.738671">
      <ele>752</ele>
      <time>2026-05-07T14:34:47Z</time>
    </trkpt>
    <trkpt lat="50.771781" lon="15.73839">
      <ele>750</ele>
      <time>2026-05-07T14:35:07Z</time>
    </trkpt>
    <trkpt lat="50.77183" lon="15.738355">
      <ele>748</ele>
      <time>2026-05-07T14:35:13Z</time>
    </trkpt>
    <trkpt lat="50.771877" lon="15.738344">
      <ele>747</ele>
      <time>2026-05-07T14:35:17Z</time>
    </trkpt>
    <trkpt lat="50.771928" lon="15.738378">
      <ele>746</ele>
      <time>2026-05-07T14:35:23Z</time>
    </trkpt>
    <trkpt lat="50.771976" lon="15.738438">
      <ele>746</ele>
      <time>2026-05-07T14:35:29Z</time>
    </trkpt>
    <trkpt lat="50.772081" lon="15.738663">
      <ele>745</ele>
      <time>2026-05-07T14:35:46Z</time>
    </trkpt>
    <trkpt lat="50.772183" lon="15.738832">
      <ele>745</ele>
      <time>2026-05-07T14:36:00Z</time>
    </trkpt>
    <trkpt lat="50.772422" lon="15.739114">
      <ele>741</ele>
      <time>2026-05-07T14:36:29Z</time>
    </trkpt>
    <trkpt lat="50.772532" lon="15.739283">
      <ele>739</ele>
      <time>2026-05-07T14:36:44Z</time>
    </trkpt>
    <trkpt lat="50.772615" lon="15.739493">
      <ele>738</ele>
      <time>2026-05-07T14:36:59Z</time>
    </trkpt>
    <trkpt lat="50.772696" lon="15.739749">
      <ele>737</ele>
      <time>2026-05-07T14:37:17Z</time>
    </trkpt>
    <trkpt lat="50.772795" lon="15.740111">
      <ele>737</ele>
      <time>2026-05-07T14:37:41Z</time>
    </trkpt>
    <trkpt lat="50.772813" lon="15.740199">
      <ele>736</ele>
      <time>2026-05-07T14:37:47Z</time>
    </trkpt>
    <trkpt lat="50.772888" lon="15.740558">
      <ele>734</ele>
      <time>2026-05-07T14:38:10Z</time>
    </trkpt>
    <trkpt lat="50.772921" lon="15.740666">
      <ele>733</ele>
      <time>2026-05-07T14:38:17Z</time>
    </trkpt>
    <trkpt lat="50.772973" lon="15.740775">
      <ele>731</ele>
      <time>2026-05-07T14:38:26Z</time>
    </trkpt>
    <trkpt lat="50.77302" lon="15.740828">
      <ele>730</ele>
      <time>2026-05-07T14:38:31Z</time>
    </trkpt>
    <trkpt lat="50.773116" lon="15.740907">
      <ele>729</ele>
      <time>2026-05-07T14:38:42Z</time>
    </trkpt>
    <trkpt lat="50.773274" lon="15.740928">
      <ele>726</ele>
      <time>2026-05-07T14:38:58Z</time>
    </trkpt>
    <trkpt lat="50.773382" lon="15.740854">
      <ele>725</ele>
      <time>2026-05-07T14:39:09Z</time>
    </trkpt>
    <trkpt lat="50.773422" lon="15.740768">
      <ele>725</ele>
      <time>2026-05-07T14:39:15Z</time>
    </trkpt>
    <trkpt lat="50.773449" lon="15.740698">
      <ele>725</ele>
      <time>2026-05-07T14:39:19Z</time>
    </trkpt>
    <trkpt lat="50.773538" lon="15.740455">
      <ele>725</ele>
      <time>2026-05-07T14:39:34Z</time>
    </trkpt>
    <trkpt lat="50.773583" lon="15.740306">
      <ele>724</ele>
      <time>2026-05-07T14:39:43Z</time>
    </trkpt>
    <trkpt lat="50.773626" lon="15.740126">
      <ele>722</ele>
      <time>2026-05-07T14:39:54Z</time>
    </trkpt>
    <trkpt lat="50.77365" lon="15.740019">
      <ele>721</ele>
      <time>2026-05-07T14:40:00Z</time>
    </trkpt>
    <trkpt lat="50.773664" lon="15.739947">
      <ele>721</ele>
      <time>2026-05-07T14:40:04Z</time>
    </trkpt>
    <trkpt lat="50.773676" lon="15.739832">
      <ele>719</ele>
      <time>2026-05-07T14:40:10Z</time>
    </trkpt>
    <trkpt lat="50.773685" lon="15.739707">
      <ele>718</ele>
      <time>2026-05-07T14:40:17Z</time>
    </trkpt>
    <trkpt lat="50.77369" lon="15.739647">
      <ele>718</ele>
      <time>2026-05-07T14:40:21Z</time>
    </trkpt>
    <trkpt lat="50.773691" lon="15.739552">
      <ele>717</ele>
      <time>2026-05-07T14:40:26Z</time>
    </trkpt>
    <trkpt lat="50.773691" lon="15.739455">
      <ele>716</ele>
      <time>2026-05-07T14:40:31Z</time>
    </trkpt>
    <trkpt lat="50.773684" lon="15.739345">
      <ele>715</ele>
      <time>2026-05-07T14:40:37Z</time>
    </trkpt>
    <trkpt lat="50.773681" lon="15.739248">
      <ele>715</ele>
      <time>2026-05-07T14:40:42Z</time>
    </trkpt>
    <trkpt lat="50.773672" lon="15.739106">
      <ele>714</ele>
      <time>2026-05-07T14:40:50Z</time>
    </trkpt>
    <trkpt lat="50.773664" lon="15.739011">
      <ele>714</ele>
      <time>2026-05-07T14:40:55Z</time>
    </trkpt>
    <trkpt lat="50.773664" lon="15.738979">
      <ele>713</ele>
      <time>2026-05-07T14:40:57Z</time>
    </trkpt>
    <trkpt lat="50.773671" lon="15.738949">
      <ele>713</ele>
      <time>2026-05-07T14:40:59Z</time>
    </trkpt>
    <trkpt lat="50.773703" lon="15.738916">
      <ele>712</ele>
      <time>2026-05-07T14:41:02Z</time>
    </trkpt>
    <trkpt lat="50.773735" lon="15.738893">
      <ele>711</ele>
      <time>2026-05-07T14:41:05Z</time>
    </trkpt>
    <trkpt lat="50.773776" lon="15.738867">
      <ele>710</ele>
      <time>2026-05-07T14:41:09Z</time>
    </trkpt>
    <trkpt lat="50.77382" lon="15.738977">
      <ele>710</ele>
      <time>2026-05-07T14:41:17Z</time>
    </trkpt>
    <trkpt lat="50.77384" lon="15.739018">
      <ele>710</ele>
      <time>2026-05-07T14:41:20Z</time>
    </trkpt>
    <trkpt lat="50.773862" lon="15.739057">
      <ele>709</ele>
      <time>2026-05-07T14:41:23Z</time>
    </trkpt>
    <trkpt lat="50.773887" lon="15.739103">
      <ele>709</ele>
      <time>2026-05-07T14:41:27Z</time>
    </trkpt>
    <trkpt lat="50.773922" lon="15.739161">
      <ele>709</ele>
      <time>2026-05-07T14:41:31Z</time>
    </trkpt>
    <trkpt lat="50.773954" lon="15.739215">
      <ele>709</ele>
      <time>2026-05-07T14:41:36Z</time>
    </trkpt>
    <trkpt lat="50.774004" lon="15.739288">
      <ele>709</ele>
      <time>2026-05-07T14:41:42Z</time>
    </trkpt>
    <trkpt lat="50.774118" lon="15.739417">
      <ele>709</ele>
      <time>2026-05-07T14:41:56Z</time>
    </trkpt>
    <trkpt lat="50.774211" lon="15.739507">
      <ele>709</ele>
      <time>2026-05-07T14:42:06Z</time>
    </trkpt>
    <trkpt lat="50.774305" lon="15.739591">
      <ele>709</ele>
      <time>2026-05-07T14:42:16Z</time>
    </trkpt>
    <trkpt lat="50.774378" lon="15.73967">
      <ele>709</ele>
      <time>2026-05-07T14:42:24Z</time>
    </trkpt>
    <trkpt lat="50.77444" lon="15.739761">
      <ele>709</ele>
      <time>2026-05-07T14:42:32Z</time>
    </trkpt>
    <trkpt lat="50.774501" lon="15.739867">
      <ele>708</ele>
      <time>2026-05-07T14:42:41Z</time>
    </trkpt>
    <trkpt lat="50.774598" lon="15.740062">
      <ele>707</ele>
      <time>2026-05-07T14:42:56Z</time>
    </trkpt>
    <trkpt lat="50.774876" lon="15.740682">
      <ele>708</ele>
      <time>2026-05-07T14:43:41Z</time>
    </trkpt>
    <trkpt lat="50.775039" lon="15.741032">
      <ele>708</ele>
      <time>2026-05-07T14:44:07Z</time>
    </trkpt>
    <trkpt lat="50.775106" lon="15.741143">
      <ele>708</ele>
      <time>2026-05-07T14:44:16Z</time>
    </trkpt>
    <trkpt lat="50.775166" lon="15.741221">
      <ele>708</ele>
      <time>2026-05-07T14:44:24Z</time>
    </trkpt>
    <trkpt lat="50.775275" lon="15.741321">
      <ele>707</ele>
      <time>2026-05-07T14:44:36Z</time>
    </trkpt>
    <trkpt lat="50.775387" lon="15.741418">
      <ele>706</ele>
      <time>2026-05-07T14:44:48Z</time>
    </trkpt>
    <trkpt lat="50.775466" lon="15.741501">
      <ele>705</ele>
      <time>2026-05-07T14:44:57Z</time>
    </trkpt>
    <trkpt lat="50.775536" lon="15.741591">
      <ele>704</ele>
      <time>2026-05-07T14:45:05Z</time>
    </trkpt>
    <trkpt lat="50.775648" lon="15.741772">
      <ele>702</ele>
      <time>2026-05-07T14:45:20Z</time>
    </trkpt>
    <trkpt lat="50.775774" lon="15.741986">
      <ele>701</ele>
      <time>2026-05-07T14:45:38Z</time>
    </trkpt>
    <trkpt lat="50.775907" lon="15.742211">
      <ele>699</ele>
      <time>2026-05-07T14:45:56Z</time>
    </trkpt>
    <trkpt lat="50.775953" lon="15.742292">
      <ele>698</ele>
      <time>2026-05-07T14:46:03Z</time>
    </trkpt>
    <trkpt lat="50.775997" lon="15.742369">
      <ele>697</ele>
      <time>2026-05-07T14:46:09Z</time>
    </trkpt>
    <trkpt lat="50.776068" lon="15.74252">
      <ele>695</ele>
      <time>2026-05-07T14:46:21Z</time>
    </trkpt>
    <trkpt lat="50.776166" lon="15.74282">
      <ele>693</ele>
      <time>2026-05-07T14:46:41Z</time>
    </trkpt>
    <trkpt lat="50.776197" lon="15.743024">
      <ele>692</ele>
      <time>2026-05-07T14:46:53Z</time>
    </trkpt>
    <trkpt lat="50.776223" lon="15.743306">
      <ele>690</ele>
      <time>2026-05-07T14:47:10Z</time>
    </trkpt>
    <trkpt lat="50.776234" lon="15.743466">
      <ele>690</ele>
      <time>2026-05-07T14:47:20Z</time>
    </trkpt>
    <trkpt lat="50.776237" lon="15.743617">
      <ele>689</ele>
      <time>2026-05-07T14:47:29Z</time>
    </trkpt>
    <trkpt lat="50.776235" lon="15.743796">
      <ele>688</ele>
      <time>2026-05-07T14:47:40Z</time>
    </trkpt>
    <trkpt lat="50.776216" lon="15.743986">
      <ele>688</ele>
      <time>2026-05-07T14:47:51Z</time>
    </trkpt>
    <trkpt lat="50.776188" lon="15.744118">
      <ele>687</ele>
      <time>2026-05-07T14:48:00Z</time>
    </trkpt>
    <trkpt lat="50.77614" lon="15.744273">
      <ele>687</ele>
      <time>2026-05-07T14:48:10Z</time>
    </trkpt>
    <trkpt lat="50.776086" lon="15.744398">
      <ele>686</ele>
      <time>2026-05-07T14:48:19Z</time>
    </trkpt>
    <trkpt lat="50.776043" lon="15.744488">
      <ele>686</ele>
      <time>2026-05-07T14:48:26Z</time>
    </trkpt>
    <trkpt lat="50.776079" lon="15.744526">
      <ele>685</ele>
      <time>2026-05-07T14:48:30Z</time>
    </trkpt>
    <trkpt lat="50.77611" lon="15.74456">
      <ele>684</ele>
      <time>2026-05-07T14:48:34Z</time>
    </trkpt>
    <trkpt lat="50.776157" lon="15.744637">
      <ele>683</ele>
      <time>2026-05-07T14:48:40Z</time>
    </trkpt>
    <trkpt lat="50.776328" lon="15.744912">
      <ele>678</ele>
      <time>2026-05-07T14:49:04Z</time>
    </trkpt>
    <trkpt lat="50.776398" lon="15.744978">
      <ele>676</ele>
      <time>2026-05-07T14:49:11Z</time>
    </trkpt>
    <trkpt lat="50.776493" lon="15.745004">
      <ele>674</ele>
      <time>2026-05-07T14:49:21Z</time>
    </trkpt>
    <trkpt lat="50.776566" lon="15.744996">
      <ele>673</ele>
      <time>2026-05-07T14:49:28Z</time>
    </trkpt>
    <trkpt lat="50.776602" lon="15.744948">
      <ele>673</ele>
      <time>2026-05-07T14:49:32Z</time>
    </trkpt>
    <trkpt lat="50.776643" lon="15.744891">
      <ele>673</ele>
      <time>2026-05-07T14:49:37Z</time>
    </trkpt>
    <trkpt lat="50.776661" lon="15.744871">
      <ele>672</ele>
      <time>2026-05-07T14:49:39Z</time>
    </trkpt>
    <trkpt lat="50.776692" lon="15.744838">
      <ele>672</ele>
      <time>2026-05-07T14:49:43Z</time>
    </trkpt>
    <trkpt lat="50.776784" lon="15.744806">
      <ele>670</ele>
      <time>2026-05-07T14:49:52Z</time>
    </trkpt>
    <trkpt lat="50.77686" lon="15.7448">
      <ele>668</ele>
      <time>2026-05-07T14:49:59Z</time>
    </trkpt>
    <trkpt lat="50.776979" lon="15.744805">
      <ele>665</ele>
      <time>2026-05-07T14:50:11Z</time>
    </trkpt>
    <trkpt lat="50.777156" lon="15.744838">
      <ele>664</ele>
      <time>2026-05-07T14:50:28Z</time>
    </trkpt>
    <trkpt lat="50.777318" lon="15.744917">
      <ele>666</ele>
      <time>2026-05-07T14:50:44Z</time>
    </trkpt>
    <trkpt lat="50.777509" lon="15.745051">
      <ele>671</ele>
      <time>2026-05-07T14:51:04Z</time>
    </trkpt>
    <trkpt lat="50.777524" lon="15.745062">
      <ele>672</ele>
      <time>2026-05-07T14:51:06Z</time>
    </trkpt>
    <trkpt lat="50.777557" lon="15.745083">
      <ele>673</ele>
      <time>2026-05-07T14:51:09Z</time>
    </trkpt>
    <trkpt lat="50.77758" lon="15.745045">
      <ele>673</ele>
      <time>2026-05-07T14:51:14Z</time>
    </trkpt>
    <trkpt lat="50.777683" lon="15.744836">
      <ele>675</ele>
      <time>2026-05-07T14:51:39Z</time>
    </trkpt>
    <trkpt lat="50.777715" lon="15.744765">
      <ele>675</ele>
      <time>2026-05-07T14:51:47Z</time>
    </trkpt>
    <trkpt lat="50.77775" lon="15.744685">
      <ele>675</ele>
      <time>2026-05-07T14:51:56Z</time>
    </trkpt>
    <trkpt lat="50.777801" lon="15.744554">
      <ele>675</ele>
      <time>2026-05-07T14:52:11Z</time>
    </trkpt>
    <trkpt lat="50.77784" lon="15.744524">
      <ele>676</ele>
      <time>2026-05-07T14:52:17Z</time>
    </trkpt>
    <trkpt lat="50.777875" lon="15.744512">
      <ele>677</ele>
      <time>2026-05-07T14:52:23Z</time>
    </trkpt>
    <trkpt lat="50.777914" lon="15.744515">
      <ele>678</ele>
      <time>2026-05-07T14:52:29Z</time>
    </trkpt>
    <trkpt lat="50.777991" lon="15.744679">
      <ele>682</ele>
      <time>2026-05-07T14:52:48Z</time>
    </trkpt>
    <trkpt lat="50.777983" lon="15.744827">
      <ele>683</ele>
      <time>2026-05-07T14:53:02Z</time>
    </trkpt>
    <trkpt lat="50.777947" lon="15.744928">
      <ele>683</ele>
      <time>2026-05-07T14:53:13Z</time>
    </trkpt>
    <trkpt lat="50.777859" lon="15.745216">
      <ele>683</ele>
      <time>2026-05-07T14:53:43Z</time>
    </trkpt>
    <trkpt lat="50.777851" lon="15.745372">
      <ele>684</ele>
      <time>2026-05-07T14:53:58Z</time>
    </trkpt>
    <trkpt lat="50.777912" lon="15.745638">
      <ele>690</ele>
      <time>2026-05-07T14:54:26Z</time>
    </trkpt>
    <trkpt lat="50.778011" lon="15.745823">
      <ele>698</ele>
      <time>2026-05-07T14:54:50Z</time>
    </trkpt>
    <trkpt lat="50.777991" lon="15.746093">
      <ele>701</ele>
      <time>2026-05-07T14:55:16Z</time>
    </trkpt>
    <trkpt lat="50.777961" lon="15.746275">
      <ele>702</ele>
      <time>2026-05-07T14:55:34Z</time>
    </trkpt>
    <trkpt lat="50.777779" lon="15.746936">
      <ele>706</ele>
      <time>2026-05-07T14:56:42Z</time>
    </trkpt>
    <trkpt lat="50.777713" lon="15.747187">
      <ele>708</ele>
      <time>2026-05-07T14:57:07Z</time>
    </trkpt>
    <trkpt lat="50.777667" lon="15.747263">
      <ele>708</ele>
      <time>2026-05-07T14:57:17Z</time>
    </trkpt>
    <trkpt lat="50.777584" lon="15.747307">
      <ele>707</ele>
      <time>2026-05-07T14:57:30Z</time>
    </trkpt>
    <trkpt lat="50.777518" lon="15.747389">
      <ele>706</ele>
      <time>2026-05-07T14:57:43Z</time>
    </trkpt>
    <trkpt lat="50.777404" lon="15.747603">
      <ele>706</ele>
      <time>2026-05-07T14:58:09Z</time>
    </trkpt>
    <trkpt lat="50.777365" lon="15.747786">
      <ele>708</ele>
      <time>2026-05-07T14:58:27Z</time>
    </trkpt>
    <trkpt lat="50.777339" lon="15.748138">
      <ele>711</ele>
      <time>2026-05-07T14:59:01Z</time>
    </trkpt>
    <trkpt lat="50.777353" lon="15.74822">
      <ele>713</ele>
      <time>2026-05-07T14:59:09Z</time>
    </trkpt>
    <trkpt lat="50.777385" lon="15.748266">
      <ele>715</ele>
      <time>2026-05-07T14:59:16Z</time>
    </trkpt>
    <trkpt lat="50.777441" lon="15.748207">
      <ele>717</ele>
      <time>2026-05-07T14:59:27Z</time>
    </trkpt>
    <trkpt lat="50.77749" lon="15.748148">
      <ele>718</ele>
      <time>2026-05-07T14:59:36Z</time>
    </trkpt>
    <trkpt lat="50.777545" lon="15.74814">
      <ele>719</ele>
      <time>2026-05-07T14:59:44Z</time>
    </trkpt>
    <trkpt lat="50.777649" lon="15.748212">
      <ele>723</ele>
      <time>2026-05-07T15:00:02Z</time>
    </trkpt>
    <trkpt lat="50.77768" lon="15.748193">
      <ele>723</ele>
      <time>2026-05-07T15:00:07Z</time>
    </trkpt>
    <trkpt lat="50.777706" lon="15.748148">
      <ele>723</ele>
      <time>2026-05-07T15:00:12Z</time>
    </trkpt>
    <trkpt lat="50.777716" lon="15.748038">
      <ele>722</ele>
      <time>2026-05-07T15:00:23Z</time>
    </trkpt>
    <trkpt lat="50.777776" lon="15.74791">
      <ele>722</ele>
      <time>2026-05-07T15:00:38Z</time>
    </trkpt>
    <trkpt lat="50.777808" lon="15.74789">
      <ele>723</ele>
      <time>2026-05-07T15:00:43Z</time>
    </trkpt>
    <trkpt lat="50.777811" lon="15.747803">
      <ele>722</ele>
      <time>2026-05-07T15:00:51Z</time>
    </trkpt>
    <trkpt lat="50.777865" lon="15.747745">
      <ele>721</ele>
      <time>2026-05-07T15:01:01Z</time>
    </trkpt>
    <trkpt lat="50.777918" lon="15.747759">
      <ele>722</ele>
      <time>2026-05-07T15:01:09Z</time>
    </trkpt>
    <trkpt lat="50.778009" lon="15.747773">
      <ele>723</ele>
      <time>2026-05-07T15:01:19Z</time>
    </trkpt>
    <trkpt lat="50.77806" lon="15.747743">
      <ele>724</ele>
      <time>2026-05-07T15:01:25Z</time>
    </trkpt>
    <trkpt lat="50.77812" lon="15.747641">
      <ele>723</ele>
      <time>2026-05-07T15:01:35Z</time>
    </trkpt>
    <trkpt lat="50.778166" lon="15.747544">
      <ele>723</ele>
      <time>2026-05-07T15:01:44Z</time>
    </trkpt>
    <trkpt lat="50.77824" lon="15.747363">
      <ele>722</ele>
      <time>2026-05-07T15:01:59Z</time>
    </trkpt>
    <trkpt lat="50.778312" lon="15.747191">
      <ele>722</ele>
      <time>2026-05-07T15:02:13Z</time>
    </trkpt>
    <trkpt lat="50.778364" lon="15.74707">
      <ele>722</ele>
      <time>2026-05-07T15:02:24Z</time>
    </trkpt>
    <trkpt lat="50.778416" lon="15.746919">
      <ele>721</ele>
      <time>2026-05-07T15:02:36Z</time>
    </trkpt>
    <trkpt lat="50.778506" lon="15.74675">
      <ele>721</ele>
      <time>2026-05-07T15:02:51Z</time>
    </trkpt>
    <trkpt lat="50.778618" lon="15.746573">
      <ele>722</ele>
      <time>2026-05-07T15:03:09Z</time>
    </trkpt>
    <trkpt lat="50.778701" lon="15.746632">
      <ele>722</ele>
      <time>2026-05-07T15:03:17Z</time>
    </trkpt>
    <trkpt lat="50.778752" lon="15.746681">
      <ele>721</ele>
      <time>2026-05-07T15:03:22Z</time>
    </trkpt>
    <trkpt lat="50.778827" lon="15.746768">
      <ele>721</ele>
      <time>2026-05-07T15:03:31Z</time>
    </trkpt>
    <trkpt lat="50.778907" lon="15.746864">
      <ele>720</ele>
      <time>2026-05-07T15:03:40Z</time>
    </trkpt>
    <trkpt lat="50.779044" lon="15.746988">
      <ele>714</ele>
      <time>2026-05-07T15:03:55Z</time>
    </trkpt>
    <trkpt lat="50.779205" lon="15.747102">
      <ele>708</ele>
      <time>2026-05-07T15:04:11Z</time>
    </trkpt>
    <trkpt lat="50.779312" lon="15.747195">
      <ele>705</ele>
      <time>2026-05-07T15:04:22Z</time>
    </trkpt>
    <trkpt lat="50.77936" lon="15.747223">
      <ele>704</ele>
      <time>2026-05-07T15:04:27Z</time>
    </trkpt>
    <trkpt lat="50.77948" lon="15.74729">
      <ele>701</ele>
      <time>2026-05-07T15:04:39Z</time>
    </trkpt>
    <trkpt lat="50.779572" lon="15.747368">
      <ele>697</ele>
      <time>2026-05-07T15:04:48Z</time>
    </trkpt>
    <trkpt lat="50.779729" lon="15.747434">
      <ele>691</ele>
      <time>2026-05-07T15:05:04Z</time>
    </trkpt>
    <trkpt lat="50.779821" lon="15.747485">
      <ele>685</ele>
      <time>2026-05-07T15:05:13Z</time>
    </trkpt>
    <trkpt lat="50.779972" lon="15.747587">
      <ele>678</ele>
      <time>2026-05-07T15:05:29Z</time>
    </trkpt>
    <trkpt lat="50.780145" lon="15.747751">
      <ele>672</ele>
      <time>2026-05-07T15:05:48Z</time>
    </trkpt>
    <trkpt lat="50.780333" lon="15.747893">
      <ele>669</ele>
      <time>2026-05-07T15:06:07Z</time>
    </trkpt>
    <trkpt lat="50.780567" lon="15.748067">
      <ele>667</ele>
      <time>2026-05-07T15:06:30Z</time>
    </trkpt>
    <trkpt lat="50.780974" lon="15.748368">
      <ele>655</ele>
      <time>2026-05-07T15:07:11Z</time>
    </trkpt>
    <trkpt lat="50.781252" lon="15.748545">
      <ele>645</ele>
      <time>2026-05-07T15:07:39Z</time>
    </trkpt>
    <trkpt lat="50.781423" lon="15.748609">
      <ele>638</ele>
      <time>2026-05-07T15:07:56Z</time>
    </trkpt>
    <trkpt lat="50.781477" lon="15.748608">
      <ele>637</ele>
      <time>2026-05-07T15:08:01Z</time>
    </trkpt>
    <trkpt lat="50.781532" lon="15.748601">
      <ele>635</ele>
      <time>2026-05-07T15:08:06Z</time>
    </trkpt>
    <trkpt lat="50.781567" lon="15.748579">
      <ele>635</ele>
      <time>2026-05-07T15:08:09Z</time>
    </trkpt>
    <trkpt lat="50.781615" lon="15.748709">
      <ele>632</ele>
      <time>2026-05-07T15:08:21Z</time>
    </trkpt>
    <trkpt lat="50.781757" lon="15.749282">
      <ele>627</ele>
      <time>2026-05-07T15:09:10Z</time>
    </trkpt>
    <trkpt lat="50.781869" lon="15.74974">
      <ele>624</ele>
      <time>2026-05-07T15:09:49Z</time>
    </trkpt>
    <trkpt lat="50.781972" lon="15.75015">
      <ele>620</ele>
      <time>2026-05-07T15:10:24Z</time>
    </trkpt>
    <trkpt lat="50.78198" lon="15.750205">
      <ele>620</ele>
      <time>2026-05-07T15:10:29Z</time>
    </trkpt>
    <trkpt lat="50.782012" lon="15.750414">
      <ele>619</ele>
      <time>2026-05-07T15:10:46Z</time>
    </trkpt>
    <trkpt lat="50.78202" lon="15.750626">
      <ele>618</ele>
      <time>2026-05-07T15:11:03Z</time>
    </trkpt>
    <trkpt lat="50.782022" lon="15.750683">
      <ele>618</ele>
      <time>2026-05-07T15:11:07Z</time>
    </trkpt>
    <trkpt lat="50.782027" lon="15.750949">
      <ele>618</ele>
      <time>2026-05-07T15:11:28Z</time>
    </trkpt>
    <trkpt lat="50.78203" lon="15.751085">
      <ele>618</ele>
      <time>2026-05-07T15:11:39Z</time>
    </trkpt>
    <trkpt lat="50.782035" lon="15.751363">
      <ele>617</ele>
      <time>2026-05-07T15:12:01Z</time>
    </trkpt>
    <trkpt lat="50.78204" lon="15.751638">
      <ele>615</ele>
      <time>2026-05-07T15:12:23Z</time>
    </trkpt>
    <trkpt lat="50.782041" lon="15.751694">
      <ele>615</ele>
      <time>2026-05-07T15:12:27Z</time>
    </trkpt>
    <trkpt lat="50.782043" lon="15.751749">
      <ele>615</ele>
      <time>2026-05-07T15:12:32Z</time>
    </trkpt>
    <trkpt lat="50.782056" lon="15.752126">
      <ele>613</ele>
      <time>2026-05-07T15:13:02Z</time>
    </trkpt>
    <trkpt lat="50.782058" lon="15.752172">
      <ele>613</ele>
      <time>2026-05-07T15:13:05Z</time>
    </trkpt>
    <trkpt lat="50.782068" lon="15.752378">
      <ele>612</ele>
      <time>2026-05-07T15:13:22Z</time>
    </trkpt>
    <trkpt lat="50.78207" lon="15.752647">
      <ele>611</ele>
      <time>2026-05-07T15:13:43Z</time>
    </trkpt>
    <trkpt lat="50.782067" lon="15.753321">
      <ele>606</ele>
      <time>2026-05-07T15:14:37Z</time>
    </trkpt>
    <trkpt lat="50.782055" lon="15.753401">
      <ele>605</ele>
      <time>2026-05-07T15:14:43Z</time>
    </trkpt>
    <trkpt lat="50.782037" lon="15.753437">
      <ele>605</ele>
      <time>2026-05-07T15:14:47Z</time>
    </trkpt>
    <trkpt lat="50.782021" lon="15.753469">
      <ele>605</ele>
      <time>2026-05-07T15:14:50Z</time>
    </trkpt>
    <trkpt lat="50.781984" lon="15.753502">
      <ele>605</ele>
      <time>2026-05-07T15:14:55Z</time>
    </trkpt>
    <trkpt lat="50.781722" lon="15.753628">
      <ele>602</ele>
      <time>2026-05-07T15:15:30Z</time>
    </trkpt>
    <trkpt lat="50.781666" lon="15.753689">
      <ele>601</ele>
      <time>2026-05-07T15:15:38Z</time>
    </trkpt>
    <trkpt lat="50.78163" lon="15.753768">
      <ele>600</ele>
      <time>2026-05-07T15:15:46Z</time>
    </trkpt>
    <trkpt lat="50.781611" lon="15.753889">
      <ele>599</ele>
      <time>2026-05-07T15:15:56Z</time>
    </trkpt>
    <trkpt lat="50.781624" lon="15.754026">
      <ele>598</ele>
      <time>2026-05-07T15:16:07Z</time>
    </trkpt>
    <trkpt lat="50.781662" lon="15.754181">
      <ele>597</ele>
      <time>2026-05-07T15:16:20Z</time>
    </trkpt>
    <trkpt lat="50.781692" lon="15.754291">
      <ele>595</ele>
      <time>2026-05-07T15:16:30Z</time>
    </trkpt>
    <trkpt lat="50.781698" lon="15.754345">
      <ele>595</ele>
      <time>2026-05-07T15:16:34Z</time>
    </trkpt>
    <trkpt lat="50.781693" lon="15.754398">
      <ele>594</ele>
      <time>2026-05-07T15:16:39Z</time>
    </trkpt>
    <trkpt lat="50.781674" lon="15.754493">
      <ele>592</ele>
      <time>2026-05-07T15:16:47Z</time>
    </trkpt>
    <trkpt lat="50.781619" lon="15.754471">
      <ele>592</ele>
      <time>2026-05-07T15:16:54Z</time>
    </trkpt>
    <trkpt lat="50.781561" lon="15.754444">
      <ele>592</ele>
      <time>2026-05-07T15:17:01Z</time>
    </trkpt>
    <trkpt lat="50.781301" lon="15.754309">
      <ele>591</ele>
      <time>2026-05-07T15:17:35Z</time>
    </trkpt>
    <trkpt lat="50.781179" lon="15.754263">
      <ele>591</ele>
      <time>2026-05-07T15:17:51Z</time>
    </trkpt>
    <trkpt lat="50.781147" lon="15.754253">
      <ele>591</ele>
      <time>2026-05-07T15:17:55Z</time>
    </trkpt>
    <trkpt lat="50.781098" lon="15.75425">
      <ele>591</ele>
      <time>2026-05-07T15:18:01Z</time>
    </trkpt>
    <trkpt lat="50.781037" lon="15.75425">
      <ele>591</ele>
      <time>2026-05-07T15:18:09Z</time>
    </trkpt>
    <trkpt lat="50.780929" lon="15.754271">
      <ele>592</ele>
      <time>2026-05-07T15:18:23Z</time>
    </trkpt>
    <trkpt lat="50.780828" lon="15.754328">
      <ele>592</ele>
      <time>2026-05-07T15:18:36Z</time>
    </trkpt>
    <trkpt lat="50.780587" lon="15.754544">
      <ele>591</ele>
      <time>2026-05-07T15:19:11Z</time>
    </trkpt>
    <trkpt lat="50.780523" lon="15.754585">
      <ele>591</ele>
      <time>2026-05-07T15:19:19Z</time>
    </trkpt>
    <trkpt lat="50.780442" lon="15.754641">
      <ele>592</ele>
      <time>2026-05-07T15:19:31Z</time>
    </trkpt>
    <trkpt lat="50.78038" lon="15.754695">
      <ele>592</ele>
      <time>2026-05-07T15:19:39Z</time>
    </trkpt>
    <trkpt lat="50.780299" lon="15.754733">
      <ele>593</ele>
      <time>2026-05-07T15:19:50Z</time>
    </trkpt>
    <trkpt lat="50.780027" lon="15.7548">
      <ele>597</ele>
      <time>2026-05-07T15:20:25Z</time>
    </trkpt>
    <trkpt lat="50.779894" lon="15.754799">
      <ele>599</ele>
      <time>2026-05-07T15:20:41Z</time>
    </trkpt>
    <trkpt lat="50.779785" lon="15.754789">
      <ele>601</ele>
      <time>2026-05-07T15:20:55Z</time>
    </trkpt>
    <trkpt lat="50.779136" lon="15.754586">
      <ele>611</ele>
      <time>2026-05-07T15:22:19Z</time>
    </trkpt>
    <trkpt lat="50.77908" lon="15.754568">
      <ele>611</ele>
      <time>2026-05-07T15:22:26Z</time>
    </trkpt>
    <trkpt lat="50.779032" lon="15.754559">
      <ele>611</ele>
      <time>2026-05-07T15:22:32Z</time>
    </trkpt>
    <trkpt lat="50.778964" lon="15.754562">
      <ele>610</ele>
      <time>2026-05-07T15:22:41Z</time>
    </trkpt>
    <trkpt lat="50.778809" lon="15.754645">
      <ele>608</ele>
      <time>2026-05-07T15:23:01Z</time>
    </trkpt>
    <trkpt lat="50.778787" lon="15.75466">
      <ele>608</ele>
      <time>2026-05-07T15:23:04Z</time>
    </trkpt>
    <trkpt lat="50.778723" lon="15.7547">
      <ele>607</ele>
      <time>2026-05-07T15:23:13Z</time>
    </trkpt>
    <trkpt lat="50.77864" lon="15.754724">
      <ele>607</ele>
      <time>2026-05-07T15:23:23Z</time>
    </trkpt>
    <trkpt lat="50.77839" lon="15.754679">
      <ele>608</ele>
      <time>2026-05-07T15:23:55Z</time>
    </trkpt>
    <trkpt lat="50.778147" lon="15.754703">
      <ele>608</ele>
      <time>2026-05-07T15:24:25Z</time>
    </trkpt>
    <trkpt lat="50.777943" lon="15.75473">
      <ele>607</ele>
      <time>2026-05-07T15:24:51Z</time>
    </trkpt>
    <trkpt lat="50.777877" lon="15.754766">
      <ele>605</ele>
      <time>2026-05-07T15:25:00Z</time>
    </trkpt>
    <trkpt lat="50.777817" lon="15.754841">
      <ele>603</ele>
      <time>2026-05-07T15:25:10Z</time>
    </trkpt>
    <trkpt lat="50.777789" lon="15.754939">
      <ele>601</ele>
      <time>2026-05-07T15:25:18Z</time>
    </trkpt>
    <trkpt lat="50.777781" lon="15.755093">
      <ele>599</ele>
      <time>2026-05-07T15:25:31Z</time>
    </trkpt>
    <trkpt lat="50.777819" lon="15.755325">
      <ele>595</ele>
      <time>2026-05-07T15:25:50Z</time>
    </trkpt>
    <trkpt lat="50.777853" lon="15.755599">
      <ele>592</ele>
      <time>2026-05-07T15:26:13Z</time>
    </trkpt>
    <trkpt lat="50.777864" lon="15.755836">
      <ele>591</ele>
      <time>2026-05-07T15:26:32Z</time>
    </trkpt>
    <trkpt lat="50.777869" lon="15.755907">
      <ele>590</ele>
      <time>2026-05-07T15:26:37Z</time>
    </trkpt>
    <trkpt lat="50.777884" lon="15.756211">
      <ele>589</ele>
      <time>2026-05-07T15:27:01Z</time>
    </trkpt>
    <trkpt lat="50.777896" lon="15.75666">
      <ele>589</ele>
      <time>2026-05-07T15:27:37Z</time>
    </trkpt>
    <trkpt lat="50.777889" lon="15.756745">
      <ele>589</ele>
      <time>2026-05-07T15:27:44Z</time>
    </trkpt>
    <trkpt lat="50.777875" lon="15.75679">
      <ele>589</ele>
      <time>2026-05-07T15:27:48Z</time>
    </trkpt>
    <trkpt lat="50.777957" lon="15.756894">
      <ele>588</ele>
      <time>2026-05-07T15:28:01Z</time>
    </trkpt>
    <trkpt lat="50.777999" lon="15.756959">
      <ele>588</ele>
      <time>2026-05-07T15:28:08Z</time>
    </trkpt>
    <trkpt lat="50.777934" lon="15.757035">
      <ele>589</ele>
      <time>2026-05-07T15:28:19Z</time>
    </trkpt>
    <trkpt lat="50.777598" lon="15.757407">
      <ele>591</ele>
      <time>2026-05-07T15:29:10Z</time>
    </trkpt>
    <trkpt lat="50.777546" lon="15.757464">
      <ele>591</ele>
      <time>2026-05-07T15:29:18Z</time>
    </trkpt>
    <trkpt lat="50.777462" lon="15.757556">
      <ele>591</ele>
      <time>2026-05-07T15:29:31Z</time>
    </trkpt>
    <trkpt lat="50.777387" lon="15.757624">
      <ele>591</ele>
      <time>2026-05-07T15:29:41Z</time>
    </trkpt>
    <trkpt lat="50.777326" lon="15.757671">
      <ele>592</ele>
      <time>2026-05-07T15:29:50Z</time>
    </trkpt>
    <trkpt lat="50.777225" lon="15.757717">
      <ele>592</ele>
      <time>2026-05-07T15:30:03Z</time>
    </trkpt>
    <trkpt lat="50.777202" lon="15.757724">
      <ele>592</ele>
      <time>2026-05-07T15:30:06Z</time>
    </trkpt>
    <trkpt lat="50.776973" lon="15.757778">
      <ele>596</ele>
      <time>2026-05-07T15:30:35Z</time>
    </trkpt>
    <trkpt lat="50.776923" lon="15.757797">
      <ele>597</ele>
      <time>2026-05-07T15:30:42Z</time>
    </trkpt>
    <trkpt lat="50.77689" lon="15.75782">
      <ele>597</ele>
      <time>2026-05-07T15:30:46Z</time>
    </trkpt>
    <trkpt lat="50.776849" lon="15.757854">
      <ele>598</ele>
      <time>2026-05-07T15:30:52Z</time>
    </trkpt>
    <trkpt lat="50.776751" lon="15.757951">
      <ele>598</ele>
      <time>2026-05-07T15:31:07Z</time>
    </trkpt>
    <trkpt lat="50.776696" lon="15.757995">
      <ele>599</ele>
      <time>2026-05-07T15:31:14Z</time>
    </trkpt>
    <trkpt lat="50.776635" lon="15.758038">
      <ele>599</ele>
      <time>2026-05-07T15:31:23Z</time>
    </trkpt>
    <trkpt lat="50.776365" lon="15.758117">
      <ele>600</ele>
      <time>2026-05-07T15:31:57Z</time>
    </trkpt>
    <trkpt lat="50.776284" lon="15.758141">
      <ele>601</ele>
      <time>2026-05-07T15:32:07Z</time>
    </trkpt>
    <trkpt lat="50.775972" lon="15.758231">
      <ele>603</ele>
      <time>2026-05-07T15:32:47Z</time>
    </trkpt>
    <trkpt lat="50.775861" lon="15.758285">
      <ele>604</ele>
      <time>2026-05-07T15:33:02Z</time>
    </trkpt>
    <trkpt lat="50.775712" lon="15.7584">
      <ele>606</ele>
      <time>2026-05-07T15:33:23Z</time>
    </trkpt>
    <trkpt lat="50.775661" lon="15.758432">
      <ele>606</ele>
      <time>2026-05-07T15:33:29Z</time>
    </trkpt>
    <trkpt lat="50.775653" lon="15.758347">
      <ele>606</ele>
      <time>2026-05-07T15:33:36Z</time>
    </trkpt>
    <trkpt lat="50.775626" lon="15.758054">
      <ele>606</ele>
      <time>2026-05-07T15:34:00Z</time>
    </trkpt>
    <trkpt lat="50.775588" lon="15.758061">
      <ele>607</ele>
      <time>2026-05-07T15:34:05Z</time>
    </trkpt>
    <trkpt lat="50.775578" lon="15.758068">
      <ele>607</ele>
      <time>2026-05-07T15:34:06Z</time>
    </trkpt>
    <trkpt lat="50.775432" lon="15.758165">
      <ele>609</ele>
      <time>2026-05-07T15:34:26Z</time>
    </trkpt>
    <trkpt lat="50.775366" lon="15.758243">
      <ele>610</ele>
      <time>2026-05-07T15:34:36Z</time>
    </trkpt>
    <trkpt lat="50.775286" lon="15.758337">
      <ele>612</ele>
      <time>2026-05-07T15:34:49Z</time>
    </trkpt>
    <trkpt lat="50.775247" lon="15.758383">
      <ele>613</ele>
      <time>2026-05-07T15:34:55Z</time>
    </trkpt>
    <trkpt lat="50.775218" lon="15.758423">
      <ele>613</ele>
      <time>2026-05-07T15:35:00Z</time>
    </trkpt>
    <trkpt lat="50.775118" lon="15.758553">
      <ele>615</ele>
      <time>2026-05-07T15:35:16Z</time>
    </trkpt>
    <trkpt lat="50.775088" lon="15.758586">
      <ele>615</ele>
      <time>2026-05-07T15:35:21Z</time>
    </trkpt>
    <trkpt lat="50.775043" lon="15.758617">
      <ele>615</ele>
      <time>2026-05-07T15:35:27Z</time>
    </trkpt>
    <trkpt lat="50.775007" lon="15.758732">
      <ele>615</ele>
      <time>2026-05-07T15:35:37Z</time>
    </trkpt>
    <trkpt lat="50.774997" lon="15.758793">
      <ele>614</ele>
      <time>2026-05-07T15:35:42Z</time>
    </trkpt>
    <trkpt lat="50.774991" lon="15.75887">
      <ele>613</ele>
      <time>2026-05-07T15:35:48Z</time>
    </trkpt>
    <trkpt lat="50.774987" lon="15.759005">
      <ele>613</ele>
      <time>2026-05-07T15:35:59Z</time>
    </trkpt>
    <trkpt lat="50.774983" lon="15.759089">
      <ele>612</ele>
      <time>2026-05-07T15:36:06Z</time>
    </trkpt>
    <trkpt lat="50.774976" lon="15.759115">
      <ele>612</ele>
      <time>2026-05-07T15:36:08Z</time>
    </trkpt>
    <trkpt lat="50.774965" lon="15.75916">
      <ele>612</ele>
      <time>2026-05-07T15:36:12Z</time>
    </trkpt>
    <trkpt lat="50.774941" lon="15.759228">
      <ele>612</ele>
      <time>2026-05-07T15:36:18Z</time>
    </trkpt>
    <trkpt lat="50.774624" lon="15.760075">
      <ele>603</ele>
      <time>2026-05-07T15:37:36Z</time>
    </trkpt>
    <trkpt lat="50.774505" lon="15.76036">
      <ele>600</ele>
      <time>2026-05-07T15:38:04Z</time>
    </trkpt>
    <trkpt lat="50.774487" lon="15.760419">
      <ele>598</ele>
      <time>2026-05-07T15:38:09Z</time>
    </trkpt>
    <trkpt lat="50.77465" lon="15.760534">
      <ele>598</ele>
      <time>2026-05-07T15:38:26Z</time>
    </trkpt>
    <trkpt lat="50.774741" lon="15.76058">
      <ele>598</ele>
      <time>2026-05-07T15:38:35Z</time>
    </trkpt>
    <trkpt lat="50.774846" lon="15.760598">
      <ele>598</ele>
      <time>2026-05-07T15:38:45Z</time>
    </trkpt>
    <trkpt lat="50.774945" lon="15.760593">
      <ele>600</ele>
      <time>2026-05-07T15:38:54Z</time>
    </trkpt>
    <trkpt lat="50.775086" lon="15.760568">
      <ele>601</ele>
      <time>2026-05-07T15:39:08Z</time>
    </trkpt>
    <trkpt lat="50.775626" lon="15.760422">
      <ele>601</ele>
      <time>2026-05-07T15:40:00Z</time>
    </trkpt>
    <trkpt lat="50.775995" lon="15.760347">
      <ele>599</ele>
      <time>2026-05-07T15:40:35Z</time>
    </trkpt>
    <trkpt lat="50.776014" lon="15.76034">
      <ele>599</ele>
      <time>2026-05-07T15:40:37Z</time>
    </trkpt>
    <trkpt lat="50.776028" lon="15.760335">
      <ele>599</ele>
      <time>2026-05-07T15:40:38Z</time>
    </trkpt>
    <trkpt lat="50.776063" lon="15.760321">
      <ele>599</ele>
      <time>2026-05-07T15:40:41Z</time>
    </trkpt>
    <trkpt lat="50.776083" lon="15.760311">
      <ele>599</ele>
      <time>2026-05-07T15:40:43Z</time>
    </trkpt>
    <trkpt lat="50.77611" lon="15.76029">
      <ele>599</ele>
      <time>2026-05-07T15:40:46Z</time>
    </trkpt>
    <trkpt lat="50.776136" lon="15.760252">
      <ele>599</ele>
      <time>2026-05-07T15:40:50Z</time>
    </trkpt>
    <trkpt lat="50.776129" lon="15.760232">
      <ele>599</ele>
      <time>2026-05-07T15:40:51Z</time>
    </trkpt>
    <trkpt lat="50.776125" lon="15.760209">
      <ele>600</ele>
      <time>2026-05-07T15:40:52Z</time>
    </trkpt>
    <trkpt lat="50.776125" lon="15.760185">
      <ele>600</ele>
      <time>2026-05-07T15:40:54Z</time>
    </trkpt>
    <trkpt lat="50.776129" lon="15.760162">
      <ele>600</ele>
      <time>2026-05-07T15:40:55Z</time>
    </trkpt>
    <trkpt lat="50.776137" lon="15.760142">
      <ele>600</ele>
      <time>2026-05-07T15:40:57Z</time>
    </trkpt>
    <trkpt lat="50.776148" lon="15.760125">
      <ele>600</ele>
      <time>2026-05-07T15:40:58Z</time>
    </trkpt>
    <trkpt lat="50.776162" lon="15.760114">
      <ele>600</ele>
      <time>2026-05-07T15:41:00Z</time>
    </trkpt>
    <trkpt lat="50.776177" lon="15.760109">
      <ele>600</ele>
      <time>2026-05-07T15:41:01Z</time>
    </trkpt>
    <trkpt lat="50.776193" lon="15.760112">
      <ele>600</ele>
      <time>2026-05-07T15:41:03Z</time>
    </trkpt>
    <trkpt lat="50.776207" lon="15.760121">
      <ele>600</ele>
      <time>2026-05-07T15:41:04Z</time>
    </trkpt>
    <trkpt lat="50.77622" lon="15.760136">
      <ele>600</ele>
      <time>2026-05-07T15:41:06Z</time>
    </trkpt>
    <trkpt lat="50.776229" lon="15.760156">
      <ele>599</ele>
      <time>2026-05-07T15:41:07Z</time>
    </trkpt>
    <trkpt lat="50.776234" lon="15.760179">
      <ele>599</ele>
      <time>2026-05-07T15:41:09Z</time>
    </trkpt>
    <trkpt lat="50.776235" lon="15.760204">
      <ele>599</ele>
      <time>2026-05-07T15:41:10Z</time>
    </trkpt>
    <trkpt lat="50.776232" lon="15.760229">
      <ele>599</ele>
      <time>2026-05-07T15:41:12Z</time>
    </trkpt>
    <trkpt lat="50.776262" lon="15.760243">
      <ele>598</ele>
      <time>2026-05-07T15:41:15Z</time>
    </trkpt>
    <trkpt lat="50.776313" lon="15.760265">
      <ele>598</ele>
      <time>2026-05-07T15:41:20Z</time>
    </trkpt>
    <trkpt lat="50.776402" lon="15.760303">
      <ele>597</ele>
      <time>2026-05-07T15:41:28Z</time>
    </trkpt>
    <trkpt lat="50.776506" lon="15.760387">
      <ele>595</ele>
      <time>2026-05-07T15:41:40Z</time>
    </trkpt>
    <trkpt lat="50.776588" lon="15.760453">
      <ele>594</ele>
      <time>2026-05-07T15:41:48Z</time>
    </trkpt>
    <trkpt lat="50.776654" lon="15.760499">
      <ele>593</ele>
      <time>2026-05-07T15:41:55Z</time>
    </trkpt>
    <trkpt lat="50.777415" lon="15.761064">
      <ele>590</ele>
      <time>2026-05-07T15:43:15Z</time>
    </trkpt>
    <trkpt lat="50.777562" lon="15.761199">
      <ele>589</ele>
      <time>2026-05-07T15:43:31Z</time>
    </trkpt>
    <trkpt lat="50.77787" lon="15.761515">
      <ele>587</ele>
      <time>2026-05-07T15:44:06Z</time>
    </trkpt>
    <trkpt lat="50.778256" lon="15.76185">
      <ele>582</ele>
      <time>2026-05-07T15:44:47Z</time>
    </trkpt>
    <trkpt lat="50.778472" lon="15.762017">
      <ele>580</ele>
      <time>2026-05-07T15:45:10Z</time>
    </trkpt>
    <trkpt lat="50.778488" lon="15.762029">
      <ele>580</ele>
      <time>2026-05-07T15:45:12Z</time>
    </trkpt>
    <trkpt lat="50.778509" lon="15.762044">
      <ele>580</ele>
      <time>2026-05-07T15:45:14Z</time>
    </trkpt>
    <trkpt lat="50.778635" lon="15.762139">
      <ele>579</ele>
      <time>2026-05-07T15:45:27Z</time>
    </trkpt>
    <trkpt lat="50.778994" lon="15.762391">
      <ele>577</ele>
      <time>2026-05-07T15:46:04Z</time>
    </trkpt>
    <trkpt lat="50.779135" lon="15.762465">
      <ele>576</ele>
      <time>2026-05-07T15:46:19Z</time>
    </trkpt>
    <trkpt lat="50.779313" lon="15.762558">
      <ele>575</ele>
      <time>2026-05-07T15:46:36Z</time>
    </trkpt>
    <trkpt lat="50.779338" lon="15.76257">
      <ele>575</ele>
      <time>2026-05-07T15:46:39Z</time>
    </trkpt>
    <trkpt lat="50.779383" lon="15.762592">
      <ele>575</ele>
      <time>2026-05-07T15:46:43Z</time>
    </trkpt>
    <trkpt lat="50.779597" lon="15.762701">
      <ele>574</ele>
      <time>2026-05-07T15:47:05Z</time>
    </trkpt>
    <trkpt lat="50.779827" lon="15.762803">
      <ele>572</ele>
      <time>2026-05-07T15:47:27Z</time>
    </trkpt>
    <trkpt lat="50.779936" lon="15.762824">
      <ele>572</ele>
      <time>2026-05-07T15:47:38Z</time>
    </trkpt>
    <trkpt lat="50.78009" lon="15.762849">
      <ele>572</ele>
      <time>2026-05-07T15:47:52Z</time>
    </trkpt>
    <trkpt lat="50.780528" lon="15.762854">
      <ele>570</ele>
      <time>2026-05-07T15:48:34Z</time>
    </trkpt>
    <trkpt lat="50.780555" lon="15.762856">
      <ele>570</ele>
      <time>2026-05-07T15:48:36Z</time>
    </trkpt>
    <trkpt lat="50.780602" lon="15.762858">
      <ele>569</ele>
      <time>2026-05-07T15:48:41Z</time>
    </trkpt>
    <trkpt lat="50.780641" lon="15.762859">
      <ele>569</ele>
      <time>2026-05-07T15:48:44Z</time>
    </trkpt>
    <trkpt lat="50.78073" lon="15.762868">
      <ele>568</ele>
      <time>2026-05-07T15:48:53Z</time>
    </trkpt>
    <trkpt lat="50.780897" lon="15.762903">
      <ele>566</ele>
      <time>2026-05-07T15:49:09Z</time>
    </trkpt>
    <trkpt lat="50.781006" lon="15.762937">
      <ele>565</ele>
      <time>2026-05-07T15:49:19Z</time>
    </trkpt>
    <trkpt lat="50.781034" lon="15.762851">
      <ele>565</ele>
      <time>2026-05-07T15:49:25Z</time>
    </trkpt>
    <trkpt lat="50.781207" lon="15.762549">
      <ele>563</ele>
      <time>2026-05-07T15:49:50Z</time>
    </trkpt>
    <trkpt lat="50.781254" lon="15.762476">
      <ele>563</ele>
      <time>2026-05-07T15:49:56Z</time>
    </trkpt>
    <trkpt lat="50.781306" lon="15.762416">
      <ele>563</ele>
      <time>2026-05-07T15:50:02Z</time>
    </trkpt>
    <trkpt lat="50.781351" lon="15.762372">
      <ele>562</ele>
      <time>2026-05-07T15:50:07Z</time>
    </trkpt>
    <trkpt lat="50.78141" lon="15.762327">
      <ele>562</ele>
      <time>2026-05-07T15:50:13Z</time>
    </trkpt>
    <trkpt lat="50.781464" lon="15.762301">
      <ele>562</ele>
      <time>2026-05-07T15:50:18Z</time>
    </trkpt>
    <trkpt lat="50.781506" lon="15.762288">
      <ele>561</ele>
      <time>2026-05-07T15:50:23Z</time>
    </trkpt>
    <trkpt lat="50.781547" lon="15.762277">
      <ele>561</ele>
      <time>2026-05-07T15:50:26Z</time>
    </trkpt>
    <trkpt lat="50.781937" lon="15.762213">
      <ele>555</ele>
      <time>2026-05-07T15:51:04Z</time>
    </trkpt>
    <trkpt lat="50.781976" lon="15.762181">
      <ele>554</ele>
      <time>2026-05-07T15:51:08Z</time>
    </trkpt>
    <trkpt lat="50.782032" lon="15.762081">
      <ele>553</ele>
      <time>2026-05-07T15:51:16Z</time>
    </trkpt>
    <trkpt lat="50.782164" lon="15.762123">
      <ele>551</ele>
      <time>2026-05-07T15:51:29Z</time>
    </trkpt>
    <trkpt lat="50.782167" lon="15.762072">
      <ele>551</ele>
      <time>2026-05-07T15:51:32Z</time>
    </trkpt>
    <trkpt lat="50.782176" lon="15.761898">
      <ele>549</ele>
      <time>2026-05-07T15:51:43Z</time>
    </trkpt>
    <trkpt lat="50.782256" lon="15.761904">
      <ele>549</ele>
      <time>2026-05-07T15:51:50Z</time>
    </trkpt>
    <trkpt lat="50.782472" lon="15.761934">
      <ele>548</ele>
      <time>2026-05-07T15:52:11Z</time>
    </trkpt>
    <trkpt lat="50.782727" lon="15.76198">
      <ele>547</ele>
      <time>2026-05-07T15:52:35Z</time>
    </trkpt>
    <trkpt lat="50.782785" lon="15.761991">
      <ele>547</ele>
      <time>2026-05-07T15:52:41Z</time>
    </trkpt>
    <trkpt lat="50.782843" lon="15.762003">
      <ele>547</ele>
      <time>2026-05-07T15:52:46Z</time>
    </trkpt>
    <trkpt lat="50.782853" lon="15.762003">
      <ele>547</ele>
      <time>2026-05-07T15:52:47Z</time>
    </trkpt>
    <trkpt lat="50.782863" lon="15.762">
      <ele>547</ele>
      <time>2026-05-07T15:52:48Z</time>
    </trkpt>
    <trkpt lat="50.782871" lon="15.761996">
      <ele>547</ele>
      <time>2026-05-07T15:52:49Z</time>
    </trkpt>
    <trkpt lat="50.782878" lon="15.761989">
      <ele>547</ele>
      <time>2026-05-07T15:52:50Z</time>
    </trkpt>
    <trkpt lat="50.782883" lon="15.761984">
      <ele>546</ele>
      <time>2026-05-07T15:52:50Z</time>
    </trkpt>
    <trkpt lat="50.78289" lon="15.761974">
      <ele>546</ele>
      <time>2026-05-07T15:52:51Z</time>
    </trkpt>
    <trkpt lat="50.782923" lon="15.761922">
      <ele>546</ele>
      <time>2026-05-07T15:52:55Z</time>
    </trkpt>
    <trkpt lat="50.782938" lon="15.761899">
      <ele>545</ele>
      <time>2026-05-07T15:52:57Z</time>
    </trkpt>
    <trkpt lat="50.782964" lon="15.761942">
      <ele>546</ele>
      <time>2026-05-07T15:53:01Z</time>
    </trkpt>
    <trkpt lat="50.783033" lon="15.761874">
      <ele>543</ele>
      <time>2026-05-07T15:53:09Z</time>
    </trkpt>
  </trkseg>
</trk>
</gpx>