<?xml version="1.0" encoding="UTF-8"?><gpx creator="https://mapa-turystyczna.pl" xmlns="http://www.topografix.com/GPX/1/1" version="1.1" xmlns:xsi="http://www.w3.org/2001/XMLSchema-instance" xsi:schemaLocation="http://www.topografix.com/GPX/1/1 http://www.topografix.com/GPX/1/1/gpx.xsd">
  <metadata>
    <link href="https://mapa-turystyczna.pl">
      <text>mapa-turystyczna.pl</text>
    </link>
    <time>2026-05-07T08:43:09Z</time>
    <bounds maxlat="50.778397" maxlon="15.739738" minlat="50.736115" minlon="15.699198"/>
  </metadata>

<trk>
  <name>Trasa z: Świątynia Wang</name>
  <link href="https://mapa-turystyczna.pl/route/okoq">
    <text>Trasa z: Świątynia Wang</text>
  </link>
  <trkseg>
    <trkpt lat="50.777121" lon="15.723831">
      <ele>882</ele>
      <time>2026-05-07T08:43:09Z</time>
    </trkpt>
    <trkpt lat="50.777138" lon="15.723674">
      <ele>885</ele>
      <time>2026-05-07T08:43:25Z</time>
    </trkpt>
    <trkpt lat="50.777161" lon="15.723439">
      <ele>889</ele>
      <time>2026-05-07T08:43:49Z</time>
    </trkpt>
    <trkpt lat="50.777195" lon="15.723002">
      <ele>896</ele>
      <time>2026-05-07T08:44:33Z</time>
    </trkpt>
    <trkpt lat="50.777209" lon="15.722573">
      <ele>900</ele>
      <time>2026-05-07T08:45:15Z</time>
    </trkpt>
    <trkpt lat="50.777204" lon="15.722404">
      <ele>902</ele>
      <time>2026-05-07T08:45:32Z</time>
    </trkpt>
    <trkpt lat="50.777185" lon="15.722197">
      <ele>903</ele>
      <time>2026-05-07T08:45:52Z</time>
    </trkpt>
    <trkpt lat="50.777073" lon="15.721787">
      <ele>906</ele>
      <time>2026-05-07T08:46:36Z</time>
    </trkpt>
    <trkpt lat="50.77698" lon="15.721453">
      <ele>908</ele>
      <time>2026-05-07T08:47:12Z</time>
    </trkpt>
    <trkpt lat="50.776963" lon="15.721296">
      <ele>908</ele>
      <time>2026-05-07T08:47:27Z</time>
    </trkpt>
    <trkpt lat="50.776958" lon="15.721132">
      <ele>908</ele>
      <time>2026-05-07T08:47:43Z</time>
    </trkpt>
    <trkpt lat="50.776976" lon="15.720778">
      <ele>909</ele>
      <time>2026-05-07T08:48:18Z</time>
    </trkpt>
    <trkpt lat="50.776961" lon="15.720639">
      <ele>910</ele>
      <time>2026-05-07T08:48:32Z</time>
    </trkpt>
    <trkpt lat="50.776905" lon="15.720483">
      <ele>910</ele>
      <time>2026-05-07T08:48:49Z</time>
    </trkpt>
    <trkpt lat="50.776715" lon="15.720137">
      <ele>912</ele>
      <time>2026-05-07T08:49:34Z</time>
    </trkpt>
    <trkpt lat="50.776532" lon="15.719768">
      <ele>918</ele>
      <time>2026-05-07T08:50:20Z</time>
    </trkpt>
    <trkpt lat="50.776483" lon="15.719628">
      <ele>920</ele>
      <time>2026-05-07T08:50:36Z</time>
    </trkpt>
    <trkpt lat="50.776449" lon="15.719467">
      <ele>922</ele>
      <time>2026-05-07T08:50:53Z</time>
    </trkpt>
    <trkpt lat="50.776434" lon="15.719306">
      <ele>925</ele>
      <time>2026-05-07T08:51:09Z</time>
    </trkpt>
    <trkpt lat="50.77645" lon="15.718684">
      <ele>934</ele>
      <time>2026-05-07T08:52:11Z</time>
    </trkpt>
    <trkpt lat="50.77643" lon="15.718382">
      <ele>938</ele>
      <time>2026-05-07T08:52:41Z</time>
    </trkpt>
    <trkpt lat="50.776405" lon="15.718246">
      <ele>940</ele>
      <time>2026-05-07T08:52:55Z</time>
    </trkpt>
    <trkpt lat="50.776359" lon="15.718104">
      <ele>941</ele>
      <time>2026-05-07T08:53:11Z</time>
    </trkpt>
    <trkpt lat="50.776244" lon="15.717844">
      <ele>943</ele>
      <time>2026-05-07T08:53:42Z</time>
    </trkpt>
    <trkpt lat="50.776079" lon="15.717512">
      <ele>946</ele>
      <time>2026-05-07T08:54:23Z</time>
    </trkpt>
    <trkpt lat="50.775789" lon="15.716924">
      <ele>952</ele>
      <time>2026-05-07T08:55:37Z</time>
    </trkpt>
    <trkpt lat="50.775502" lon="15.716242">
      <ele>956</ele>
      <time>2026-05-07T08:56:57Z</time>
    </trkpt>
    <trkpt lat="50.775343" lon="15.715907">
      <ele>958</ele>
      <time>2026-05-07T08:57:38Z</time>
    </trkpt>
    <trkpt lat="50.775228" lon="15.71564">
      <ele>957</ele>
      <time>2026-05-07T08:58:09Z</time>
    </trkpt>
    <trkpt lat="50.775024" lon="15.715422">
      <ele>959</ele>
      <time>2026-05-07T08:58:42Z</time>
    </trkpt>
    <trkpt lat="50.774767" lon="15.715206">
      <ele>959</ele>
      <time>2026-05-07T08:59:20Z</time>
    </trkpt>
    <trkpt lat="50.774526" lon="15.714977">
      <ele>960</ele>
      <time>2026-05-07T08:59:58Z</time>
    </trkpt>
    <trkpt lat="50.774315" lon="15.714791">
      <ele>962</ele>
      <time>2026-05-07T09:00:30Z</time>
    </trkpt>
    <trkpt lat="50.774166" lon="15.714694">
      <ele>962</ele>
      <time>2026-05-07T09:00:51Z</time>
    </trkpt>
    <trkpt lat="50.774035" lon="15.714656">
      <ele>964</ele>
      <time>2026-05-07T09:01:09Z</time>
    </trkpt>
    <trkpt lat="50.77384" lon="15.714425">
      <ele>967</ele>
      <time>2026-05-07T09:01:55Z</time>
    </trkpt>
    <trkpt lat="50.773089" lon="15.713796">
      <ele>977</ele>
      <time>2026-05-07T09:04:33Z</time>
    </trkpt>
    <trkpt lat="50.772724" lon="15.713603">
      <ele>983</ele>
      <time>2026-05-07T09:05:44Z</time>
    </trkpt>
    <trkpt lat="50.772606" lon="15.713523">
      <ele>986</ele>
      <time>2026-05-07T09:06:09Z</time>
    </trkpt>
    <trkpt lat="50.772496" lon="15.713477">
      <ele>989</ele>
      <time>2026-05-07T09:06:30Z</time>
    </trkpt>
    <trkpt lat="50.772397" lon="15.71348">
      <ele>990</ele>
      <time>2026-05-07T09:06:49Z</time>
    </trkpt>
    <trkpt lat="50.772302" lon="15.713434">
      <ele>991</ele>
      <time>2026-05-07T09:07:07Z</time>
    </trkpt>
    <trkpt lat="50.772134" lon="15.713327">
      <ele>995</ele>
      <time>2026-05-07T09:07:41Z</time>
    </trkpt>
    <trkpt lat="50.771925" lon="15.713298">
      <ele>1001</ele>
      <time>2026-05-07T09:08:21Z</time>
    </trkpt>
    <trkpt lat="50.771537" lon="15.7133">
      <ele>1012</ele>
      <time>2026-05-07T09:09:35Z</time>
    </trkpt>
    <trkpt lat="50.771403" lon="15.713268">
      <ele>1014</ele>
      <time>2026-05-07T09:10:01Z</time>
    </trkpt>
    <trkpt lat="50.77131" lon="15.713212">
      <ele>1016</ele>
      <time>2026-05-07T09:10:19Z</time>
    </trkpt>
    <trkpt lat="50.771238" lon="15.713123">
      <ele>1017</ele>
      <time>2026-05-07T09:10:36Z</time>
    </trkpt>
    <trkpt lat="50.771132" lon="15.712889">
      <ele>1020</ele>
      <time>2026-05-07T09:11:10Z</time>
    </trkpt>
    <trkpt lat="50.771086" lon="15.712812">
      <ele>1021</ele>
      <time>2026-05-07T09:11:23Z</time>
    </trkpt>
    <trkpt lat="50.771055" lon="15.712753">
      <ele>1022</ele>
      <time>2026-05-07T09:11:32Z</time>
    </trkpt>
    <trkpt lat="50.77094" lon="15.71263">
      <ele>1025</ele>
      <time>2026-05-07T09:11:58Z</time>
    </trkpt>
    <trkpt lat="50.770816" lon="15.712525">
      <ele>1029</ele>
      <time>2026-05-07T09:12:25Z</time>
    </trkpt>
    <trkpt lat="50.770729" lon="15.712394">
      <ele>1031</ele>
      <time>2026-05-07T09:12:48Z</time>
    </trkpt>
    <trkpt lat="50.770648" lon="15.712185">
      <ele>1035</ele>
      <time>2026-05-07T09:13:17Z</time>
    </trkpt>
    <trkpt lat="50.770521" lon="15.711916">
      <ele>1039</ele>
      <time>2026-05-07T09:13:57Z</time>
    </trkpt>
    <trkpt lat="50.770417" lon="15.71178">
      <ele>1039</ele>
      <time>2026-05-07T09:14:22Z</time>
    </trkpt>
    <trkpt lat="50.770239" lon="15.711659">
      <ele>1039</ele>
      <time>2026-05-07T09:14:57Z</time>
    </trkpt>
    <trkpt lat="50.770104" lon="15.711557">
      <ele>1038</ele>
      <time>2026-05-07T09:15:25Z</time>
    </trkpt>
    <trkpt lat="50.769942" lon="15.71138">
      <ele>1039</ele>
      <time>2026-05-07T09:16:02Z</time>
    </trkpt>
    <trkpt lat="50.769773" lon="15.711173">
      <ele>1040</ele>
      <time>2026-05-07T09:16:41Z</time>
    </trkpt>
    <trkpt lat="50.769623" lon="15.711018">
      <ele>1040</ele>
      <time>2026-05-07T09:17:14Z</time>
    </trkpt>
    <trkpt lat="50.769474" lon="15.710927">
      <ele>1040</ele>
      <time>2026-05-07T09:17:44Z</time>
    </trkpt>
    <trkpt lat="50.769315" lon="15.710798">
      <ele>1039</ele>
      <time>2026-05-07T09:18:17Z</time>
    </trkpt>
    <trkpt lat="50.769125" lon="15.710674">
      <ele>1039</ele>
      <time>2026-05-07T09:18:55Z</time>
    </trkpt>
    <trkpt lat="50.768943" lon="15.710546">
      <ele>1038</ele>
      <time>2026-05-07T09:19:32Z</time>
    </trkpt>
    <trkpt lat="50.768652" lon="15.710362">
      <ele>1037</ele>
      <time>2026-05-07T09:20:30Z</time>
    </trkpt>
    <trkpt lat="50.76847" lon="15.710193">
      <ele>1039</ele>
      <time>2026-05-07T09:21:09Z</time>
    </trkpt>
    <trkpt lat="50.768235" lon="15.709982">
      <ele>1041</ele>
      <time>2026-05-07T09:21:40Z</time>
    </trkpt>
    <trkpt lat="50.768068" lon="15.709824">
      <ele>1042</ele>
      <time>2026-05-07T09:22:03Z</time>
    </trkpt>
    <trkpt lat="50.766915" lon="15.70892">
      <ele>1053</ele>
      <time>2026-05-07T09:24:33Z</time>
    </trkpt>
    <trkpt lat="50.766865" lon="15.708867">
      <ele>1053</ele>
      <time>2026-05-07T09:24:40Z</time>
    </trkpt>
    <trkpt lat="50.766834" lon="15.708822">
      <ele>1053</ele>
      <time>2026-05-07T09:24:45Z</time>
    </trkpt>
    <trkpt lat="50.766804" lon="15.708768">
      <ele>1053</ele>
      <time>2026-05-07T09:24:50Z</time>
    </trkpt>
    <trkpt lat="50.766771" lon="15.708692">
      <ele>1053</ele>
      <time>2026-05-07T09:24:57Z</time>
    </trkpt>
    <trkpt lat="50.766478" lon="15.707831">
      <ele>1054</ele>
      <time>2026-05-07T09:26:09Z</time>
    </trkpt>
    <trkpt lat="50.766289" lon="15.707336">
      <ele>1054</ele>
      <time>2026-05-07T09:26:52Z</time>
    </trkpt>
    <trkpt lat="50.766101" lon="15.706878">
      <ele>1055</ele>
      <time>2026-05-07T09:27:32Z</time>
    </trkpt>
    <trkpt lat="50.76603" lon="15.706716">
      <ele>1055</ele>
      <time>2026-05-07T09:27:47Z</time>
    </trkpt>
    <trkpt lat="50.765314" lon="15.705235">
      <ele>1065</ele>
      <time>2026-05-07T09:30:05Z</time>
    </trkpt>
    <trkpt lat="50.765109" lon="15.704773">
      <ele>1069</ele>
      <time>2026-05-07T09:30:47Z</time>
    </trkpt>
    <trkpt lat="50.765074" lon="15.704722">
      <ele>1069</ele>
      <time>2026-05-07T09:30:52Z</time>
    </trkpt>
    <trkpt lat="50.765024" lon="15.704682">
      <ele>1068</ele>
      <time>2026-05-07T09:30:59Z</time>
    </trkpt>
    <trkpt lat="50.764939" lon="15.704675">
      <ele>1067</ele>
      <time>2026-05-07T09:31:09Z</time>
    </trkpt>
    <trkpt lat="50.764847" lon="15.704706">
      <ele>1071</ele>
      <time>2026-05-07T09:31:24Z</time>
    </trkpt>
    <trkpt lat="50.76446" lon="15.704801">
      <ele>1078</ele>
      <time>2026-05-07T09:32:24Z</time>
    </trkpt>
    <trkpt lat="50.764086" lon="15.704892">
      <ele>1081</ele>
      <time>2026-05-07T09:33:20Z</time>
    </trkpt>
    <trkpt lat="50.76399" lon="15.704905">
      <ele>1081</ele>
      <time>2026-05-07T09:33:35Z</time>
    </trkpt>
    <trkpt lat="50.763752" lon="15.704828">
      <ele>1082</ele>
      <time>2026-05-07T09:34:11Z</time>
    </trkpt>
    <trkpt lat="50.763319" lon="15.704694">
      <ele>1083</ele>
      <time>2026-05-07T09:35:17Z</time>
    </trkpt>
    <trkpt lat="50.762924" lon="15.704522">
      <ele>1084</ele>
      <time>2026-05-07T09:36:18Z</time>
    </trkpt>
    <trkpt lat="50.762299" lon="15.704164">
      <ele>1087</ele>
      <time>2026-05-07T09:37:58Z</time>
    </trkpt>
    <trkpt lat="50.76215" lon="15.704121">
      <ele>1088</ele>
      <time>2026-05-07T09:38:21Z</time>
    </trkpt>
    <trkpt lat="50.762047" lon="15.704113">
      <ele>1088</ele>
      <time>2026-05-07T09:38:36Z</time>
    </trkpt>
    <trkpt lat="50.761648" lon="15.7042">
      <ele>1086</ele>
      <time>2026-05-07T09:39:37Z</time>
    </trkpt>
    <trkpt lat="50.761429" lon="15.704221">
      <ele>1086</ele>
      <time>2026-05-07T09:40:09Z</time>
    </trkpt>
    <trkpt lat="50.76106" lon="15.704291">
      <ele>1084</ele>
      <time>2026-05-07T09:41:05Z</time>
    </trkpt>
    <trkpt lat="50.760772" lon="15.704336">
      <ele>1083</ele>
      <time>2026-05-07T09:41:48Z</time>
    </trkpt>
    <trkpt lat="50.760292" lon="15.704332">
      <ele>1085</ele>
      <time>2026-05-07T09:43:00Z</time>
    </trkpt>
    <trkpt lat="50.759929" lon="15.704332">
      <ele>1087</ele>
      <time>2026-05-07T09:43:55Z</time>
    </trkpt>
    <trkpt lat="50.759733" lon="15.704291">
      <ele>1088</ele>
      <time>2026-05-07T09:44:24Z</time>
    </trkpt>
    <trkpt lat="50.759549" lon="15.704212">
      <ele>1089</ele>
      <time>2026-05-07T09:44:53Z</time>
    </trkpt>
    <trkpt lat="50.759249" lon="15.703987">
      <ele>1093</ele>
      <time>2026-05-07T09:45:43Z</time>
    </trkpt>
    <trkpt lat="50.759141" lon="15.703904">
      <ele>1095</ele>
      <time>2026-05-07T09:46:01Z</time>
    </trkpt>
    <trkpt lat="50.759076" lon="15.703896">
      <ele>1095</ele>
      <time>2026-05-07T09:46:11Z</time>
    </trkpt>
    <trkpt lat="50.758971" lon="15.70394">
      <ele>1095</ele>
      <time>2026-05-07T09:46:27Z</time>
    </trkpt>
    <trkpt lat="50.758874" lon="15.703997">
      <ele>1095</ele>
      <time>2026-05-07T09:46:43Z</time>
    </trkpt>
    <trkpt lat="50.758781" lon="15.703933">
      <ele>1095</ele>
      <time>2026-05-07T09:46:58Z</time>
    </trkpt>
    <trkpt lat="50.758684" lon="15.703846">
      <ele>1096</ele>
      <time>2026-05-07T09:47:15Z</time>
    </trkpt>
    <trkpt lat="50.758576" lon="15.703765">
      <ele>1097</ele>
      <time>2026-05-07T09:47:33Z</time>
    </trkpt>
    <trkpt lat="50.758384" lon="15.70361">
      <ele>1100</ele>
      <time>2026-05-07T09:48:05Z</time>
    </trkpt>
    <trkpt lat="50.758017" lon="15.703304">
      <ele>1103</ele>
      <time>2026-05-07T09:49:07Z</time>
    </trkpt>
    <trkpt lat="50.757863" lon="15.703167">
      <ele>1106</ele>
      <time>2026-05-07T09:49:34Z</time>
    </trkpt>
    <trkpt lat="50.757678" lon="15.702987">
      <ele>1110</ele>
      <time>2026-05-07T09:50:07Z</time>
    </trkpt>
    <trkpt lat="50.757588" lon="15.702934">
      <ele>1112</ele>
      <time>2026-05-07T09:50:22Z</time>
    </trkpt>
    <trkpt lat="50.757512" lon="15.70291">
      <ele>1113</ele>
      <time>2026-05-07T09:50:33Z</time>
    </trkpt>
    <trkpt lat="50.757442" lon="15.702926">
      <ele>1114</ele>
      <time>2026-05-07T09:50:44Z</time>
    </trkpt>
    <trkpt lat="50.757322" lon="15.70291">
      <ele>1115</ele>
      <time>2026-05-07T09:51:02Z</time>
    </trkpt>
    <trkpt lat="50.757198" lon="15.702901">
      <ele>1116</ele>
      <time>2026-05-07T09:51:21Z</time>
    </trkpt>
    <trkpt lat="50.757082" lon="15.702834">
      <ele>1119</ele>
      <time>2026-05-07T09:51:39Z</time>
    </trkpt>
    <trkpt lat="50.757021" lon="15.702781">
      <ele>1120</ele>
      <time>2026-05-07T09:51:50Z</time>
    </trkpt>
    <trkpt lat="50.75697" lon="15.702743">
      <ele>1121</ele>
      <time>2026-05-07T09:51:59Z</time>
    </trkpt>
    <trkpt lat="50.756926" lon="15.702711">
      <ele>1122</ele>
      <time>2026-05-07T09:52:06Z</time>
    </trkpt>
    <trkpt lat="50.756852" lon="15.702691">
      <ele>1123</ele>
      <time>2026-05-07T09:52:17Z</time>
    </trkpt>
    <trkpt lat="50.75668" lon="15.702799">
      <ele>1123</ele>
      <time>2026-05-07T09:52:45Z</time>
    </trkpt>
    <trkpt lat="50.756596" lon="15.702875">
      <ele>1123</ele>
      <time>2026-05-07T09:52:59Z</time>
    </trkpt>
    <trkpt lat="50.756502" lon="15.702928">
      <ele>1123</ele>
      <time>2026-05-07T09:53:14Z</time>
    </trkpt>
    <trkpt lat="50.756351" lon="15.703022">
      <ele>1123</ele>
      <time>2026-05-07T09:53:39Z</time>
    </trkpt>
    <trkpt lat="50.756192" lon="15.703062">
      <ele>1125</ele>
      <time>2026-05-07T09:54:03Z</time>
    </trkpt>
    <trkpt lat="50.756063" lon="15.703021">
      <ele>1128</ele>
      <time>2026-05-07T09:54:23Z</time>
    </trkpt>
    <trkpt lat="50.755976" lon="15.70298">
      <ele>1130</ele>
      <time>2026-05-07T09:54:37Z</time>
    </trkpt>
    <trkpt lat="50.75591" lon="15.702944">
      <ele>1132</ele>
      <time>2026-05-07T09:54:48Z</time>
    </trkpt>
    <trkpt lat="50.755829" lon="15.702908">
      <ele>1134</ele>
      <time>2026-05-07T09:55:00Z</time>
    </trkpt>
    <trkpt lat="50.755708" lon="15.70281">
      <ele>1136</ele>
      <time>2026-05-07T09:55:21Z</time>
    </trkpt>
    <trkpt lat="50.755583" lon="15.70273">
      <ele>1137</ele>
      <time>2026-05-07T09:55:41Z</time>
    </trkpt>
    <trkpt lat="50.75552" lon="15.702652">
      <ele>1137</ele>
      <time>2026-05-07T09:55:53Z</time>
    </trkpt>
    <trkpt lat="50.755493" lon="15.70259">
      <ele>1138</ele>
      <time>2026-05-07T09:56:00Z</time>
    </trkpt>
    <trkpt lat="50.755473" lon="15.702504">
      <ele>1138</ele>
      <time>2026-05-07T09:56:09Z</time>
    </trkpt>
    <trkpt lat="50.755485" lon="15.702418">
      <ele>1138</ele>
      <time>2026-05-07T09:56:16Z</time>
    </trkpt>
    <trkpt lat="50.755557" lon="15.702101">
      <ele>1140</ele>
      <time>2026-05-07T09:56:45Z</time>
    </trkpt>
    <trkpt lat="50.755563" lon="15.701969">
      <ele>1142</ele>
      <time>2026-05-07T09:56:56Z</time>
    </trkpt>
    <trkpt lat="50.755514" lon="15.701763">
      <ele>1144</ele>
      <time>2026-05-07T09:57:15Z</time>
    </trkpt>
    <trkpt lat="50.755467" lon="15.701605">
      <ele>1145</ele>
      <time>2026-05-07T09:57:30Z</time>
    </trkpt>
    <trkpt lat="50.755383" lon="15.70145">
      <ele>1146</ele>
      <time>2026-05-07T09:57:47Z</time>
    </trkpt>
    <trkpt lat="50.755273" lon="15.701277">
      <ele>1147</ele>
      <time>2026-05-07T09:58:07Z</time>
    </trkpt>
    <trkpt lat="50.75512" lon="15.70118">
      <ele>1146</ele>
      <time>2026-05-07T09:58:29Z</time>
    </trkpt>
    <trkpt lat="50.754777" lon="15.701135">
      <ele>1143</ele>
      <time>2026-05-07T09:59:15Z</time>
    </trkpt>
    <trkpt lat="50.754716" lon="15.701075">
      <ele>1143</ele>
      <time>2026-05-07T09:59:25Z</time>
    </trkpt>
    <trkpt lat="50.754623" lon="15.700918">
      <ele>1144</ele>
      <time>2026-05-07T09:59:43Z</time>
    </trkpt>
    <trkpt lat="50.754503" lon="15.700663">
      <ele>1146</ele>
      <time>2026-05-07T10:00:10Z</time>
    </trkpt>
    <trkpt lat="50.754419" lon="15.700499">
      <ele>1148</ele>
      <time>2026-05-07T10:00:28Z</time>
    </trkpt>
    <trkpt lat="50.754325" lon="15.700384">
      <ele>1149</ele>
      <time>2026-05-07T10:00:43Z</time>
    </trkpt>
    <trkpt lat="50.754177" lon="15.700218">
      <ele>1150</ele>
      <time>2026-05-07T10:01:08Z</time>
    </trkpt>
    <trkpt lat="50.754006" lon="15.700063">
      <ele>1150</ele>
      <time>2026-05-07T10:01:34Z</time>
    </trkpt>
    <trkpt lat="50.753946" lon="15.69996">
      <ele>1151</ele>
      <time>2026-05-07T10:01:46Z</time>
    </trkpt>
    <trkpt lat="50.753789" lon="15.699828">
      <ele>1152</ele>
      <time>2026-05-07T10:02:09Z</time>
    </trkpt>
    <trkpt lat="50.75362" lon="15.69968">
      <ele>1153</ele>
      <time>2026-05-07T10:02:35Z</time>
    </trkpt>
    <trkpt lat="50.753435" lon="15.699531">
      <ele>1155</ele>
      <time>2026-05-07T10:03:03Z</time>
    </trkpt>
    <trkpt lat="50.753346" lon="15.699424">
      <ele>1157</ele>
      <time>2026-05-07T10:03:18Z</time>
    </trkpt>
    <trkpt lat="50.753317" lon="15.699407">
      <ele>1158</ele>
      <time>2026-05-07T10:03:22Z</time>
    </trkpt>
    <trkpt lat="50.753272" lon="15.699375">
      <ele>1160</ele>
      <time>2026-05-07T10:03:29Z</time>
    </trkpt>
    <trkpt lat="50.753227" lon="15.699369">
      <ele>1161</ele>
      <time>2026-05-07T10:03:35Z</time>
    </trkpt>
    <trkpt lat="50.753163" lon="15.699382">
      <ele>1161</ele>
      <time>2026-05-07T10:03:44Z</time>
    </trkpt>
    <trkpt lat="50.753021" lon="15.699357">
      <ele>1164</ele>
      <time>2026-05-07T10:04:03Z</time>
    </trkpt>
    <trkpt lat="50.752939" lon="15.699382">
      <ele>1163</ele>
      <time>2026-05-07T10:04:14Z</time>
    </trkpt>
    <trkpt lat="50.752906" lon="15.699382">
      <ele>1164</ele>
      <time>2026-05-07T10:04:18Z</time>
    </trkpt>
    <trkpt lat="50.752825" lon="15.699332">
      <ele>1166</ele>
      <time>2026-05-07T10:04:30Z</time>
    </trkpt>
    <trkpt lat="50.752718" lon="15.699264">
      <ele>1169</ele>
      <time>2026-05-07T10:04:46Z</time>
    </trkpt>
    <trkpt lat="50.752685" lon="15.699251">
      <ele>1170</ele>
      <time>2026-05-07T10:04:51Z</time>
    </trkpt>
    <trkpt lat="50.752643" lon="15.69921">
      <ele>1172</ele>
      <time>2026-05-07T10:04:58Z</time>
    </trkpt>
    <trkpt lat="50.752501" lon="15.699198">
      <ele>1173</ele>
      <time>2026-05-07T10:05:17Z</time>
    </trkpt>
    <trkpt lat="50.752422" lon="15.699225">
      <ele>1173</ele>
      <time>2026-05-07T10:05:27Z</time>
    </trkpt>
    <trkpt lat="50.752392" lon="15.69925">
      <ele>1172</ele>
      <time>2026-05-07T10:05:32Z</time>
    </trkpt>
    <trkpt lat="50.752319" lon="15.699279">
      <ele>1172</ele>
      <time>2026-05-07T10:05:42Z</time>
    </trkpt>
    <trkpt lat="50.752135" lon="15.69942">
      <ele>1170</ele>
      <time>2026-05-07T10:06:09Z</time>
    </trkpt>
    <trkpt lat="50.752066" lon="15.69947">
      <ele>1170</ele>
      <time>2026-05-07T10:06:19Z</time>
    </trkpt>
    <trkpt lat="50.751919" lon="15.69953">
      <ele>1172</ele>
      <time>2026-05-07T10:06:40Z</time>
    </trkpt>
    <trkpt lat="50.751833" lon="15.699586">
      <ele>1172</ele>
      <time>2026-05-07T10:06:52Z</time>
    </trkpt>
    <trkpt lat="50.751684" lon="15.699658">
      <ele>1173</ele>
      <time>2026-05-07T10:07:13Z</time>
    </trkpt>
    <trkpt lat="50.751575" lon="15.699684">
      <ele>1173</ele>
      <time>2026-05-07T10:07:27Z</time>
    </trkpt>
    <trkpt lat="50.751491" lon="15.699674">
      <ele>1174</ele>
      <time>2026-05-07T10:07:39Z</time>
    </trkpt>
    <trkpt lat="50.75134" lon="15.699562">
      <ele>1177</ele>
      <time>2026-05-07T10:08:01Z</time>
    </trkpt>
    <trkpt lat="50.751131" lon="15.699462">
      <ele>1182</ele>
      <time>2026-05-07T10:08:31Z</time>
    </trkpt>
    <trkpt lat="50.751047" lon="15.699458">
      <ele>1185</ele>
      <time>2026-05-07T10:08:42Z</time>
    </trkpt>
    <trkpt lat="50.750974" lon="15.699508">
      <ele>1186</ele>
      <time>2026-05-07T10:08:53Z</time>
    </trkpt>
    <trkpt lat="50.75073" lon="15.699765">
      <ele>1183</ele>
      <time>2026-05-07T10:09:32Z</time>
    </trkpt>
    <trkpt lat="50.750527" lon="15.699951">
      <ele>1179</ele>
      <time>2026-05-07T10:10:03Z</time>
    </trkpt>
    <trkpt lat="50.750426" lon="15.700041">
      <ele>1179</ele>
      <time>2026-05-07T10:10:19Z</time>
    </trkpt>
    <trkpt lat="50.750391" lon="15.70009">
      <ele>1180</ele>
      <time>2026-05-07T10:10:25Z</time>
    </trkpt>
    <trkpt lat="50.750315" lon="15.700116">
      <ele>1181</ele>
      <time>2026-05-07T10:10:36Z</time>
    </trkpt>
    <trkpt lat="50.750225" lon="15.700132">
      <ele>1182</ele>
      <time>2026-05-07T10:10:48Z</time>
    </trkpt>
    <trkpt lat="50.750163" lon="15.700108">
      <ele>1183</ele>
      <time>2026-05-07T10:10:56Z</time>
    </trkpt>
    <trkpt lat="50.750059" lon="15.70003">
      <ele>1184</ele>
      <time>2026-05-07T10:11:12Z</time>
    </trkpt>
    <trkpt lat="50.749989" lon="15.699956">
      <ele>1186</ele>
      <time>2026-05-07T10:11:23Z</time>
    </trkpt>
    <trkpt lat="50.749884" lon="15.699934">
      <ele>1187</ele>
      <time>2026-05-07T10:11:37Z</time>
    </trkpt>
    <trkpt lat="50.749799" lon="15.699955">
      <ele>1187</ele>
      <time>2026-05-07T10:11:49Z</time>
    </trkpt>
    <trkpt lat="50.749761" lon="15.699982">
      <ele>1186</ele>
      <time>2026-05-07T10:11:54Z</time>
    </trkpt>
    <trkpt lat="50.749716" lon="15.700037">
      <ele>1186</ele>
      <time>2026-05-07T10:12:02Z</time>
    </trkpt>
    <trkpt lat="50.749689" lon="15.70009">
      <ele>1185</ele>
      <time>2026-05-07T10:12:07Z</time>
    </trkpt>
    <trkpt lat="50.749661" lon="15.700173">
      <ele>1185</ele>
      <time>2026-05-07T10:12:15Z</time>
    </trkpt>
    <trkpt lat="50.749646" lon="15.700256">
      <ele>1185</ele>
      <time>2026-05-07T10:12:23Z</time>
    </trkpt>
    <trkpt lat="50.749655" lon="15.700339">
      <ele>1184</ele>
      <time>2026-05-07T10:12:30Z</time>
    </trkpt>
    <trkpt lat="50.74967" lon="15.70043">
      <ele>1184</ele>
      <time>2026-05-07T10:12:38Z</time>
    </trkpt>
    <trkpt lat="50.749717" lon="15.700566">
      <ele>1183</ele>
      <time>2026-05-07T10:12:51Z</time>
    </trkpt>
    <trkpt lat="50.749718" lon="15.700596">
      <ele>1183</ele>
      <time>2026-05-07T10:12:53Z</time>
    </trkpt>
    <trkpt lat="50.749725" lon="15.700726">
      <ele>1184</ele>
      <time>2026-05-07T10:13:04Z</time>
    </trkpt>
    <trkpt lat="50.749743" lon="15.700885">
      <ele>1185</ele>
      <time>2026-05-07T10:13:18Z</time>
    </trkpt>
    <trkpt lat="50.749754" lon="15.70097">
      <ele>1186</ele>
      <time>2026-05-07T10:13:25Z</time>
    </trkpt>
    <trkpt lat="50.749752" lon="15.701057">
      <ele>1187</ele>
      <time>2026-05-07T10:13:33Z</time>
    </trkpt>
    <trkpt lat="50.749713" lon="15.701198">
      <ele>1188</ele>
      <time>2026-05-07T10:13:46Z</time>
    </trkpt>
    <trkpt lat="50.749643" lon="15.701288">
      <ele>1189</ele>
      <time>2026-05-07T10:13:58Z</time>
    </trkpt>
    <trkpt lat="50.749505" lon="15.701406">
      <ele>1189</ele>
      <time>2026-05-07T10:14:19Z</time>
    </trkpt>
    <trkpt lat="50.74941" lon="15.701567">
      <ele>1190</ele>
      <time>2026-05-07T10:14:37Z</time>
    </trkpt>
    <trkpt lat="50.749346" lon="15.701695">
      <ele>1191</ele>
      <time>2026-05-07T10:14:51Z</time>
    </trkpt>
    <trkpt lat="50.749283" lon="15.701841">
      <ele>1192</ele>
      <time>2026-05-07T10:15:06Z</time>
    </trkpt>
    <trkpt lat="50.749152" lon="15.702024">
      <ele>1193</ele>
      <time>2026-05-07T10:15:29Z</time>
    </trkpt>
    <trkpt lat="50.749044" lon="15.702239">
      <ele>1194</ele>
      <time>2026-05-07T10:15:52Z</time>
    </trkpt>
    <trkpt lat="50.748973" lon="15.702403">
      <ele>1195</ele>
      <time>2026-05-07T10:16:09Z</time>
    </trkpt>
    <trkpt lat="50.748831" lon="15.702551">
      <ele>1197</ele>
      <time>2026-05-07T10:16:36Z</time>
    </trkpt>
    <trkpt lat="50.748824" lon="15.702626">
      <ele>1198</ele>
      <time>2026-05-07T10:16:44Z</time>
    </trkpt>
    <trkpt lat="50.748878" lon="15.702865">
      <ele>1204</ele>
      <time>2026-05-07T10:17:10Z</time>
    </trkpt>
    <trkpt lat="50.74887" lon="15.702959">
      <ele>1206</ele>
      <time>2026-05-07T10:17:20Z</time>
    </trkpt>
    <trkpt lat="50.7488" lon="15.703187">
      <ele>1209</ele>
      <time>2026-05-07T10:17:46Z</time>
    </trkpt>
    <trkpt lat="50.748704" lon="15.703543">
      <ele>1214</ele>
      <time>2026-05-07T10:18:25Z</time>
    </trkpt>
    <trkpt lat="50.748681" lon="15.703804">
      <ele>1218</ele>
      <time>2026-05-07T10:18:51Z</time>
    </trkpt>
    <trkpt lat="50.74866" lon="15.70386">
      <ele>1219</ele>
      <time>2026-05-07T10:18:58Z</time>
    </trkpt>
    <trkpt lat="50.748619" lon="15.703909">
      <ele>1219</ele>
      <time>2026-05-07T10:19:06Z</time>
    </trkpt>
    <trkpt lat="50.748505" lon="15.703993">
      <ele>1219</ele>
      <time>2026-05-07T10:19:26Z</time>
    </trkpt>
    <trkpt lat="50.748309" lon="15.704149">
      <ele>1223</ele>
      <time>2026-05-07T10:20:01Z</time>
    </trkpt>
    <trkpt lat="50.748271" lon="15.704183">
      <ele>1225</ele>
      <time>2026-05-07T10:20:08Z</time>
    </trkpt>
    <trkpt lat="50.748284" lon="15.704267">
      <ele>1226</ele>
      <time>2026-05-07T10:20:17Z</time>
    </trkpt>
    <trkpt lat="50.748339" lon="15.704385">
      <ele>1228</ele>
      <time>2026-05-07T10:20:32Z</time>
    </trkpt>
    <trkpt lat="50.748518" lon="15.70465">
      <ele>1233</ele>
      <time>2026-05-07T10:21:11Z</time>
    </trkpt>
    <trkpt lat="50.748741" lon="15.705295">
      <ele>1241</ele>
      <time>2026-05-07T10:22:25Z</time>
    </trkpt>
    <trkpt lat="50.748839" lon="15.705452">
      <ele>1242</ele>
      <time>2026-05-07T10:22:47Z</time>
    </trkpt>
    <trkpt lat="50.74905" lon="15.705607">
      <ele>1240</ele>
      <time>2026-05-07T10:23:23Z</time>
    </trkpt>
    <trkpt lat="50.749157" lon="15.70576">
      <ele>1242</ele>
      <time>2026-05-07T10:23:46Z</time>
    </trkpt>
    <trkpt lat="50.749317" lon="15.7059">
      <ele>1244</ele>
      <time>2026-05-07T10:24:15Z</time>
    </trkpt>
    <trkpt lat="50.74952" lon="15.706117">
      <ele>1246</ele>
      <time>2026-05-07T10:24:54Z</time>
    </trkpt>
    <trkpt lat="50.749859" lon="15.706486">
      <ele>1250</ele>
      <time>2026-05-07T10:25:59Z</time>
    </trkpt>
    <trkpt lat="50.749966" lon="15.706764">
      <ele>1253</ele>
      <time>2026-05-07T10:26:31Z</time>
    </trkpt>
    <trkpt lat="50.750172" lon="15.707104">
      <ele>1254</ele>
      <time>2026-05-07T10:27:18Z</time>
    </trkpt>
    <trkpt lat="50.750319" lon="15.707411">
      <ele>1257</ele>
      <time>2026-05-07T10:27:57Z</time>
    </trkpt>
    <trkpt lat="50.750667" lon="15.707887">
      <ele>1258</ele>
      <time>2026-05-07T10:29:09Z</time>
    </trkpt>
    <trkpt lat="50.750751" lon="15.707942">
      <ele>1258</ele>
      <time>2026-05-07T10:29:23Z</time>
    </trkpt>
    <trkpt lat="50.750824" lon="15.70789">
      <ele>1255</ele>
      <time>2026-05-07T10:29:36Z</time>
    </trkpt>
    <trkpt lat="50.75084" lon="15.70789">
      <ele>1255</ele>
      <time>2026-05-07T10:29:39Z</time>
    </trkpt>
    <trkpt lat="50.750891" lon="15.707986">
      <ele>1255</ele>
      <time>2026-05-07T10:29:51Z</time>
    </trkpt>
    <trkpt lat="50.751024" lon="15.708344">
      <ele>1262</ele>
      <time>2026-05-07T10:30:34Z</time>
    </trkpt>
    <trkpt lat="50.751095" lon="15.708549">
      <ele>1262</ele>
      <time>2026-05-07T10:30:57Z</time>
    </trkpt>
    <trkpt lat="50.75104" lon="15.708617">
      <ele>1266</ele>
      <time>2026-05-07T10:31:09Z</time>
    </trkpt>
    <trkpt lat="50.751007" lon="15.708677">
      <ele>1266</ele>
      <time>2026-05-07T10:31:14Z</time>
    </trkpt>
    <trkpt lat="50.751378" lon="15.70943">
      <ele>1253</ele>
      <time>2026-05-07T10:32:20Z</time>
    </trkpt>
    <trkpt lat="50.751386" lon="15.709663">
      <ele>1255</ele>
      <time>2026-05-07T10:32:35Z</time>
    </trkpt>
    <trkpt lat="50.751416" lon="15.709801">
      <ele>1255</ele>
      <time>2026-05-07T10:32:45Z</time>
    </trkpt>
    <trkpt lat="50.751463" lon="15.709897">
      <ele>1254</ele>
      <time>2026-05-07T10:32:53Z</time>
    </trkpt>
    <trkpt lat="50.751568" lon="15.710788">
      <ele>1253</ele>
      <time>2026-05-07T10:33:54Z</time>
    </trkpt>
    <trkpt lat="50.751575" lon="15.711103">
      <ele>1253</ele>
      <time>2026-05-07T10:34:16Z</time>
    </trkpt>
    <trkpt lat="50.751537" lon="15.711405">
      <ele>1251</ele>
      <time>2026-05-07T10:34:36Z</time>
    </trkpt>
    <trkpt lat="50.751528" lon="15.711599">
      <ele>1249</ele>
      <time>2026-05-07T10:34:50Z</time>
    </trkpt>
    <trkpt lat="50.751455" lon="15.711807">
      <ele>1249</ele>
      <time>2026-05-07T10:35:06Z</time>
    </trkpt>
    <trkpt lat="50.751391" lon="15.712062">
      <ele>1249</ele>
      <time>2026-05-07T10:35:24Z</time>
    </trkpt>
    <trkpt lat="50.751219" lon="15.712422">
      <ele>1249</ele>
      <time>2026-05-07T10:35:54Z</time>
    </trkpt>
    <trkpt lat="50.751134" lon="15.712536">
      <ele>1249</ele>
      <time>2026-05-07T10:36:06Z</time>
    </trkpt>
    <trkpt lat="50.750713" lon="15.712937">
      <ele>1239</ele>
      <time>2026-05-07T10:36:59Z</time>
    </trkpt>
    <trkpt lat="50.750563" lon="15.713002">
      <ele>1236</ele>
      <time>2026-05-07T10:37:16Z</time>
    </trkpt>
    <trkpt lat="50.750508" lon="15.713008">
      <ele>1236</ele>
      <time>2026-05-07T10:37:22Z</time>
    </trkpt>
    <trkpt lat="50.750334" lon="15.713098">
      <ele>1233</ele>
      <time>2026-05-07T10:37:42Z</time>
    </trkpt>
    <trkpt lat="50.750171" lon="15.713095">
      <ele>1236</ele>
      <time>2026-05-07T10:37:59Z</time>
    </trkpt>
    <trkpt lat="50.750043" lon="15.713202">
      <ele>1234</ele>
      <time>2026-05-07T10:38:15Z</time>
    </trkpt>
    <trkpt lat="50.749984" lon="15.713246">
      <ele>1234</ele>
      <time>2026-05-07T10:38:21Z</time>
    </trkpt>
    <trkpt lat="50.749807" lon="15.713307">
      <ele>1234</ele>
      <time>2026-05-07T10:38:41Z</time>
    </trkpt>
    <trkpt lat="50.74977" lon="15.713336">
      <ele>1233</ele>
      <time>2026-05-07T10:38:45Z</time>
    </trkpt>
    <trkpt lat="50.749741" lon="15.713339">
      <ele>1233</ele>
      <time>2026-05-07T10:38:48Z</time>
    </trkpt>
    <trkpt lat="50.749693" lon="15.713342">
      <ele>1233</ele>
      <time>2026-05-07T10:38:53Z</time>
    </trkpt>
    <trkpt lat="50.749677" lon="15.713378">
      <ele>1232</ele>
      <time>2026-05-07T10:38:57Z</time>
    </trkpt>
    <trkpt lat="50.749421" lon="15.713612">
      <ele>1227</ele>
      <time>2026-05-07T10:39:28Z</time>
    </trkpt>
    <trkpt lat="50.749346" lon="15.713774">
      <ele>1225</ele>
      <time>2026-05-07T10:39:42Z</time>
    </trkpt>
    <trkpt lat="50.749252" lon="15.71385">
      <ele>1225</ele>
      <time>2026-05-07T10:39:53Z</time>
    </trkpt>
    <trkpt lat="50.749171" lon="15.713992">
      <ele>1227</ele>
      <time>2026-05-07T10:40:06Z</time>
    </trkpt>
    <trkpt lat="50.749107" lon="15.714076">
      <ele>1230</ele>
      <time>2026-05-07T10:40:15Z</time>
    </trkpt>
    <trkpt lat="50.749047" lon="15.714084">
      <ele>1232</ele>
      <time>2026-05-07T10:40:22Z</time>
    </trkpt>
    <trkpt lat="50.74902" lon="15.714147">
      <ele>1233</ele>
      <time>2026-05-07T10:40:27Z</time>
    </trkpt>
    <trkpt lat="50.74902" lon="15.714226">
      <ele>1233</ele>
      <time>2026-05-07T10:40:33Z</time>
    </trkpt>
    <trkpt lat="50.749028" lon="15.714308">
      <ele>1233</ele>
      <time>2026-05-07T10:40:38Z</time>
    </trkpt>
    <trkpt lat="50.749051" lon="15.714374">
      <ele>1231</ele>
      <time>2026-05-07T10:40:44Z</time>
    </trkpt>
    <trkpt lat="50.749084" lon="15.714527">
      <ele>1231</ele>
      <time>2026-05-07T10:40:54Z</time>
    </trkpt>
    <trkpt lat="50.749142" lon="15.714721">
      <ele>1233</ele>
      <time>2026-05-07T10:41:09Z</time>
    </trkpt>
    <trkpt lat="50.749183" lon="15.714866">
      <ele>1233</ele>
      <time>2026-05-07T10:41:28Z</time>
    </trkpt>
    <trkpt lat="50.749248" lon="15.715055">
      <ele>1235</ele>
      <time>2026-05-07T10:41:54Z</time>
    </trkpt>
    <trkpt lat="50.749398" lon="15.715468">
      <ele>1238</ele>
      <time>2026-05-07T10:42:51Z</time>
    </trkpt>
    <trkpt lat="50.749434" lon="15.71562">
      <ele>1240</ele>
      <time>2026-05-07T10:43:11Z</time>
    </trkpt>
    <trkpt lat="50.749468" lon="15.715799">
      <ele>1243</ele>
      <time>2026-05-07T10:43:33Z</time>
    </trkpt>
    <trkpt lat="50.749518" lon="15.716031">
      <ele>1246</ele>
      <time>2026-05-07T10:44:03Z</time>
    </trkpt>
    <trkpt lat="50.749556" lon="15.716273">
      <ele>1249</ele>
      <time>2026-05-07T10:44:33Z</time>
    </trkpt>
    <trkpt lat="50.749617" lon="15.716619">
      <ele>1251</ele>
      <time>2026-05-07T10:45:16Z</time>
    </trkpt>
    <trkpt lat="50.749676" lon="15.716952">
      <ele>1253</ele>
      <time>2026-05-07T10:45:58Z</time>
    </trkpt>
    <trkpt lat="50.749694" lon="15.717185">
      <ele>1257</ele>
      <time>2026-05-07T10:46:27Z</time>
    </trkpt>
    <trkpt lat="50.749713" lon="15.717434">
      <ele>1259</ele>
      <time>2026-05-07T10:46:57Z</time>
    </trkpt>
    <trkpt lat="50.749713" lon="15.71781">
      <ele>1265</ele>
      <time>2026-05-07T10:47:43Z</time>
    </trkpt>
    <trkpt lat="50.749725" lon="15.718201">
      <ele>1267</ele>
      <time>2026-05-07T10:48:30Z</time>
    </trkpt>
    <trkpt lat="50.749716" lon="15.718702">
      <ele>1271</ele>
      <time>2026-05-07T10:49:30Z</time>
    </trkpt>
    <trkpt lat="50.749751" lon="15.719225">
      <ele>1272</ele>
      <time>2026-05-07T10:50:33Z</time>
    </trkpt>
    <trkpt lat="50.749756" lon="15.7195">
      <ele>1274</ele>
      <time>2026-05-07T10:51:06Z</time>
    </trkpt>
    <trkpt lat="50.749736" lon="15.720263">
      <ele>1282</ele>
      <time>2026-05-07T10:52:38Z</time>
    </trkpt>
    <trkpt lat="50.749756" lon="15.720558">
      <ele>1285</ele>
      <time>2026-05-07T10:53:14Z</time>
    </trkpt>
    <trkpt lat="50.749775" lon="15.720912">
      <ele>1287</ele>
      <time>2026-05-07T10:53:57Z</time>
    </trkpt>
    <trkpt lat="50.749771" lon="15.721264">
      <ele>1290</ele>
      <time>2026-05-07T10:54:39Z</time>
    </trkpt>
    <trkpt lat="50.749756" lon="15.721643">
      <ele>1293</ele>
      <time>2026-05-07T10:55:25Z</time>
    </trkpt>
    <trkpt lat="50.749722" lon="15.722014">
      <ele>1299</ele>
      <time>2026-05-07T10:56:10Z</time>
    </trkpt>
    <trkpt lat="50.749651" lon="15.722509">
      <ele>1306</ele>
      <time>2026-05-07T10:57:12Z</time>
    </trkpt>
    <trkpt lat="50.749617" lon="15.722763">
      <ele>1309</ele>
      <time>2026-05-07T10:57:44Z</time>
    </trkpt>
    <trkpt lat="50.749563" lon="15.72301">
      <ele>1311</ele>
      <time>2026-05-07T10:58:15Z</time>
    </trkpt>
    <trkpt lat="50.749404" lon="15.723527">
      <ele>1316</ele>
      <time>2026-05-07T10:59:24Z</time>
    </trkpt>
    <trkpt lat="50.749232" lon="15.724021">
      <ele>1323</ele>
      <time>2026-05-07T11:00:33Z</time>
    </trkpt>
    <trkpt lat="50.749076" lon="15.724432">
      <ele>1327</ele>
      <time>2026-05-07T11:01:30Z</time>
    </trkpt>
    <trkpt lat="50.74892" lon="15.724791">
      <ele>1332</ele>
      <time>2026-05-07T11:02:23Z</time>
    </trkpt>
    <trkpt lat="50.748732" lon="15.725135">
      <ele>1335</ele>
      <time>2026-05-07T11:03:18Z</time>
    </trkpt>
    <trkpt lat="50.748541" lon="15.725486">
      <ele>1338</ele>
      <time>2026-05-07T11:04:13Z</time>
    </trkpt>
    <trkpt lat="50.748436" lon="15.725685">
      <ele>1340</ele>
      <time>2026-05-07T11:04:44Z</time>
    </trkpt>
    <trkpt lat="50.748342" lon="15.725854">
      <ele>1342</ele>
      <time>2026-05-07T11:05:11Z</time>
    </trkpt>
    <trkpt lat="50.748231" lon="15.726032">
      <ele>1344</ele>
      <time>2026-05-07T11:05:42Z</time>
    </trkpt>
    <trkpt lat="50.748092" lon="15.726192">
      <ele>1348</ele>
      <time>2026-05-07T11:06:15Z</time>
    </trkpt>
    <trkpt lat="50.747949" lon="15.726344">
      <ele>1353</ele>
      <time>2026-05-07T11:06:48Z</time>
    </trkpt>
    <trkpt lat="50.74778" lon="15.726513">
      <ele>1357</ele>
      <time>2026-05-07T11:07:27Z</time>
    </trkpt>
    <trkpt lat="50.747638" lon="15.726663">
      <ele>1359</ele>
      <time>2026-05-07T11:07:59Z</time>
    </trkpt>
    <trkpt lat="50.747569" lon="15.726718">
      <ele>1359</ele>
      <time>2026-05-07T11:08:13Z</time>
    </trkpt>
    <trkpt lat="50.747474" lon="15.726769">
      <ele>1360</ele>
      <time>2026-05-07T11:08:33Z</time>
    </trkpt>
    <trkpt lat="50.747342" lon="15.726847">
      <ele>1361</ele>
      <time>2026-05-07T11:08:59Z</time>
    </trkpt>
    <trkpt lat="50.747207" lon="15.726925">
      <ele>1361</ele>
      <time>2026-05-07T11:09:26Z</time>
    </trkpt>
    <trkpt lat="50.747005" lon="15.727021">
      <ele>1363</ele>
      <time>2026-05-07T11:10:06Z</time>
    </trkpt>
    <trkpt lat="50.746899" lon="15.727037">
      <ele>1364</ele>
      <time>2026-05-07T11:10:26Z</time>
    </trkpt>
    <trkpt lat="50.746871" lon="15.727042">
      <ele>1364</ele>
      <time>2026-05-07T11:10:32Z</time>
    </trkpt>
    <trkpt lat="50.746748" lon="15.727045">
      <ele>1366</ele>
      <time>2026-05-07T11:10:55Z</time>
    </trkpt>
    <trkpt lat="50.746676" lon="15.727034">
      <ele>1367</ele>
      <time>2026-05-07T11:11:09Z</time>
    </trkpt>
    <trkpt lat="50.746538" lon="15.726993">
      <ele>1369</ele>
      <time>2026-05-07T11:11:26Z</time>
    </trkpt>
    <trkpt lat="50.746431" lon="15.726939">
      <ele>1370</ele>
      <time>2026-05-07T11:11:40Z</time>
    </trkpt>
    <trkpt lat="50.746225" lon="15.726819">
      <ele>1370</ele>
      <time>2026-05-07T11:12:07Z</time>
    </trkpt>
    <trkpt lat="50.74603" lon="15.726692">
      <ele>1370</ele>
      <time>2026-05-07T11:12:33Z</time>
    </trkpt>
    <trkpt lat="50.745828" lon="15.726562">
      <ele>1369</ele>
      <time>2026-05-07T11:12:59Z</time>
    </trkpt>
    <trkpt lat="50.745609" lon="15.726413">
      <ele>1368</ele>
      <time>2026-05-07T11:13:28Z</time>
    </trkpt>
    <trkpt lat="50.745423" lon="15.726302">
      <ele>1368</ele>
      <time>2026-05-07T11:13:53Z</time>
    </trkpt>
    <trkpt lat="50.745232" lon="15.726132">
      <ele>1368</ele>
      <time>2026-05-07T11:14:19Z</time>
    </trkpt>
    <trkpt lat="50.745114" lon="15.726009">
      <ele>1368</ele>
      <time>2026-05-07T11:14:37Z</time>
    </trkpt>
    <trkpt lat="50.745027" lon="15.725882">
      <ele>1368</ele>
      <time>2026-05-07T11:14:51Z</time>
    </trkpt>
    <trkpt lat="50.744954" lon="15.725746">
      <ele>1368</ele>
      <time>2026-05-07T11:15:05Z</time>
    </trkpt>
    <trkpt lat="50.744887" lon="15.725593">
      <ele>1368</ele>
      <time>2026-05-07T11:15:19Z</time>
    </trkpt>
    <trkpt lat="50.744825" lon="15.725429">
      <ele>1368</ele>
      <time>2026-05-07T11:15:34Z</time>
    </trkpt>
    <trkpt lat="50.744774" lon="15.725259">
      <ele>1368</ele>
      <time>2026-05-07T11:15:49Z</time>
    </trkpt>
    <trkpt lat="50.744704" lon="15.724995">
      <ele>1367</ele>
      <time>2026-05-07T11:16:11Z</time>
    </trkpt>
    <trkpt lat="50.744637" lon="15.724733">
      <ele>1368</ele>
      <time>2026-05-07T11:16:33Z</time>
    </trkpt>
    <trkpt lat="50.744579" lon="15.724585">
      <ele>1368</ele>
      <time>2026-05-07T11:16:46Z</time>
    </trkpt>
    <trkpt lat="50.744522" lon="15.724452">
      <ele>1367</ele>
      <time>2026-05-07T11:16:58Z</time>
    </trkpt>
    <trkpt lat="50.744424" lon="15.724271">
      <ele>1367</ele>
      <time>2026-05-07T11:17:17Z</time>
    </trkpt>
    <trkpt lat="50.744359" lon="15.724168">
      <ele>1366</ele>
      <time>2026-05-07T11:17:28Z</time>
    </trkpt>
    <trkpt lat="50.744291" lon="15.724081">
      <ele>1366</ele>
      <time>2026-05-07T11:17:39Z</time>
    </trkpt>
    <trkpt lat="50.744214" lon="15.723997">
      <ele>1366</ele>
      <time>2026-05-07T11:17:50Z</time>
    </trkpt>
    <trkpt lat="50.744139" lon="15.723925">
      <ele>1366</ele>
      <time>2026-05-07T11:18:01Z</time>
    </trkpt>
    <trkpt lat="50.744026" lon="15.723809">
      <ele>1366</ele>
      <time>2026-05-07T11:18:17Z</time>
    </trkpt>
    <trkpt lat="50.743915" lon="15.723697">
      <ele>1366</ele>
      <time>2026-05-07T11:18:34Z</time>
    </trkpt>
    <trkpt lat="50.743809" lon="15.723598">
      <ele>1366</ele>
      <time>2026-05-07T11:18:49Z</time>
    </trkpt>
    <trkpt lat="50.743696" lon="15.723491">
      <ele>1365</ele>
      <time>2026-05-07T11:19:05Z</time>
    </trkpt>
    <trkpt lat="50.743622" lon="15.723442">
      <ele>1364</ele>
      <time>2026-05-07T11:19:15Z</time>
    </trkpt>
    <trkpt lat="50.743553" lon="15.723419">
      <ele>1364</ele>
      <time>2026-05-07T11:19:23Z</time>
    </trkpt>
    <trkpt lat="50.743478" lon="15.723416">
      <ele>1364</ele>
      <time>2026-05-07T11:19:32Z</time>
    </trkpt>
    <trkpt lat="50.7434" lon="15.72344">
      <ele>1364</ele>
      <time>2026-05-07T11:19:42Z</time>
    </trkpt>
    <trkpt lat="50.743348" lon="15.723471">
      <ele>1363</ele>
      <time>2026-05-07T11:19:49Z</time>
    </trkpt>
    <trkpt lat="50.743302" lon="15.723515">
      <ele>1363</ele>
      <time>2026-05-07T11:19:55Z</time>
    </trkpt>
    <trkpt lat="50.743185" lon="15.723632">
      <ele>1364</ele>
      <time>2026-05-07T11:20:12Z</time>
    </trkpt>
    <trkpt lat="50.743066" lon="15.723759">
      <ele>1364</ele>
      <time>2026-05-07T11:20:30Z</time>
    </trkpt>
    <trkpt lat="50.74284" lon="15.723972">
      <ele>1364</ele>
      <time>2026-05-07T11:21:02Z</time>
    </trkpt>
    <trkpt lat="50.742671" lon="15.724126">
      <ele>1364</ele>
      <time>2026-05-07T11:21:26Z</time>
    </trkpt>
    <trkpt lat="50.742577" lon="15.724194">
      <ele>1364</ele>
      <time>2026-05-07T11:21:38Z</time>
    </trkpt>
    <trkpt lat="50.742333" lon="15.724231">
      <ele>1366</ele>
      <time>2026-05-07T11:22:08Z</time>
    </trkpt>
    <trkpt lat="50.742206" lon="15.724248">
      <ele>1366</ele>
      <time>2026-05-07T11:22:24Z</time>
    </trkpt>
    <trkpt lat="50.742085" lon="15.724282">
      <ele>1367</ele>
      <time>2026-05-07T11:22:39Z</time>
    </trkpt>
    <trkpt lat="50.742018" lon="15.724288">
      <ele>1367</ele>
      <time>2026-05-07T11:22:47Z</time>
    </trkpt>
    <trkpt lat="50.741958" lon="15.724282">
      <ele>1367</ele>
      <time>2026-05-07T11:22:55Z</time>
    </trkpt>
    <trkpt lat="50.741834" lon="15.724267">
      <ele>1369</ele>
      <time>2026-05-07T11:23:10Z</time>
    </trkpt>
    <trkpt lat="50.741593" lon="15.724259">
      <ele>1372</ele>
      <time>2026-05-07T11:23:40Z</time>
    </trkpt>
    <trkpt lat="50.741343" lon="15.724242">
      <ele>1375</ele>
      <time>2026-05-07T11:24:10Z</time>
    </trkpt>
    <trkpt lat="50.74122" lon="15.724232">
      <ele>1377</ele>
      <time>2026-05-07T11:24:25Z</time>
    </trkpt>
    <trkpt lat="50.741103" lon="15.724242">
      <ele>1379</ele>
      <time>2026-05-07T11:24:40Z</time>
    </trkpt>
    <trkpt lat="50.740917" lon="15.724273">
      <ele>1381</ele>
      <time>2026-05-07T11:25:03Z</time>
    </trkpt>
    <trkpt lat="50.740741" lon="15.724326">
      <ele>1382</ele>
      <time>2026-05-07T11:25:25Z</time>
    </trkpt>
    <trkpt lat="50.740643" lon="15.724371">
      <ele>1383</ele>
      <time>2026-05-07T11:25:37Z</time>
    </trkpt>
    <trkpt lat="50.740555" lon="15.724412">
      <ele>1384</ele>
      <time>2026-05-07T11:25:49Z</time>
    </trkpt>
    <trkpt lat="50.740465" lon="15.724445">
      <ele>1384</ele>
      <time>2026-05-07T11:26:00Z</time>
    </trkpt>
    <trkpt lat="50.740394" lon="15.724483">
      <ele>1385</ele>
      <time>2026-05-07T11:26:09Z</time>
    </trkpt>
    <trkpt lat="50.740323" lon="15.724641">
      <ele>1385</ele>
      <time>2026-05-07T11:26:20Z</time>
    </trkpt>
    <trkpt lat="50.740251" lon="15.724793">
      <ele>1386</ele>
      <time>2026-05-07T11:26:32Z</time>
    </trkpt>
    <trkpt lat="50.74018" lon="15.724951">
      <ele>1387</ele>
      <time>2026-05-07T11:26:43Z</time>
    </trkpt>
    <trkpt lat="50.740113" lon="15.725138">
      <ele>1388</ele>
      <time>2026-05-07T11:26:56Z</time>
    </trkpt>
    <trkpt lat="50.740006" lon="15.725453">
      <ele>1391</ele>
      <time>2026-05-07T11:27:17Z</time>
    </trkpt>
    <trkpt lat="50.739954" lon="15.725609">
      <ele>1391</ele>
      <time>2026-05-07T11:27:28Z</time>
    </trkpt>
    <trkpt lat="50.739916" lon="15.725771">
      <ele>1392</ele>
      <time>2026-05-07T11:27:38Z</time>
    </trkpt>
    <trkpt lat="50.739883" lon="15.725894">
      <ele>1393</ele>
      <time>2026-05-07T11:27:46Z</time>
    </trkpt>
    <trkpt lat="50.739849" lon="15.726024">
      <ele>1393</ele>
      <time>2026-05-07T11:27:54Z</time>
    </trkpt>
    <trkpt lat="50.739828" lon="15.726163">
      <ele>1394</ele>
      <time>2026-05-07T11:28:03Z</time>
    </trkpt>
    <trkpt lat="50.739817" lon="15.726311">
      <ele>1394</ele>
      <time>2026-05-07T11:28:12Z</time>
    </trkpt>
    <trkpt lat="50.739791" lon="15.726668">
      <ele>1396</ele>
      <time>2026-05-07T11:28:33Z</time>
    </trkpt>
    <trkpt lat="50.739786" lon="15.726856">
      <ele>1396</ele>
      <time>2026-05-07T11:28:44Z</time>
    </trkpt>
    <trkpt lat="50.73978" lon="15.727042">
      <ele>1396</ele>
      <time>2026-05-07T11:28:55Z</time>
    </trkpt>
    <trkpt lat="50.739767" lon="15.727293">
      <ele>1396</ele>
      <time>2026-05-07T11:29:10Z</time>
    </trkpt>
    <trkpt lat="50.739748" lon="15.72751">
      <ele>1395</ele>
      <time>2026-05-07T11:29:23Z</time>
    </trkpt>
    <trkpt lat="50.739709" lon="15.727682">
      <ele>1394</ele>
      <time>2026-05-07T11:29:34Z</time>
    </trkpt>
    <trkpt lat="50.739656" lon="15.727843">
      <ele>1393</ele>
      <time>2026-05-07T11:29:45Z</time>
    </trkpt>
    <trkpt lat="50.739479" lon="15.728338">
      <ele>1391</ele>
      <time>2026-05-07T11:30:19Z</time>
    </trkpt>
    <trkpt lat="50.739386" lon="15.728617">
      <ele>1392</ele>
      <time>2026-05-07T11:30:37Z</time>
    </trkpt>
    <trkpt lat="50.739284" lon="15.728907">
      <ele>1393</ele>
      <time>2026-05-07T11:30:57Z</time>
    </trkpt>
    <trkpt lat="50.739222" lon="15.729084">
      <ele>1395</ele>
      <time>2026-05-07T11:31:09Z</time>
    </trkpt>
    <trkpt lat="50.739173" lon="15.72921">
      <ele>1393</ele>
      <time>2026-05-07T11:31:24Z</time>
    </trkpt>
    <trkpt lat="50.738905" lon="15.729966">
      <ele>1392</ele>
      <time>2026-05-07T11:32:49Z</time>
    </trkpt>
    <trkpt lat="50.738795" lon="15.730276">
      <ele>1393</ele>
      <time>2026-05-07T11:33:23Z</time>
    </trkpt>
    <trkpt lat="50.738735" lon="15.73045">
      <ele>1394</ele>
      <time>2026-05-07T11:33:43Z</time>
    </trkpt>
    <trkpt lat="50.738708" lon="15.730536">
      <ele>1395</ele>
      <time>2026-05-07T11:33:52Z</time>
    </trkpt>
    <trkpt lat="50.738683" lon="15.730589">
      <ele>1395</ele>
      <time>2026-05-07T11:33:59Z</time>
    </trkpt>
    <trkpt lat="50.738646" lon="15.730657">
      <ele>1395</ele>
      <time>2026-05-07T11:34:08Z</time>
    </trkpt>
    <trkpt lat="50.738598" lon="15.730728">
      <ele>1396</ele>
      <time>2026-05-07T11:34:18Z</time>
    </trkpt>
    <trkpt lat="50.738514" lon="15.730812">
      <ele>1397</ele>
      <time>2026-05-07T11:34:33Z</time>
    </trkpt>
    <trkpt lat="50.738411" lon="15.730916">
      <ele>1400</ele>
      <time>2026-05-07T11:34:53Z</time>
    </trkpt>
    <trkpt lat="50.738265" lon="15.731045">
      <ele>1402</ele>
      <time>2026-05-07T11:35:19Z</time>
    </trkpt>
    <trkpt lat="50.738191" lon="15.731118">
      <ele>1403</ele>
      <time>2026-05-07T11:35:32Z</time>
    </trkpt>
    <trkpt lat="50.738152" lon="15.731155">
      <ele>1404</ele>
      <time>2026-05-07T11:35:39Z</time>
    </trkpt>
    <trkpt lat="50.738121" lon="15.731202">
      <ele>1404</ele>
      <time>2026-05-07T11:35:46Z</time>
    </trkpt>
    <trkpt lat="50.73808" lon="15.731271">
      <ele>1406</ele>
      <time>2026-05-07T11:35:56Z</time>
    </trkpt>
    <trkpt lat="50.738043" lon="15.73139">
      <ele>1408</ele>
      <time>2026-05-07T11:36:09Z</time>
    </trkpt>
    <trkpt lat="50.738013" lon="15.731404">
      <ele>1408</ele>
      <time>2026-05-07T11:36:17Z</time>
    </trkpt>
    <trkpt lat="50.73794" lon="15.731445">
      <ele>1409</ele>
      <time>2026-05-07T11:36:38Z</time>
    </trkpt>
    <trkpt lat="50.737757" lon="15.731635">
      <ele>1411</ele>
      <time>2026-05-07T11:37:37Z</time>
    </trkpt>
    <trkpt lat="50.737684" lon="15.731778">
      <ele>1412</ele>
      <time>2026-05-07T11:38:08Z</time>
    </trkpt>
    <trkpt lat="50.737438" lon="15.732079">
      <ele>1416</ele>
      <time>2026-05-07T11:39:32Z</time>
    </trkpt>
    <trkpt lat="50.737309" lon="15.732229">
      <ele>1418</ele>
      <time>2026-05-07T11:40:15Z</time>
    </trkpt>
    <trkpt lat="50.737191" lon="15.732377">
      <ele>1420</ele>
      <time>2026-05-07T11:40:56Z</time>
    </trkpt>
    <trkpt lat="50.737127" lon="15.732449">
      <ele>1421</ele>
      <time>2026-05-07T11:41:17Z</time>
    </trkpt>
    <trkpt lat="50.737064" lon="15.732524">
      <ele>1423</ele>
      <time>2026-05-07T11:41:39Z</time>
    </trkpt>
    <trkpt lat="50.737018" lon="15.732575">
      <ele>1424</ele>
      <time>2026-05-07T11:41:54Z</time>
    </trkpt>
    <trkpt lat="50.736981" lon="15.732618">
      <ele>1426</ele>
      <time>2026-05-07T11:42:07Z</time>
    </trkpt>
    <trkpt lat="50.736952" lon="15.732653">
      <ele>1427</ele>
      <time>2026-05-07T11:42:17Z</time>
    </trkpt>
    <trkpt lat="50.736893" lon="15.732764">
      <ele>1430</ele>
      <time>2026-05-07T11:42:43Z</time>
    </trkpt>
    <trkpt lat="50.736888" lon="15.732799">
      <ele>1430</ele>
      <time>2026-05-07T11:42:49Z</time>
    </trkpt>
    <trkpt lat="50.736848" lon="15.732885">
      <ele>1432</ele>
      <time>2026-05-07T11:43:08Z</time>
    </trkpt>
    <trkpt lat="50.736828" lon="15.73293">
      <ele>1433</ele>
      <time>2026-05-07T11:43:17Z</time>
    </trkpt>
    <trkpt lat="50.736821" lon="15.732956">
      <ele>1434</ele>
      <time>2026-05-07T11:43:22Z</time>
    </trkpt>
    <trkpt lat="50.73682" lon="15.732998">
      <ele>1434</ele>
      <time>2026-05-07T11:43:29Z</time>
    </trkpt>
    <trkpt lat="50.736816" lon="15.733071">
      <ele>1436</ele>
      <time>2026-05-07T11:43:42Z</time>
    </trkpt>
    <trkpt lat="50.736815" lon="15.7332">
      <ele>1438</ele>
      <time>2026-05-07T11:44:05Z</time>
    </trkpt>
    <trkpt lat="50.736818" lon="15.733464">
      <ele>1443</ele>
      <time>2026-05-07T11:44:51Z</time>
    </trkpt>
    <trkpt lat="50.736815" lon="15.733501">
      <ele>1444</ele>
      <time>2026-05-07T11:44:58Z</time>
    </trkpt>
    <trkpt lat="50.736811" lon="15.733518">
      <ele>1444</ele>
      <time>2026-05-07T11:45:01Z</time>
    </trkpt>
    <trkpt lat="50.7368" lon="15.733532">
      <ele>1445</ele>
      <time>2026-05-07T11:45:05Z</time>
    </trkpt>
    <trkpt lat="50.736788" lon="15.733537">
      <ele>1445</ele>
      <time>2026-05-07T11:45:09Z</time>
    </trkpt>
    <trkpt lat="50.736764" lon="15.73352">
      <ele>1446</ele>
      <time>2026-05-07T11:45:16Z</time>
    </trkpt>
    <trkpt lat="50.736741" lon="15.733505">
      <ele>1446</ele>
      <time>2026-05-07T11:45:22Z</time>
    </trkpt>
    <trkpt lat="50.736723" lon="15.733497">
      <ele>1446</ele>
      <time>2026-05-07T11:45:28Z</time>
    </trkpt>
    <trkpt lat="50.736709" lon="15.733502">
      <ele>1447</ele>
      <time>2026-05-07T11:45:32Z</time>
    </trkpt>
    <trkpt lat="50.736704" lon="15.733517">
      <ele>1448</ele>
      <time>2026-05-07T11:45:35Z</time>
    </trkpt>
    <trkpt lat="50.736705" lon="15.733532">
      <ele>1448</ele>
      <time>2026-05-07T11:45:37Z</time>
    </trkpt>
    <trkpt lat="50.736704" lon="15.733589">
      <ele>1449</ele>
      <time>2026-05-07T11:45:48Z</time>
    </trkpt>
    <trkpt lat="50.736708" lon="15.733704">
      <ele>1452</ele>
      <time>2026-05-07T11:46:08Z</time>
    </trkpt>
    <trkpt lat="50.736716" lon="15.733885">
      <ele>1456</ele>
      <time>2026-05-07T11:46:40Z</time>
    </trkpt>
    <trkpt lat="50.736728" lon="15.734071">
      <ele>1458</ele>
      <time>2026-05-07T11:47:12Z</time>
    </trkpt>
    <trkpt lat="50.736738" lon="15.734266">
      <ele>1460</ele>
      <time>2026-05-07T11:47:46Z</time>
    </trkpt>
    <trkpt lat="50.736743" lon="15.734477">
      <ele>1464</ele>
      <time>2026-05-07T11:48:23Z</time>
    </trkpt>
    <trkpt lat="50.736754" lon="15.734634">
      <ele>1466</ele>
      <time>2026-05-07T11:48:50Z</time>
    </trkpt>
    <trkpt lat="50.736762" lon="15.734717">
      <ele>1467</ele>
      <time>2026-05-07T11:49:05Z</time>
    </trkpt>
    <trkpt lat="50.736766" lon="15.734799">
      <ele>1469</ele>
      <time>2026-05-07T11:49:19Z</time>
    </trkpt>
    <trkpt lat="50.736764" lon="15.734814">
      <ele>1469</ele>
      <time>2026-05-07T11:49:22Z</time>
    </trkpt>
    <trkpt lat="50.73676" lon="15.734823">
      <ele>1470</ele>
      <time>2026-05-07T11:49:24Z</time>
    </trkpt>
    <trkpt lat="50.736751" lon="15.73482">
      <ele>1470</ele>
      <time>2026-05-07T11:49:27Z</time>
    </trkpt>
    <trkpt lat="50.736745" lon="15.734812">
      <ele>1470</ele>
      <time>2026-05-07T11:49:29Z</time>
    </trkpt>
    <trkpt lat="50.736725" lon="15.734789">
      <ele>1471</ele>
      <time>2026-05-07T11:49:36Z</time>
    </trkpt>
    <trkpt lat="50.736704" lon="15.734757">
      <ele>1472</ele>
      <time>2026-05-07T11:49:44Z</time>
    </trkpt>
    <trkpt lat="50.736651" lon="15.73468">
      <ele>1473</ele>
      <time>2026-05-07T11:50:03Z</time>
    </trkpt>
    <trkpt lat="50.7366" lon="15.734618">
      <ele>1474</ele>
      <time>2026-05-07T11:50:21Z</time>
    </trkpt>
    <trkpt lat="50.736546" lon="15.734584">
      <ele>1476</ele>
      <time>2026-05-07T11:50:37Z</time>
    </trkpt>
    <trkpt lat="50.736491" lon="15.734541">
      <ele>1478</ele>
      <time>2026-05-07T11:50:54Z</time>
    </trkpt>
    <trkpt lat="50.736391" lon="15.734497">
      <ele>1482</ele>
      <time>2026-05-07T11:51:23Z</time>
    </trkpt>
    <trkpt lat="50.736291" lon="15.734444">
      <ele>1480</ele>
      <time>2026-05-07T11:51:52Z</time>
    </trkpt>
    <trkpt lat="50.73618" lon="15.734404">
      <ele>1478</ele>
      <time>2026-05-07T11:52:23Z</time>
    </trkpt>
    <trkpt lat="50.736149" lon="15.734399">
      <ele>1477</ele>
      <time>2026-05-07T11:52:32Z</time>
    </trkpt>
    <trkpt lat="50.736131" lon="15.734409">
      <ele>1477</ele>
      <time>2026-05-07T11:52:37Z</time>
    </trkpt>
    <trkpt lat="50.736123" lon="15.734438">
      <ele>1478</ele>
      <time>2026-05-07T11:52:42Z</time>
    </trkpt>
    <trkpt lat="50.736123" lon="15.734499">
      <ele>1480</ele>
      <time>2026-05-07T11:52:53Z</time>
    </trkpt>
    <trkpt lat="50.736131" lon="15.734547">
      <ele>1481</ele>
      <time>2026-05-07T11:53:02Z</time>
    </trkpt>
    <trkpt lat="50.736152" lon="15.73458">
      <ele>1482</ele>
      <time>2026-05-07T11:53:10Z</time>
    </trkpt>
    <trkpt lat="50.736176" lon="15.734627">
      <ele>1483</ele>
      <time>2026-05-07T11:53:21Z</time>
    </trkpt>
    <trkpt lat="50.736211" lon="15.734695">
      <ele>1485</ele>
      <time>2026-05-07T11:53:37Z</time>
    </trkpt>
    <trkpt lat="50.736242" lon="15.734779">
      <ele>1487</ele>
      <time>2026-05-07T11:53:54Z</time>
    </trkpt>
    <trkpt lat="50.736286" lon="15.734869">
      <ele>1489</ele>
      <time>2026-05-07T11:54:14Z</time>
    </trkpt>
    <trkpt lat="50.736316" lon="15.734961">
      <ele>1491</ele>
      <time>2026-05-07T11:54:32Z</time>
    </trkpt>
    <trkpt lat="50.736328" lon="15.735024">
      <ele>1493</ele>
      <time>2026-05-07T11:54:44Z</time>
    </trkpt>
    <trkpt lat="50.736336" lon="15.735088">
      <ele>1494</ele>
      <time>2026-05-07T11:54:55Z</time>
    </trkpt>
    <trkpt lat="50.73634" lon="15.735291">
      <ele>1499</ele>
      <time>2026-05-07T11:55:32Z</time>
    </trkpt>
    <trkpt lat="50.736341" lon="15.735469">
      <ele>1504</ele>
      <time>2026-05-07T11:56:04Z</time>
    </trkpt>
    <trkpt lat="50.73634" lon="15.735789">
      <ele>1510</ele>
      <time>2026-05-07T11:57:00Z</time>
    </trkpt>
    <trkpt lat="50.736334" lon="15.7358">
      <ele>1510</ele>
      <time>2026-05-07T11:57:02Z</time>
    </trkpt>
    <trkpt lat="50.736327" lon="15.7358">
      <ele>1510</ele>
      <time>2026-05-07T11:57:04Z</time>
    </trkpt>
    <trkpt lat="50.736311" lon="15.735788">
      <ele>1509</ele>
      <time>2026-05-07T11:57:09Z</time>
    </trkpt>
    <trkpt lat="50.736287" lon="15.735767">
      <ele>1508</ele>
      <time>2026-05-07T11:57:17Z</time>
    </trkpt>
    <trkpt lat="50.736264" lon="15.735768">
      <ele>1508</ele>
      <time>2026-05-07T11:57:23Z</time>
    </trkpt>
    <trkpt lat="50.73623" lon="15.735774">
      <ele>1507</ele>
      <time>2026-05-07T11:57:32Z</time>
    </trkpt>
    <trkpt lat="50.736227" lon="15.735791">
      <ele>1508</ele>
      <time>2026-05-07T11:57:35Z</time>
    </trkpt>
    <trkpt lat="50.736225" lon="15.735808">
      <ele>1508</ele>
      <time>2026-05-07T11:57:38Z</time>
    </trkpt>
    <trkpt lat="50.736229" lon="15.735829">
      <ele>1508</ele>
      <time>2026-05-07T11:57:42Z</time>
    </trkpt>
    <trkpt lat="50.736262" lon="15.736068">
      <ele>1513</ele>
      <time>2026-05-07T11:58:25Z</time>
    </trkpt>
    <trkpt lat="50.736297" lon="15.736277">
      <ele>1518</ele>
      <time>2026-05-07T11:59:04Z</time>
    </trkpt>
    <trkpt lat="50.73635" lon="15.736567">
      <ele>1528</ele>
      <time>2026-05-07T12:00:00Z</time>
    </trkpt>
    <trkpt lat="50.73642" lon="15.736876">
      <ele>1538</ele>
      <time>2026-05-07T12:01:01Z</time>
    </trkpt>
    <trkpt lat="50.736438" lon="15.736983">
      <ele>1541</ele>
      <time>2026-05-07T12:01:21Z</time>
    </trkpt>
    <trkpt lat="50.73646" lon="15.737141">
      <ele>1546</ele>
      <time>2026-05-07T12:01:51Z</time>
    </trkpt>
    <trkpt lat="50.736467" lon="15.737303">
      <ele>1551</ele>
      <time>2026-05-07T12:02:21Z</time>
    </trkpt>
    <trkpt lat="50.736472" lon="15.73746">
      <ele>1555</ele>
      <time>2026-05-07T12:02:50Z</time>
    </trkpt>
    <trkpt lat="50.736459" lon="15.737561">
      <ele>1559</ele>
      <time>2026-05-07T12:03:09Z</time>
    </trkpt>
    <trkpt lat="50.736448" lon="15.737662">
      <ele>1562</ele>
      <time>2026-05-07T12:03:28Z</time>
    </trkpt>
    <trkpt lat="50.736436" lon="15.737787">
      <ele>1566</ele>
      <time>2026-05-07T12:03:51Z</time>
    </trkpt>
    <trkpt lat="50.736425" lon="15.737917">
      <ele>1568</ele>
      <time>2026-05-07T12:04:14Z</time>
    </trkpt>
    <trkpt lat="50.736429" lon="15.738062">
      <ele>1570</ele>
      <time>2026-05-07T12:04:39Z</time>
    </trkpt>
    <trkpt lat="50.736427" lon="15.738195">
      <ele>1573</ele>
      <time>2026-05-07T12:05:03Z</time>
    </trkpt>
    <trkpt lat="50.736426" lon="15.738445">
      <ele>1577</ele>
      <time>2026-05-07T12:05:47Z</time>
    </trkpt>
    <trkpt lat="50.736414" lon="15.738618">
      <ele>1581</ele>
      <time>2026-05-07T12:06:17Z</time>
    </trkpt>
    <trkpt lat="50.736404" lon="15.738709">
      <ele>1583</ele>
      <time>2026-05-07T12:06:34Z</time>
    </trkpt>
    <trkpt lat="50.736387" lon="15.738861">
      <ele>1587</ele>
      <time>2026-05-07T12:07:01Z</time>
    </trkpt>
    <trkpt lat="50.736364" lon="15.739026">
      <ele>1589</ele>
      <time>2026-05-07T12:07:30Z</time>
    </trkpt>
    <trkpt lat="50.736301" lon="15.73936">
      <ele>1595</ele>
      <time>2026-05-07T12:08:31Z</time>
    </trkpt>
    <trkpt lat="50.736286" lon="15.739437">
      <ele>1596</ele>
      <time>2026-05-07T12:08:45Z</time>
    </trkpt>
    <trkpt lat="50.736225" lon="15.739473">
      <ele>1596</ele>
      <time>2026-05-07T12:09:02Z</time>
    </trkpt>
    <trkpt lat="50.736115" lon="15.739531">
      <ele>1597</ele>
      <time>2026-05-07T12:09:34Z</time>
    </trkpt>
    <trkpt lat="50.7361283" lon="15.739738">
      <ele>1598</ele>
      <time>2026-05-07T12:10:09Z</time>
    </trkpt>
    <trkpt lat="50.736115" lon="15.739531">
      <ele>1597</ele>
      <time>2026-05-07T12:10:24Z</time>
    </trkpt>
    <trkpt lat="50.736225" lon="15.739473">
      <ele>1596</ele>
      <time>2026-05-07T12:10:36Z</time>
    </trkpt>
    <trkpt lat="50.736286" lon="15.739437">
      <ele>1596</ele>
      <time>2026-05-07T12:10:44Z</time>
    </trkpt>
    <trkpt lat="50.736301" lon="15.73936">
      <ele>1595</ele>
      <time>2026-05-07T12:10:49Z</time>
    </trkpt>
    <trkpt lat="50.736364" lon="15.739026">
      <ele>1589</ele>
      <time>2026-05-07T12:11:14Z</time>
    </trkpt>
    <trkpt lat="50.736387" lon="15.738861">
      <ele>1587</ele>
      <time>2026-05-07T12:11:26Z</time>
    </trkpt>
    <trkpt lat="50.736404" lon="15.738709">
      <ele>1583</ele>
      <time>2026-05-07T12:11:38Z</time>
    </trkpt>
    <trkpt lat="50.736414" lon="15.738618">
      <ele>1581</ele>
      <time>2026-05-07T12:11:44Z</time>
    </trkpt>
    <trkpt lat="50.736426" lon="15.738445">
      <ele>1577</ele>
      <time>2026-05-07T12:11:57Z</time>
    </trkpt>
    <trkpt lat="50.736427" lon="15.738195">
      <ele>1573</ele>
      <time>2026-05-07T12:12:15Z</time>
    </trkpt>
    <trkpt lat="50.736429" lon="15.738062">
      <ele>1570</ele>
      <time>2026-05-07T12:12:25Z</time>
    </trkpt>
    <trkpt lat="50.736425" lon="15.737917">
      <ele>1568</ele>
      <time>2026-05-07T12:12:35Z</time>
    </trkpt>
    <trkpt lat="50.736436" lon="15.737787">
      <ele>1566</ele>
      <time>2026-05-07T12:12:45Z</time>
    </trkpt>
    <trkpt lat="50.736448" lon="15.737662">
      <ele>1562</ele>
      <time>2026-05-07T12:12:54Z</time>
    </trkpt>
    <trkpt lat="50.736459" lon="15.737561">
      <ele>1559</ele>
      <time>2026-05-07T12:13:02Z</time>
    </trkpt>
    <trkpt lat="50.736472" lon="15.73746">
      <ele>1555</ele>
      <time>2026-05-07T12:13:10Z</time>
    </trkpt>
    <trkpt lat="50.736467" lon="15.737303">
      <ele>1551</ele>
      <time>2026-05-07T12:13:22Z</time>
    </trkpt>
    <trkpt lat="50.73646" lon="15.737141">
      <ele>1546</ele>
      <time>2026-05-07T12:13:34Z</time>
    </trkpt>
    <trkpt lat="50.736438" lon="15.736983">
      <ele>1541</ele>
      <time>2026-05-07T12:13:46Z</time>
    </trkpt>
    <trkpt lat="50.73642" lon="15.736876">
      <ele>1538</ele>
      <time>2026-05-07T12:13:55Z</time>
    </trkpt>
    <trkpt lat="50.73635" lon="15.736567">
      <ele>1528</ele>
      <time>2026-05-07T12:14:20Z</time>
    </trkpt>
    <trkpt lat="50.736297" lon="15.736277">
      <ele>1518</ele>
      <time>2026-05-07T12:14:43Z</time>
    </trkpt>
    <trkpt lat="50.736262" lon="15.736068">
      <ele>1513</ele>
      <time>2026-05-07T12:14:59Z</time>
    </trkpt>
    <trkpt lat="50.736229" lon="15.735829">
      <ele>1508</ele>
      <time>2026-05-07T12:15:17Z</time>
    </trkpt>
    <trkpt lat="50.736225" lon="15.735808">
      <ele>1508</ele>
      <time>2026-05-07T12:15:18Z</time>
    </trkpt>
    <trkpt lat="50.736227" lon="15.735791">
      <ele>1508</ele>
      <time>2026-05-07T12:15:19Z</time>
    </trkpt>
    <trkpt lat="50.73623" lon="15.735774">
      <ele>1507</ele>
      <time>2026-05-07T12:15:21Z</time>
    </trkpt>
    <trkpt lat="50.736264" lon="15.735768">
      <ele>1508</ele>
      <time>2026-05-07T12:15:24Z</time>
    </trkpt>
    <trkpt lat="50.736287" lon="15.735767">
      <ele>1508</ele>
      <time>2026-05-07T12:15:27Z</time>
    </trkpt>
    <trkpt lat="50.736311" lon="15.735788">
      <ele>1509</ele>
      <time>2026-05-07T12:15:30Z</time>
    </trkpt>
    <trkpt lat="50.736327" lon="15.7358">
      <ele>1510</ele>
      <time>2026-05-07T12:15:32Z</time>
    </trkpt>
    <trkpt lat="50.736334" lon="15.7358">
      <ele>1510</ele>
      <time>2026-05-07T12:15:33Z</time>
    </trkpt>
    <trkpt lat="50.73634" lon="15.735789">
      <ele>1510</ele>
      <time>2026-05-07T12:15:34Z</time>
    </trkpt>
    <trkpt lat="50.736341" lon="15.735469">
      <ele>1504</ele>
      <time>2026-05-07T12:15:57Z</time>
    </trkpt>
    <trkpt lat="50.73634" lon="15.735291">
      <ele>1499</ele>
      <time>2026-05-07T12:16:10Z</time>
    </trkpt>
    <trkpt lat="50.736336" lon="15.735088">
      <ele>1494</ele>
      <time>2026-05-07T12:16:25Z</time>
    </trkpt>
    <trkpt lat="50.736328" lon="15.735024">
      <ele>1493</ele>
      <time>2026-05-07T12:16:30Z</time>
    </trkpt>
    <trkpt lat="50.736316" lon="15.734961">
      <ele>1491</ele>
      <time>2026-05-07T12:16:35Z</time>
    </trkpt>
    <trkpt lat="50.736286" lon="15.734869">
      <ele>1489</ele>
      <time>2026-05-07T12:16:42Z</time>
    </trkpt>
    <trkpt lat="50.736242" lon="15.734779">
      <ele>1487</ele>
      <time>2026-05-07T12:16:51Z</time>
    </trkpt>
    <trkpt lat="50.736211" lon="15.734695">
      <ele>1485</ele>
      <time>2026-05-07T12:16:58Z</time>
    </trkpt>
    <trkpt lat="50.736176" lon="15.734627">
      <ele>1483</ele>
      <time>2026-05-07T12:17:04Z</time>
    </trkpt>
    <trkpt lat="50.736152" lon="15.73458">
      <ele>1482</ele>
      <time>2026-05-07T12:17:08Z</time>
    </trkpt>
    <trkpt lat="50.736131" lon="15.734547">
      <ele>1481</ele>
      <time>2026-05-07T12:17:12Z</time>
    </trkpt>
    <trkpt lat="50.736123" lon="15.734499">
      <ele>1480</ele>
      <time>2026-05-07T12:17:16Z</time>
    </trkpt>
    <trkpt lat="50.736123" lon="15.734438">
      <ele>1478</ele>
      <time>2026-05-07T12:17:20Z</time>
    </trkpt>
    <trkpt lat="50.736131" lon="15.734409">
      <ele>1477</ele>
      <time>2026-05-07T12:17:22Z</time>
    </trkpt>
    <trkpt lat="50.736149" lon="15.734399">
      <ele>1477</ele>
      <time>2026-05-07T12:17:24Z</time>
    </trkpt>
    <trkpt lat="50.73618" lon="15.734404">
      <ele>1478</ele>
      <time>2026-05-07T12:17:28Z</time>
    </trkpt>
    <trkpt lat="50.736291" lon="15.734444">
      <ele>1480</ele>
      <time>2026-05-07T12:17:41Z</time>
    </trkpt>
    <trkpt lat="50.736391" lon="15.734497">
      <ele>1482</ele>
      <time>2026-05-07T12:17:52Z</time>
    </trkpt>
    <trkpt lat="50.736491" lon="15.734541">
      <ele>1478</ele>
      <time>2026-05-07T12:18:05Z</time>
    </trkpt>
    <trkpt lat="50.736546" lon="15.734584">
      <ele>1476</ele>
      <time>2026-05-07T12:18:12Z</time>
    </trkpt>
    <trkpt lat="50.7366" lon="15.734618">
      <ele>1474</ele>
      <time>2026-05-07T12:18:18Z</time>
    </trkpt>
    <trkpt lat="50.736651" lon="15.73468">
      <ele>1473</ele>
      <time>2026-05-07T12:18:25Z</time>
    </trkpt>
    <trkpt lat="50.736704" lon="15.734757">
      <ele>1472</ele>
      <time>2026-05-07T12:18:34Z</time>
    </trkpt>
    <trkpt lat="50.736725" lon="15.734789">
      <ele>1471</ele>
      <time>2026-05-07T12:18:37Z</time>
    </trkpt>
    <trkpt lat="50.736745" lon="15.734812">
      <ele>1470</ele>
      <time>2026-05-07T12:18:40Z</time>
    </trkpt>
    <trkpt lat="50.736751" lon="15.73482">
      <ele>1470</ele>
      <time>2026-05-07T12:18:40Z</time>
    </trkpt>
    <trkpt lat="50.73676" lon="15.734823">
      <ele>1470</ele>
      <time>2026-05-07T12:18:42Z</time>
    </trkpt>
    <trkpt lat="50.736764" lon="15.734814">
      <ele>1469</ele>
      <time>2026-05-07T12:18:42Z</time>
    </trkpt>
    <trkpt lat="50.736766" lon="15.734799">
      <ele>1469</ele>
      <time>2026-05-07T12:18:44Z</time>
    </trkpt>
    <trkpt lat="50.736762" lon="15.734717">
      <ele>1467</ele>
      <time>2026-05-07T12:18:50Z</time>
    </trkpt>
    <trkpt lat="50.736754" lon="15.734634">
      <ele>1466</ele>
      <time>2026-05-07T12:18:56Z</time>
    </trkpt>
    <trkpt lat="50.736743" lon="15.734477">
      <ele>1464</ele>
      <time>2026-05-07T12:19:07Z</time>
    </trkpt>
    <trkpt lat="50.736738" lon="15.734266">
      <ele>1460</ele>
      <time>2026-05-07T12:19:22Z</time>
    </trkpt>
    <trkpt lat="50.736728" lon="15.734071">
      <ele>1458</ele>
      <time>2026-05-07T12:19:36Z</time>
    </trkpt>
    <trkpt lat="50.736716" lon="15.733885">
      <ele>1456</ele>
      <time>2026-05-07T12:19:49Z</time>
    </trkpt>
    <trkpt lat="50.736708" lon="15.733704">
      <ele>1452</ele>
      <time>2026-05-07T12:20:02Z</time>
    </trkpt>
    <trkpt lat="50.736704" lon="15.733589">
      <ele>1449</ele>
      <time>2026-05-07T12:20:11Z</time>
    </trkpt>
    <trkpt lat="50.736705" lon="15.733532">
      <ele>1448</ele>
      <time>2026-05-07T12:20:15Z</time>
    </trkpt>
    <trkpt lat="50.736704" lon="15.733517">
      <ele>1448</ele>
      <time>2026-05-07T12:20:16Z</time>
    </trkpt>
    <trkpt lat="50.736709" lon="15.733502">
      <ele>1447</ele>
      <time>2026-05-07T12:20:17Z</time>
    </trkpt>
    <trkpt lat="50.736723" lon="15.733497">
      <ele>1446</ele>
      <time>2026-05-07T12:20:19Z</time>
    </trkpt>
    <trkpt lat="50.736741" lon="15.733505">
      <ele>1446</ele>
      <time>2026-05-07T12:20:21Z</time>
    </trkpt>
    <trkpt lat="50.736764" lon="15.73352">
      <ele>1446</ele>
      <time>2026-05-07T12:20:24Z</time>
    </trkpt>
    <trkpt lat="50.736788" lon="15.733537">
      <ele>1445</ele>
      <time>2026-05-07T12:20:27Z</time>
    </trkpt>
    <trkpt lat="50.7368" lon="15.733532">
      <ele>1445</ele>
      <time>2026-05-07T12:20:28Z</time>
    </trkpt>
    <trkpt lat="50.736811" lon="15.733518">
      <ele>1444</ele>
      <time>2026-05-07T12:20:30Z</time>
    </trkpt>
    <trkpt lat="50.736815" lon="15.733501">
      <ele>1444</ele>
      <time>2026-05-07T12:20:31Z</time>
    </trkpt>
    <trkpt lat="50.736818" lon="15.733464">
      <ele>1443</ele>
      <time>2026-05-07T12:20:34Z</time>
    </trkpt>
    <trkpt lat="50.736815" lon="15.7332">
      <ele>1438</ele>
      <time>2026-05-07T12:20:53Z</time>
    </trkpt>
    <trkpt lat="50.736816" lon="15.733071">
      <ele>1436</ele>
      <time>2026-05-07T12:21:02Z</time>
    </trkpt>
    <trkpt lat="50.73682" lon="15.732998">
      <ele>1434</ele>
      <time>2026-05-07T12:21:08Z</time>
    </trkpt>
    <trkpt lat="50.736821" lon="15.732956">
      <ele>1434</ele>
      <time>2026-05-07T12:21:11Z</time>
    </trkpt>
    <trkpt lat="50.736828" lon="15.73293">
      <ele>1433</ele>
      <time>2026-05-07T12:21:13Z</time>
    </trkpt>
    <trkpt lat="50.736848" lon="15.732885">
      <ele>1432</ele>
      <time>2026-05-07T12:21:17Z</time>
    </trkpt>
    <trkpt lat="50.736888" lon="15.732799">
      <ele>1430</ele>
      <time>2026-05-07T12:21:24Z</time>
    </trkpt>
    <trkpt lat="50.736893" lon="15.732764">
      <ele>1430</ele>
      <time>2026-05-07T12:21:27Z</time>
    </trkpt>
    <trkpt lat="50.736952" lon="15.732653">
      <ele>1427</ele>
      <time>2026-05-07T12:21:37Z</time>
    </trkpt>
    <trkpt lat="50.736981" lon="15.732618">
      <ele>1426</ele>
      <time>2026-05-07T12:21:42Z</time>
    </trkpt>
    <trkpt lat="50.737018" lon="15.732575">
      <ele>1424</ele>
      <time>2026-05-07T12:21:47Z</time>
    </trkpt>
    <trkpt lat="50.737064" lon="15.732524">
      <ele>1423</ele>
      <time>2026-05-07T12:21:53Z</time>
    </trkpt>
    <trkpt lat="50.737127" lon="15.732449">
      <ele>1421</ele>
      <time>2026-05-07T12:22:02Z</time>
    </trkpt>
    <trkpt lat="50.737191" lon="15.732377">
      <ele>1420</ele>
      <time>2026-05-07T12:22:11Z</time>
    </trkpt>
    <trkpt lat="50.737309" lon="15.732229">
      <ele>1418</ele>
      <time>2026-05-07T12:22:28Z</time>
    </trkpt>
    <trkpt lat="50.737438" lon="15.732079">
      <ele>1416</ele>
      <time>2026-05-07T12:22:45Z</time>
    </trkpt>
    <trkpt lat="50.737684" lon="15.731778">
      <ele>1412</ele>
      <time>2026-05-07T12:23:20Z</time>
    </trkpt>
    <trkpt lat="50.737757" lon="15.731635">
      <ele>1411</ele>
      <time>2026-05-07T12:23:33Z</time>
    </trkpt>
    <trkpt lat="50.73794" lon="15.731445">
      <ele>1409</ele>
      <time>2026-05-07T12:23:57Z</time>
    </trkpt>
    <trkpt lat="50.738013" lon="15.731404">
      <ele>1408</ele>
      <time>2026-05-07T12:24:06Z</time>
    </trkpt>
    <trkpt lat="50.738043" lon="15.73139">
      <ele>1408</ele>
      <time>2026-05-07T12:24:09Z</time>
    </trkpt>
    <trkpt lat="50.73808" lon="15.731271">
      <ele>1406</ele>
      <time>2026-05-07T12:24:22Z</time>
    </trkpt>
    <trkpt lat="50.738121" lon="15.731202">
      <ele>1404</ele>
      <time>2026-05-07T12:24:32Z</time>
    </trkpt>
    <trkpt lat="50.738152" lon="15.731155">
      <ele>1404</ele>
      <time>2026-05-07T12:24:39Z</time>
    </trkpt>
    <trkpt lat="50.738191" lon="15.731118">
      <ele>1403</ele>
      <time>2026-05-07T12:24:46Z</time>
    </trkpt>
    <trkpt lat="50.738265" lon="15.731045">
      <ele>1402</ele>
      <time>2026-05-07T12:24:59Z</time>
    </trkpt>
    <trkpt lat="50.738411" lon="15.730916">
      <ele>1400</ele>
      <time>2026-05-07T12:25:25Z</time>
    </trkpt>
    <trkpt lat="50.738514" lon="15.730812">
      <ele>1397</ele>
      <time>2026-05-07T12:25:45Z</time>
    </trkpt>
    <trkpt lat="50.738598" lon="15.730728">
      <ele>1396</ele>
      <time>2026-05-07T12:26:00Z</time>
    </trkpt>
    <trkpt lat="50.738646" lon="15.730657">
      <ele>1395</ele>
      <time>2026-05-07T12:26:10Z</time>
    </trkpt>
    <trkpt lat="50.738683" lon="15.730589">
      <ele>1395</ele>
      <time>2026-05-07T12:26:19Z</time>
    </trkpt>
    <trkpt lat="50.738708" lon="15.730536">
      <ele>1395</ele>
      <time>2026-05-07T12:26:26Z</time>
    </trkpt>
    <trkpt lat="50.738735" lon="15.73045">
      <ele>1394</ele>
      <time>2026-05-07T12:26:35Z</time>
    </trkpt>
    <trkpt lat="50.738795" lon="15.730276">
      <ele>1393</ele>
      <time>2026-05-07T12:26:55Z</time>
    </trkpt>
    <trkpt lat="50.738905" lon="15.729966">
      <ele>1392</ele>
      <time>2026-05-07T12:27:29Z</time>
    </trkpt>
    <trkpt lat="50.739173" lon="15.72921">
      <ele>1393</ele>
      <time>2026-05-07T12:28:54Z</time>
    </trkpt>
    <trkpt lat="50.739222" lon="15.729084">
      <ele>1395</ele>
      <time>2026-05-07T12:29:09Z</time>
    </trkpt>
    <trkpt lat="50.739284" lon="15.728907">
      <ele>1393</ele>
      <time>2026-05-07T12:29:21Z</time>
    </trkpt>
    <trkpt lat="50.739386" lon="15.728617">
      <ele>1392</ele>
      <time>2026-05-07T12:29:41Z</time>
    </trkpt>
    <trkpt lat="50.739479" lon="15.728338">
      <ele>1391</ele>
      <time>2026-05-07T12:29:59Z</time>
    </trkpt>
    <trkpt lat="50.739656" lon="15.727843">
      <ele>1393</ele>
      <time>2026-05-07T12:30:33Z</time>
    </trkpt>
    <trkpt lat="50.739709" lon="15.727682">
      <ele>1394</ele>
      <time>2026-05-07T12:30:44Z</time>
    </trkpt>
    <trkpt lat="50.739748" lon="15.72751">
      <ele>1395</ele>
      <time>2026-05-07T12:30:55Z</time>
    </trkpt>
    <trkpt lat="50.739767" lon="15.727293">
      <ele>1396</ele>
      <time>2026-05-07T12:31:08Z</time>
    </trkpt>
    <trkpt lat="50.73978" lon="15.727042">
      <ele>1396</ele>
      <time>2026-05-07T12:31:23Z</time>
    </trkpt>
    <trkpt lat="50.739786" lon="15.726856">
      <ele>1396</ele>
      <time>2026-05-07T12:31:34Z</time>
    </trkpt>
    <trkpt lat="50.739791" lon="15.726668">
      <ele>1396</ele>
      <time>2026-05-07T12:31:45Z</time>
    </trkpt>
    <trkpt lat="50.739817" lon="15.726311">
      <ele>1394</ele>
      <time>2026-05-07T12:32:06Z</time>
    </trkpt>
    <trkpt lat="50.739828" lon="15.726163">
      <ele>1394</ele>
      <time>2026-05-07T12:32:15Z</time>
    </trkpt>
    <trkpt lat="50.739849" lon="15.726024">
      <ele>1393</ele>
      <time>2026-05-07T12:32:24Z</time>
    </trkpt>
    <trkpt lat="50.739883" lon="15.725894">
      <ele>1393</ele>
      <time>2026-05-07T12:32:32Z</time>
    </trkpt>
    <trkpt lat="50.739916" lon="15.725771">
      <ele>1392</ele>
      <time>2026-05-07T12:32:40Z</time>
    </trkpt>
    <trkpt lat="50.739954" lon="15.725609">
      <ele>1391</ele>
      <time>2026-05-07T12:32:50Z</time>
    </trkpt>
    <trkpt lat="50.740006" lon="15.725453">
      <ele>1391</ele>
      <time>2026-05-07T12:33:01Z</time>
    </trkpt>
    <trkpt lat="50.740113" lon="15.725138">
      <ele>1388</ele>
      <time>2026-05-07T12:33:22Z</time>
    </trkpt>
    <trkpt lat="50.74018" lon="15.724951">
      <ele>1387</ele>
      <time>2026-05-07T12:33:35Z</time>
    </trkpt>
    <trkpt lat="50.740251" lon="15.724793">
      <ele>1386</ele>
      <time>2026-05-07T12:33:46Z</time>
    </trkpt>
    <trkpt lat="50.740323" lon="15.724641">
      <ele>1385</ele>
      <time>2026-05-07T12:33:58Z</time>
    </trkpt>
    <trkpt lat="50.740394" lon="15.724483">
      <ele>1385</ele>
      <time>2026-05-07T12:34:09Z</time>
    </trkpt>
    <trkpt lat="50.740465" lon="15.724445">
      <ele>1384</ele>
      <time>2026-05-07T12:34:18Z</time>
    </trkpt>
    <trkpt lat="50.740555" lon="15.724412">
      <ele>1384</ele>
      <time>2026-05-07T12:34:29Z</time>
    </trkpt>
    <trkpt lat="50.740643" lon="15.724371">
      <ele>1383</ele>
      <time>2026-05-07T12:34:41Z</time>
    </trkpt>
    <trkpt lat="50.740741" lon="15.724326">
      <ele>1382</ele>
      <time>2026-05-07T12:34:53Z</time>
    </trkpt>
    <trkpt lat="50.740917" lon="15.724273">
      <ele>1381</ele>
      <time>2026-05-07T12:35:15Z</time>
    </trkpt>
    <trkpt lat="50.741103" lon="15.724242">
      <ele>1379</ele>
      <time>2026-05-07T12:35:38Z</time>
    </trkpt>
    <trkpt lat="50.74122" lon="15.724232">
      <ele>1377</ele>
      <time>2026-05-07T12:35:53Z</time>
    </trkpt>
    <trkpt lat="50.741343" lon="15.724242">
      <ele>1375</ele>
      <time>2026-05-07T12:36:08Z</time>
    </trkpt>
    <trkpt lat="50.741593" lon="15.724259">
      <ele>1372</ele>
      <time>2026-05-07T12:36:38Z</time>
    </trkpt>
    <trkpt lat="50.741834" lon="15.724267">
      <ele>1369</ele>
      <time>2026-05-07T12:37:08Z</time>
    </trkpt>
    <trkpt lat="50.741958" lon="15.724282">
      <ele>1367</ele>
      <time>2026-05-07T12:37:23Z</time>
    </trkpt>
    <trkpt lat="50.742018" lon="15.724288">
      <ele>1367</ele>
      <time>2026-05-07T12:37:31Z</time>
    </trkpt>
    <trkpt lat="50.742085" lon="15.724282">
      <ele>1367</ele>
      <time>2026-05-07T12:37:39Z</time>
    </trkpt>
    <trkpt lat="50.742206" lon="15.724248">
      <ele>1366</ele>
      <time>2026-05-07T12:37:54Z</time>
    </trkpt>
    <trkpt lat="50.742333" lon="15.724231">
      <ele>1366</ele>
      <time>2026-05-07T12:38:10Z</time>
    </trkpt>
    <trkpt lat="50.742577" lon="15.724194">
      <ele>1364</ele>
      <time>2026-05-07T12:38:40Z</time>
    </trkpt>
    <trkpt lat="50.742671" lon="15.724126">
      <ele>1364</ele>
      <time>2026-05-07T12:38:52Z</time>
    </trkpt>
    <trkpt lat="50.74284" lon="15.723972">
      <ele>1364</ele>
      <time>2026-05-07T12:39:16Z</time>
    </trkpt>
    <trkpt lat="50.743066" lon="15.723759">
      <ele>1364</ele>
      <time>2026-05-07T12:39:48Z</time>
    </trkpt>
    <trkpt lat="50.743185" lon="15.723632">
      <ele>1364</ele>
      <time>2026-05-07T12:40:06Z</time>
    </trkpt>
    <trkpt lat="50.743302" lon="15.723515">
      <ele>1363</ele>
      <time>2026-05-07T12:40:23Z</time>
    </trkpt>
    <trkpt lat="50.743348" lon="15.723471">
      <ele>1363</ele>
      <time>2026-05-07T12:40:29Z</time>
    </trkpt>
    <trkpt lat="50.7434" lon="15.72344">
      <ele>1364</ele>
      <time>2026-05-07T12:40:36Z</time>
    </trkpt>
    <trkpt lat="50.743478" lon="15.723416">
      <ele>1364</ele>
      <time>2026-05-07T12:40:46Z</time>
    </trkpt>
    <trkpt lat="50.743553" lon="15.723419">
      <ele>1364</ele>
      <time>2026-05-07T12:40:55Z</time>
    </trkpt>
    <trkpt lat="50.743622" lon="15.723442">
      <ele>1364</ele>
      <time>2026-05-07T12:41:03Z</time>
    </trkpt>
    <trkpt lat="50.743696" lon="15.723491">
      <ele>1365</ele>
      <time>2026-05-07T12:41:13Z</time>
    </trkpt>
    <trkpt lat="50.743809" lon="15.723598">
      <ele>1366</ele>
      <time>2026-05-07T12:41:29Z</time>
    </trkpt>
    <trkpt lat="50.743915" lon="15.723697">
      <ele>1366</ele>
      <time>2026-05-07T12:41:44Z</time>
    </trkpt>
    <trkpt lat="50.744026" lon="15.723809">
      <ele>1366</ele>
      <time>2026-05-07T12:42:01Z</time>
    </trkpt>
    <trkpt lat="50.744139" lon="15.723925">
      <ele>1366</ele>
      <time>2026-05-07T12:42:17Z</time>
    </trkpt>
    <trkpt lat="50.744214" lon="15.723997">
      <ele>1366</ele>
      <time>2026-05-07T12:42:28Z</time>
    </trkpt>
    <trkpt lat="50.744291" lon="15.724081">
      <ele>1366</ele>
      <time>2026-05-07T12:42:39Z</time>
    </trkpt>
    <trkpt lat="50.744359" lon="15.724168">
      <ele>1366</ele>
      <time>2026-05-07T12:42:50Z</time>
    </trkpt>
    <trkpt lat="50.744424" lon="15.724271">
      <ele>1367</ele>
      <time>2026-05-07T12:43:01Z</time>
    </trkpt>
    <trkpt lat="50.744522" lon="15.724452">
      <ele>1367</ele>
      <time>2026-05-07T12:43:20Z</time>
    </trkpt>
    <trkpt lat="50.744579" lon="15.724585">
      <ele>1368</ele>
      <time>2026-05-07T12:43:32Z</time>
    </trkpt>
    <trkpt lat="50.744637" lon="15.724733">
      <ele>1368</ele>
      <time>2026-05-07T12:43:45Z</time>
    </trkpt>
    <trkpt lat="50.744704" lon="15.724995">
      <ele>1367</ele>
      <time>2026-05-07T12:44:07Z</time>
    </trkpt>
    <trkpt lat="50.744774" lon="15.725259">
      <ele>1368</ele>
      <time>2026-05-07T12:44:29Z</time>
    </trkpt>
    <trkpt lat="50.744825" lon="15.725429">
      <ele>1368</ele>
      <time>2026-05-07T12:44:44Z</time>
    </trkpt>
    <trkpt lat="50.744887" lon="15.725593">
      <ele>1368</ele>
      <time>2026-05-07T12:44:59Z</time>
    </trkpt>
    <trkpt lat="50.744954" lon="15.725746">
      <ele>1368</ele>
      <time>2026-05-07T12:45:13Z</time>
    </trkpt>
    <trkpt lat="50.745027" lon="15.725882">
      <ele>1368</ele>
      <time>2026-05-07T12:45:27Z</time>
    </trkpt>
    <trkpt lat="50.745114" lon="15.726009">
      <ele>1368</ele>
      <time>2026-05-07T12:45:41Z</time>
    </trkpt>
    <trkpt lat="50.745232" lon="15.726132">
      <ele>1368</ele>
      <time>2026-05-07T12:45:59Z</time>
    </trkpt>
    <trkpt lat="50.745423" lon="15.726302">
      <ele>1368</ele>
      <time>2026-05-07T12:46:25Z</time>
    </trkpt>
    <trkpt lat="50.745609" lon="15.726413">
      <ele>1368</ele>
      <time>2026-05-07T12:46:50Z</time>
    </trkpt>
    <trkpt lat="50.745828" lon="15.726562">
      <ele>1369</ele>
      <time>2026-05-07T12:47:19Z</time>
    </trkpt>
    <trkpt lat="50.74603" lon="15.726692">
      <ele>1370</ele>
      <time>2026-05-07T12:47:45Z</time>
    </trkpt>
    <trkpt lat="50.746225" lon="15.726819">
      <ele>1370</ele>
      <time>2026-05-07T12:48:11Z</time>
    </trkpt>
    <trkpt lat="50.746431" lon="15.726939">
      <ele>1370</ele>
      <time>2026-05-07T12:48:38Z</time>
    </trkpt>
    <trkpt lat="50.746538" lon="15.726993">
      <ele>1369</ele>
      <time>2026-05-07T12:48:52Z</time>
    </trkpt>
    <trkpt lat="50.746676" lon="15.727034">
      <ele>1367</ele>
      <time>2026-05-07T12:49:09Z</time>
    </trkpt>
    <trkpt lat="50.746748" lon="15.727045">
      <ele>1366</ele>
      <time>2026-05-07T12:49:16Z</time>
    </trkpt>
    <trkpt lat="50.746871" lon="15.727042">
      <ele>1364</ele>
      <time>2026-05-07T12:49:28Z</time>
    </trkpt>
    <trkpt lat="50.746899" lon="15.727037">
      <ele>1364</ele>
      <time>2026-05-07T12:49:30Z</time>
    </trkpt>
    <trkpt lat="50.747005" lon="15.727021">
      <ele>1363</ele>
      <time>2026-05-07T12:49:40Z</time>
    </trkpt>
    <trkpt lat="50.747207" lon="15.726925">
      <ele>1361</ele>
      <time>2026-05-07T12:50:00Z</time>
    </trkpt>
    <trkpt lat="50.747342" lon="15.726847">
      <ele>1361</ele>
      <time>2026-05-07T12:50:14Z</time>
    </trkpt>
    <trkpt lat="50.747474" lon="15.726769">
      <ele>1360</ele>
      <time>2026-05-07T12:50:27Z</time>
    </trkpt>
    <trkpt lat="50.747569" lon="15.726718">
      <ele>1359</ele>
      <time>2026-05-07T12:50:37Z</time>
    </trkpt>
    <trkpt lat="50.747638" lon="15.726663">
      <ele>1359</ele>
      <time>2026-05-07T12:50:44Z</time>
    </trkpt>
    <trkpt lat="50.74778" lon="15.726513">
      <ele>1357</ele>
      <time>2026-05-07T12:51:00Z</time>
    </trkpt>
    <trkpt lat="50.747949" lon="15.726344">
      <ele>1353</ele>
      <time>2026-05-07T12:51:19Z</time>
    </trkpt>
    <trkpt lat="50.748092" lon="15.726192">
      <ele>1348</ele>
      <time>2026-05-07T12:51:36Z</time>
    </trkpt>
    <trkpt lat="50.748231" lon="15.726032">
      <ele>1344</ele>
      <time>2026-05-07T12:51:53Z</time>
    </trkpt>
    <trkpt lat="50.748342" lon="15.725854">
      <ele>1342</ele>
      <time>2026-05-07T12:52:08Z</time>
    </trkpt>
    <trkpt lat="50.748436" lon="15.725685">
      <ele>1340</ele>
      <time>2026-05-07T12:52:21Z</time>
    </trkpt>
    <trkpt lat="50.748541" lon="15.725486">
      <ele>1338</ele>
      <time>2026-05-07T12:52:37Z</time>
    </trkpt>
    <trkpt lat="50.748732" lon="15.725135">
      <ele>1335</ele>
      <time>2026-05-07T12:53:05Z</time>
    </trkpt>
    <trkpt lat="50.74892" lon="15.724791">
      <ele>1332</ele>
      <time>2026-05-07T12:53:32Z</time>
    </trkpt>
    <trkpt lat="50.749076" lon="15.724432">
      <ele>1327</ele>
      <time>2026-05-07T12:53:58Z</time>
    </trkpt>
    <trkpt lat="50.749232" lon="15.724021">
      <ele>1323</ele>
      <time>2026-05-07T12:54:27Z</time>
    </trkpt>
    <trkpt lat="50.749404" lon="15.723527">
      <ele>1316</ele>
      <time>2026-05-07T12:55:01Z</time>
    </trkpt>
    <trkpt lat="50.749563" lon="15.72301">
      <ele>1311</ele>
      <time>2026-05-07T12:55:36Z</time>
    </trkpt>
    <trkpt lat="50.749617" lon="15.722763">
      <ele>1309</ele>
      <time>2026-05-07T12:55:52Z</time>
    </trkpt>
    <trkpt lat="50.749651" lon="15.722509">
      <ele>1306</ele>
      <time>2026-05-07T12:56:07Z</time>
    </trkpt>
    <trkpt lat="50.749722" lon="15.722014">
      <ele>1299</ele>
      <time>2026-05-07T12:56:38Z</time>
    </trkpt>
    <trkpt lat="50.749756" lon="15.721643">
      <ele>1293</ele>
      <time>2026-05-07T12:57:01Z</time>
    </trkpt>
    <trkpt lat="50.749771" lon="15.721264">
      <ele>1290</ele>
      <time>2026-05-07T12:57:24Z</time>
    </trkpt>
    <trkpt lat="50.749775" lon="15.720912">
      <ele>1287</ele>
      <time>2026-05-07T12:57:45Z</time>
    </trkpt>
    <trkpt lat="50.749756" lon="15.720558">
      <ele>1285</ele>
      <time>2026-05-07T12:58:07Z</time>
    </trkpt>
    <trkpt lat="50.749736" lon="15.720263">
      <ele>1282</ele>
      <time>2026-05-07T12:58:24Z</time>
    </trkpt>
    <trkpt lat="50.749756" lon="15.7195">
      <ele>1274</ele>
      <time>2026-05-07T12:59:11Z</time>
    </trkpt>
    <trkpt lat="50.749751" lon="15.719225">
      <ele>1272</ele>
      <time>2026-05-07T12:59:27Z</time>
    </trkpt>
    <trkpt lat="50.749716" lon="15.718702">
      <ele>1271</ele>
      <time>2026-05-07T12:59:59Z</time>
    </trkpt>
    <trkpt lat="50.749725" lon="15.718201">
      <ele>1267</ele>
      <time>2026-05-07T13:00:29Z</time>
    </trkpt>
    <trkpt lat="50.749713" lon="15.71781">
      <ele>1265</ele>
      <time>2026-05-07T13:00:52Z</time>
    </trkpt>
    <trkpt lat="50.749713" lon="15.717434">
      <ele>1259</ele>
      <time>2026-05-07T13:01:15Z</time>
    </trkpt>
    <trkpt lat="50.749694" lon="15.717185">
      <ele>1257</ele>
      <time>2026-05-07T13:01:30Z</time>
    </trkpt>
    <trkpt lat="50.749676" lon="15.716952">
      <ele>1253</ele>
      <time>2026-05-07T13:01:45Z</time>
    </trkpt>
    <trkpt lat="50.749617" lon="15.716619">
      <ele>1251</ele>
      <time>2026-05-07T13:02:05Z</time>
    </trkpt>
    <trkpt lat="50.749556" lon="15.716273">
      <ele>1249</ele>
      <time>2026-05-07T13:02:27Z</time>
    </trkpt>
    <trkpt lat="50.749518" lon="15.716031">
      <ele>1246</ele>
      <time>2026-05-07T13:02:42Z</time>
    </trkpt>
    <trkpt lat="50.749468" lon="15.715799">
      <ele>1243</ele>
      <time>2026-05-07T13:02:57Z</time>
    </trkpt>
    <trkpt lat="50.749434" lon="15.71562">
      <ele>1240</ele>
      <time>2026-05-07T13:03:08Z</time>
    </trkpt>
    <trkpt lat="50.749398" lon="15.715468">
      <ele>1238</ele>
      <time>2026-05-07T13:03:18Z</time>
    </trkpt>
    <trkpt lat="50.749248" lon="15.715055">
      <ele>1235</ele>
      <time>2026-05-07T13:03:47Z</time>
    </trkpt>
    <trkpt lat="50.749183" lon="15.714866">
      <ele>1233</ele>
      <time>2026-05-07T13:04:00Z</time>
    </trkpt>
    <trkpt lat="50.749142" lon="15.714721">
      <ele>1233</ele>
      <time>2026-05-07T13:04:09Z</time>
    </trkpt>
    <trkpt lat="50.74918" lon="15.714728">
      <ele>1231</ele>
      <time>2026-05-07T13:04:14Z</time>
    </trkpt>
    <trkpt lat="50.749233" lon="15.714743">
      <ele>1229</ele>
      <time>2026-05-07T13:04:19Z</time>
    </trkpt>
    <trkpt lat="50.749395" lon="15.71481">
      <ele>1223</ele>
      <time>2026-05-07T13:04:38Z</time>
    </trkpt>
    <trkpt lat="50.749551" lon="15.714873">
      <ele>1217</ele>
      <time>2026-05-07T13:04:55Z</time>
    </trkpt>
    <trkpt lat="50.749713" lon="15.714938">
      <ele>1211</ele>
      <time>2026-05-07T13:05:14Z</time>
    </trkpt>
    <trkpt lat="50.749871" lon="15.71503">
      <ele>1208</ele>
      <time>2026-05-07T13:05:31Z</time>
    </trkpt>
    <trkpt lat="50.750544" lon="15.715206">
      <ele>1184</ele>
      <time>2026-05-07T13:06:46Z</time>
    </trkpt>
    <trkpt lat="50.750626" lon="15.715249">
      <ele>1181</ele>
      <time>2026-05-07T13:06:55Z</time>
    </trkpt>
    <trkpt lat="50.750715" lon="15.715309">
      <ele>1179</ele>
      <time>2026-05-07T13:07:06Z</time>
    </trkpt>
    <trkpt lat="50.750796" lon="15.715361">
      <ele>1177</ele>
      <time>2026-05-07T13:07:15Z</time>
    </trkpt>
    <trkpt lat="50.750878" lon="15.715431">
      <ele>1174</ele>
      <time>2026-05-07T13:07:25Z</time>
    </trkpt>
    <trkpt lat="50.750976" lon="15.715522">
      <ele>1171</ele>
      <time>2026-05-07T13:07:37Z</time>
    </trkpt>
    <trkpt lat="50.751078" lon="15.715634">
      <ele>1168</ele>
      <time>2026-05-07T13:07:51Z</time>
    </trkpt>
    <trkpt lat="50.75126" lon="15.715881">
      <ele>1162</ele>
      <time>2026-05-07T13:08:16Z</time>
    </trkpt>
    <trkpt lat="50.751365" lon="15.716033">
      <ele>1159</ele>
      <time>2026-05-07T13:08:31Z</time>
    </trkpt>
    <trkpt lat="50.751474" lon="15.716208">
      <ele>1156</ele>
      <time>2026-05-07T13:08:48Z</time>
    </trkpt>
    <trkpt lat="50.751671" lon="15.716516">
      <ele>1151</ele>
      <time>2026-05-07T13:09:17Z</time>
    </trkpt>
    <trkpt lat="50.751734" lon="15.716627">
      <ele>1148</ele>
      <time>2026-05-07T13:09:27Z</time>
    </trkpt>
    <trkpt lat="50.751802" lon="15.716743">
      <ele>1145</ele>
      <time>2026-05-07T13:09:38Z</time>
    </trkpt>
    <trkpt lat="50.751935" lon="15.717014">
      <ele>1139</ele>
      <time>2026-05-07T13:10:01Z</time>
    </trkpt>
    <trkpt lat="50.75204" lon="15.717287">
      <ele>1135</ele>
      <time>2026-05-07T13:10:23Z</time>
    </trkpt>
    <trkpt lat="50.752095" lon="15.717416">
      <ele>1133</ele>
      <time>2026-05-07T13:10:33Z</time>
    </trkpt>
    <trkpt lat="50.752166" lon="15.717543">
      <ele>1129</ele>
      <time>2026-05-07T13:10:45Z</time>
    </trkpt>
    <trkpt lat="50.75226" lon="15.717631">
      <ele>1125</ele>
      <time>2026-05-07T13:10:57Z</time>
    </trkpt>
    <trkpt lat="50.75234" lon="15.717738">
      <ele>1122</ele>
      <time>2026-05-07T13:11:08Z</time>
    </trkpt>
    <trkpt lat="50.752472" lon="15.717965">
      <ele>1118</ele>
      <time>2026-05-07T13:11:29Z</time>
    </trkpt>
    <trkpt lat="50.75259" lon="15.718224">
      <ele>1114</ele>
      <time>2026-05-07T13:11:50Z</time>
    </trkpt>
    <trkpt lat="50.752724" lon="15.718467">
      <ele>1110</ele>
      <time>2026-05-07T13:12:12Z</time>
    </trkpt>
    <trkpt lat="50.752985" lon="15.718942">
      <ele>1099</ele>
      <time>2026-05-07T13:12:54Z</time>
    </trkpt>
    <trkpt lat="50.753184" lon="15.719278">
      <ele>1094</ele>
      <time>2026-05-07T13:13:25Z</time>
    </trkpt>
    <trkpt lat="50.753565" lon="15.719815">
      <ele>1083</ele>
      <time>2026-05-07T13:14:19Z</time>
    </trkpt>
    <trkpt lat="50.753748" lon="15.720019">
      <ele>1076</ele>
      <time>2026-05-07T13:14:44Z</time>
    </trkpt>
    <trkpt lat="50.75395" lon="15.720243">
      <ele>1067</ele>
      <time>2026-05-07T13:15:11Z</time>
    </trkpt>
    <trkpt lat="50.754184" lon="15.72048">
      <ele>1061</ele>
      <time>2026-05-07T13:15:40Z</time>
    </trkpt>
    <trkpt lat="50.754409" lon="15.720733">
      <ele>1058</ele>
      <time>2026-05-07T13:16:09Z</time>
    </trkpt>
    <trkpt lat="50.754561" lon="15.720858">
      <ele>1057</ele>
      <time>2026-05-07T13:16:27Z</time>
    </trkpt>
    <trkpt lat="50.754726" lon="15.720949">
      <ele>1055</ele>
      <time>2026-05-07T13:16:45Z</time>
    </trkpt>
    <trkpt lat="50.755044" lon="15.721154">
      <ele>1050</ele>
      <time>2026-05-07T13:17:21Z</time>
    </trkpt>
    <trkpt lat="50.755688" lon="15.721509">
      <ele>1034</ele>
      <time>2026-05-07T13:18:34Z</time>
    </trkpt>
    <trkpt lat="50.755995" lon="15.721694">
      <ele>1027</ele>
      <time>2026-05-07T13:19:09Z</time>
    </trkpt>
    <trkpt lat="50.756311" lon="15.721885">
      <ele>1021</ele>
      <time>2026-05-07T13:19:44Z</time>
    </trkpt>
    <trkpt lat="50.756618" lon="15.722082">
      <ele>1016</ele>
      <time>2026-05-07T13:20:19Z</time>
    </trkpt>
    <trkpt lat="50.756945" lon="15.72222">
      <ele>1008</ele>
      <time>2026-05-07T13:20:55Z</time>
    </trkpt>
    <trkpt lat="50.757245" lon="15.722349">
      <ele>1000</ele>
      <time>2026-05-07T13:21:28Z</time>
    </trkpt>
    <trkpt lat="50.7575" lon="15.722494">
      <ele>990</ele>
      <time>2026-05-07T13:21:58Z</time>
    </trkpt>
    <trkpt lat="50.757729" lon="15.722637">
      <ele>986</ele>
      <time>2026-05-07T13:22:24Z</time>
    </trkpt>
    <trkpt lat="50.757918" lon="15.722781">
      <ele>983</ele>
      <time>2026-05-07T13:22:46Z</time>
    </trkpt>
    <trkpt lat="50.758145" lon="15.723062">
      <ele>979</ele>
      <time>2026-05-07T13:23:17Z</time>
    </trkpt>
    <trkpt lat="50.758381" lon="15.723236">
      <ele>975</ele>
      <time>2026-05-07T13:23:44Z</time>
    </trkpt>
    <trkpt lat="50.758669" lon="15.72341">
      <ele>967</ele>
      <time>2026-05-07T13:24:17Z</time>
    </trkpt>
    <trkpt lat="50.758771" lon="15.723477">
      <ele>964</ele>
      <time>2026-05-07T13:24:29Z</time>
    </trkpt>
    <trkpt lat="50.758854" lon="15.723511">
      <ele>962</ele>
      <time>2026-05-07T13:24:38Z</time>
    </trkpt>
    <trkpt lat="50.758991" lon="15.723602">
      <ele>959</ele>
      <time>2026-05-07T13:24:54Z</time>
    </trkpt>
    <trkpt lat="50.759153" lon="15.723714">
      <ele>956</ele>
      <time>2026-05-07T13:25:12Z</time>
    </trkpt>
    <trkpt lat="50.759268" lon="15.723795">
      <ele>953</ele>
      <time>2026-05-07T13:25:26Z</time>
    </trkpt>
    <trkpt lat="50.759336" lon="15.723846">
      <ele>952</ele>
      <time>2026-05-07T13:25:34Z</time>
    </trkpt>
    <trkpt lat="50.759453" lon="15.723913">
      <ele>949</ele>
      <time>2026-05-07T13:25:47Z</time>
    </trkpt>
    <trkpt lat="50.759545" lon="15.72398">
      <ele>947</ele>
      <time>2026-05-07T13:25:57Z</time>
    </trkpt>
    <trkpt lat="50.759682" lon="15.724153">
      <ele>944</ele>
      <time>2026-05-07T13:26:16Z</time>
    </trkpt>
    <trkpt lat="50.759825" lon="15.724348">
      <ele>941</ele>
      <time>2026-05-07T13:26:36Z</time>
    </trkpt>
    <trkpt lat="50.759979" lon="15.724522">
      <ele>937</ele>
      <time>2026-05-07T13:26:56Z</time>
    </trkpt>
    <trkpt lat="50.76012" lon="15.724692">
      <ele>933</ele>
      <time>2026-05-07T13:27:15Z</time>
    </trkpt>
    <trkpt lat="50.76036" lon="15.724938">
      <ele>928</ele>
      <time>2026-05-07T13:27:45Z</time>
    </trkpt>
    <trkpt lat="50.760518" lon="15.725079">
      <ele>926</ele>
      <time>2026-05-07T13:28:04Z</time>
    </trkpt>
    <trkpt lat="50.760687" lon="15.725215">
      <ele>924</ele>
      <time>2026-05-07T13:28:24Z</time>
    </trkpt>
    <trkpt lat="50.760937" lon="15.725413">
      <ele>923</ele>
      <time>2026-05-07T13:28:53Z</time>
    </trkpt>
    <trkpt lat="50.761071" lon="15.725484">
      <ele>922</ele>
      <time>2026-05-07T13:29:08Z</time>
    </trkpt>
    <trkpt lat="50.761217" lon="15.725554">
      <ele>921</ele>
      <time>2026-05-07T13:29:24Z</time>
    </trkpt>
    <trkpt lat="50.761341" lon="15.725577">
      <ele>919</ele>
      <time>2026-05-07T13:29:37Z</time>
    </trkpt>
    <trkpt lat="50.761475" lon="15.725594">
      <ele>916</ele>
      <time>2026-05-07T13:29:51Z</time>
    </trkpt>
    <trkpt lat="50.761577" lon="15.725582">
      <ele>914</ele>
      <time>2026-05-07T13:30:02Z</time>
    </trkpt>
    <trkpt lat="50.76182" lon="15.725554">
      <ele>910</ele>
      <time>2026-05-07T13:30:27Z</time>
    </trkpt>
    <trkpt lat="50.762206" lon="15.725494">
      <ele>904</ele>
      <time>2026-05-07T13:31:08Z</time>
    </trkpt>
    <trkpt lat="50.76244" lon="15.725478">
      <ele>900</ele>
      <time>2026-05-07T13:31:33Z</time>
    </trkpt>
    <trkpt lat="50.762661" lon="15.725421">
      <ele>895</ele>
      <time>2026-05-07T13:31:57Z</time>
    </trkpt>
    <trkpt lat="50.762849" lon="15.725432">
      <ele>892</ele>
      <time>2026-05-07T13:32:17Z</time>
    </trkpt>
    <trkpt lat="50.763109" lon="15.725468">
      <ele>888</ele>
      <time>2026-05-07T13:32:44Z</time>
    </trkpt>
    <trkpt lat="50.763297" lon="15.725488">
      <ele>885</ele>
      <time>2026-05-07T13:33:04Z</time>
    </trkpt>
    <trkpt lat="50.763498" lon="15.72551">
      <ele>883</ele>
      <time>2026-05-07T13:33:25Z</time>
    </trkpt>
    <trkpt lat="50.763688" lon="15.725585">
      <ele>881</ele>
      <time>2026-05-07T13:33:45Z</time>
    </trkpt>
    <trkpt lat="50.763849" lon="15.72569">
      <ele>879</ele>
      <time>2026-05-07T13:34:04Z</time>
    </trkpt>
    <trkpt lat="50.764145" lon="15.725839">
      <ele>875</ele>
      <time>2026-05-07T13:34:36Z</time>
    </trkpt>
    <trkpt lat="50.764299" lon="15.725915">
      <ele>873</ele>
      <time>2026-05-07T13:34:53Z</time>
    </trkpt>
    <trkpt lat="50.764514" lon="15.725986">
      <ele>870</ele>
      <time>2026-05-07T13:35:16Z</time>
    </trkpt>
    <trkpt lat="50.764648" lon="15.726014">
      <ele>868</ele>
      <time>2026-05-07T13:35:30Z</time>
    </trkpt>
    <trkpt lat="50.764893" lon="15.72604">
      <ele>865</ele>
      <time>2026-05-07T13:35:56Z</time>
    </trkpt>
    <trkpt lat="50.765096" lon="15.726072">
      <ele>864</ele>
      <time>2026-05-07T13:36:17Z</time>
    </trkpt>
    <trkpt lat="50.765281" lon="15.726117">
      <ele>863</ele>
      <time>2026-05-07T13:36:37Z</time>
    </trkpt>
    <trkpt lat="50.765668" lon="15.726257">
      <ele>858</ele>
      <time>2026-05-07T13:37:19Z</time>
    </trkpt>
    <trkpt lat="50.765821" lon="15.726349">
      <ele>855</ele>
      <time>2026-05-07T13:37:36Z</time>
    </trkpt>
    <trkpt lat="50.766006" lon="15.726488">
      <ele>853</ele>
      <time>2026-05-07T13:37:57Z</time>
    </trkpt>
    <trkpt lat="50.766128" lon="15.726619">
      <ele>852</ele>
      <time>2026-05-07T13:38:13Z</time>
    </trkpt>
    <trkpt lat="50.766217" lon="15.726775">
      <ele>851</ele>
      <time>2026-05-07T13:38:26Z</time>
    </trkpt>
    <trkpt lat="50.76639" lon="15.727019">
      <ele>849</ele>
      <time>2026-05-07T13:38:51Z</time>
    </trkpt>
    <trkpt lat="50.766486" lon="15.727244">
      <ele>847</ele>
      <time>2026-05-07T13:39:09Z</time>
    </trkpt>
    <trkpt lat="50.766651" lon="15.727591">
      <ele>841</ele>
      <time>2026-05-07T13:39:38Z</time>
    </trkpt>
    <trkpt lat="50.766842" lon="15.727872">
      <ele>837</ele>
      <time>2026-05-07T13:40:05Z</time>
    </trkpt>
    <trkpt lat="50.766892" lon="15.727927">
      <ele>836</ele>
      <time>2026-05-07T13:40:12Z</time>
    </trkpt>
    <trkpt lat="50.767013" lon="15.728029">
      <ele>834</ele>
      <time>2026-05-07T13:40:26Z</time>
    </trkpt>
    <trkpt lat="50.767246" lon="15.728198">
      <ele>830</ele>
      <time>2026-05-07T13:40:53Z</time>
    </trkpt>
    <trkpt lat="50.767431" lon="15.728272">
      <ele>826</ele>
      <time>2026-05-07T13:41:13Z</time>
    </trkpt>
    <trkpt lat="50.767473" lon="15.728316">
      <ele>826</ele>
      <time>2026-05-07T13:41:18Z</time>
    </trkpt>
    <trkpt lat="50.767676" lon="15.72853">
      <ele>821</ele>
      <time>2026-05-07T13:41:44Z</time>
    </trkpt>
    <trkpt lat="50.767707" lon="15.728496">
      <ele>820</ele>
      <time>2026-05-07T13:41:48Z</time>
    </trkpt>
    <trkpt lat="50.767736" lon="15.728481">
      <ele>820</ele>
      <time>2026-05-07T13:41:51Z</time>
    </trkpt>
    <trkpt lat="50.76778" lon="15.728493">
      <ele>819</ele>
      <time>2026-05-07T13:41:56Z</time>
    </trkpt>
    <trkpt lat="50.76781" lon="15.728509">
      <ele>818</ele>
      <time>2026-05-07T13:42:00Z</time>
    </trkpt>
    <trkpt lat="50.767826" lon="15.728537">
      <ele>818</ele>
      <time>2026-05-07T13:42:02Z</time>
    </trkpt>
    <trkpt lat="50.767916" lon="15.728796">
      <ele>815</ele>
      <time>2026-05-07T13:42:22Z</time>
    </trkpt>
    <trkpt lat="50.768028" lon="15.729029">
      <ele>813</ele>
      <time>2026-05-07T13:42:41Z</time>
    </trkpt>
    <trkpt lat="50.768118" lon="15.729171">
      <ele>813</ele>
      <time>2026-05-07T13:42:54Z</time>
    </trkpt>
    <trkpt lat="50.768294" lon="15.729448">
      <ele>810</ele>
      <time>2026-05-07T13:43:20Z</time>
    </trkpt>
    <trkpt lat="50.768354" lon="15.729541">
      <ele>809</ele>
      <time>2026-05-07T13:43:29Z</time>
    </trkpt>
    <trkpt lat="50.768476" lon="15.729728">
      <ele>805</ele>
      <time>2026-05-07T13:43:47Z</time>
    </trkpt>
    <trkpt lat="50.768546" lon="15.72977">
      <ele>804</ele>
      <time>2026-05-07T13:43:55Z</time>
    </trkpt>
    <trkpt lat="50.768537" lon="15.729873">
      <ele>803</ele>
      <time>2026-05-07T13:44:02Z</time>
    </trkpt>
    <trkpt lat="50.768587" lon="15.729942">
      <ele>802</ele>
      <time>2026-05-07T13:44:09Z</time>
    </trkpt>
    <trkpt lat="50.768601" lon="15.729803">
      <ele>802</ele>
      <time>2026-05-07T13:44:20Z</time>
    </trkpt>
    <trkpt lat="50.768626" lon="15.729564">
      <ele>802</ele>
      <time>2026-05-07T13:44:39Z</time>
    </trkpt>
    <trkpt lat="50.768666" lon="15.729302">
      <ele>801</ele>
      <time>2026-05-07T13:45:00Z</time>
    </trkpt>
    <trkpt lat="50.768708" lon="15.729111">
      <ele>801</ele>
      <time>2026-05-07T13:45:16Z</time>
    </trkpt>
    <trkpt lat="50.768769" lon="15.728913">
      <ele>799</ele>
      <time>2026-05-07T13:45:33Z</time>
    </trkpt>
    <trkpt lat="50.768803" lon="15.728826">
      <ele>799</ele>
      <time>2026-05-07T13:45:41Z</time>
    </trkpt>
    <trkpt lat="50.768865" lon="15.728712">
      <ele>797</ele>
      <time>2026-05-07T13:45:53Z</time>
    </trkpt>
    <trkpt lat="50.768914" lon="15.728657">
      <ele>797</ele>
      <time>2026-05-07T13:46:00Z</time>
    </trkpt>
    <trkpt lat="50.76898" lon="15.728609">
      <ele>797</ele>
      <time>2026-05-07T13:46:09Z</time>
    </trkpt>
    <trkpt lat="50.76904" lon="15.728588">
      <ele>796</ele>
      <time>2026-05-07T13:46:14Z</time>
    </trkpt>
    <trkpt lat="50.769107" lon="15.728587">
      <ele>795</ele>
      <time>2026-05-07T13:46:19Z</time>
    </trkpt>
    <trkpt lat="50.769158" lon="15.72859">
      <ele>794</ele>
      <time>2026-05-07T13:46:23Z</time>
    </trkpt>
    <trkpt lat="50.769191" lon="15.728598">
      <ele>794</ele>
      <time>2026-05-07T13:46:25Z</time>
    </trkpt>
    <trkpt lat="50.769216" lon="15.728599">
      <ele>794</ele>
      <time>2026-05-07T13:46:27Z</time>
    </trkpt>
    <trkpt lat="50.769233" lon="15.728601">
      <ele>794</ele>
      <time>2026-05-07T13:46:29Z</time>
    </trkpt>
    <trkpt lat="50.769262" lon="15.728603">
      <ele>794</ele>
      <time>2026-05-07T13:46:31Z</time>
    </trkpt>
    <trkpt lat="50.769359" lon="15.728612">
      <ele>794</ele>
      <time>2026-05-07T13:46:38Z</time>
    </trkpt>
    <trkpt lat="50.769412" lon="15.728626">
      <ele>794</ele>
      <time>2026-05-07T13:46:42Z</time>
    </trkpt>
    <trkpt lat="50.769455" lon="15.728659">
      <ele>794</ele>
      <time>2026-05-07T13:46:46Z</time>
    </trkpt>
    <trkpt lat="50.76949" lon="15.728708">
      <ele>794</ele>
      <time>2026-05-07T13:46:50Z</time>
    </trkpt>
    <trkpt lat="50.769525" lon="15.728815">
      <ele>793</ele>
      <time>2026-05-07T13:46:56Z</time>
    </trkpt>
    <trkpt lat="50.769587" lon="15.729075">
      <ele>793</ele>
      <time>2026-05-07T13:47:09Z</time>
    </trkpt>
    <trkpt lat="50.769697" lon="15.729467">
      <ele>793</ele>
      <time>2026-05-07T13:47:31Z</time>
    </trkpt>
    <trkpt lat="50.769846" lon="15.729851">
      <ele>792</ele>
      <time>2026-05-07T13:47:55Z</time>
    </trkpt>
    <trkpt lat="50.770007" lon="15.73023">
      <ele>790</ele>
      <time>2026-05-07T13:48:18Z</time>
    </trkpt>
    <trkpt lat="50.770305" lon="15.730758">
      <ele>788</ele>
      <time>2026-05-07T13:48:55Z</time>
    </trkpt>
    <trkpt lat="50.770555" lon="15.731163">
      <ele>787</ele>
      <time>2026-05-07T13:49:24Z</time>
    </trkpt>
    <trkpt lat="50.771" lon="15.731899">
      <ele>785</ele>
      <time>2026-05-07T13:50:17Z</time>
    </trkpt>
    <trkpt lat="50.771175" lon="15.732128">
      <ele>781</ele>
      <time>2026-05-07T13:50:36Z</time>
    </trkpt>
    <trkpt lat="50.771257" lon="15.732202">
      <ele>780</ele>
      <time>2026-05-07T13:50:43Z</time>
    </trkpt>
    <trkpt lat="50.771326" lon="15.732238">
      <ele>780</ele>
      <time>2026-05-07T13:50:49Z</time>
    </trkpt>
    <trkpt lat="50.771386" lon="15.732251">
      <ele>780</ele>
      <time>2026-05-07T13:50:54Z</time>
    </trkpt>
    <trkpt lat="50.771459" lon="15.732245">
      <ele>780</ele>
      <time>2026-05-07T13:51:00Z</time>
    </trkpt>
    <trkpt lat="50.771615" lon="15.732189">
      <ele>782</ele>
      <time>2026-05-07T13:51:14Z</time>
    </trkpt>
    <trkpt lat="50.771785" lon="15.73213">
      <ele>784</ele>
      <time>2026-05-07T13:51:28Z</time>
    </trkpt>
    <trkpt lat="50.77186" lon="15.732124">
      <ele>784</ele>
      <time>2026-05-07T13:51:34Z</time>
    </trkpt>
    <trkpt lat="50.771917" lon="15.732128">
      <ele>784</ele>
      <time>2026-05-07T13:51:39Z</time>
    </trkpt>
    <trkpt lat="50.771966" lon="15.732143">
      <ele>784</ele>
      <time>2026-05-07T13:51:43Z</time>
    </trkpt>
    <trkpt lat="50.77202" lon="15.732175">
      <ele>784</ele>
      <time>2026-05-07T13:51:47Z</time>
    </trkpt>
    <trkpt lat="50.77207" lon="15.732225">
      <ele>783</ele>
      <time>2026-05-07T13:51:52Z</time>
    </trkpt>
    <trkpt lat="50.772124" lon="15.732305">
      <ele>784</ele>
      <time>2026-05-07T13:51:58Z</time>
    </trkpt>
    <trkpt lat="50.772232" lon="15.732476">
      <ele>784</ele>
      <time>2026-05-07T13:52:11Z</time>
    </trkpt>
    <trkpt lat="50.772293" lon="15.732576">
      <ele>784</ele>
      <time>2026-05-07T13:52:18Z</time>
    </trkpt>
    <trkpt lat="50.772395" lon="15.732732">
      <ele>784</ele>
      <time>2026-05-07T13:52:30Z</time>
    </trkpt>
    <trkpt lat="50.772453" lon="15.732787">
      <ele>784</ele>
      <time>2026-05-07T13:52:35Z</time>
    </trkpt>
    <trkpt lat="50.77251" lon="15.732815">
      <ele>784</ele>
      <time>2026-05-07T13:52:40Z</time>
    </trkpt>
    <trkpt lat="50.772582" lon="15.732807">
      <ele>784</ele>
      <time>2026-05-07T13:52:46Z</time>
    </trkpt>
    <trkpt lat="50.772661" lon="15.732764">
      <ele>783</ele>
      <time>2026-05-07T13:52:53Z</time>
    </trkpt>
    <trkpt lat="50.772738" lon="15.732696">
      <ele>783</ele>
      <time>2026-05-07T13:53:00Z</time>
    </trkpt>
    <trkpt lat="50.772825" lon="15.73257">
      <ele>783</ele>
      <time>2026-05-07T13:53:10Z</time>
    </trkpt>
    <trkpt lat="50.772889" lon="15.732421">
      <ele>782</ele>
      <time>2026-05-07T13:53:19Z</time>
    </trkpt>
    <trkpt lat="50.772951" lon="15.732228">
      <ele>782</ele>
      <time>2026-05-07T13:53:30Z</time>
    </trkpt>
    <trkpt lat="50.772989" lon="15.732107">
      <ele>783</ele>
      <time>2026-05-07T13:53:37Z</time>
    </trkpt>
    <trkpt lat="50.773081" lon="15.731792">
      <ele>783</ele>
      <time>2026-05-07T13:53:55Z</time>
    </trkpt>
    <trkpt lat="50.773139" lon="15.731827">
      <ele>783</ele>
      <time>2026-05-07T13:54:00Z</time>
    </trkpt>
    <trkpt lat="50.773216" lon="15.73183">
      <ele>782</ele>
      <time>2026-05-07T13:54:07Z</time>
    </trkpt>
    <trkpt lat="50.773247" lon="15.731805">
      <ele>781</ele>
      <time>2026-05-07T13:54:10Z</time>
    </trkpt>
    <trkpt lat="50.773282" lon="15.731777">
      <ele>781</ele>
      <time>2026-05-07T13:54:13Z</time>
    </trkpt>
    <trkpt lat="50.773291" lon="15.731759">
      <ele>781</ele>
      <time>2026-05-07T13:54:14Z</time>
    </trkpt>
    <trkpt lat="50.773331" lon="15.731836">
      <ele>780</ele>
      <time>2026-05-07T13:54:19Z</time>
    </trkpt>
    <trkpt lat="50.773355" lon="15.731987">
      <ele>779</ele>
      <time>2026-05-07T13:54:27Z</time>
    </trkpt>
    <trkpt lat="50.773371" lon="15.732274">
      <ele>777</ele>
      <time>2026-05-07T13:54:42Z</time>
    </trkpt>
    <trkpt lat="50.773381" lon="15.732507">
      <ele>776</ele>
      <time>2026-05-07T13:54:54Z</time>
    </trkpt>
    <trkpt lat="50.77339" lon="15.732729">
      <ele>775</ele>
      <time>2026-05-07T13:55:06Z</time>
    </trkpt>
    <trkpt lat="50.773379" lon="15.733273">
      <ele>771</ele>
      <time>2026-05-07T13:55:34Z</time>
    </trkpt>
    <trkpt lat="50.773363" lon="15.733404">
      <ele>770</ele>
      <time>2026-05-07T13:55:41Z</time>
    </trkpt>
    <trkpt lat="50.773337" lon="15.733621">
      <ele>768</ele>
      <time>2026-05-07T13:55:53Z</time>
    </trkpt>
    <trkpt lat="50.773289" lon="15.733837">
      <ele>766</ele>
      <time>2026-05-07T13:56:05Z</time>
    </trkpt>
    <trkpt lat="50.773271" lon="15.733911">
      <ele>766</ele>
      <time>2026-05-07T13:56:09Z</time>
    </trkpt>
    <trkpt lat="50.773263" lon="15.733958">
      <ele>766</ele>
      <time>2026-05-07T13:56:11Z</time>
    </trkpt>
    <trkpt lat="50.773255" lon="15.734036">
      <ele>765</ele>
      <time>2026-05-07T13:56:15Z</time>
    </trkpt>
    <trkpt lat="50.773255" lon="15.734083">
      <ele>765</ele>
      <time>2026-05-07T13:56:18Z</time>
    </trkpt>
    <trkpt lat="50.773266" lon="15.734164">
      <ele>764</ele>
      <time>2026-05-07T13:56:22Z</time>
    </trkpt>
    <trkpt lat="50.773284" lon="15.734241">
      <ele>763</ele>
      <time>2026-05-07T13:56:27Z</time>
    </trkpt>
    <trkpt lat="50.773314" lon="15.734332">
      <ele>762</ele>
      <time>2026-05-07T13:56:32Z</time>
    </trkpt>
    <trkpt lat="50.773341" lon="15.734378">
      <ele>761</ele>
      <time>2026-05-07T13:56:35Z</time>
    </trkpt>
    <trkpt lat="50.773382" lon="15.73442">
      <ele>760</ele>
      <time>2026-05-07T13:56:39Z</time>
    </trkpt>
    <trkpt lat="50.773463" lon="15.734469">
      <ele>759</ele>
      <time>2026-05-07T13:56:46Z</time>
    </trkpt>
    <trkpt lat="50.773518" lon="15.734485">
      <ele>758</ele>
      <time>2026-05-07T13:56:51Z</time>
    </trkpt>
    <trkpt lat="50.773633" lon="15.734491">
      <ele>757</ele>
      <time>2026-05-07T13:57:00Z</time>
    </trkpt>
    <trkpt lat="50.773737" lon="15.734487">
      <ele>757</ele>
      <time>2026-05-07T13:57:09Z</time>
    </trkpt>
    <trkpt lat="50.773727" lon="15.734374">
      <ele>758</ele>
      <time>2026-05-07T13:57:22Z</time>
    </trkpt>
    <trkpt lat="50.773734" lon="15.734252">
      <ele>758</ele>
      <time>2026-05-07T13:57:36Z</time>
    </trkpt>
    <trkpt lat="50.77379" lon="15.733587">
      <ele>762</ele>
      <time>2026-05-07T13:58:51Z</time>
    </trkpt>
    <trkpt lat="50.77384" lon="15.733171">
      <ele>762</ele>
      <time>2026-05-07T13:59:39Z</time>
    </trkpt>
    <trkpt lat="50.773888" lon="15.7329">
      <ele>763</ele>
      <time>2026-05-07T14:00:10Z</time>
    </trkpt>
    <trkpt lat="50.773911" lon="15.732772">
      <ele>763</ele>
      <time>2026-05-07T14:00:25Z</time>
    </trkpt>
    <trkpt lat="50.774013" lon="15.73231">
      <ele>763</ele>
      <time>2026-05-07T14:01:20Z</time>
    </trkpt>
    <trkpt lat="50.774054" lon="15.732127">
      <ele>763</ele>
      <time>2026-05-07T14:01:42Z</time>
    </trkpt>
    <trkpt lat="50.774115" lon="15.731855">
      <ele>763</ele>
      <time>2026-05-07T14:02:14Z</time>
    </trkpt>
    <trkpt lat="50.77417" lon="15.731656">
      <ele>763</ele>
      <time>2026-05-07T14:02:38Z</time>
    </trkpt>
    <trkpt lat="50.774235" lon="15.731481">
      <ele>763</ele>
      <time>2026-05-07T14:03:01Z</time>
    </trkpt>
    <trkpt lat="50.77426" lon="15.731413">
      <ele>763</ele>
      <time>2026-05-07T14:03:10Z</time>
    </trkpt>
    <trkpt lat="50.774283" lon="15.73135">
      <ele>763</ele>
      <time>2026-05-07T14:03:18Z</time>
    </trkpt>
    <trkpt lat="50.774326" lon="15.731239">
      <ele>763</ele>
      <time>2026-05-07T14:03:33Z</time>
    </trkpt>
    <trkpt lat="50.774394" lon="15.731107">
      <ele>763</ele>
      <time>2026-05-07T14:03:52Z</time>
    </trkpt>
    <trkpt lat="50.774476" lon="15.730978">
      <ele>763</ele>
      <time>2026-05-07T14:04:12Z</time>
    </trkpt>
    <trkpt lat="50.774487" lon="15.730961">
      <ele>763</ele>
      <time>2026-05-07T14:04:15Z</time>
    </trkpt>
    <trkpt lat="50.774697" lon="15.730629">
      <ele>765</ele>
      <time>2026-05-07T14:05:08Z</time>
    </trkpt>
    <trkpt lat="50.774743" lon="15.730532">
      <ele>766</ele>
      <time>2026-05-07T14:05:21Z</time>
    </trkpt>
    <trkpt lat="50.774756" lon="15.730483">
      <ele>766</ele>
      <time>2026-05-07T14:05:27Z</time>
    </trkpt>
    <trkpt lat="50.774778" lon="15.730406">
      <ele>767</ele>
      <time>2026-05-07T14:05:37Z</time>
    </trkpt>
    <trkpt lat="50.77478" lon="15.730347">
      <ele>768</ele>
      <time>2026-05-07T14:05:43Z</time>
    </trkpt>
    <trkpt lat="50.774781" lon="15.730311">
      <ele>768</ele>
      <time>2026-05-07T14:05:48Z</time>
    </trkpt>
    <trkpt lat="50.774771" lon="15.730231">
      <ele>769</ele>
      <time>2026-05-07T14:05:57Z</time>
    </trkpt>
    <trkpt lat="50.774731" lon="15.730147">
      <ele>770</ele>
      <time>2026-05-07T14:06:09Z</time>
    </trkpt>
    <trkpt lat="50.774694" lon="15.730098">
      <ele>771</ele>
      <time>2026-05-07T14:06:17Z</time>
    </trkpt>
    <trkpt lat="50.774737" lon="15.729908">
      <ele>773</ele>
      <time>2026-05-07T14:06:40Z</time>
    </trkpt>
    <trkpt lat="50.774795" lon="15.729643">
      <ele>777</ele>
      <time>2026-05-07T14:07:12Z</time>
    </trkpt>
    <trkpt lat="50.774809" lon="15.729428">
      <ele>780</ele>
      <time>2026-05-07T14:07:37Z</time>
    </trkpt>
    <trkpt lat="50.774815" lon="15.729215">
      <ele>782</ele>
      <time>2026-05-07T14:08:01Z</time>
    </trkpt>
    <trkpt lat="50.774837" lon="15.729039">
      <ele>783</ele>
      <time>2026-05-07T14:08:21Z</time>
    </trkpt>
    <trkpt lat="50.774888" lon="15.728879">
      <ele>784</ele>
      <time>2026-05-07T14:08:41Z</time>
    </trkpt>
    <trkpt lat="50.775066" lon="15.728477">
      <ele>790</ele>
      <time>2026-05-07T14:09:37Z</time>
    </trkpt>
    <trkpt lat="50.775133" lon="15.72828">
      <ele>793</ele>
      <time>2026-05-07T14:10:03Z</time>
    </trkpt>
    <trkpt lat="50.775204" lon="15.728052">
      <ele>796</ele>
      <time>2026-05-07T14:10:31Z</time>
    </trkpt>
    <trkpt lat="50.775314" lon="15.727637">
      <ele>801</ele>
      <time>2026-05-07T14:11:22Z</time>
    </trkpt>
    <trkpt lat="50.775319" lon="15.727617">
      <ele>801</ele>
      <time>2026-05-07T14:11:25Z</time>
    </trkpt>
    <trkpt lat="50.775497" lon="15.727068">
      <ele>810</ele>
      <time>2026-05-07T14:12:35Z</time>
    </trkpt>
    <trkpt lat="50.775723" lon="15.726951">
      <ele>812</ele>
      <time>2026-05-07T14:13:18Z</time>
    </trkpt>
    <trkpt lat="50.775806" lon="15.726924">
      <ele>812</ele>
      <time>2026-05-07T14:13:33Z</time>
    </trkpt>
    <trkpt lat="50.775973" lon="15.726882">
      <ele>814</ele>
      <time>2026-05-07T14:14:03Z</time>
    </trkpt>
    <trkpt lat="50.776079" lon="15.726789">
      <ele>817</ele>
      <time>2026-05-07T14:14:25Z</time>
    </trkpt>
    <trkpt lat="50.77609" lon="15.726788">
      <ele>817</ele>
      <time>2026-05-07T14:14:27Z</time>
    </trkpt>
    <trkpt lat="50.776208" lon="15.726756">
      <ele>820</ele>
      <time>2026-05-07T14:14:48Z</time>
    </trkpt>
    <trkpt lat="50.776267" lon="15.726731">
      <ele>822</ele>
      <time>2026-05-07T14:15:00Z</time>
    </trkpt>
    <trkpt lat="50.776428" lon="15.726662">
      <ele>827</ele>
      <time>2026-05-07T14:15:30Z</time>
    </trkpt>
    <trkpt lat="50.776796" lon="15.726509">
      <ele>835</ele>
      <time>2026-05-07T14:16:39Z</time>
    </trkpt>
    <trkpt lat="50.776892" lon="15.726477">
      <ele>837</ele>
      <time>2026-05-07T14:16:57Z</time>
    </trkpt>
    <trkpt lat="50.776984" lon="15.726466">
      <ele>838</ele>
      <time>2026-05-07T14:17:13Z</time>
    </trkpt>
    <trkpt lat="50.777683" lon="15.726449">
      <ele>834</ele>
      <time>2026-05-07T14:19:17Z</time>
    </trkpt>
    <trkpt lat="50.777788" lon="15.726442">
      <ele>834</ele>
      <time>2026-05-07T14:19:36Z</time>
    </trkpt>
    <trkpt lat="50.77785" lon="15.726365">
      <ele>835</ele>
      <time>2026-05-07T14:19:50Z</time>
    </trkpt>
    <trkpt lat="50.778097" lon="15.726133">
      <ele>840</ele>
      <time>2026-05-07T14:20:41Z</time>
    </trkpt>
    <trkpt lat="50.778161" lon="15.726074">
      <ele>841</ele>
      <time>2026-05-07T14:20:55Z</time>
    </trkpt>
    <trkpt lat="50.778267" lon="15.725906">
      <ele>844</ele>
      <time>2026-05-07T14:21:21Z</time>
    </trkpt>
    <trkpt lat="50.778305" lon="15.725844">
      <ele>844</ele>
      <time>2026-05-07T14:21:31Z</time>
    </trkpt>
    <trkpt lat="50.778354" lon="15.725741">
      <ele>845</ele>
      <time>2026-05-07T14:21:46Z</time>
    </trkpt>
    <trkpt lat="50.778386" lon="15.725649">
      <ele>846</ele>
      <time>2026-05-07T14:21:57Z</time>
    </trkpt>
    <trkpt lat="50.778397" lon="15.725549">
      <ele>847</ele>
      <time>2026-05-07T14:22:09Z</time>
    </trkpt>
    <trkpt lat="50.778385" lon="15.725461">
      <ele>849</ele>
      <time>2026-05-07T14:22:16Z</time>
    </trkpt>
    <trkpt lat="50.778372" lon="15.72542">
      <ele>849</ele>
      <time>2026-05-07T14:22:20Z</time>
    </trkpt>
    <trkpt lat="50.778349" lon="15.725389">
      <ele>850</ele>
      <time>2026-05-07T14:22:23Z</time>
    </trkpt>
    <trkpt lat="50.778281" lon="15.725361">
      <ele>852</ele>
      <time>2026-05-07T14:22:32Z</time>
    </trkpt>
    <trkpt lat="50.778055" lon="15.725353">
      <ele>855</ele>
      <time>2026-05-07T14:22:59Z</time>
    </trkpt>
    <trkpt lat="50.77794" lon="15.725332">
      <ele>856</ele>
      <time>2026-05-07T14:23:13Z</time>
    </trkpt>
    <trkpt lat="50.777804" lon="15.725307">
      <ele>857</ele>
      <time>2026-05-07T14:23:30Z</time>
    </trkpt>
    <trkpt lat="50.777715" lon="15.725283">
      <ele>859</ele>
      <time>2026-05-07T14:23:41Z</time>
    </trkpt>
    <trkpt lat="50.777626" lon="15.725243">
      <ele>860</ele>
      <time>2026-05-07T14:23:52Z</time>
    </trkpt>
    <trkpt lat="50.777452" lon="15.725137">
      <ele>863</ele>
      <time>2026-05-07T14:24:15Z</time>
    </trkpt>
    <trkpt lat="50.777383" lon="15.72508">
      <ele>865</ele>
      <time>2026-05-07T14:24:24Z</time>
    </trkpt>
    <trkpt lat="50.777328" lon="15.725014">
      <ele>866</ele>
      <time>2026-05-07T14:24:32Z</time>
    </trkpt>
    <trkpt lat="50.77725" lon="15.724916">
      <ele>868</ele>
      <time>2026-05-07T14:24:45Z</time>
    </trkpt>
    <trkpt lat="50.777193" lon="15.724788">
      <ele>869</ele>
      <time>2026-05-07T14:24:57Z</time>
    </trkpt>
    <trkpt lat="50.777142" lon="15.724632">
      <ele>871</ele>
      <time>2026-05-07T14:25:10Z</time>
    </trkpt>
    <trkpt lat="50.777098" lon="15.724473">
      <ele>872</ele>
      <time>2026-05-07T14:25:23Z</time>
    </trkpt>
    <trkpt lat="50.777076" lon="15.724328">
      <ele>874</ele>
      <time>2026-05-07T14:25:35Z</time>
    </trkpt>
    <trkpt lat="50.777065" lon="15.724182">
      <ele>876</ele>
      <time>2026-05-07T14:25:46Z</time>
    </trkpt>
    <trkpt lat="50.777073" lon="15.724033">
      <ele>878</ele>
      <time>2026-05-07T14:25:58Z</time>
    </trkpt>
    <trkpt lat="50.777092" lon="15.723953">
      <ele>880</ele>
      <time>2026-05-07T14:26:04Z</time>
    </trkpt>
    <trkpt lat="50.7771053" lon="15.7238972">
      <ele>880</ele>
      <time>2026-05-07T14:26:09Z</time>
    </trkpt>
  </trkseg>
</trk>
</gpx>