<?xml version="1.0" encoding="UTF-8"?><gpx creator="https://mapa-turystyczna.pl" xmlns="http://www.topografix.com/GPX/1/1" version="1.1" xmlns:xsi="http://www.w3.org/2001/XMLSchema-instance" xsi:schemaLocation="http://www.topografix.com/GPX/1/1 http://www.topografix.com/GPX/1/1/gpx.xsd">
  <metadata>
    <link href="https://mapa-turystyczna.pl">
      <text>mapa-turystyczna.pl</text>
    </link>
    <time>2026-05-07T08:43:20Z</time>
    <bounds maxlat="50.264366" maxlon="17.029235" minlat="50.21014" minlon="16.956656"/>
  </metadata>

<trk>
  <name>Bielice, leśniczówka – Bielice, leśniczówka</name>
  <link href="https://mapa-turystyczna.pl/route/h8d2">
    <text>Bielice, leśniczówka – Bielice, leśniczówka</text>
  </link>
  <trkseg>
    <trkpt lat="50.263886" lon="16.99504">
      <ele>745</ele>
      <time>2026-05-07T08:43:20Z</time>
    </trkpt>
    <trkpt lat="50.263888" lon="16.995077">
      <ele>744</ele>
      <time>2026-05-07T08:43:24Z</time>
    </trkpt>
    <trkpt lat="50.263893" lon="16.995459">
      <ele>741</ele>
      <time>2026-05-07T08:44:07Z</time>
    </trkpt>
    <trkpt lat="50.263826" lon="16.995741">
      <ele>742</ele>
      <time>2026-05-07T08:44:41Z</time>
    </trkpt>
    <trkpt lat="50.263741" lon="16.995994">
      <ele>744</ele>
      <time>2026-05-07T08:45:13Z</time>
    </trkpt>
    <trkpt lat="50.263599" lon="16.996175">
      <ele>749</ele>
      <time>2026-05-07T08:45:46Z</time>
    </trkpt>
    <trkpt lat="50.263385" lon="16.996311">
      <ele>753</ele>
      <time>2026-05-07T08:46:28Z</time>
    </trkpt>
    <trkpt lat="50.262974" lon="16.996394">
      <ele>758</ele>
      <time>2026-05-07T08:47:41Z</time>
    </trkpt>
    <trkpt lat="50.26268" lon="16.996492">
      <ele>761</ele>
      <time>2026-05-07T08:48:34Z</time>
    </trkpt>
    <trkpt lat="50.262343" lon="16.996595">
      <ele>765</ele>
      <time>2026-05-07T08:49:34Z</time>
    </trkpt>
    <trkpt lat="50.262065" lon="16.996657">
      <ele>772</ele>
      <time>2026-05-07T08:50:25Z</time>
    </trkpt>
    <trkpt lat="50.26189" lon="16.996724">
      <ele>777</ele>
      <time>2026-05-07T08:50:57Z</time>
    </trkpt>
    <trkpt lat="50.261778" lon="16.996837">
      <ele>780</ele>
      <time>2026-05-07T08:51:21Z</time>
    </trkpt>
    <trkpt lat="50.261729" lon="16.996929">
      <ele>780</ele>
      <time>2026-05-07T08:51:35Z</time>
    </trkpt>
    <trkpt lat="50.261497" lon="16.997362">
      <ele>783</ele>
      <time>2026-05-07T08:52:38Z</time>
    </trkpt>
    <trkpt lat="50.261345" lon="16.997593">
      <ele>786</ele>
      <time>2026-05-07T08:53:16Z</time>
    </trkpt>
    <trkpt lat="50.260979" lon="16.998084">
      <ele>795</ele>
      <time>2026-05-07T08:54:42Z</time>
    </trkpt>
    <trkpt lat="50.260677" lon="16.998428">
      <ele>800</ele>
      <time>2026-05-07T08:55:48Z</time>
    </trkpt>
    <trkpt lat="50.260542" lon="16.998759">
      <ele>804</ele>
      <time>2026-05-07T08:56:32Z</time>
    </trkpt>
    <trkpt lat="50.260409" lon="16.999235">
      <ele>810</ele>
      <time>2026-05-07T08:57:31Z</time>
    </trkpt>
    <trkpt lat="50.260258" lon="17.000197">
      <ele>817</ele>
      <time>2026-05-07T08:59:23Z</time>
    </trkpt>
    <trkpt lat="50.260162" lon="17.000703">
      <ele>822</ele>
      <time>2026-05-07T09:00:23Z</time>
    </trkpt>
    <trkpt lat="50.259985" lon="17.001359">
      <ele>829</ele>
      <time>2026-05-07T09:01:44Z</time>
    </trkpt>
    <trkpt lat="50.259999" lon="17.001748">
      <ele>833</ele>
      <time>2026-05-07T09:02:28Z</time>
    </trkpt>
    <trkpt lat="50.260075" lon="17.002061">
      <ele>835</ele>
      <time>2026-05-07T09:03:05Z</time>
    </trkpt>
    <trkpt lat="50.26021" lon="17.002495">
      <ele>837</ele>
      <time>2026-05-07T09:04:00Z</time>
    </trkpt>
    <trkpt lat="50.260395" lon="17.002886">
      <ele>839</ele>
      <time>2026-05-07T09:04:54Z</time>
    </trkpt>
    <trkpt lat="50.260685" lon="17.003318">
      <ele>843</ele>
      <time>2026-05-07T09:06:05Z</time>
    </trkpt>
    <trkpt lat="50.260947" lon="17.003727">
      <ele>843</ele>
      <time>2026-05-07T09:07:10Z</time>
    </trkpt>
    <trkpt lat="50.261091" lon="17.003971">
      <ele>844</ele>
      <time>2026-05-07T09:07:47Z</time>
    </trkpt>
    <trkpt lat="50.261141" lon="17.004168">
      <ele>846</ele>
      <time>2026-05-07T09:08:11Z</time>
    </trkpt>
    <trkpt lat="50.261058" lon="17.004462">
      <ele>852</ele>
      <time>2026-05-07T09:08:49Z</time>
    </trkpt>
    <trkpt lat="50.260991" lon="17.004808">
      <ele>857</ele>
      <time>2026-05-07T09:09:30Z</time>
    </trkpt>
    <trkpt lat="50.26092" lon="17.005337">
      <ele>866</ele>
      <time>2026-05-07T09:10:32Z</time>
    </trkpt>
    <trkpt lat="50.260858" lon="17.005661">
      <ele>871</ele>
      <time>2026-05-07T09:11:11Z</time>
    </trkpt>
    <trkpt lat="50.260813" lon="17.0059">
      <ele>873</ele>
      <time>2026-05-07T09:11:39Z</time>
    </trkpt>
    <trkpt lat="50.260745" lon="17.006152">
      <ele>876</ele>
      <time>2026-05-07T09:12:10Z</time>
    </trkpt>
    <trkpt lat="50.260652" lon="17.00646">
      <ele>881</ele>
      <time>2026-05-07T09:12:49Z</time>
    </trkpt>
    <trkpt lat="50.260607" lon="17.00672">
      <ele>883</ele>
      <time>2026-05-07T09:13:20Z</time>
    </trkpt>
    <trkpt lat="50.260513" lon="17.007072">
      <ele>886</ele>
      <time>2026-05-07T09:14:03Z</time>
    </trkpt>
    <trkpt lat="50.260372" lon="17.007569">
      <ele>889</ele>
      <time>2026-05-07T09:15:04Z</time>
    </trkpt>
    <trkpt lat="50.259985" lon="17.009044">
      <ele>901</ele>
      <time>2026-05-07T09:18:04Z</time>
    </trkpt>
    <trkpt lat="50.259967" lon="17.009121">
      <ele>901</ele>
      <time>2026-05-07T09:18:13Z</time>
    </trkpt>
    <trkpt lat="50.25995" lon="17.009176">
      <ele>901</ele>
      <time>2026-05-07T09:18:20Z</time>
    </trkpt>
    <trkpt lat="50.260325" lon="17.009928">
      <ele>903</ele>
      <time>2026-05-07T09:19:31Z</time>
    </trkpt>
    <trkpt lat="50.26041" lon="17.010073">
      <ele>902</ele>
      <time>2026-05-07T09:19:46Z</time>
    </trkpt>
    <trkpt lat="50.260525" lon="17.010204">
      <ele>902</ele>
      <time>2026-05-07T09:20:03Z</time>
    </trkpt>
    <trkpt lat="50.260826" lon="17.010451">
      <ele>905</ele>
      <time>2026-05-07T09:20:43Z</time>
    </trkpt>
    <trkpt lat="50.261159" lon="17.010725">
      <ele>908</ele>
      <time>2026-05-07T09:21:27Z</time>
    </trkpt>
    <trkpt lat="50.261774" lon="17.011375">
      <ele>918</ele>
      <time>2026-05-07T09:22:54Z</time>
    </trkpt>
    <trkpt lat="50.261971" lon="17.011511">
      <ele>924</ele>
      <time>2026-05-07T09:23:20Z</time>
    </trkpt>
    <trkpt lat="50.262337" lon="17.011788">
      <ele>937</ele>
      <time>2026-05-07T09:24:49Z</time>
    </trkpt>
    <trkpt lat="50.262552" lon="17.011999">
      <ele>945</ele>
      <time>2026-05-07T09:25:44Z</time>
    </trkpt>
    <trkpt lat="50.262667" lon="17.01208">
      <ele>950</ele>
      <time>2026-05-07T09:26:12Z</time>
    </trkpt>
    <trkpt lat="50.262769" lon="17.01217">
      <ele>956</ele>
      <time>2026-05-07T09:26:39Z</time>
    </trkpt>
    <trkpt lat="50.263065" lon="17.012615">
      <ele>968</ele>
      <time>2026-05-07T09:28:08Z</time>
    </trkpt>
    <trkpt lat="50.26345" lon="17.01312">
      <ele>981</ele>
      <time>2026-05-07T09:29:56Z</time>
    </trkpt>
    <trkpt lat="50.26357" lon="17.013238">
      <ele>985</ele>
      <time>2026-05-07T09:30:26Z</time>
    </trkpt>
    <trkpt lat="50.263692" lon="17.013299">
      <ele>986</ele>
      <time>2026-05-07T09:30:53Z</time>
    </trkpt>
    <trkpt lat="50.263769" lon="17.01332">
      <ele>986</ele>
      <time>2026-05-07T09:31:10Z</time>
    </trkpt>
    <trkpt lat="50.263987" lon="17.013256">
      <ele>984</ele>
      <time>2026-05-07T09:31:56Z</time>
    </trkpt>
    <trkpt lat="50.264031" lon="17.013253">
      <ele>984</ele>
      <time>2026-05-07T09:32:06Z</time>
    </trkpt>
    <trkpt lat="50.26406" lon="17.013234">
      <ele>983</ele>
      <time>2026-05-07T09:32:12Z</time>
    </trkpt>
    <trkpt lat="50.264082" lon="17.013211">
      <ele>983</ele>
      <time>2026-05-07T09:32:18Z</time>
    </trkpt>
    <trkpt lat="50.264115" lon="17.013193">
      <ele>984</ele>
      <time>2026-05-07T09:32:25Z</time>
    </trkpt>
    <trkpt lat="50.264134" lon="17.013186">
      <ele>984</ele>
      <time>2026-05-07T09:32:29Z</time>
    </trkpt>
    <trkpt lat="50.264152" lon="17.013192">
      <ele>984</ele>
      <time>2026-05-07T09:32:33Z</time>
    </trkpt>
    <trkpt lat="50.264173" lon="17.013208">
      <ele>985</ele>
      <time>2026-05-07T09:32:38Z</time>
    </trkpt>
    <trkpt lat="50.264205" lon="17.013213">
      <ele>986</ele>
      <time>2026-05-07T09:32:45Z</time>
    </trkpt>
    <trkpt lat="50.264238" lon="17.013202">
      <ele>986</ele>
      <time>2026-05-07T09:32:52Z</time>
    </trkpt>
    <trkpt lat="50.264293" lon="17.013217">
      <ele>987</ele>
      <time>2026-05-07T09:33:04Z</time>
    </trkpt>
    <trkpt lat="50.264366" lon="17.013234">
      <ele>989</ele>
      <time>2026-05-07T09:33:20Z</time>
    </trkpt>
    <trkpt lat="50.264293" lon="17.013217">
      <ele>987</ele>
      <time>2026-05-07T09:33:28Z</time>
    </trkpt>
    <trkpt lat="50.264238" lon="17.013202">
      <ele>986</ele>
      <time>2026-05-07T09:33:34Z</time>
    </trkpt>
    <trkpt lat="50.264205" lon="17.013213">
      <ele>986</ele>
      <time>2026-05-07T09:33:37Z</time>
    </trkpt>
    <trkpt lat="50.264173" lon="17.013208">
      <ele>985</ele>
      <time>2026-05-07T09:33:41Z</time>
    </trkpt>
    <trkpt lat="50.264152" lon="17.013192">
      <ele>984</ele>
      <time>2026-05-07T09:33:43Z</time>
    </trkpt>
    <trkpt lat="50.264134" lon="17.013186">
      <ele>984</ele>
      <time>2026-05-07T09:33:45Z</time>
    </trkpt>
    <trkpt lat="50.264115" lon="17.013193">
      <ele>984</ele>
      <time>2026-05-07T09:33:47Z</time>
    </trkpt>
    <trkpt lat="50.264082" lon="17.013211">
      <ele>983</ele>
      <time>2026-05-07T09:33:51Z</time>
    </trkpt>
    <trkpt lat="50.26406" lon="17.013234">
      <ele>983</ele>
      <time>2026-05-07T09:33:54Z</time>
    </trkpt>
    <trkpt lat="50.264031" lon="17.013253">
      <ele>984</ele>
      <time>2026-05-07T09:33:57Z</time>
    </trkpt>
    <trkpt lat="50.263987" lon="17.013256">
      <ele>984</ele>
      <time>2026-05-07T09:34:02Z</time>
    </trkpt>
    <trkpt lat="50.263769" lon="17.01332">
      <ele>986</ele>
      <time>2026-05-07T09:34:25Z</time>
    </trkpt>
    <trkpt lat="50.263692" lon="17.013299">
      <ele>986</ele>
      <time>2026-05-07T09:34:33Z</time>
    </trkpt>
    <trkpt lat="50.26357" lon="17.013238">
      <ele>985</ele>
      <time>2026-05-07T09:34:47Z</time>
    </trkpt>
    <trkpt lat="50.26345" lon="17.01312">
      <ele>981</ele>
      <time>2026-05-07T09:35:02Z</time>
    </trkpt>
    <trkpt lat="50.263065" lon="17.012615">
      <ele>968</ele>
      <time>2026-05-07T09:35:56Z</time>
    </trkpt>
    <trkpt lat="50.262769" lon="17.01217">
      <ele>956</ele>
      <time>2026-05-07T09:36:41Z</time>
    </trkpt>
    <trkpt lat="50.262667" lon="17.01208">
      <ele>950</ele>
      <time>2026-05-07T09:36:54Z</time>
    </trkpt>
    <trkpt lat="50.262552" lon="17.011999">
      <ele>945</ele>
      <time>2026-05-07T09:37:08Z</time>
    </trkpt>
    <trkpt lat="50.262337" lon="17.011788">
      <ele>937</ele>
      <time>2026-05-07T09:37:36Z</time>
    </trkpt>
    <trkpt lat="50.261971" lon="17.011511">
      <ele>924</ele>
      <time>2026-05-07T09:38:20Z</time>
    </trkpt>
    <trkpt lat="50.261774" lon="17.011375">
      <ele>918</ele>
      <time>2026-05-07T09:38:46Z</time>
    </trkpt>
    <trkpt lat="50.261159" lon="17.010725">
      <ele>908</ele>
      <time>2026-05-07T09:40:13Z</time>
    </trkpt>
    <trkpt lat="50.260826" lon="17.010451">
      <ele>905</ele>
      <time>2026-05-07T09:40:57Z</time>
    </trkpt>
    <trkpt lat="50.260525" lon="17.010204">
      <ele>902</ele>
      <time>2026-05-07T09:41:37Z</time>
    </trkpt>
    <trkpt lat="50.26041" lon="17.010073">
      <ele>902</ele>
      <time>2026-05-07T09:41:54Z</time>
    </trkpt>
    <trkpt lat="50.260325" lon="17.009928">
      <ele>903</ele>
      <time>2026-05-07T09:42:09Z</time>
    </trkpt>
    <trkpt lat="50.25995" lon="17.009176">
      <ele>901</ele>
      <time>2026-05-07T09:43:20Z</time>
    </trkpt>
    <trkpt lat="50.259756" lon="17.008791">
      <ele>901</ele>
      <time>2026-05-07T09:44:03Z</time>
    </trkpt>
    <trkpt lat="50.259669" lon="17.008551">
      <ele>902</ele>
      <time>2026-05-07T09:44:27Z</time>
    </trkpt>
    <trkpt lat="50.259512" lon="17.007806">
      <ele>903</ele>
      <time>2026-05-07T09:45:35Z</time>
    </trkpt>
    <trkpt lat="50.259471" lon="17.007481">
      <ele>904</ele>
      <time>2026-05-07T09:46:04Z</time>
    </trkpt>
    <trkpt lat="50.259464" lon="17.007004">
      <ele>906</ele>
      <time>2026-05-07T09:46:46Z</time>
    </trkpt>
    <trkpt lat="50.259425" lon="17.006608">
      <ele>906</ele>
      <time>2026-05-07T09:47:21Z</time>
    </trkpt>
    <trkpt lat="50.259368" lon="17.00632">
      <ele>905</ele>
      <time>2026-05-07T09:47:47Z</time>
    </trkpt>
    <trkpt lat="50.259331" lon="17.006211">
      <ele>905</ele>
      <time>2026-05-07T09:47:58Z</time>
    </trkpt>
    <trkpt lat="50.259124" lon="17.005775">
      <ele>901</ele>
      <time>2026-05-07T09:48:45Z</time>
    </trkpt>
    <trkpt lat="50.258946" lon="17.005445">
      <ele>899</ele>
      <time>2026-05-07T09:49:23Z</time>
    </trkpt>
    <trkpt lat="50.258559" lon="17.00481">
      <ele>894</ele>
      <time>2026-05-07T09:50:40Z</time>
    </trkpt>
    <trkpt lat="50.258485" lon="17.004711">
      <ele>893</ele>
      <time>2026-05-07T09:50:53Z</time>
    </trkpt>
    <trkpt lat="50.258072" lon="17.004272">
      <ele>895</ele>
      <time>2026-05-07T09:52:01Z</time>
    </trkpt>
    <trkpt lat="50.257623" lon="17.003532">
      <ele>903</ele>
      <time>2026-05-07T09:53:31Z</time>
    </trkpt>
    <trkpt lat="50.2571" lon="17.002789">
      <ele>913</ele>
      <time>2026-05-07T09:55:08Z</time>
    </trkpt>
    <trkpt lat="50.256884" lon="17.002414">
      <ele>917</ele>
      <time>2026-05-07T09:55:52Z</time>
    </trkpt>
    <trkpt lat="50.256633" lon="17.001926">
      <ele>921</ele>
      <time>2026-05-07T09:56:47Z</time>
    </trkpt>
    <trkpt lat="50.256534" lon="17.001788">
      <ele>922</ele>
      <time>2026-05-07T09:57:05Z</time>
    </trkpt>
    <trkpt lat="50.256442" lon="17.001707">
      <ele>923</ele>
      <time>2026-05-07T09:57:20Z</time>
    </trkpt>
    <trkpt lat="50.256332" lon="17.001665">
      <ele>923</ele>
      <time>2026-05-07T09:57:35Z</time>
    </trkpt>
    <trkpt lat="50.256245" lon="17.001673">
      <ele>923</ele>
      <time>2026-05-07T09:57:47Z</time>
    </trkpt>
    <trkpt lat="50.256022" lon="17.001799">
      <ele>928</ele>
      <time>2026-05-07T09:58:20Z</time>
    </trkpt>
    <trkpt lat="50.255553" lon="17.002029">
      <ele>926</ele>
      <time>2026-05-07T09:59:32Z</time>
    </trkpt>
    <trkpt lat="50.255319" lon="17.002145">
      <ele>928</ele>
      <time>2026-05-07T10:00:08Z</time>
    </trkpt>
    <trkpt lat="50.254854" lon="17.002347">
      <ele>930</ele>
      <time>2026-05-07T10:01:19Z</time>
    </trkpt>
    <trkpt lat="50.254395" lon="17.002591">
      <ele>925</ele>
      <time>2026-05-07T10:02:30Z</time>
    </trkpt>
    <trkpt lat="50.253994" lon="17.002771">
      <ele>919</ele>
      <time>2026-05-07T10:03:32Z</time>
    </trkpt>
    <trkpt lat="50.253802" lon="17.002857">
      <ele>918</ele>
      <time>2026-05-07T10:04:01Z</time>
    </trkpt>
    <trkpt lat="50.253541" lon="17.003011">
      <ele>919</ele>
      <time>2026-05-07T10:04:42Z</time>
    </trkpt>
    <trkpt lat="50.253094" lon="17.003245">
      <ele>919</ele>
      <time>2026-05-07T10:05:52Z</time>
    </trkpt>
    <trkpt lat="50.253018" lon="17.003308">
      <ele>919</ele>
      <time>2026-05-07T10:06:04Z</time>
    </trkpt>
    <trkpt lat="50.252967" lon="17.003382">
      <ele>918</ele>
      <time>2026-05-07T10:06:14Z</time>
    </trkpt>
    <trkpt lat="50.252756" lon="17.00383">
      <ele>913</ele>
      <time>2026-05-07T10:07:07Z</time>
    </trkpt>
    <trkpt lat="50.251768" lon="17.00606">
      <ele>876</ele>
      <time>2026-05-07T10:11:26Z</time>
    </trkpt>
    <trkpt lat="50.251528" lon="17.006603">
      <ele>871</ele>
      <time>2026-05-07T10:12:28Z</time>
    </trkpt>
    <trkpt lat="50.249549" lon="17.010275">
      <ele>904</ele>
      <time>2026-05-07T10:20:01Z</time>
    </trkpt>
    <trkpt lat="50.249366" lon="17.010601">
      <ele>909</ele>
      <time>2026-05-07T10:20:42Z</time>
    </trkpt>
    <trkpt lat="50.249314" lon="17.01067">
      <ele>910</ele>
      <time>2026-05-07T10:20:52Z</time>
    </trkpt>
    <trkpt lat="50.249061" lon="17.011006">
      <ele>913</ele>
      <time>2026-05-07T10:21:41Z</time>
    </trkpt>
    <trkpt lat="50.248973" lon="17.011065">
      <ele>913</ele>
      <time>2026-05-07T10:21:55Z</time>
    </trkpt>
    <trkpt lat="50.248551" lon="17.011243">
      <ele>909</ele>
      <time>2026-05-07T10:22:59Z</time>
    </trkpt>
    <trkpt lat="50.247977" lon="17.011548">
      <ele>903</ele>
      <time>2026-05-07T10:24:29Z</time>
    </trkpt>
    <trkpt lat="50.247864" lon="17.01158">
      <ele>903</ele>
      <time>2026-05-07T10:24:45Z</time>
    </trkpt>
    <trkpt lat="50.247658" lon="17.011579">
      <ele>903</ele>
      <time>2026-05-07T10:25:16Z</time>
    </trkpt>
    <trkpt lat="50.247084" lon="17.01146">
      <ele>903</ele>
      <time>2026-05-07T10:26:41Z</time>
    </trkpt>
    <trkpt lat="50.242887" lon="17.010723">
      <ele>957</ele>
      <time>2026-05-07T10:37:04Z</time>
    </trkpt>
    <trkpt lat="50.242691" lon="17.01075">
      <ele>959</ele>
      <time>2026-05-07T10:37:33Z</time>
    </trkpt>
    <trkpt lat="50.242555" lon="17.010808">
      <ele>961</ele>
      <time>2026-05-07T10:37:54Z</time>
    </trkpt>
    <trkpt lat="50.241577" lon="17.011454">
      <ele>967</ele>
      <time>2026-05-07T10:40:30Z</time>
    </trkpt>
    <trkpt lat="50.241455" lon="17.011569">
      <ele>967</ele>
      <time>2026-05-07T10:40:51Z</time>
    </trkpt>
    <trkpt lat="50.241386" lon="17.011693">
      <ele>968</ele>
      <time>2026-05-07T10:41:06Z</time>
    </trkpt>
    <trkpt lat="50.240986" lon="17.013206">
      <ele>970</ele>
      <time>2026-05-07T10:43:40Z</time>
    </trkpt>
    <trkpt lat="50.240828" lon="17.013804">
      <ele>973</ele>
      <time>2026-05-07T10:44:41Z</time>
    </trkpt>
    <trkpt lat="50.240543" lon="17.01497">
      <ele>984</ele>
      <time>2026-05-07T10:46:39Z</time>
    </trkpt>
    <trkpt lat="50.240477" lon="17.015316">
      <ele>984</ele>
      <time>2026-05-07T10:47:12Z</time>
    </trkpt>
    <trkpt lat="50.239811" lon="17.016064">
      <ele>989</ele>
      <time>2026-05-07T10:49:13Z</time>
    </trkpt>
    <trkpt lat="50.239551" lon="17.016381">
      <ele>995</ele>
      <time>2026-05-07T10:50:02Z</time>
    </trkpt>
    <trkpt lat="50.238952" lon="17.016955">
      <ele>1007</ele>
      <time>2026-05-07T10:51:46Z</time>
    </trkpt>
    <trkpt lat="50.23855" lon="17.017418">
      <ele>1016</ele>
      <time>2026-05-07T10:53:00Z</time>
    </trkpt>
    <trkpt lat="50.238135" lon="17.017936">
      <ele>1022</ele>
      <time>2026-05-07T10:54:19Z</time>
    </trkpt>
    <trkpt lat="50.2379" lon="17.018321">
      <ele>1027</ele>
      <time>2026-05-07T10:55:09Z</time>
    </trkpt>
    <trkpt lat="50.237591" lon="17.018992">
      <ele>1033</ele>
      <time>2026-05-07T10:56:27Z</time>
    </trkpt>
    <trkpt lat="50.237466" lon="17.019185">
      <ele>1036</ele>
      <time>2026-05-07T10:56:53Z</time>
    </trkpt>
    <trkpt lat="50.237044" lon="17.019996">
      <ele>1048</ele>
      <time>2026-05-07T10:58:32Z</time>
    </trkpt>
    <trkpt lat="50.236794" lon="17.020351">
      <ele>1055</ele>
      <time>2026-05-07T10:59:23Z</time>
    </trkpt>
    <trkpt lat="50.236613" lon="17.020656">
      <ele>1062</ele>
      <time>2026-05-07T11:00:03Z</time>
    </trkpt>
    <trkpt lat="50.236575" lon="17.020719">
      <ele>1063</ele>
      <time>2026-05-07T11:00:11Z</time>
    </trkpt>
    <trkpt lat="50.23592" lon="17.021484">
      <ele>1081</ele>
      <time>2026-05-07T11:02:13Z</time>
    </trkpt>
    <trkpt lat="50.235773" lon="17.021705">
      <ele>1085</ele>
      <time>2026-05-07T11:02:44Z</time>
    </trkpt>
    <trkpt lat="50.23568" lon="17.021803">
      <ele>1087</ele>
      <time>2026-05-07T11:03:00Z</time>
    </trkpt>
    <trkpt lat="50.235544" lon="17.021947">
      <ele>1089</ele>
      <time>2026-05-07T11:03:25Z</time>
    </trkpt>
    <trkpt lat="50.235206" lon="17.022263">
      <ele>1096</ele>
      <time>2026-05-07T11:04:23Z</time>
    </trkpt>
    <trkpt lat="50.234818" lon="17.022584">
      <ele>1100</ele>
      <time>2026-05-07T11:05:28Z</time>
    </trkpt>
    <trkpt lat="50.234724" lon="17.022669">
      <ele>1101</ele>
      <time>2026-05-07T11:05:44Z</time>
    </trkpt>
    <trkpt lat="50.234433" lon="17.022928">
      <ele>1102</ele>
      <time>2026-05-07T11:06:33Z</time>
    </trkpt>
    <trkpt lat="50.233814" lon="17.023483">
      <ele>1106</ele>
      <time>2026-05-07T11:08:17Z</time>
    </trkpt>
    <trkpt lat="50.233384" lon="17.023847">
      <ele>1107</ele>
      <time>2026-05-07T11:09:29Z</time>
    </trkpt>
    <trkpt lat="50.232813" lon="17.024331">
      <ele>1103</ele>
      <time>2026-05-07T11:11:05Z</time>
    </trkpt>
    <trkpt lat="50.2327" lon="17.024445">
      <ele>1102</ele>
      <time>2026-05-07T11:11:24Z</time>
    </trkpt>
    <trkpt lat="50.232596" lon="17.024598">
      <ele>1102</ele>
      <time>2026-05-07T11:11:45Z</time>
    </trkpt>
    <trkpt lat="50.232388" lon="17.024982">
      <ele>1101</ele>
      <time>2026-05-07T11:12:33Z</time>
    </trkpt>
    <trkpt lat="50.232155" lon="17.025332">
      <ele>1100</ele>
      <time>2026-05-07T11:13:20Z</time>
    </trkpt>
    <trkpt lat="50.231951" lon="17.025639">
      <ele>1098</ele>
      <time>2026-05-07T11:13:49Z</time>
    </trkpt>
    <trkpt lat="50.231397" lon="17.026493">
      <ele>1099</ele>
      <time>2026-05-07T11:15:10Z</time>
    </trkpt>
    <trkpt lat="50.231121" lon="17.026911">
      <ele>1102</ele>
      <time>2026-05-07T11:15:50Z</time>
    </trkpt>
    <trkpt lat="50.230906" lon="17.027282">
      <ele>1105</ele>
      <time>2026-05-07T11:16:23Z</time>
    </trkpt>
    <trkpt lat="50.230811" lon="17.027386">
      <ele>1106</ele>
      <time>2026-05-07T11:16:36Z</time>
    </trkpt>
    <trkpt lat="50.230724" lon="17.027509">
      <ele>1107</ele>
      <time>2026-05-07T11:16:48Z</time>
    </trkpt>
    <trkpt lat="50.23064" lon="17.027591">
      <ele>1108</ele>
      <time>2026-05-07T11:16:58Z</time>
    </trkpt>
    <trkpt lat="50.230339" lon="17.027953">
      <ele>1112</ele>
      <time>2026-05-07T11:17:38Z</time>
    </trkpt>
    <trkpt lat="50.230181" lon="17.028116">
      <ele>1112</ele>
      <time>2026-05-07T11:17:57Z</time>
    </trkpt>
    <trkpt lat="50.230019" lon="17.02834">
      <ele>1109</ele>
      <time>2026-05-07T11:18:20Z</time>
    </trkpt>
    <trkpt lat="50.229941" lon="17.028394">
      <ele>1111</ele>
      <time>2026-05-07T11:18:30Z</time>
    </trkpt>
    <trkpt lat="50.229791" lon="17.028619">
      <ele>1113</ele>
      <time>2026-05-07T11:18:54Z</time>
    </trkpt>
    <trkpt lat="50.229709" lon="17.028902">
      <ele>1114</ele>
      <time>2026-05-07T11:19:17Z</time>
    </trkpt>
    <trkpt lat="50.229595" lon="17.029014">
      <ele>1113</ele>
      <time>2026-05-07T11:19:33Z</time>
    </trkpt>
    <trkpt lat="50.22935" lon="17.02916">
      <ele>1111</ele>
      <time>2026-05-07T11:20:04Z</time>
    </trkpt>
    <trkpt lat="50.229235" lon="17.029219">
      <ele>1110</ele>
      <time>2026-05-07T11:20:18Z</time>
    </trkpt>
    <trkpt lat="50.229128" lon="17.029235">
      <ele>1110</ele>
      <time>2026-05-07T11:20:30Z</time>
    </trkpt>
    <trkpt lat="50.22872" lon="17.029179">
      <ele>1106</ele>
      <time>2026-05-07T11:21:18Z</time>
    </trkpt>
    <trkpt lat="50.228209" lon="17.029045">
      <ele>1099</ele>
      <time>2026-05-07T11:22:19Z</time>
    </trkpt>
    <trkpt lat="50.228073" lon="17.029045">
      <ele>1097</ele>
      <time>2026-05-07T11:22:34Z</time>
    </trkpt>
    <trkpt lat="50.227974" lon="17.029">
      <ele>1096</ele>
      <time>2026-05-07T11:22:46Z</time>
    </trkpt>
    <trkpt lat="50.227708" lon="17.028857">
      <ele>1094</ele>
      <time>2026-05-07T11:23:19Z</time>
    </trkpt>
    <trkpt lat="50.227509" lon="17.028758">
      <ele>1092</ele>
      <time>2026-05-07T11:23:44Z</time>
    </trkpt>
    <trkpt lat="50.227387" lon="17.028723">
      <ele>1090</ele>
      <time>2026-05-07T11:23:58Z</time>
    </trkpt>
    <trkpt lat="50.227217" lon="17.028731">
      <ele>1087</ele>
      <time>2026-05-07T11:24:18Z</time>
    </trkpt>
    <trkpt lat="50.226956" lon="17.028779">
      <ele>1083</ele>
      <time>2026-05-07T11:24:49Z</time>
    </trkpt>
    <trkpt lat="50.226633" lon="17.028953">
      <ele>1079</ele>
      <time>2026-05-07T11:25:29Z</time>
    </trkpt>
    <trkpt lat="50.226493" lon="17.028975">
      <ele>1078</ele>
      <time>2026-05-07T11:25:45Z</time>
    </trkpt>
    <trkpt lat="50.226353" lon="17.028943">
      <ele>1076</ele>
      <time>2026-05-07T11:26:02Z</time>
    </trkpt>
    <trkpt lat="50.225587" lon="17.028764">
      <ele>1066</ele>
      <time>2026-05-07T11:27:32Z</time>
    </trkpt>
    <trkpt lat="50.225314" lon="17.02868">
      <ele>1062</ele>
      <time>2026-05-07T11:28:05Z</time>
    </trkpt>
    <trkpt lat="50.225201" lon="17.028578">
      <ele>1061</ele>
      <time>2026-05-07T11:28:20Z</time>
    </trkpt>
    <trkpt lat="50.225168" lon="17.028436">
      <ele>1062</ele>
      <time>2026-05-07T11:28:30Z</time>
    </trkpt>
    <trkpt lat="50.225079" lon="17.028331">
      <ele>1062</ele>
      <time>2026-05-07T11:28:42Z</time>
    </trkpt>
    <trkpt lat="50.2249" lon="17.028167">
      <ele>1063</ele>
      <time>2026-05-07T11:29:04Z</time>
    </trkpt>
    <trkpt lat="50.224758" lon="17.028012">
      <ele>1066</ele>
      <time>2026-05-07T11:29:23Z</time>
    </trkpt>
    <trkpt lat="50.224696" lon="17.027909">
      <ele>1067</ele>
      <time>2026-05-07T11:29:32Z</time>
    </trkpt>
    <trkpt lat="50.224653" lon="17.027838">
      <ele>1068</ele>
      <time>2026-05-07T11:29:39Z</time>
    </trkpt>
    <trkpt lat="50.224521" lon="17.027577">
      <ele>1071</ele>
      <time>2026-05-07T11:30:02Z</time>
    </trkpt>
    <trkpt lat="50.224397" lon="17.027312">
      <ele>1073</ele>
      <time>2026-05-07T11:30:24Z</time>
    </trkpt>
    <trkpt lat="50.224285" lon="17.027083">
      <ele>1074</ele>
      <time>2026-05-07T11:30:44Z</time>
    </trkpt>
    <trkpt lat="50.22407" lon="17.026759">
      <ele>1076</ele>
      <time>2026-05-07T11:31:15Z</time>
    </trkpt>
    <trkpt lat="50.223963" lon="17.02658">
      <ele>1077</ele>
      <time>2026-05-07T11:31:32Z</time>
    </trkpt>
    <trkpt lat="50.223864" lon="17.026306">
      <ele>1078</ele>
      <time>2026-05-07T11:31:54Z</time>
    </trkpt>
    <trkpt lat="50.223745" lon="17.025821">
      <ele>1079</ele>
      <time>2026-05-07T11:32:29Z</time>
    </trkpt>
    <trkpt lat="50.223673" lon="17.025552">
      <ele>1079</ele>
      <time>2026-05-07T11:32:49Z</time>
    </trkpt>
    <trkpt lat="50.223575" lon="17.02526">
      <ele>1081</ele>
      <time>2026-05-07T11:33:11Z</time>
    </trkpt>
    <trkpt lat="50.223472" lon="17.024877">
      <ele>1083</ele>
      <time>2026-05-07T11:33:39Z</time>
    </trkpt>
    <trkpt lat="50.223443" lon="17.024632">
      <ele>1084</ele>
      <time>2026-05-07T11:33:56Z</time>
    </trkpt>
    <trkpt lat="50.22344" lon="17.024453">
      <ele>1085</ele>
      <time>2026-05-07T11:34:08Z</time>
    </trkpt>
    <trkpt lat="50.223462" lon="17.024246">
      <ele>1085</ele>
      <time>2026-05-07T11:34:23Z</time>
    </trkpt>
    <trkpt lat="50.223524" lon="17.024021">
      <ele>1085</ele>
      <time>2026-05-07T11:34:39Z</time>
    </trkpt>
    <trkpt lat="50.22357" lon="17.02386">
      <ele>1086</ele>
      <time>2026-05-07T11:34:51Z</time>
    </trkpt>
    <trkpt lat="50.223663" lon="17.023618">
      <ele>1087</ele>
      <time>2026-05-07T11:35:10Z</time>
    </trkpt>
    <trkpt lat="50.223537" lon="17.023505">
      <ele>1085</ele>
      <time>2026-05-07T11:35:26Z</time>
    </trkpt>
    <trkpt lat="50.223392" lon="17.023143">
      <ele>1082</ele>
      <time>2026-05-07T11:35:55Z</time>
    </trkpt>
    <trkpt lat="50.223319" lon="17.022933">
      <ele>1081</ele>
      <time>2026-05-07T11:36:11Z</time>
    </trkpt>
    <trkpt lat="50.223263" lon="17.02269">
      <ele>1081</ele>
      <time>2026-05-07T11:36:29Z</time>
    </trkpt>
    <trkpt lat="50.222892" lon="17.022059">
      <ele>1082</ele>
      <time>2026-05-07T11:37:27Z</time>
    </trkpt>
    <trkpt lat="50.222579" lon="17.021442">
      <ele>1087</ele>
      <time>2026-05-07T11:38:21Z</time>
    </trkpt>
    <trkpt lat="50.222514" lon="17.021403">
      <ele>1087</ele>
      <time>2026-05-07T11:38:28Z</time>
    </trkpt>
    <trkpt lat="50.222376" lon="17.02132">
      <ele>1087</ele>
      <time>2026-05-07T11:38:44Z</time>
    </trkpt>
    <trkpt lat="50.222294" lon="17.021226">
      <ele>1088</ele>
      <time>2026-05-07T11:38:55Z</time>
    </trkpt>
    <trkpt lat="50.222237" lon="17.021095">
      <ele>1088</ele>
      <time>2026-05-07T11:39:05Z</time>
    </trkpt>
    <trkpt lat="50.222184" lon="17.020893">
      <ele>1090</ele>
      <time>2026-05-07T11:39:20Z</time>
    </trkpt>
    <trkpt lat="50.222108" lon="17.020767">
      <ele>1090</ele>
      <time>2026-05-07T11:39:32Z</time>
    </trkpt>
    <trkpt lat="50.222045" lon="17.020722">
      <ele>1090</ele>
      <time>2026-05-07T11:39:39Z</time>
    </trkpt>
    <trkpt lat="50.222016" lon="17.020704">
      <ele>1090</ele>
      <time>2026-05-07T11:39:43Z</time>
    </trkpt>
    <trkpt lat="50.221918" lon="17.020647">
      <ele>1091</ele>
      <time>2026-05-07T11:39:54Z</time>
    </trkpt>
    <trkpt lat="50.221767" lon="17.02048">
      <ele>1091</ele>
      <time>2026-05-07T11:40:13Z</time>
    </trkpt>
    <trkpt lat="50.221542" lon="17.020188">
      <ele>1093</ele>
      <time>2026-05-07T11:40:44Z</time>
    </trkpt>
    <trkpt lat="50.221485" lon="17.020089">
      <ele>1093</ele>
      <time>2026-05-07T11:40:54Z</time>
    </trkpt>
    <trkpt lat="50.221434" lon="17.019938">
      <ele>1094</ele>
      <time>2026-05-07T11:41:05Z</time>
    </trkpt>
    <trkpt lat="50.221243" lon="17.019998">
      <ele>1093</ele>
      <time>2026-05-07T11:41:26Z</time>
    </trkpt>
    <trkpt lat="50.221092" lon="17.020148">
      <ele>1093</ele>
      <time>2026-05-07T11:41:45Z</time>
    </trkpt>
    <trkpt lat="50.221006" lon="17.020287">
      <ele>1094</ele>
      <time>2026-05-07T11:41:58Z</time>
    </trkpt>
    <trkpt lat="50.220955" lon="17.020526">
      <ele>1094</ele>
      <time>2026-05-07T11:42:15Z</time>
    </trkpt>
    <trkpt lat="50.220842" lon="17.021081">
      <ele>1093</ele>
      <time>2026-05-07T11:42:55Z</time>
    </trkpt>
    <trkpt lat="50.220728" lon="17.021424">
      <ele>1095</ele>
      <time>2026-05-07T11:43:21Z</time>
    </trkpt>
    <trkpt lat="50.220576" lon="17.021773">
      <ele>1098</ele>
      <time>2026-05-07T11:43:50Z</time>
    </trkpt>
    <trkpt lat="50.220366" lon="17.022041">
      <ele>1101</ele>
      <time>2026-05-07T11:44:19Z</time>
    </trkpt>
    <trkpt lat="50.22015" lon="17.022293">
      <ele>1102</ele>
      <time>2026-05-07T11:44:47Z</time>
    </trkpt>
    <trkpt lat="50.219882" lon="17.022725">
      <ele>1101</ele>
      <time>2026-05-07T11:45:28Z</time>
    </trkpt>
    <trkpt lat="50.219747" lon="17.022878">
      <ele>1100</ele>
      <time>2026-05-07T11:45:46Z</time>
    </trkpt>
    <trkpt lat="50.219601" lon="17.022994">
      <ele>1100</ele>
      <time>2026-05-07T11:46:03Z</time>
    </trkpt>
    <trkpt lat="50.219383" lon="17.023095">
      <ele>1100</ele>
      <time>2026-05-07T11:46:27Z</time>
    </trkpt>
    <trkpt lat="50.219215" lon="17.023227">
      <ele>1099</ele>
      <time>2026-05-07T11:46:47Z</time>
    </trkpt>
    <trkpt lat="50.219033" lon="17.023423">
      <ele>1099</ele>
      <time>2026-05-07T11:47:11Z</time>
    </trkpt>
    <trkpt lat="50.218851" lon="17.023696">
      <ele>1100</ele>
      <time>2026-05-07T11:47:37Z</time>
    </trkpt>
    <trkpt lat="50.218736" lon="17.023846">
      <ele>1099</ele>
      <time>2026-05-07T11:47:53Z</time>
    </trkpt>
    <trkpt lat="50.218623" lon="17.023951">
      <ele>1099</ele>
      <time>2026-05-07T11:48:07Z</time>
    </trkpt>
    <trkpt lat="50.218092" lon="17.024251">
      <ele>1096</ele>
      <time>2026-05-07T11:49:07Z</time>
    </trkpt>
    <trkpt lat="50.217871" lon="17.024353">
      <ele>1095</ele>
      <time>2026-05-07T11:49:32Z</time>
    </trkpt>
    <trkpt lat="50.217591" lon="17.024442">
      <ele>1093</ele>
      <time>2026-05-07T11:50:02Z</time>
    </trkpt>
    <trkpt lat="50.217066" lon="17.024678">
      <ele>1087</ele>
      <time>2026-05-07T11:51:00Z</time>
    </trkpt>
    <trkpt lat="50.216555" lon="17.024812">
      <ele>1086</ele>
      <time>2026-05-07T11:51:55Z</time>
    </trkpt>
    <trkpt lat="50.216352" lon="17.024884">
      <ele>1085</ele>
      <time>2026-05-07T11:52:17Z</time>
    </trkpt>
    <trkpt lat="50.21612" lon="17.025032">
      <ele>1084</ele>
      <time>2026-05-07T11:52:44Z</time>
    </trkpt>
    <trkpt lat="50.21578" lon="17.025265">
      <ele>1081</ele>
      <time>2026-05-07T11:53:24Z</time>
    </trkpt>
    <trkpt lat="50.215425" lon="17.025673">
      <ele>1077</ele>
      <time>2026-05-07T11:54:10Z</time>
    </trkpt>
    <trkpt lat="50.214929" lon="17.026223">
      <ele>1070</ele>
      <time>2026-05-07T11:55:15Z</time>
    </trkpt>
    <trkpt lat="50.214818" lon="17.026344">
      <ele>1069</ele>
      <time>2026-05-07T11:55:30Z</time>
    </trkpt>
    <trkpt lat="50.214738" lon="17.026397">
      <ele>1069</ele>
      <time>2026-05-07T11:55:39Z</time>
    </trkpt>
    <trkpt lat="50.214655" lon="17.026422">
      <ele>1068</ele>
      <time>2026-05-07T11:55:48Z</time>
    </trkpt>
    <trkpt lat="50.214563" lon="17.026378">
      <ele>1067</ele>
      <time>2026-05-07T11:55:58Z</time>
    </trkpt>
    <trkpt lat="50.214457" lon="17.026255">
      <ele>1066</ele>
      <time>2026-05-07T11:56:12Z</time>
    </trkpt>
    <trkpt lat="50.214373" lon="17.026113">
      <ele>1065</ele>
      <time>2026-05-07T11:56:25Z</time>
    </trkpt>
    <trkpt lat="50.214172" lon="17.025652">
      <ele>1063</ele>
      <time>2026-05-07T11:57:03Z</time>
    </trkpt>
    <trkpt lat="50.214056" lon="17.025295">
      <ele>1061</ele>
      <time>2026-05-07T11:57:31Z</time>
    </trkpt>
    <trkpt lat="50.213959" lon="17.024941">
      <ele>1058</ele>
      <time>2026-05-07T11:57:57Z</time>
    </trkpt>
    <trkpt lat="50.213928" lon="17.024707">
      <ele>1056</ele>
      <time>2026-05-07T11:58:13Z</time>
    </trkpt>
    <trkpt lat="50.213894" lon="17.024123">
      <ele>1055</ele>
      <time>2026-05-07T11:58:53Z</time>
    </trkpt>
    <trkpt lat="50.213886" lon="17.023965">
      <ele>1055</ele>
      <time>2026-05-07T11:59:04Z</time>
    </trkpt>
    <trkpt lat="50.213839" lon="17.023787">
      <ele>1054</ele>
      <time>2026-05-07T11:59:17Z</time>
    </trkpt>
    <trkpt lat="50.213654" lon="17.023162">
      <ele>1048</ele>
      <time>2026-05-07T12:00:04Z</time>
    </trkpt>
    <trkpt lat="50.213626" lon="17.022986">
      <ele>1046</ele>
      <time>2026-05-07T12:00:17Z</time>
    </trkpt>
    <trkpt lat="50.213633" lon="17.022865">
      <ele>1044</ele>
      <time>2026-05-07T12:00:25Z</time>
    </trkpt>
    <trkpt lat="50.213708" lon="17.02275">
      <ele>1045</ele>
      <time>2026-05-07T12:00:36Z</time>
    </trkpt>
    <trkpt lat="50.214047" lon="17.022438">
      <ele>1048</ele>
      <time>2026-05-07T12:01:18Z</time>
    </trkpt>
    <trkpt lat="50.214123" lon="17.022326">
      <ele>1048</ele>
      <time>2026-05-07T12:01:29Z</time>
    </trkpt>
    <trkpt lat="50.21414" lon="17.022213">
      <ele>1047</ele>
      <time>2026-05-07T12:01:37Z</time>
    </trkpt>
    <trkpt lat="50.214126" lon="17.022033">
      <ele>1045</ele>
      <time>2026-05-07T12:01:49Z</time>
    </trkpt>
    <trkpt lat="50.214116" lon="17.021824">
      <ele>1044</ele>
      <time>2026-05-07T12:02:04Z</time>
    </trkpt>
    <trkpt lat="50.214123" lon="17.021438">
      <ele>1042</ele>
      <time>2026-05-07T12:02:30Z</time>
    </trkpt>
    <trkpt lat="50.214135" lon="17.02114">
      <ele>1040</ele>
      <time>2026-05-07T12:02:50Z</time>
    </trkpt>
    <trkpt lat="50.214148" lon="17.020746">
      <ele>1040</ele>
      <time>2026-05-07T12:03:17Z</time>
    </trkpt>
    <trkpt lat="50.214162" lon="17.02055">
      <ele>1040</ele>
      <time>2026-05-07T12:03:31Z</time>
    </trkpt>
    <trkpt lat="50.214138" lon="17.0204">
      <ele>1041</ele>
      <time>2026-05-07T12:03:41Z</time>
    </trkpt>
    <trkpt lat="50.214083" lon="17.020311">
      <ele>1041</ele>
      <time>2026-05-07T12:03:49Z</time>
    </trkpt>
    <trkpt lat="50.214007" lon="17.020255">
      <ele>1040</ele>
      <time>2026-05-07T12:03:58Z</time>
    </trkpt>
    <trkpt lat="50.213669" lon="17.020169">
      <ele>1036</ele>
      <time>2026-05-07T12:04:35Z</time>
    </trkpt>
    <trkpt lat="50.213479" lon="17.020116">
      <ele>1035</ele>
      <time>2026-05-07T12:04:55Z</time>
    </trkpt>
    <trkpt lat="50.213346" lon="17.020057">
      <ele>1034</ele>
      <time>2026-05-07T12:05:10Z</time>
    </trkpt>
    <trkpt lat="50.213039" lon="17.019898">
      <ele>1032</ele>
      <time>2026-05-07T12:05:44Z</time>
    </trkpt>
    <trkpt lat="50.212683" lon="17.019759">
      <ele>1029</ele>
      <time>2026-05-07T12:06:24Z</time>
    </trkpt>
    <trkpt lat="50.212422" lon="17.01959">
      <ele>1027</ele>
      <time>2026-05-07T12:06:54Z</time>
    </trkpt>
    <trkpt lat="50.212294" lon="17.019472">
      <ele>1025</ele>
      <time>2026-05-07T12:07:09Z</time>
    </trkpt>
    <trkpt lat="50.212171" lon="17.019273">
      <ele>1024</ele>
      <time>2026-05-07T12:07:28Z</time>
    </trkpt>
    <trkpt lat="50.212073" lon="17.019115">
      <ele>1022</ele>
      <time>2026-05-07T12:07:43Z</time>
    </trkpt>
    <trkpt lat="50.211972" lon="17.018984">
      <ele>1020</ele>
      <time>2026-05-07T12:07:57Z</time>
    </trkpt>
    <trkpt lat="50.211836" lon="17.018745">
      <ele>1013</ele>
      <time>2026-05-07T12:08:20Z</time>
    </trkpt>
    <trkpt lat="50.211845" lon="17.018418">
      <ele>1016</ele>
      <time>2026-05-07T12:08:44Z</time>
    </trkpt>
    <trkpt lat="50.211883" lon="17.018222">
      <ele>1016</ele>
      <time>2026-05-07T12:09:00Z</time>
    </trkpt>
    <trkpt lat="50.211998" lon="17.017873">
      <ele>1017</ele>
      <time>2026-05-07T12:09:29Z</time>
    </trkpt>
    <trkpt lat="50.212361" lon="17.016698">
      <ele>1020</ele>
      <time>2026-05-07T12:11:05Z</time>
    </trkpt>
    <trkpt lat="50.21261" lon="17.015835">
      <ele>1021</ele>
      <time>2026-05-07T12:12:16Z</time>
    </trkpt>
    <trkpt lat="50.212761" lon="17.015365">
      <ele>1022</ele>
      <time>2026-05-07T12:12:55Z</time>
    </trkpt>
    <trkpt lat="50.212973" lon="17.014799">
      <ele>1024</ele>
      <time>2026-05-07T12:13:43Z</time>
    </trkpt>
    <trkpt lat="50.21318" lon="17.014386">
      <ele>1026</ele>
      <time>2026-05-07T12:14:22Z</time>
    </trkpt>
    <trkpt lat="50.213399" lon="17.014016">
      <ele>1027</ele>
      <time>2026-05-07T12:14:59Z</time>
    </trkpt>
    <trkpt lat="50.213819" lon="17.013464">
      <ele>1026</ele>
      <time>2026-05-07T12:16:03Z</time>
    </trkpt>
    <trkpt lat="50.213973" lon="17.013273">
      <ele>1027</ele>
      <time>2026-05-07T12:16:26Z</time>
    </trkpt>
    <trkpt lat="50.214032" lon="17.013118">
      <ele>1029</ele>
      <time>2026-05-07T12:16:39Z</time>
    </trkpt>
    <trkpt lat="50.214037" lon="17.012904">
      <ele>1029</ele>
      <time>2026-05-07T12:16:55Z</time>
    </trkpt>
    <trkpt lat="50.213977" lon="17.012573">
      <ele>1029</ele>
      <time>2026-05-07T12:17:20Z</time>
    </trkpt>
    <trkpt lat="50.213922" lon="17.012286">
      <ele>1030</ele>
      <time>2026-05-07T12:17:43Z</time>
    </trkpt>
    <trkpt lat="50.213632" lon="17.010669">
      <ele>1030</ele>
      <time>2026-05-07T12:19:47Z</time>
    </trkpt>
    <trkpt lat="50.213564" lon="17.010139">
      <ele>1027</ele>
      <time>2026-05-07T12:20:27Z</time>
    </trkpt>
    <trkpt lat="50.21353" lon="17.009773">
      <ele>1026</ele>
      <time>2026-05-07T12:20:55Z</time>
    </trkpt>
    <trkpt lat="50.213532" lon="17.009556">
      <ele>1026</ele>
      <time>2026-05-07T12:21:11Z</time>
    </trkpt>
    <trkpt lat="50.213558" lon="17.009288">
      <ele>1027</ele>
      <time>2026-05-07T12:21:31Z</time>
    </trkpt>
    <trkpt lat="50.213638" lon="17.009089">
      <ele>1028</ele>
      <time>2026-05-07T12:21:48Z</time>
    </trkpt>
    <trkpt lat="50.213731" lon="17.008909">
      <ele>1029</ele>
      <time>2026-05-07T12:22:05Z</time>
    </trkpt>
    <trkpt lat="50.213831" lon="17.008756">
      <ele>1030</ele>
      <time>2026-05-07T12:22:22Z</time>
    </trkpt>
    <trkpt lat="50.213968" lon="17.008673">
      <ele>1031</ele>
      <time>2026-05-07T12:22:39Z</time>
    </trkpt>
    <trkpt lat="50.21431" lon="17.008633">
      <ele>1035</ele>
      <time>2026-05-07T12:23:19Z</time>
    </trkpt>
    <trkpt lat="50.214624" lon="17.008563">
      <ele>1039</ele>
      <time>2026-05-07T12:23:55Z</time>
    </trkpt>
    <trkpt lat="50.21473" lon="17.008512">
      <ele>1041</ele>
      <time>2026-05-07T12:24:08Z</time>
    </trkpt>
    <trkpt lat="50.21479" lon="17.008392">
      <ele>1042</ele>
      <time>2026-05-07T12:24:20Z</time>
    </trkpt>
    <trkpt lat="50.214854" lon="17.008209">
      <ele>1042</ele>
      <time>2026-05-07T12:24:35Z</time>
    </trkpt>
    <trkpt lat="50.215014" lon="17.007594">
      <ele>1042</ele>
      <time>2026-05-07T12:25:24Z</time>
    </trkpt>
    <trkpt lat="50.215107" lon="17.007066">
      <ele>1043</ele>
      <time>2026-05-07T12:26:05Z</time>
    </trkpt>
    <trkpt lat="50.215125" lon="17.006335">
      <ele>1046</ele>
      <time>2026-05-07T12:26:59Z</time>
    </trkpt>
    <trkpt lat="50.215141" lon="17.00542">
      <ele>1052</ele>
      <time>2026-05-07T12:28:07Z</time>
    </trkpt>
    <trkpt lat="50.215082" lon="17.004803">
      <ele>1052</ele>
      <time>2026-05-07T12:28:53Z</time>
    </trkpt>
    <trkpt lat="50.214941" lon="17.004115">
      <ele>1051</ele>
      <time>2026-05-07T12:29:47Z</time>
    </trkpt>
    <trkpt lat="50.214913" lon="17.003894">
      <ele>1050</ele>
      <time>2026-05-07T12:30:04Z</time>
    </trkpt>
    <trkpt lat="50.214873" lon="17.003574">
      <ele>1049</ele>
      <time>2026-05-07T12:30:28Z</time>
    </trkpt>
    <trkpt lat="50.214852" lon="17.003322">
      <ele>1048</ele>
      <time>2026-05-07T12:30:47Z</time>
    </trkpt>
    <trkpt lat="50.214806" lon="17.003049">
      <ele>1046</ele>
      <time>2026-05-07T12:31:08Z</time>
    </trkpt>
    <trkpt lat="50.214703" lon="17.002558">
      <ele>1045</ele>
      <time>2026-05-07T12:31:46Z</time>
    </trkpt>
    <trkpt lat="50.214641" lon="17.00215">
      <ele>1047</ele>
      <time>2026-05-07T12:32:17Z</time>
    </trkpt>
    <trkpt lat="50.214541" lon="17.001497">
      <ele>1049</ele>
      <time>2026-05-07T12:33:07Z</time>
    </trkpt>
    <trkpt lat="50.214385" lon="17.000656">
      <ele>1045</ele>
      <time>2026-05-07T12:34:12Z</time>
    </trkpt>
    <trkpt lat="50.214172" lon="16.999597">
      <ele>1044</ele>
      <time>2026-05-07T12:35:34Z</time>
    </trkpt>
    <trkpt lat="50.21401" lon="16.998854">
      <ele>1045</ele>
      <time>2026-05-07T12:36:32Z</time>
    </trkpt>
    <trkpt lat="50.213955" lon="16.998365">
      <ele>1044</ele>
      <time>2026-05-07T12:37:09Z</time>
    </trkpt>
    <trkpt lat="50.213916" lon="16.997851">
      <ele>1042</ele>
      <time>2026-05-07T12:37:47Z</time>
    </trkpt>
    <trkpt lat="50.213901" lon="16.997472">
      <ele>1040</ele>
      <time>2026-05-07T12:38:16Z</time>
    </trkpt>
    <trkpt lat="50.213911" lon="16.997156">
      <ele>1039</ele>
      <time>2026-05-07T12:38:39Z</time>
    </trkpt>
    <trkpt lat="50.213966" lon="16.996904">
      <ele>1037</ele>
      <time>2026-05-07T12:38:59Z</time>
    </trkpt>
    <trkpt lat="50.214013" lon="16.996679">
      <ele>1037</ele>
      <time>2026-05-07T12:39:16Z</time>
    </trkpt>
    <trkpt lat="50.214006" lon="16.996456">
      <ele>1036</ele>
      <time>2026-05-07T12:39:33Z</time>
    </trkpt>
    <trkpt lat="50.213971" lon="16.996265">
      <ele>1035</ele>
      <time>2026-05-07T12:39:48Z</time>
    </trkpt>
    <trkpt lat="50.213786" lon="16.995244">
      <ele>1029</ele>
      <time>2026-05-07T12:41:06Z</time>
    </trkpt>
    <trkpt lat="50.213656" lon="16.994608">
      <ele>1024</ele>
      <time>2026-05-07T12:41:56Z</time>
    </trkpt>
    <trkpt lat="50.213442" lon="16.993527">
      <ele>1020</ele>
      <time>2026-05-07T12:43:20Z</time>
    </trkpt>
    <trkpt lat="50.213493" lon="16.993594">
      <ele>1021</ele>
      <time>2026-05-07T12:43:28Z</time>
    </trkpt>
    <trkpt lat="50.213587" lon="16.993658">
      <ele>1021</ele>
      <time>2026-05-07T12:43:41Z</time>
    </trkpt>
    <trkpt lat="50.213719" lon="16.99365">
      <ele>1021</ele>
      <time>2026-05-07T12:43:57Z</time>
    </trkpt>
    <trkpt lat="50.213992" lon="16.993594">
      <ele>1022</ele>
      <time>2026-05-07T12:44:32Z</time>
    </trkpt>
    <trkpt lat="50.21422" lon="16.993618">
      <ele>1022</ele>
      <time>2026-05-07T12:45:00Z</time>
    </trkpt>
    <trkpt lat="50.214777" lon="16.993614">
      <ele>1024</ele>
      <time>2026-05-07T12:46:09Z</time>
    </trkpt>
    <trkpt lat="50.215206" lon="16.993771">
      <ele>1025</ele>
      <time>2026-05-07T12:47:04Z</time>
    </trkpt>
    <trkpt lat="50.215434" lon="16.993836">
      <ele>1026</ele>
      <time>2026-05-07T12:47:33Z</time>
    </trkpt>
    <trkpt lat="50.215584" lon="16.993804">
      <ele>1026</ele>
      <time>2026-05-07T12:47:52Z</time>
    </trkpt>
    <trkpt lat="50.21571" lon="16.993906">
      <ele>1028</ele>
      <time>2026-05-07T12:48:09Z</time>
    </trkpt>
    <trkpt lat="50.215851" lon="16.993992">
      <ele>1029</ele>
      <time>2026-05-07T12:48:28Z</time>
    </trkpt>
    <trkpt lat="50.216627" lon="16.994248">
      <ele>1034</ele>
      <time>2026-05-07T12:50:07Z</time>
    </trkpt>
    <trkpt lat="50.216858" lon="16.994345">
      <ele>1036</ele>
      <time>2026-05-07T12:50:37Z</time>
    </trkpt>
    <trkpt lat="50.217222" lon="16.9946">
      <ele>1038</ele>
      <time>2026-05-07T12:51:27Z</time>
    </trkpt>
    <trkpt lat="50.217341" lon="16.994698">
      <ele>1037</ele>
      <time>2026-05-07T12:51:43Z</time>
    </trkpt>
    <trkpt lat="50.217542" lon="16.994934">
      <ele>1035</ele>
      <time>2026-05-07T12:52:15Z</time>
    </trkpt>
    <trkpt lat="50.217764" lon="16.99528">
      <ele>1034</ele>
      <time>2026-05-07T12:52:54Z</time>
    </trkpt>
    <trkpt lat="50.217987" lon="16.995684">
      <ele>1034</ele>
      <time>2026-05-07T12:53:36Z</time>
    </trkpt>
    <trkpt lat="50.21808" lon="16.99579">
      <ele>1034</ele>
      <time>2026-05-07T12:53:50Z</time>
    </trkpt>
    <trkpt lat="50.218228" lon="16.995933">
      <ele>1032</ele>
      <time>2026-05-07T12:54:12Z</time>
    </trkpt>
    <trkpt lat="50.218362" lon="16.995911">
      <ele>1031</ele>
      <time>2026-05-07T12:54:29Z</time>
    </trkpt>
    <trkpt lat="50.218537" lon="16.995844">
      <ele>1030</ele>
      <time>2026-05-07T12:54:51Z</time>
    </trkpt>
    <trkpt lat="50.218781" lon="16.99574">
      <ele>1029</ele>
      <time>2026-05-07T12:55:23Z</time>
    </trkpt>
    <trkpt lat="50.218925" lon="16.995705">
      <ele>1029</ele>
      <time>2026-05-07T12:55:41Z</time>
    </trkpt>
    <trkpt lat="50.219076" lon="16.995654">
      <ele>1030</ele>
      <time>2026-05-07T12:56:00Z</time>
    </trkpt>
    <trkpt lat="50.21917" lon="16.995624">
      <ele>1030</ele>
      <time>2026-05-07T12:56:12Z</time>
    </trkpt>
    <trkpt lat="50.219239" lon="16.995576">
      <ele>1030</ele>
      <time>2026-05-07T12:56:21Z</time>
    </trkpt>
    <trkpt lat="50.219455" lon="16.995361">
      <ele>1029</ele>
      <time>2026-05-07T12:56:53Z</time>
    </trkpt>
    <trkpt lat="50.219633" lon="16.995211">
      <ele>1030</ele>
      <time>2026-05-07T12:57:18Z</time>
    </trkpt>
    <trkpt lat="50.219709" lon="16.995155">
      <ele>1030</ele>
      <time>2026-05-07T12:57:29Z</time>
    </trkpt>
    <trkpt lat="50.219824" lon="16.995128">
      <ele>1030</ele>
      <time>2026-05-07T12:57:43Z</time>
    </trkpt>
    <trkpt lat="50.219939" lon="16.995057">
      <ele>1030</ele>
      <time>2026-05-07T12:57:59Z</time>
    </trkpt>
    <trkpt lat="50.219979" lon="16.995072">
      <ele>1030</ele>
      <time>2026-05-07T12:58:04Z</time>
    </trkpt>
    <trkpt lat="50.220052" lon="16.99505">
      <ele>1030</ele>
      <time>2026-05-07T12:58:13Z</time>
    </trkpt>
    <trkpt lat="50.220108" lon="16.995037">
      <ele>1030</ele>
      <time>2026-05-07T12:58:20Z</time>
    </trkpt>
    <trkpt lat="50.220052" lon="16.99505">
      <ele>1030</ele>
      <time>2026-05-07T12:58:27Z</time>
    </trkpt>
    <trkpt lat="50.219979" lon="16.995072">
      <ele>1030</ele>
      <time>2026-05-07T12:58:36Z</time>
    </trkpt>
    <trkpt lat="50.219939" lon="16.995057">
      <ele>1030</ele>
      <time>2026-05-07T12:58:41Z</time>
    </trkpt>
    <trkpt lat="50.219824" lon="16.995128">
      <ele>1030</ele>
      <time>2026-05-07T12:58:57Z</time>
    </trkpt>
    <trkpt lat="50.219709" lon="16.995155">
      <ele>1030</ele>
      <time>2026-05-07T12:59:11Z</time>
    </trkpt>
    <trkpt lat="50.219633" lon="16.995211">
      <ele>1030</ele>
      <time>2026-05-07T12:59:22Z</time>
    </trkpt>
    <trkpt lat="50.219455" lon="16.995361">
      <ele>1029</ele>
      <time>2026-05-07T12:59:47Z</time>
    </trkpt>
    <trkpt lat="50.219239" lon="16.995576">
      <ele>1030</ele>
      <time>2026-05-07T13:00:19Z</time>
    </trkpt>
    <trkpt lat="50.21917" lon="16.995624">
      <ele>1030</ele>
      <time>2026-05-07T13:00:28Z</time>
    </trkpt>
    <trkpt lat="50.219076" lon="16.995654">
      <ele>1030</ele>
      <time>2026-05-07T13:00:40Z</time>
    </trkpt>
    <trkpt lat="50.218925" lon="16.995705">
      <ele>1029</ele>
      <time>2026-05-07T13:00:59Z</time>
    </trkpt>
    <trkpt lat="50.218781" lon="16.99574">
      <ele>1029</ele>
      <time>2026-05-07T13:01:17Z</time>
    </trkpt>
    <trkpt lat="50.218537" lon="16.995844">
      <ele>1030</ele>
      <time>2026-05-07T13:01:49Z</time>
    </trkpt>
    <trkpt lat="50.218362" lon="16.995911">
      <ele>1031</ele>
      <time>2026-05-07T13:02:11Z</time>
    </trkpt>
    <trkpt lat="50.218228" lon="16.995933">
      <ele>1032</ele>
      <time>2026-05-07T13:02:28Z</time>
    </trkpt>
    <trkpt lat="50.21808" lon="16.99579">
      <ele>1034</ele>
      <time>2026-05-07T13:02:50Z</time>
    </trkpt>
    <trkpt lat="50.217987" lon="16.995684">
      <ele>1034</ele>
      <time>2026-05-07T13:03:04Z</time>
    </trkpt>
    <trkpt lat="50.217764" lon="16.99528">
      <ele>1034</ele>
      <time>2026-05-07T13:03:46Z</time>
    </trkpt>
    <trkpt lat="50.217542" lon="16.994934">
      <ele>1035</ele>
      <time>2026-05-07T13:04:25Z</time>
    </trkpt>
    <trkpt lat="50.217341" lon="16.994698">
      <ele>1037</ele>
      <time>2026-05-07T13:04:57Z</time>
    </trkpt>
    <trkpt lat="50.217222" lon="16.9946">
      <ele>1038</ele>
      <time>2026-05-07T13:05:13Z</time>
    </trkpt>
    <trkpt lat="50.216858" lon="16.994345">
      <ele>1036</ele>
      <time>2026-05-07T13:06:03Z</time>
    </trkpt>
    <trkpt lat="50.216627" lon="16.994248">
      <ele>1034</ele>
      <time>2026-05-07T13:06:33Z</time>
    </trkpt>
    <trkpt lat="50.215851" lon="16.993992">
      <ele>1029</ele>
      <time>2026-05-07T13:08:12Z</time>
    </trkpt>
    <trkpt lat="50.21571" lon="16.993906">
      <ele>1028</ele>
      <time>2026-05-07T13:08:31Z</time>
    </trkpt>
    <trkpt lat="50.215584" lon="16.993804">
      <ele>1026</ele>
      <time>2026-05-07T13:08:48Z</time>
    </trkpt>
    <trkpt lat="50.215434" lon="16.993836">
      <ele>1026</ele>
      <time>2026-05-07T13:09:07Z</time>
    </trkpt>
    <trkpt lat="50.215206" lon="16.993771">
      <ele>1025</ele>
      <time>2026-05-07T13:09:36Z</time>
    </trkpt>
    <trkpt lat="50.214777" lon="16.993614">
      <ele>1024</ele>
      <time>2026-05-07T13:10:31Z</time>
    </trkpt>
    <trkpt lat="50.21422" lon="16.993618">
      <ele>1022</ele>
      <time>2026-05-07T13:11:40Z</time>
    </trkpt>
    <trkpt lat="50.213992" lon="16.993594">
      <ele>1022</ele>
      <time>2026-05-07T13:12:08Z</time>
    </trkpt>
    <trkpt lat="50.213719" lon="16.99365">
      <ele>1021</ele>
      <time>2026-05-07T13:12:43Z</time>
    </trkpt>
    <trkpt lat="50.213587" lon="16.993658">
      <ele>1021</ele>
      <time>2026-05-07T13:12:59Z</time>
    </trkpt>
    <trkpt lat="50.213493" lon="16.993594">
      <ele>1021</ele>
      <time>2026-05-07T13:13:12Z</time>
    </trkpt>
    <trkpt lat="50.213442" lon="16.993527">
      <ele>1020</ele>
      <time>2026-05-07T13:13:20Z</time>
    </trkpt>
    <trkpt lat="50.213413" lon="16.99341">
      <ele>1020</ele>
      <time>2026-05-07T13:13:26Z</time>
    </trkpt>
    <trkpt lat="50.213374" lon="16.993259">
      <ele>1021</ele>
      <time>2026-05-07T13:13:35Z</time>
    </trkpt>
    <trkpt lat="50.21329" lon="16.993226">
      <ele>1021</ele>
      <time>2026-05-07T13:13:41Z</time>
    </trkpt>
    <trkpt lat="50.212706" lon="16.993006">
      <ele>1020</ele>
      <time>2026-05-07T13:14:29Z</time>
    </trkpt>
    <trkpt lat="50.212552" lon="16.992913">
      <ele>1021</ele>
      <time>2026-05-07T13:14:42Z</time>
    </trkpt>
    <trkpt lat="50.212435" lon="16.992773">
      <ele>1022</ele>
      <time>2026-05-07T13:14:53Z</time>
    </trkpt>
    <trkpt lat="50.211961" lon="16.992249">
      <ele>1025</ele>
      <time>2026-05-07T13:15:39Z</time>
    </trkpt>
    <trkpt lat="50.211409" lon="16.991854">
      <ele>1024</ele>
      <time>2026-05-07T13:16:27Z</time>
    </trkpt>
    <trkpt lat="50.21112" lon="16.991537">
      <ele>1023</ele>
      <time>2026-05-07T13:16:55Z</time>
    </trkpt>
    <trkpt lat="50.210817" lon="16.99111">
      <ele>1022</ele>
      <time>2026-05-07T13:17:27Z</time>
    </trkpt>
    <trkpt lat="50.21053" lon="16.99082">
      <ele>1021</ele>
      <time>2026-05-07T13:17:54Z</time>
    </trkpt>
    <trkpt lat="50.210489" lon="16.990766">
      <ele>1022</ele>
      <time>2026-05-07T13:17:58Z</time>
    </trkpt>
    <trkpt lat="50.210369" lon="16.990609">
      <ele>1025</ele>
      <time>2026-05-07T13:18:11Z</time>
    </trkpt>
    <trkpt lat="50.21027" lon="16.99051">
      <ele>1027</ele>
      <time>2026-05-07T13:18:20Z</time>
    </trkpt>
    <trkpt lat="50.210204" lon="16.990158">
      <ele>1022</ele>
      <time>2026-05-07T13:18:47Z</time>
    </trkpt>
    <trkpt lat="50.210297" lon="16.990124">
      <ele>1023</ele>
      <time>2026-05-07T13:18:58Z</time>
    </trkpt>
    <trkpt lat="50.210375" lon="16.990159">
      <ele>1023</ele>
      <time>2026-05-07T13:19:07Z</time>
    </trkpt>
    <trkpt lat="50.21051" lon="16.9901">
      <ele>1023</ele>
      <time>2026-05-07T13:19:23Z</time>
    </trkpt>
    <trkpt lat="50.210418" lon="16.989685">
      <ele>1020</ele>
      <time>2026-05-07T13:19:54Z</time>
    </trkpt>
    <trkpt lat="50.210245" lon="16.989287">
      <ele>1018</ele>
      <time>2026-05-07T13:20:29Z</time>
    </trkpt>
    <trkpt lat="50.210214" lon="16.989192">
      <ele>1017</ele>
      <time>2026-05-07T13:20:37Z</time>
    </trkpt>
    <trkpt lat="50.210142" lon="16.988844">
      <ele>1015</ele>
      <time>2026-05-07T13:21:03Z</time>
    </trkpt>
    <trkpt lat="50.21014" lon="16.988608">
      <ele>1015</ele>
      <time>2026-05-07T13:21:20Z</time>
    </trkpt>
    <trkpt lat="50.210207" lon="16.988216">
      <ele>1015</ele>
      <time>2026-05-07T13:21:51Z</time>
    </trkpt>
    <trkpt lat="50.210235" lon="16.987905">
      <ele>1014</ele>
      <time>2026-05-07T13:22:15Z</time>
    </trkpt>
    <trkpt lat="50.210253" lon="16.987554">
      <ele>1011</ele>
      <time>2026-05-07T13:22:41Z</time>
    </trkpt>
    <trkpt lat="50.210331" lon="16.986553">
      <ele>1007</ele>
      <time>2026-05-07T13:23:58Z</time>
    </trkpt>
    <trkpt lat="50.210403" lon="16.986274">
      <ele>1008</ele>
      <time>2026-05-07T13:24:21Z</time>
    </trkpt>
    <trkpt lat="50.210556" lon="16.985933">
      <ele>1010</ele>
      <time>2026-05-07T13:24:52Z</time>
    </trkpt>
    <trkpt lat="50.210657" lon="16.985797">
      <ele>1011</ele>
      <time>2026-05-07T13:25:08Z</time>
    </trkpt>
    <trkpt lat="50.210758" lon="16.985719">
      <ele>1012</ele>
      <time>2026-05-07T13:25:22Z</time>
    </trkpt>
    <trkpt lat="50.210938" lon="16.985652">
      <ele>1013</ele>
      <time>2026-05-07T13:25:44Z</time>
    </trkpt>
    <trkpt lat="50.211259" lon="16.985593">
      <ele>1014</ele>
      <time>2026-05-07T13:26:22Z</time>
    </trkpt>
    <trkpt lat="50.211382" lon="16.98556">
      <ele>1015</ele>
      <time>2026-05-07T13:26:37Z</time>
    </trkpt>
    <trkpt lat="50.211877" lon="16.985279">
      <ele>1018</ele>
      <time>2026-05-07T13:27:39Z</time>
    </trkpt>
    <trkpt lat="50.2122" lon="16.985076">
      <ele>1019</ele>
      <time>2026-05-07T13:28:20Z</time>
    </trkpt>
    <trkpt lat="50.212514" lon="16.98488">
      <ele>1019</ele>
      <time>2026-05-07T13:29:00Z</time>
    </trkpt>
    <trkpt lat="50.212818" lon="16.984606">
      <ele>1016</ele>
      <time>2026-05-07T13:29:42Z</time>
    </trkpt>
    <trkpt lat="50.212956" lon="16.984403">
      <ele>1013</ele>
      <time>2026-05-07T13:30:05Z</time>
    </trkpt>
    <trkpt lat="50.213014" lon="16.984284">
      <ele>1012</ele>
      <time>2026-05-07T13:30:16Z</time>
    </trkpt>
    <trkpt lat="50.213184" lon="16.983938">
      <ele>1010</ele>
      <time>2026-05-07T13:30:49Z</time>
    </trkpt>
    <trkpt lat="50.213761" lon="16.982546">
      <ele>1006</ele>
      <time>2026-05-07T13:32:55Z</time>
    </trkpt>
    <trkpt lat="50.21403" lon="16.982029">
      <ele>1004</ele>
      <time>2026-05-07T13:33:45Z</time>
    </trkpt>
    <trkpt lat="50.214156" lon="16.981863">
      <ele>1003</ele>
      <time>2026-05-07T13:34:05Z</time>
    </trkpt>
    <trkpt lat="50.214413" lon="16.981537">
      <ele>1000</ele>
      <time>2026-05-07T13:34:44Z</time>
    </trkpt>
    <trkpt lat="50.214643" lon="16.98121">
      <ele>996</ele>
      <time>2026-05-07T13:35:21Z</time>
    </trkpt>
    <trkpt lat="50.215026" lon="16.980643">
      <ele>993</ele>
      <time>2026-05-07T13:36:24Z</time>
    </trkpt>
    <trkpt lat="50.215391" lon="16.980037">
      <ele>993</ele>
      <time>2026-05-07T13:37:27Z</time>
    </trkpt>
    <trkpt lat="50.215593" lon="16.979627">
      <ele>996</ele>
      <time>2026-05-07T13:38:06Z</time>
    </trkpt>
    <trkpt lat="50.215693" lon="16.979425">
      <ele>998</ele>
      <time>2026-05-07T13:38:26Z</time>
    </trkpt>
    <trkpt lat="50.215843" lon="16.978912">
      <ele>1001</ele>
      <time>2026-05-07T13:39:09Z</time>
    </trkpt>
    <trkpt lat="50.215925" lon="16.978509">
      <ele>1001</ele>
      <time>2026-05-07T13:39:41Z</time>
    </trkpt>
    <trkpt lat="50.216113" lon="16.977568">
      <ele>1004</ele>
      <time>2026-05-07T13:40:55Z</time>
    </trkpt>
    <trkpt lat="50.216158" lon="16.977356">
      <ele>1004</ele>
      <time>2026-05-07T13:41:12Z</time>
    </trkpt>
    <trkpt lat="50.2163" lon="16.9768">
      <ele>1005</ele>
      <time>2026-05-07T13:41:58Z</time>
    </trkpt>
    <trkpt lat="50.216342" lon="16.976677">
      <ele>1005</ele>
      <time>2026-05-07T13:42:08Z</time>
    </trkpt>
    <trkpt lat="50.216541" lon="16.976656">
      <ele>1004</ele>
      <time>2026-05-07T13:42:32Z</time>
    </trkpt>
    <trkpt lat="50.21673" lon="16.976634">
      <ele>1005</ele>
      <time>2026-05-07T13:42:54Z</time>
    </trkpt>
    <trkpt lat="50.217001" lon="16.976623">
      <ele>1006</ele>
      <time>2026-05-07T13:43:26Z</time>
    </trkpt>
    <trkpt lat="50.217253" lon="16.976583">
      <ele>1005</ele>
      <time>2026-05-07T13:43:56Z</time>
    </trkpt>
    <trkpt lat="50.217631" lon="16.976468">
      <ele>1002</ele>
      <time>2026-05-07T13:44:42Z</time>
    </trkpt>
    <trkpt lat="50.217811" lon="16.976439">
      <ele>1001</ele>
      <time>2026-05-07T13:45:04Z</time>
    </trkpt>
    <trkpt lat="50.218003" lon="16.976457">
      <ele>1000</ele>
      <time>2026-05-07T13:45:26Z</time>
    </trkpt>
    <trkpt lat="50.21833" lon="16.976546">
      <ele>995</ele>
      <time>2026-05-07T13:46:06Z</time>
    </trkpt>
    <trkpt lat="50.218477" lon="16.976619">
      <ele>993</ele>
      <time>2026-05-07T13:46:24Z</time>
    </trkpt>
    <trkpt lat="50.218723" lon="16.976783">
      <ele>990</ele>
      <time>2026-05-07T13:46:56Z</time>
    </trkpt>
    <trkpt lat="50.218865" lon="16.976843">
      <ele>988</ele>
      <time>2026-05-07T13:47:14Z</time>
    </trkpt>
    <trkpt lat="50.219141" lon="16.976925">
      <ele>985</ele>
      <time>2026-05-07T13:47:47Z</time>
    </trkpt>
    <trkpt lat="50.219391" lon="16.976947">
      <ele>983</ele>
      <time>2026-05-07T13:48:17Z</time>
    </trkpt>
    <trkpt lat="50.219675" lon="16.977011">
      <ele>979</ele>
      <time>2026-05-07T13:48:51Z</time>
    </trkpt>
    <trkpt lat="50.220214" lon="16.977171">
      <ele>973</ele>
      <time>2026-05-07T13:49:56Z</time>
    </trkpt>
    <trkpt lat="50.220934" lon="16.977434">
      <ele>966</ele>
      <time>2026-05-07T13:51:24Z</time>
    </trkpt>
    <trkpt lat="50.221602" lon="16.977498">
      <ele>959</ele>
      <time>2026-05-07T13:52:44Z</time>
    </trkpt>
    <trkpt lat="50.221765" lon="16.977575">
      <ele>957</ele>
      <time>2026-05-07T13:53:04Z</time>
    </trkpt>
    <trkpt lat="50.221852" lon="16.977606">
      <ele>957</ele>
      <time>2026-05-07T13:53:15Z</time>
    </trkpt>
    <trkpt lat="50.222029" lon="16.977661">
      <ele>956</ele>
      <time>2026-05-07T13:53:36Z</time>
    </trkpt>
    <trkpt lat="50.222173" lon="16.977654">
      <ele>955</ele>
      <time>2026-05-07T13:53:53Z</time>
    </trkpt>
    <trkpt lat="50.222361" lon="16.977565">
      <ele>953</ele>
      <time>2026-05-07T13:54:16Z</time>
    </trkpt>
    <trkpt lat="50.222485" lon="16.977434">
      <ele>951</ele>
      <time>2026-05-07T13:54:34Z</time>
    </trkpt>
    <trkpt lat="50.222602" lon="16.977224">
      <ele>950</ele>
      <time>2026-05-07T13:54:55Z</time>
    </trkpt>
    <trkpt lat="50.222843" lon="16.976826">
      <ele>948</ele>
      <time>2026-05-07T13:55:37Z</time>
    </trkpt>
    <trkpt lat="50.223059" lon="16.976529">
      <ele>945</ele>
      <time>2026-05-07T13:56:11Z</time>
    </trkpt>
    <trkpt lat="50.223186" lon="16.976387">
      <ele>945</ele>
      <time>2026-05-07T13:56:30Z</time>
    </trkpt>
    <trkpt lat="50.223313" lon="16.976347">
      <ele>943</ele>
      <time>2026-05-07T13:56:45Z</time>
    </trkpt>
    <trkpt lat="50.223637" lon="16.976339">
      <ele>940</ele>
      <time>2026-05-07T13:57:24Z</time>
    </trkpt>
    <trkpt lat="50.223857" lon="16.976283">
      <ele>936</ele>
      <time>2026-05-07T13:57:50Z</time>
    </trkpt>
    <trkpt lat="50.224227" lon="16.976059">
      <ele>930</ele>
      <time>2026-05-07T13:58:38Z</time>
    </trkpt>
    <trkpt lat="50.22443" lon="16.976009">
      <ele>926</ele>
      <time>2026-05-07T13:59:02Z</time>
    </trkpt>
    <trkpt lat="50.224735" lon="16.975981">
      <ele>918</ele>
      <time>2026-05-07T13:59:39Z</time>
    </trkpt>
    <trkpt lat="50.225024" lon="16.975903">
      <ele>913</ele>
      <time>2026-05-07T14:00:15Z</time>
    </trkpt>
    <trkpt lat="50.225858" lon="16.975403">
      <ele>904</ele>
      <time>2026-05-07T14:02:01Z</time>
    </trkpt>
    <trkpt lat="50.225977" lon="16.975283">
      <ele>901</ele>
      <time>2026-05-07T14:02:18Z</time>
    </trkpt>
    <trkpt lat="50.226038" lon="16.975148">
      <ele>900</ele>
      <time>2026-05-07T14:02:30Z</time>
    </trkpt>
    <trkpt lat="50.226084" lon="16.975022">
      <ele>899</ele>
      <time>2026-05-07T14:02:42Z</time>
    </trkpt>
    <trkpt lat="50.226118" lon="16.974885">
      <ele>897</ele>
      <time>2026-05-07T14:02:53Z</time>
    </trkpt>
    <trkpt lat="50.226138" lon="16.974796">
      <ele>895</ele>
      <time>2026-05-07T14:03:00Z</time>
    </trkpt>
    <trkpt lat="50.226187" lon="16.974728">
      <ele>894</ele>
      <time>2026-05-07T14:03:08Z</time>
    </trkpt>
    <trkpt lat="50.226264" lon="16.974757">
      <ele>893</ele>
      <time>2026-05-07T14:03:17Z</time>
    </trkpt>
    <trkpt lat="50.226355" lon="16.974802">
      <ele>893</ele>
      <time>2026-05-07T14:03:29Z</time>
    </trkpt>
    <trkpt lat="50.22661" lon="16.975007">
      <ele>895</ele>
      <time>2026-05-07T14:04:03Z</time>
    </trkpt>
    <trkpt lat="50.22677" lon="16.975102">
      <ele>896</ele>
      <time>2026-05-07T14:04:23Z</time>
    </trkpt>
    <trkpt lat="50.226929" lon="16.975175">
      <ele>897</ele>
      <time>2026-05-07T14:04:43Z</time>
    </trkpt>
    <trkpt lat="50.226927" lon="16.975053">
      <ele>896</ele>
      <time>2026-05-07T14:04:52Z</time>
    </trkpt>
    <trkpt lat="50.226925" lon="16.974963">
      <ele>896</ele>
      <time>2026-05-07T14:04:59Z</time>
    </trkpt>
    <trkpt lat="50.226921" lon="16.974731">
      <ele>896</ele>
      <time>2026-05-07T14:05:16Z</time>
    </trkpt>
    <trkpt lat="50.226978" lon="16.974379">
      <ele>897</ele>
      <time>2026-05-07T14:05:44Z</time>
    </trkpt>
    <trkpt lat="50.226977" lon="16.974115">
      <ele>899</ele>
      <time>2026-05-07T14:06:04Z</time>
    </trkpt>
    <trkpt lat="50.226968" lon="16.973907">
      <ele>899</ele>
      <time>2026-05-07T14:06:20Z</time>
    </trkpt>
    <trkpt lat="50.226921" lon="16.973641">
      <ele>903</ele>
      <time>2026-05-07T14:06:41Z</time>
    </trkpt>
    <trkpt lat="50.226817" lon="16.973369">
      <ele>904</ele>
      <time>2026-05-07T14:07:05Z</time>
    </trkpt>
    <trkpt lat="50.226546" lon="16.972707">
      <ele>904</ele>
      <time>2026-05-07T14:08:05Z</time>
    </trkpt>
    <trkpt lat="50.226376" lon="16.972407">
      <ele>902</ele>
      <time>2026-05-07T14:08:35Z</time>
    </trkpt>
    <trkpt lat="50.225883" lon="16.971399">
      <ele>893</ele>
      <time>2026-05-07T14:10:12Z</time>
    </trkpt>
    <trkpt lat="50.225296" lon="16.970253">
      <ele>886</ele>
      <time>2026-05-07T14:12:03Z</time>
    </trkpt>
    <trkpt lat="50.225073" lon="16.969777">
      <ele>885</ele>
      <time>2026-05-07T14:12:48Z</time>
    </trkpt>
    <trkpt lat="50.224591" lon="16.968775">
      <ele>883</ele>
      <time>2026-05-07T14:14:23Z</time>
    </trkpt>
    <trkpt lat="50.224533" lon="16.968537">
      <ele>883</ele>
      <time>2026-05-07T14:14:42Z</time>
    </trkpt>
    <trkpt lat="50.224477" lon="16.967964">
      <ele>882</ele>
      <time>2026-05-07T14:15:26Z</time>
    </trkpt>
    <trkpt lat="50.224339" lon="16.967268">
      <ele>881</ele>
      <time>2026-05-07T14:16:21Z</time>
    </trkpt>
    <trkpt lat="50.224135" lon="16.966337">
      <ele>884</ele>
      <time>2026-05-07T14:17:36Z</time>
    </trkpt>
    <trkpt lat="50.22399" lon="16.965822">
      <ele>886</ele>
      <time>2026-05-07T14:18:18Z</time>
    </trkpt>
    <trkpt lat="50.223727" lon="16.964736">
      <ele>883</ele>
      <time>2026-05-07T14:19:47Z</time>
    </trkpt>
    <trkpt lat="50.223813" lon="16.964587">
      <ele>883</ele>
      <time>2026-05-07T14:20:02Z</time>
    </trkpt>
    <trkpt lat="50.223853" lon="16.964377">
      <ele>883</ele>
      <time>2026-05-07T14:20:18Z</time>
    </trkpt>
    <trkpt lat="50.223913" lon="16.96406">
      <ele>885</ele>
      <time>2026-05-07T14:20:43Z</time>
    </trkpt>
    <trkpt lat="50.223932" lon="16.96383">
      <ele>887</ele>
      <time>2026-05-07T14:21:01Z</time>
    </trkpt>
    <trkpt lat="50.223931" lon="16.963389">
      <ele>896</ele>
      <time>2026-05-07T14:21:36Z</time>
    </trkpt>
    <trkpt lat="50.223901" lon="16.962934">
      <ele>904</ele>
      <time>2026-05-07T14:22:12Z</time>
    </trkpt>
    <trkpt lat="50.223913" lon="16.962657">
      <ele>908</ele>
      <time>2026-05-07T14:22:33Z</time>
    </trkpt>
    <trkpt lat="50.223929" lon="16.962338">
      <ele>912</ele>
      <time>2026-05-07T14:22:58Z</time>
    </trkpt>
    <trkpt lat="50.223935" lon="16.962147">
      <ele>914</ele>
      <time>2026-05-07T14:23:12Z</time>
    </trkpt>
    <trkpt lat="50.223932" lon="16.961549">
      <ele>919</ele>
      <time>2026-05-07T14:23:58Z</time>
    </trkpt>
    <trkpt lat="50.223963" lon="16.960882">
      <ele>924</ele>
      <time>2026-05-07T14:24:49Z</time>
    </trkpt>
    <trkpt lat="50.223971" lon="16.960591">
      <ele>926</ele>
      <time>2026-05-07T14:25:11Z</time>
    </trkpt>
    <trkpt lat="50.223972" lon="16.960459">
      <ele>928</ele>
      <time>2026-05-07T14:25:21Z</time>
    </trkpt>
    <trkpt lat="50.223937" lon="16.960198">
      <ele>932</ele>
      <time>2026-05-07T14:25:42Z</time>
    </trkpt>
    <trkpt lat="50.223944" lon="16.959878">
      <ele>936</ele>
      <time>2026-05-07T14:26:06Z</time>
    </trkpt>
    <trkpt lat="50.223899" lon="16.959578">
      <ele>941</ele>
      <time>2026-05-07T14:26:30Z</time>
    </trkpt>
    <trkpt lat="50.223887" lon="16.959248">
      <ele>944</ele>
      <time>2026-05-07T14:26:56Z</time>
    </trkpt>
    <trkpt lat="50.223857" lon="16.959104">
      <ele>945</ele>
      <time>2026-05-07T14:27:07Z</time>
    </trkpt>
    <trkpt lat="50.223783" lon="16.95888">
      <ele>947</ele>
      <time>2026-05-07T14:27:26Z</time>
    </trkpt>
    <trkpt lat="50.223711" lon="16.95872">
      <ele>950</ele>
      <time>2026-05-07T14:27:41Z</time>
    </trkpt>
    <trkpt lat="50.223498" lon="16.958426">
      <ele>955</ele>
      <time>2026-05-07T14:28:16Z</time>
    </trkpt>
    <trkpt lat="50.223327" lon="16.958279">
      <ele>959</ele>
      <time>2026-05-07T14:28:39Z</time>
    </trkpt>
    <trkpt lat="50.223126" lon="16.958223">
      <ele>961</ele>
      <time>2026-05-07T14:29:03Z</time>
    </trkpt>
    <trkpt lat="50.223026" lon="16.958173">
      <ele>962</ele>
      <time>2026-05-07T14:29:16Z</time>
    </trkpt>
    <trkpt lat="50.222947" lon="16.958079">
      <ele>963</ele>
      <time>2026-05-07T14:29:28Z</time>
    </trkpt>
    <trkpt lat="50.222885" lon="16.957974">
      <ele>964</ele>
      <time>2026-05-07T14:29:38Z</time>
    </trkpt>
    <trkpt lat="50.222865" lon="16.957885">
      <ele>965</ele>
      <time>2026-05-07T14:29:46Z</time>
    </trkpt>
    <trkpt lat="50.222829" lon="16.957477">
      <ele>969</ele>
      <time>2026-05-07T14:30:17Z</time>
    </trkpt>
    <trkpt lat="50.222834" lon="16.957162">
      <ele>971</ele>
      <time>2026-05-07T14:30:41Z</time>
    </trkpt>
    <trkpt lat="50.222796" lon="16.956932">
      <ele>971</ele>
      <time>2026-05-07T14:30:59Z</time>
    </trkpt>
    <trkpt lat="50.222791" lon="16.956656">
      <ele>971</ele>
      <time>2026-05-07T14:31:20Z</time>
    </trkpt>
    <trkpt lat="50.223057" lon="16.956952">
      <ele>968</ele>
      <time>2026-05-07T14:32:01Z</time>
    </trkpt>
    <trkpt lat="50.223267" lon="16.957108">
      <ele>964</ele>
      <time>2026-05-07T14:32:31Z</time>
    </trkpt>
    <trkpt lat="50.223462" lon="16.957261">
      <ele>961</ele>
      <time>2026-05-07T14:32:59Z</time>
    </trkpt>
    <trkpt lat="50.22361" lon="16.957384">
      <ele>959</ele>
      <time>2026-05-07T14:33:20Z</time>
    </trkpt>
    <trkpt lat="50.223781" lon="16.957566">
      <ele>958</ele>
      <time>2026-05-07T14:33:47Z</time>
    </trkpt>
    <trkpt lat="50.223972" lon="16.957711">
      <ele>956</ele>
      <time>2026-05-07T14:34:14Z</time>
    </trkpt>
    <trkpt lat="50.224332" lon="16.958047">
      <ele>953</ele>
      <time>2026-05-07T14:35:07Z</time>
    </trkpt>
    <trkpt lat="50.224441" lon="16.958116">
      <ele>954</ele>
      <time>2026-05-07T14:35:22Z</time>
    </trkpt>
    <trkpt lat="50.224557" lon="16.958122">
      <ele>956</ele>
      <time>2026-05-07T14:35:37Z</time>
    </trkpt>
    <trkpt lat="50.224854" lon="16.958033">
      <ele>959</ele>
      <time>2026-05-07T14:36:15Z</time>
    </trkpt>
    <trkpt lat="50.225091" lon="16.958033">
      <ele>962</ele>
      <time>2026-05-07T14:36:45Z</time>
    </trkpt>
    <trkpt lat="50.225516" lon="16.958146">
      <ele>965</ele>
      <time>2026-05-07T14:37:40Z</time>
    </trkpt>
    <trkpt lat="50.225727" lon="16.958207">
      <ele>966</ele>
      <time>2026-05-07T14:38:07Z</time>
    </trkpt>
    <trkpt lat="50.225846" lon="16.958264">
      <ele>967</ele>
      <time>2026-05-07T14:38:23Z</time>
    </trkpt>
    <trkpt lat="50.225964" lon="16.958358">
      <ele>968</ele>
      <time>2026-05-07T14:38:40Z</time>
    </trkpt>
    <trkpt lat="50.226096" lon="16.958476">
      <ele>970</ele>
      <time>2026-05-07T14:38:59Z</time>
    </trkpt>
    <trkpt lat="50.226227" lon="16.958629">
      <ele>972</ele>
      <time>2026-05-07T14:39:20Z</time>
    </trkpt>
    <trkpt lat="50.226397" lon="16.958865">
      <ele>975</ele>
      <time>2026-05-07T14:39:49Z</time>
    </trkpt>
    <trkpt lat="50.226508" lon="16.95917">
      <ele>974</ele>
      <time>2026-05-07T14:40:18Z</time>
    </trkpt>
    <trkpt lat="50.226587" lon="16.959524">
      <ele>975</ele>
      <time>2026-05-07T14:40:48Z</time>
    </trkpt>
    <trkpt lat="50.226644" lon="16.959718">
      <ele>975</ele>
      <time>2026-05-07T14:41:05Z</time>
    </trkpt>
    <trkpt lat="50.227272" lon="16.960721">
      <ele>983</ele>
      <time>2026-05-07T14:42:59Z</time>
    </trkpt>
    <trkpt lat="50.227423" lon="16.96104">
      <ele>986</ele>
      <time>2026-05-07T14:43:32Z</time>
    </trkpt>
    <trkpt lat="50.227568" lon="16.961448">
      <ele>990</ele>
      <time>2026-05-07T14:44:10Z</time>
    </trkpt>
    <trkpt lat="50.227659" lon="16.961618">
      <ele>991</ele>
      <time>2026-05-07T14:44:28Z</time>
    </trkpt>
    <trkpt lat="50.228048" lon="16.962215">
      <ele>999</ele>
      <time>2026-05-07T14:45:37Z</time>
    </trkpt>
    <trkpt lat="50.228582" lon="16.962929">
      <ele>1004</ele>
      <time>2026-05-07T14:47:07Z</time>
    </trkpt>
    <trkpt lat="50.22877" lon="16.963244">
      <ele>1008</ele>
      <time>2026-05-07T14:47:42Z</time>
    </trkpt>
    <trkpt lat="50.228972" lon="16.963692">
      <ele>1011</ele>
      <time>2026-05-07T14:48:26Z</time>
    </trkpt>
    <trkpt lat="50.229262" lon="16.964524">
      <ele>1016</ele>
      <time>2026-05-07T14:49:43Z</time>
    </trkpt>
    <trkpt lat="50.229435" lon="16.965094">
      <ele>1021</ele>
      <time>2026-05-07T14:50:35Z</time>
    </trkpt>
    <trkpt lat="50.229583" lon="16.965486">
      <ele>1025</ele>
      <time>2026-05-07T14:51:12Z</time>
    </trkpt>
    <trkpt lat="50.229654" lon="16.965628">
      <ele>1026</ele>
      <time>2026-05-07T14:51:27Z</time>
    </trkpt>
    <trkpt lat="50.229746" lon="16.965761">
      <ele>1026</ele>
      <time>2026-05-07T14:51:42Z</time>
    </trkpt>
    <trkpt lat="50.229854" lon="16.965851">
      <ele>1027</ele>
      <time>2026-05-07T14:51:58Z</time>
    </trkpt>
    <trkpt lat="50.229963" lon="16.965896">
      <ele>1027</ele>
      <time>2026-05-07T14:52:12Z</time>
    </trkpt>
    <trkpt lat="50.230108" lon="16.965949">
      <ele>1028</ele>
      <time>2026-05-07T14:52:31Z</time>
    </trkpt>
    <trkpt lat="50.230248" lon="16.965959">
      <ele>1029</ele>
      <time>2026-05-07T14:52:49Z</time>
    </trkpt>
    <trkpt lat="50.230389" lon="16.96595">
      <ele>1030</ele>
      <time>2026-05-07T14:53:07Z</time>
    </trkpt>
    <trkpt lat="50.230494" lon="16.965936">
      <ele>1030</ele>
      <time>2026-05-07T14:53:20Z</time>
    </trkpt>
    <trkpt lat="50.230622" lon="16.965876">
      <ele>1030</ele>
      <time>2026-05-07T14:53:37Z</time>
    </trkpt>
    <trkpt lat="50.230786" lon="16.965779">
      <ele>1031</ele>
      <time>2026-05-07T14:53:59Z</time>
    </trkpt>
    <trkpt lat="50.230949" lon="16.965632">
      <ele>1031</ele>
      <time>2026-05-07T14:54:23Z</time>
    </trkpt>
    <trkpt lat="50.231115" lon="16.965564">
      <ele>1031</ele>
      <time>2026-05-07T14:54:45Z</time>
    </trkpt>
    <trkpt lat="50.231324" lon="16.965441">
      <ele>1030</ele>
      <time>2026-05-07T14:55:13Z</time>
    </trkpt>
    <trkpt lat="50.231613" lon="16.965094">
      <ele>1030</ele>
      <time>2026-05-07T14:55:59Z</time>
    </trkpt>
    <trkpt lat="50.231723" lon="16.964967">
      <ele>1030</ele>
      <time>2026-05-07T14:56:17Z</time>
    </trkpt>
    <trkpt lat="50.231882" lon="16.964843">
      <ele>1029</ele>
      <time>2026-05-07T14:56:39Z</time>
    </trkpt>
    <trkpt lat="50.23225" lon="16.96448">
      <ele>1028</ele>
      <time>2026-05-07T14:57:34Z</time>
    </trkpt>
    <trkpt lat="50.232325" lon="16.964383">
      <ele>1027</ele>
      <time>2026-05-07T14:57:47Z</time>
    </trkpt>
    <trkpt lat="50.232373" lon="16.964318">
      <ele>1026</ele>
      <time>2026-05-07T14:57:55Z</time>
    </trkpt>
    <trkpt lat="50.232426" lon="16.964197">
      <ele>1026</ele>
      <time>2026-05-07T14:58:07Z</time>
    </trkpt>
    <trkpt lat="50.232516" lon="16.96382">
      <ele>1025</ele>
      <time>2026-05-07T14:58:39Z</time>
    </trkpt>
    <trkpt lat="50.232639" lon="16.96348">
      <ele>1025</ele>
      <time>2026-05-07T14:59:11Z</time>
    </trkpt>
    <trkpt lat="50.23271" lon="16.963337">
      <ele>1025</ele>
      <time>2026-05-07T14:59:26Z</time>
    </trkpt>
    <trkpt lat="50.232841" lon="16.96314">
      <ele>1027</ele>
      <time>2026-05-07T14:59:49Z</time>
    </trkpt>
    <trkpt lat="50.23313" lon="16.962802">
      <ele>1030</ele>
      <time>2026-05-07T15:00:35Z</time>
    </trkpt>
    <trkpt lat="50.233305" lon="16.962606">
      <ele>1033</ele>
      <time>2026-05-07T15:01:02Z</time>
    </trkpt>
    <trkpt lat="50.233411" lon="16.962518">
      <ele>1035</ele>
      <time>2026-05-07T15:01:17Z</time>
    </trkpt>
    <trkpt lat="50.233606" lon="16.962421">
      <ele>1037</ele>
      <time>2026-05-07T15:01:44Z</time>
    </trkpt>
    <trkpt lat="50.233792" lon="16.962287">
      <ele>1039</ele>
      <time>2026-05-07T15:02:10Z</time>
    </trkpt>
    <trkpt lat="50.233963" lon="16.962233">
      <ele>1040</ele>
      <time>2026-05-07T15:02:32Z</time>
    </trkpt>
    <trkpt lat="50.234097" lon="16.962223">
      <ele>1041</ele>
      <time>2026-05-07T15:02:49Z</time>
    </trkpt>
    <trkpt lat="50.23431" lon="16.962275">
      <ele>1043</ele>
      <time>2026-05-07T15:03:16Z</time>
    </trkpt>
    <trkpt lat="50.234386" lon="16.962245">
      <ele>1043</ele>
      <time>2026-05-07T15:03:26Z</time>
    </trkpt>
    <trkpt lat="50.234537" lon="16.962135">
      <ele>1044</ele>
      <time>2026-05-07T15:03:47Z</time>
    </trkpt>
    <trkpt lat="50.234628" lon="16.962027">
      <ele>1045</ele>
      <time>2026-05-07T15:04:02Z</time>
    </trkpt>
    <trkpt lat="50.234732" lon="16.961877">
      <ele>1045</ele>
      <time>2026-05-07T15:04:20Z</time>
    </trkpt>
    <trkpt lat="50.234801" lon="16.961695">
      <ele>1045</ele>
      <time>2026-05-07T15:04:37Z</time>
    </trkpt>
    <trkpt lat="50.234963" lon="16.961456">
      <ele>1044</ele>
      <time>2026-05-07T15:05:05Z</time>
    </trkpt>
    <trkpt lat="50.235067" lon="16.961324">
      <ele>1044</ele>
      <time>2026-05-07T15:05:22Z</time>
    </trkpt>
    <trkpt lat="50.235164" lon="16.961233">
      <ele>1044</ele>
      <time>2026-05-07T15:05:36Z</time>
    </trkpt>
    <trkpt lat="50.23529" lon="16.961147">
      <ele>1045</ele>
      <time>2026-05-07T15:05:54Z</time>
    </trkpt>
    <trkpt lat="50.235398" lon="16.961147">
      <ele>1046</ele>
      <time>2026-05-07T15:06:07Z</time>
    </trkpt>
    <trkpt lat="50.235482" lon="16.961177">
      <ele>1047</ele>
      <time>2026-05-07T15:06:18Z</time>
    </trkpt>
    <trkpt lat="50.235573" lon="16.961228">
      <ele>1048</ele>
      <time>2026-05-07T15:06:31Z</time>
    </trkpt>
    <trkpt lat="50.235667" lon="16.961354">
      <ele>1049</ele>
      <time>2026-05-07T15:06:46Z</time>
    </trkpt>
    <trkpt lat="50.235742" lon="16.961515">
      <ele>1049</ele>
      <time>2026-05-07T15:07:03Z</time>
    </trkpt>
    <trkpt lat="50.235798" lon="16.961672">
      <ele>1050</ele>
      <time>2026-05-07T15:07:17Z</time>
    </trkpt>
    <trkpt lat="50.23585" lon="16.961747">
      <ele>1050</ele>
      <time>2026-05-07T15:07:26Z</time>
    </trkpt>
    <trkpt lat="50.236036" lon="16.961936">
      <ele>1051</ele>
      <time>2026-05-07T15:07:54Z</time>
    </trkpt>
    <trkpt lat="50.236144" lon="16.96198">
      <ele>1051</ele>
      <time>2026-05-07T15:08:08Z</time>
    </trkpt>
    <trkpt lat="50.236287" lon="16.961979">
      <ele>1052</ele>
      <time>2026-05-07T15:08:26Z</time>
    </trkpt>
    <trkpt lat="50.236336" lon="16.961956">
      <ele>1052</ele>
      <time>2026-05-07T15:08:33Z</time>
    </trkpt>
    <trkpt lat="50.236437" lon="16.961855">
      <ele>1052</ele>
      <time>2026-05-07T15:08:48Z</time>
    </trkpt>
    <trkpt lat="50.236502" lon="16.961751">
      <ele>1053</ele>
      <time>2026-05-07T15:09:00Z</time>
    </trkpt>
    <trkpt lat="50.236605" lon="16.961654">
      <ele>1053</ele>
      <time>2026-05-07T15:09:15Z</time>
    </trkpt>
    <trkpt lat="50.236708" lon="16.961608">
      <ele>1054</ele>
      <time>2026-05-07T15:09:29Z</time>
    </trkpt>
    <trkpt lat="50.236983" lon="16.961633">
      <ele>1055</ele>
      <time>2026-05-07T15:10:04Z</time>
    </trkpt>
    <trkpt lat="50.237156" lon="16.961673">
      <ele>1056</ele>
      <time>2026-05-07T15:10:26Z</time>
    </trkpt>
    <trkpt lat="50.237271" lon="16.961751">
      <ele>1056</ele>
      <time>2026-05-07T15:10:42Z</time>
    </trkpt>
    <trkpt lat="50.237383" lon="16.961882">
      <ele>1056</ele>
      <time>2026-05-07T15:10:59Z</time>
    </trkpt>
    <trkpt lat="50.237526" lon="16.962001">
      <ele>1056</ele>
      <time>2026-05-07T15:11:20Z</time>
    </trkpt>
    <trkpt lat="50.237678" lon="16.962091">
      <ele>1056</ele>
      <time>2026-05-07T15:11:43Z</time>
    </trkpt>
    <trkpt lat="50.237762" lon="16.962169">
      <ele>1056</ele>
      <time>2026-05-07T15:11:56Z</time>
    </trkpt>
    <trkpt lat="50.237834" lon="16.962279">
      <ele>1056</ele>
      <time>2026-05-07T15:12:10Z</time>
    </trkpt>
    <trkpt lat="50.237901" lon="16.962357">
      <ele>1056</ele>
      <time>2026-05-07T15:12:22Z</time>
    </trkpt>
    <trkpt lat="50.237973" lon="16.962473">
      <ele>1056</ele>
      <time>2026-05-07T15:12:36Z</time>
    </trkpt>
    <trkpt lat="50.238249" lon="16.962772">
      <ele>1055</ele>
      <time>2026-05-07T15:13:23Z</time>
    </trkpt>
    <trkpt lat="50.238324" lon="16.962793">
      <ele>1055</ele>
      <time>2026-05-07T15:13:34Z</time>
    </trkpt>
    <trkpt lat="50.238503" lon="16.962783">
      <ele>1056</ele>
      <time>2026-05-07T15:13:59Z</time>
    </trkpt>
    <trkpt lat="50.238693" lon="16.962791">
      <ele>1056</ele>
      <time>2026-05-07T15:14:25Z</time>
    </trkpt>
    <trkpt lat="50.238801" lon="16.962877">
      <ele>1057</ele>
      <time>2026-05-07T15:14:42Z</time>
    </trkpt>
    <trkpt lat="50.238923" lon="16.963019">
      <ele>1057</ele>
      <time>2026-05-07T15:15:03Z</time>
    </trkpt>
    <trkpt lat="50.239012" lon="16.963145">
      <ele>1056</ele>
      <time>2026-05-07T15:15:20Z</time>
    </trkpt>
    <trkpt lat="50.239055" lon="16.963245">
      <ele>1055</ele>
      <time>2026-05-07T15:15:31Z</time>
    </trkpt>
    <trkpt lat="50.239114" lon="16.963427">
      <ele>1055</ele>
      <time>2026-05-07T15:15:49Z</time>
    </trkpt>
    <trkpt lat="50.239208" lon="16.963586">
      <ele>1055</ele>
      <time>2026-05-07T15:16:08Z</time>
    </trkpt>
    <trkpt lat="50.239236" lon="16.963677">
      <ele>1054</ele>
      <time>2026-05-07T15:16:17Z</time>
    </trkpt>
    <trkpt lat="50.239374" lon="16.964158">
      <ele>1052</ele>
      <time>2026-05-07T15:17:05Z</time>
    </trkpt>
    <trkpt lat="50.239433" lon="16.964382">
      <ele>1051</ele>
      <time>2026-05-07T15:17:26Z</time>
    </trkpt>
    <trkpt lat="50.239447" lon="16.964634">
      <ele>1050</ele>
      <time>2026-05-07T15:17:49Z</time>
    </trkpt>
    <trkpt lat="50.239474" lon="16.964827">
      <ele>1049</ele>
      <time>2026-05-07T15:18:06Z</time>
    </trkpt>
    <trkpt lat="50.239515" lon="16.964913">
      <ele>1049</ele>
      <time>2026-05-07T15:18:16Z</time>
    </trkpt>
    <trkpt lat="50.23958" lon="16.965002">
      <ele>1048</ele>
      <time>2026-05-07T15:18:28Z</time>
    </trkpt>
    <trkpt lat="50.23965" lon="16.965079">
      <ele>1047</ele>
      <time>2026-05-07T15:18:40Z</time>
    </trkpt>
    <trkpt lat="50.239728" lon="16.965138">
      <ele>1046</ele>
      <time>2026-05-07T15:18:52Z</time>
    </trkpt>
    <trkpt lat="50.239772" lon="16.965192">
      <ele>1046</ele>
      <time>2026-05-07T15:19:00Z</time>
    </trkpt>
    <trkpt lat="50.239837" lon="16.965262">
      <ele>1046</ele>
      <time>2026-05-07T15:19:11Z</time>
    </trkpt>
    <trkpt lat="50.239875" lon="16.965356">
      <ele>1045</ele>
      <time>2026-05-07T15:19:21Z</time>
    </trkpt>
    <trkpt lat="50.23993" lon="16.965436">
      <ele>1045</ele>
      <time>2026-05-07T15:19:31Z</time>
    </trkpt>
    <trkpt lat="50.240041" lon="16.96566">
      <ele>1045</ele>
      <time>2026-05-07T15:19:57Z</time>
    </trkpt>
    <trkpt lat="50.240294" lon="16.965975">
      <ele>1044</ele>
      <time>2026-05-07T15:20:42Z</time>
    </trkpt>
    <trkpt lat="50.240364" lon="16.96605">
      <ele>1044</ele>
      <time>2026-05-07T15:20:54Z</time>
    </trkpt>
    <trkpt lat="50.240399" lon="16.966125">
      <ele>1045</ele>
      <time>2026-05-07T15:21:02Z</time>
    </trkpt>
    <trkpt lat="50.240419" lon="16.966238">
      <ele>1044</ele>
      <time>2026-05-07T15:21:12Z</time>
    </trkpt>
    <trkpt lat="50.240496" lon="16.966479">
      <ele>1044</ele>
      <time>2026-05-07T15:21:36Z</time>
    </trkpt>
    <trkpt lat="50.240548" lon="16.966557">
      <ele>1044</ele>
      <time>2026-05-07T15:21:46Z</time>
    </trkpt>
    <trkpt lat="50.240652" lon="16.966705">
      <ele>1043</ele>
      <time>2026-05-07T15:22:06Z</time>
    </trkpt>
    <trkpt lat="50.240716" lon="16.966801">
      <ele>1043</ele>
      <time>2026-05-07T15:22:18Z</time>
    </trkpt>
    <trkpt lat="50.240779" lon="16.967035">
      <ele>1043</ele>
      <time>2026-05-07T15:22:41Z</time>
    </trkpt>
    <trkpt lat="50.240855" lon="16.967282">
      <ele>1043</ele>
      <time>2026-05-07T15:23:06Z</time>
    </trkpt>
    <trkpt lat="50.240905" lon="16.96738">
      <ele>1042</ele>
      <time>2026-05-07T15:23:17Z</time>
    </trkpt>
    <trkpt lat="50.241018" lon="16.96754">
      <ele>1042</ele>
      <time>2026-05-07T15:23:38Z</time>
    </trkpt>
    <trkpt lat="50.241371" lon="16.967941">
      <ele>1039</ele>
      <time>2026-05-07T15:24:39Z</time>
    </trkpt>
    <trkpt lat="50.241488" lon="16.968057">
      <ele>1038</ele>
      <time>2026-05-07T15:24:58Z</time>
    </trkpt>
    <trkpt lat="50.241664" lon="16.968295">
      <ele>1037</ele>
      <time>2026-05-07T15:25:31Z</time>
    </trkpt>
    <trkpt lat="50.241718" lon="16.968378">
      <ele>1036</ele>
      <time>2026-05-07T15:25:41Z</time>
    </trkpt>
    <trkpt lat="50.24175" lon="16.968462">
      <ele>1036</ele>
      <time>2026-05-07T15:25:50Z</time>
    </trkpt>
    <trkpt lat="50.241762" lon="16.968596">
      <ele>1035</ele>
      <time>2026-05-07T15:26:02Z</time>
    </trkpt>
    <trkpt lat="50.241774" lon="16.9687">
      <ele>1035</ele>
      <time>2026-05-07T15:26:12Z</time>
    </trkpt>
    <trkpt lat="50.241772" lon="16.969029">
      <ele>1035</ele>
      <time>2026-05-07T15:26:41Z</time>
    </trkpt>
    <trkpt lat="50.241783" lon="16.969148">
      <ele>1035</ele>
      <time>2026-05-07T15:26:52Z</time>
    </trkpt>
    <trkpt lat="50.241822" lon="16.96925">
      <ele>1035</ele>
      <time>2026-05-07T15:27:02Z</time>
    </trkpt>
    <trkpt lat="50.24189" lon="16.969352">
      <ele>1035</ele>
      <time>2026-05-07T15:27:15Z</time>
    </trkpt>
    <trkpt lat="50.242125" lon="16.969715">
      <ele>1036</ele>
      <time>2026-05-07T15:28:01Z</time>
    </trkpt>
    <trkpt lat="50.242216" lon="16.969921">
      <ele>1037</ele>
      <time>2026-05-07T15:28:24Z</time>
    </trkpt>
    <trkpt lat="50.24272" lon="16.971288">
      <ele>1044</ele>
      <time>2026-05-07T15:30:45Z</time>
    </trkpt>
    <trkpt lat="50.243053" lon="16.972413">
      <ele>1053</ele>
      <time>2026-05-07T15:32:36Z</time>
    </trkpt>
    <trkpt lat="50.243093" lon="16.972669">
      <ele>1056</ele>
      <time>2026-05-07T15:33:00Z</time>
    </trkpt>
    <trkpt lat="50.243123" lon="16.972938">
      <ele>1059</ele>
      <time>2026-05-07T15:33:24Z</time>
    </trkpt>
    <trkpt lat="50.243128" lon="16.97311">
      <ele>1061</ele>
      <time>2026-05-07T15:33:40Z</time>
    </trkpt>
    <trkpt lat="50.243149" lon="16.97323">
      <ele>1062</ele>
      <time>2026-05-07T15:33:51Z</time>
    </trkpt>
    <trkpt lat="50.243231" lon="16.973477">
      <ele>1066</ele>
      <time>2026-05-07T15:34:16Z</time>
    </trkpt>
    <trkpt lat="50.243356" lon="16.973748">
      <ele>1070</ele>
      <time>2026-05-07T15:34:47Z</time>
    </trkpt>
    <trkpt lat="50.243383" lon="16.973855">
      <ele>1071</ele>
      <time>2026-05-07T15:34:57Z</time>
    </trkpt>
    <trkpt lat="50.243445" lon="16.973949">
      <ele>1073</ele>
      <time>2026-05-07T15:35:09Z</time>
    </trkpt>
    <trkpt lat="50.243504" lon="16.974075">
      <ele>1074</ele>
      <time>2026-05-07T15:35:23Z</time>
    </trkpt>
    <trkpt lat="50.243626" lon="16.974434">
      <ele>1080</ele>
      <time>2026-05-07T15:36:00Z</time>
    </trkpt>
    <trkpt lat="50.243705" lon="16.974556">
      <ele>1083</ele>
      <time>2026-05-07T15:36:16Z</time>
    </trkpt>
    <trkpt lat="50.243772" lon="16.974588">
      <ele>1084</ele>
      <time>2026-05-07T15:36:26Z</time>
    </trkpt>
    <trkpt lat="50.244085" lon="16.974609">
      <ele>1087</ele>
      <time>2026-05-07T15:37:10Z</time>
    </trkpt>
    <trkpt lat="50.244178" lon="16.974615">
      <ele>1087</ele>
      <time>2026-05-07T15:37:23Z</time>
    </trkpt>
    <trkpt lat="50.244227" lon="16.974647">
      <ele>1088</ele>
      <time>2026-05-07T15:37:30Z</time>
    </trkpt>
    <trkpt lat="50.244248" lon="16.974735">
      <ele>1090</ele>
      <time>2026-05-07T15:37:39Z</time>
    </trkpt>
    <trkpt lat="50.244491" lon="16.975352">
      <ele>1099</ele>
      <time>2026-05-07T15:38:44Z</time>
    </trkpt>
    <trkpt lat="50.244574" lon="16.975516">
      <ele>1101</ele>
      <time>2026-05-07T15:39:03Z</time>
    </trkpt>
    <trkpt lat="50.244774" lon="16.975816">
      <ele>1103</ele>
      <time>2026-05-07T15:39:42Z</time>
    </trkpt>
    <trkpt lat="50.244815" lon="16.975952">
      <ele>1104</ele>
      <time>2026-05-07T15:39:55Z</time>
    </trkpt>
    <trkpt lat="50.244835" lon="16.976087">
      <ele>1105</ele>
      <time>2026-05-07T15:40:08Z</time>
    </trkpt>
    <trkpt lat="50.244855" lon="16.976213">
      <ele>1105</ele>
      <time>2026-05-07T15:40:19Z</time>
    </trkpt>
    <trkpt lat="50.24484" lon="16.976321">
      <ele>1105</ele>
      <time>2026-05-07T15:40:29Z</time>
    </trkpt>
    <trkpt lat="50.244815" lon="16.976625">
      <ele>1106</ele>
      <time>2026-05-07T15:40:56Z</time>
    </trkpt>
    <trkpt lat="50.24477" lon="16.976879">
      <ele>1105</ele>
      <time>2026-05-07T15:41:20Z</time>
    </trkpt>
    <trkpt lat="50.244691" lon="16.977112">
      <ele>1104</ele>
      <time>2026-05-07T15:41:38Z</time>
    </trkpt>
    <trkpt lat="50.244569" lon="16.977354">
      <ele>1103</ele>
      <time>2026-05-07T15:41:59Z</time>
    </trkpt>
    <trkpt lat="50.244421" lon="16.977578">
      <ele>1102</ele>
      <time>2026-05-07T15:42:21Z</time>
    </trkpt>
    <trkpt lat="50.244335" lon="16.977667">
      <ele>1102</ele>
      <time>2026-05-07T15:42:33Z</time>
    </trkpt>
    <trkpt lat="50.244236" lon="16.977691">
      <ele>1102</ele>
      <time>2026-05-07T15:42:43Z</time>
    </trkpt>
    <trkpt lat="50.244105" lon="16.977721">
      <ele>1102</ele>
      <time>2026-05-07T15:42:58Z</time>
    </trkpt>
    <trkpt lat="50.244011" lon="16.977794">
      <ele>1102</ele>
      <time>2026-05-07T15:43:09Z</time>
    </trkpt>
    <trkpt lat="50.244003" lon="16.9778">
      <ele>1102</ele>
      <time>2026-05-07T15:43:10Z</time>
    </trkpt>
    <trkpt lat="50.243805" lon="16.977916">
      <ele>1101</ele>
      <time>2026-05-07T15:43:32Z</time>
    </trkpt>
    <trkpt lat="50.243718" lon="16.977965">
      <ele>1101</ele>
      <time>2026-05-07T15:43:42Z</time>
    </trkpt>
    <trkpt lat="50.243627" lon="16.978072">
      <ele>1100</ele>
      <time>2026-05-07T15:43:55Z</time>
    </trkpt>
    <trkpt lat="50.243495" lon="16.978179">
      <ele>1099</ele>
      <time>2026-05-07T15:44:11Z</time>
    </trkpt>
    <trkpt lat="50.24343" lon="16.97827">
      <ele>1098</ele>
      <time>2026-05-07T15:44:20Z</time>
    </trkpt>
    <trkpt lat="50.243337" lon="16.978461">
      <ele>1096</ele>
      <time>2026-05-07T15:44:37Z</time>
    </trkpt>
    <trkpt lat="50.243272" lon="16.978595">
      <ele>1095</ele>
      <time>2026-05-07T15:44:48Z</time>
    </trkpt>
    <trkpt lat="50.243222" lon="16.978734">
      <ele>1094</ele>
      <time>2026-05-07T15:44:59Z</time>
    </trkpt>
    <trkpt lat="50.24314" lon="16.978855">
      <ele>1093</ele>
      <time>2026-05-07T15:45:11Z</time>
    </trkpt>
    <trkpt lat="50.243074" lon="16.979041">
      <ele>1092</ele>
      <time>2026-05-07T15:45:26Z</time>
    </trkpt>
    <trkpt lat="50.242774" lon="16.979488">
      <ele>1086</ele>
      <time>2026-05-07T15:46:11Z</time>
    </trkpt>
    <trkpt lat="50.242688" lon="16.979598">
      <ele>1085</ele>
      <time>2026-05-07T15:46:23Z</time>
    </trkpt>
    <trkpt lat="50.242601" lon="16.979719">
      <ele>1084</ele>
      <time>2026-05-07T15:46:35Z</time>
    </trkpt>
    <trkpt lat="50.242462" lon="16.979815">
      <ele>1082</ele>
      <time>2026-05-07T15:46:52Z</time>
    </trkpt>
    <trkpt lat="50.242358" lon="16.979917">
      <ele>1081</ele>
      <time>2026-05-07T15:47:05Z</time>
    </trkpt>
    <trkpt lat="50.242229" lon="16.979982">
      <ele>1079</ele>
      <time>2026-05-07T15:47:20Z</time>
    </trkpt>
    <trkpt lat="50.242133" lon="16.980035">
      <ele>1078</ele>
      <time>2026-05-07T15:47:31Z</time>
    </trkpt>
    <trkpt lat="50.242001" lon="16.980132">
      <ele>1077</ele>
      <time>2026-05-07T15:47:46Z</time>
    </trkpt>
    <trkpt lat="50.241843" lon="16.980228">
      <ele>1075</ele>
      <time>2026-05-07T15:48:05Z</time>
    </trkpt>
    <trkpt lat="50.241718" lon="16.980317">
      <ele>1074</ele>
      <time>2026-05-07T15:48:19Z</time>
    </trkpt>
    <trkpt lat="50.241658" lon="16.980328">
      <ele>1074</ele>
      <time>2026-05-07T15:48:26Z</time>
    </trkpt>
    <trkpt lat="50.24156" lon="16.980317">
      <ele>1074</ele>
      <time>2026-05-07T15:48:36Z</time>
    </trkpt>
    <trkpt lat="50.241424" lon="16.980225">
      <ele>1073</ele>
      <time>2026-05-07T15:48:52Z</time>
    </trkpt>
    <trkpt lat="50.241266" lon="16.980113">
      <ele>1073</ele>
      <time>2026-05-07T15:49:11Z</time>
    </trkpt>
    <trkpt lat="50.241128" lon="16.980094">
      <ele>1074</ele>
      <time>2026-05-07T15:49:26Z</time>
    </trkpt>
    <trkpt lat="50.241007" lon="16.980172">
      <ele>1075</ele>
      <time>2026-05-07T15:49:40Z</time>
    </trkpt>
    <trkpt lat="50.24086" lon="16.980328">
      <ele>1076</ele>
      <time>2026-05-07T15:49:59Z</time>
    </trkpt>
    <trkpt lat="50.240747" lon="16.980397">
      <ele>1076</ele>
      <time>2026-05-07T15:50:12Z</time>
    </trkpt>
    <trkpt lat="50.240513" lon="16.980588">
      <ele>1077</ele>
      <time>2026-05-07T15:50:40Z</time>
    </trkpt>
    <trkpt lat="50.240356" lon="16.980682">
      <ele>1078</ele>
      <time>2026-05-07T15:50:58Z</time>
    </trkpt>
    <trkpt lat="50.240201" lon="16.980708">
      <ele>1079</ele>
      <time>2026-05-07T15:51:15Z</time>
    </trkpt>
    <trkpt lat="50.240038" lon="16.980676">
      <ele>1080</ele>
      <time>2026-05-07T15:51:33Z</time>
    </trkpt>
    <trkpt lat="50.239906" lon="16.980676">
      <ele>1081</ele>
      <time>2026-05-07T15:51:47Z</time>
    </trkpt>
    <trkpt lat="50.239738" lon="16.980722">
      <ele>1082</ele>
      <time>2026-05-07T15:52:05Z</time>
    </trkpt>
    <trkpt lat="50.239599" lon="16.980802">
      <ele>1082</ele>
      <time>2026-05-07T15:52:21Z</time>
    </trkpt>
    <trkpt lat="50.239424" lon="16.980842">
      <ele>1082</ele>
      <time>2026-05-07T15:52:40Z</time>
    </trkpt>
    <trkpt lat="50.239124" lon="16.980808">
      <ele>1083</ele>
      <time>2026-05-07T15:53:13Z</time>
    </trkpt>
    <trkpt lat="50.238969" lon="16.980786">
      <ele>1083</ele>
      <time>2026-05-07T15:53:29Z</time>
    </trkpt>
    <trkpt lat="50.238867" lon="16.980794">
      <ele>1083</ele>
      <time>2026-05-07T15:53:40Z</time>
    </trkpt>
    <trkpt lat="50.238768" lon="16.980821">
      <ele>1083</ele>
      <time>2026-05-07T15:53:51Z</time>
    </trkpt>
    <trkpt lat="50.238652" lon="16.980835">
      <ele>1083</ele>
      <time>2026-05-07T15:54:04Z</time>
    </trkpt>
    <trkpt lat="50.238673" lon="16.980947">
      <ele>1083</ele>
      <time>2026-05-07T15:54:12Z</time>
    </trkpt>
    <trkpt lat="50.238674" lon="16.981132">
      <ele>1082</ele>
      <time>2026-05-07T15:54:24Z</time>
    </trkpt>
    <trkpt lat="50.23875" lon="16.981427">
      <ele>1082</ele>
      <time>2026-05-07T15:54:46Z</time>
    </trkpt>
    <trkpt lat="50.238788" lon="16.981639">
      <ele>1082</ele>
      <time>2026-05-07T15:55:01Z</time>
    </trkpt>
    <trkpt lat="50.238789" lon="16.981788">
      <ele>1082</ele>
      <time>2026-05-07T15:55:12Z</time>
    </trkpt>
    <trkpt lat="50.238863" lon="16.982052">
      <ele>1081</ele>
      <time>2026-05-07T15:55:31Z</time>
    </trkpt>
    <trkpt lat="50.238923" lon="16.982342">
      <ele>1081</ele>
      <time>2026-05-07T15:55:52Z</time>
    </trkpt>
    <trkpt lat="50.238944" lon="16.982527">
      <ele>1081</ele>
      <time>2026-05-07T15:56:05Z</time>
    </trkpt>
    <trkpt lat="50.238942" lon="16.98283">
      <ele>1081</ele>
      <time>2026-05-07T15:56:26Z</time>
    </trkpt>
    <trkpt lat="50.238955" lon="16.982981">
      <ele>1081</ele>
      <time>2026-05-07T15:56:36Z</time>
    </trkpt>
    <trkpt lat="50.239017" lon="16.983275">
      <ele>1080</ele>
      <time>2026-05-07T15:56:58Z</time>
    </trkpt>
    <trkpt lat="50.23906" lon="16.983501">
      <ele>1080</ele>
      <time>2026-05-07T15:57:14Z</time>
    </trkpt>
    <trkpt lat="50.239079" lon="16.983689">
      <ele>1079</ele>
      <time>2026-05-07T15:57:27Z</time>
    </trkpt>
    <trkpt lat="50.239194" lon="16.984051">
      <ele>1078</ele>
      <time>2026-05-07T15:57:55Z</time>
    </trkpt>
    <trkpt lat="50.239268" lon="16.98427">
      <ele>1077</ele>
      <time>2026-05-07T15:58:12Z</time>
    </trkpt>
    <trkpt lat="50.239301" lon="16.984421">
      <ele>1076</ele>
      <time>2026-05-07T15:58:23Z</time>
    </trkpt>
    <trkpt lat="50.239343" lon="16.984681">
      <ele>1073</ele>
      <time>2026-05-07T15:58:41Z</time>
    </trkpt>
    <trkpt lat="50.23946" lon="16.984947">
      <ele>1071</ele>
      <time>2026-05-07T15:59:04Z</time>
    </trkpt>
    <trkpt lat="50.239562" lon="16.985102">
      <ele>1070</ele>
      <time>2026-05-07T15:59:19Z</time>
    </trkpt>
    <trkpt lat="50.239712" lon="16.985268">
      <ele>1069</ele>
      <time>2026-05-07T15:59:39Z</time>
    </trkpt>
    <trkpt lat="50.239904" lon="16.985538">
      <ele>1068</ele>
      <time>2026-05-07T16:00:06Z</time>
    </trkpt>
    <trkpt lat="50.240064" lon="16.985679">
      <ele>1067</ele>
      <time>2026-05-07T16:00:26Z</time>
    </trkpt>
    <trkpt lat="50.240125" lon="16.985758">
      <ele>1066</ele>
      <time>2026-05-07T16:00:35Z</time>
    </trkpt>
    <trkpt lat="50.240389" lon="16.98615">
      <ele>1063</ele>
      <time>2026-05-07T16:01:14Z</time>
    </trkpt>
    <trkpt lat="50.240687" lon="16.986553">
      <ele>1057</ele>
      <time>2026-05-07T16:01:57Z</time>
    </trkpt>
    <trkpt lat="50.240811" lon="16.986795">
      <ele>1054</ele>
      <time>2026-05-07T16:02:18Z</time>
    </trkpt>
    <trkpt lat="50.241048" lon="16.987078">
      <ele>1051</ele>
      <time>2026-05-07T16:02:50Z</time>
    </trkpt>
    <trkpt lat="50.24118" lon="16.987384">
      <ele>1049</ele>
      <time>2026-05-07T16:03:16Z</time>
    </trkpt>
    <trkpt lat="50.24129" lon="16.987566">
      <ele>1047</ele>
      <time>2026-05-07T16:03:33Z</time>
    </trkpt>
    <trkpt lat="50.241515" lon="16.987786">
      <ele>1045</ele>
      <time>2026-05-07T16:04:02Z</time>
    </trkpt>
    <trkpt lat="50.241675" lon="16.988045">
      <ele>1042</ele>
      <time>2026-05-07T16:04:26Z</time>
    </trkpt>
    <trkpt lat="50.241888" lon="16.988293">
      <ele>1041</ele>
      <time>2026-05-07T16:04:55Z</time>
    </trkpt>
    <trkpt lat="50.242031" lon="16.988536">
      <ele>1040</ele>
      <time>2026-05-07T16:05:18Z</time>
    </trkpt>
    <trkpt lat="50.242128" lon="16.988658">
      <ele>1040</ele>
      <time>2026-05-07T16:05:31Z</time>
    </trkpt>
    <trkpt lat="50.242347" lon="16.988842">
      <ele>1040</ele>
      <time>2026-05-07T16:05:58Z</time>
    </trkpt>
    <trkpt lat="50.242645" lon="16.989032">
      <ele>1041</ele>
      <time>2026-05-07T16:06:32Z</time>
    </trkpt>
    <trkpt lat="50.242985" lon="16.989324">
      <ele>1040</ele>
      <time>2026-05-07T16:07:14Z</time>
    </trkpt>
    <trkpt lat="50.243083" lon="16.98945">
      <ele>1039</ele>
      <time>2026-05-07T16:07:28Z</time>
    </trkpt>
    <trkpt lat="50.243165" lon="16.989648">
      <ele>1038</ele>
      <time>2026-05-07T16:07:44Z</time>
    </trkpt>
    <trkpt lat="50.243211" lon="16.989899">
      <ele>1036</ele>
      <time>2026-05-07T16:08:02Z</time>
    </trkpt>
    <trkpt lat="50.243297" lon="16.990122">
      <ele>1035</ele>
      <time>2026-05-07T16:08:20Z</time>
    </trkpt>
    <trkpt lat="50.243364" lon="16.990453">
      <ele>1032</ele>
      <time>2026-05-07T16:08:44Z</time>
    </trkpt>
    <trkpt lat="50.243527" lon="16.990884">
      <ele>1029</ele>
      <time>2026-05-07T16:09:18Z</time>
    </trkpt>
    <trkpt lat="50.243544" lon="16.991066">
      <ele>1027</ele>
      <time>2026-05-07T16:09:31Z</time>
    </trkpt>
    <trkpt lat="50.243576" lon="16.991185">
      <ele>1026</ele>
      <time>2026-05-07T16:09:40Z</time>
    </trkpt>
    <trkpt lat="50.243646" lon="16.99137">
      <ele>1025</ele>
      <time>2026-05-07T16:09:55Z</time>
    </trkpt>
    <trkpt lat="50.243786" lon="16.991626">
      <ele>1025</ele>
      <time>2026-05-07T16:10:18Z</time>
    </trkpt>
    <trkpt lat="50.244059" lon="16.992068">
      <ele>1025</ele>
      <time>2026-05-07T16:11:00Z</time>
    </trkpt>
    <trkpt lat="50.244112" lon="16.992175">
      <ele>1025</ele>
      <time>2026-05-07T16:11:09Z</time>
    </trkpt>
    <trkpt lat="50.244135" lon="16.992311">
      <ele>1024</ele>
      <time>2026-05-07T16:11:19Z</time>
    </trkpt>
    <trkpt lat="50.244201" lon="16.992401">
      <ele>1024</ele>
      <time>2026-05-07T16:11:28Z</time>
    </trkpt>
    <trkpt lat="50.244382" lon="16.992547">
      <ele>1024</ele>
      <time>2026-05-07T16:11:50Z</time>
    </trkpt>
    <trkpt lat="50.244541" lon="16.992668">
      <ele>1024</ele>
      <time>2026-05-07T16:12:09Z</time>
    </trkpt>
    <trkpt lat="50.244642" lon="16.99269">
      <ele>1024</ele>
      <time>2026-05-07T16:12:20Z</time>
    </trkpt>
    <trkpt lat="50.244778" lon="16.992725">
      <ele>1024</ele>
      <time>2026-05-07T16:12:35Z</time>
    </trkpt>
    <trkpt lat="50.244869" lon="16.992792">
      <ele>1023</ele>
      <time>2026-05-07T16:12:46Z</time>
    </trkpt>
    <trkpt lat="50.245006" lon="16.992885">
      <ele>1022</ele>
      <time>2026-05-07T16:13:02Z</time>
    </trkpt>
    <trkpt lat="50.245107" lon="16.992877">
      <ele>1021</ele>
      <time>2026-05-07T16:13:13Z</time>
    </trkpt>
    <trkpt lat="50.245227" lon="16.992835">
      <ele>1021</ele>
      <time>2026-05-07T16:13:26Z</time>
    </trkpt>
    <trkpt lat="50.245298" lon="16.992784">
      <ele>1021</ele>
      <time>2026-05-07T16:13:34Z</time>
    </trkpt>
    <trkpt lat="50.245395" lon="16.992752">
      <ele>1020</ele>
      <time>2026-05-07T16:13:45Z</time>
    </trkpt>
    <trkpt lat="50.245505" lon="16.992682">
      <ele>1019</ele>
      <time>2026-05-07T16:13:58Z</time>
    </trkpt>
    <trkpt lat="50.245641" lon="16.992528">
      <ele>1018</ele>
      <time>2026-05-07T16:14:16Z</time>
    </trkpt>
    <trkpt lat="50.245891" lon="16.992293">
      <ele>1011</ele>
      <time>2026-05-07T16:14:48Z</time>
    </trkpt>
    <trkpt lat="50.246099" lon="16.992049">
      <ele>1007</ele>
      <time>2026-05-07T16:15:16Z</time>
    </trkpt>
    <trkpt lat="50.246233" lon="16.991872">
      <ele>1005</ele>
      <time>2026-05-07T16:15:35Z</time>
    </trkpt>
    <trkpt lat="50.24632" lon="16.991801">
      <ele>1003</ele>
      <time>2026-05-07T16:15:46Z</time>
    </trkpt>
    <trkpt lat="50.246382" lon="16.991749">
      <ele>1002</ele>
      <time>2026-05-07T16:15:53Z</time>
    </trkpt>
    <trkpt lat="50.246459" lon="16.991711">
      <ele>1000</ele>
      <time>2026-05-07T16:16:02Z</time>
    </trkpt>
    <trkpt lat="50.246606" lon="16.991598">
      <ele>997</ele>
      <time>2026-05-07T16:16:20Z</time>
    </trkpt>
    <trkpt lat="50.246841" lon="16.991456">
      <ele>995</ele>
      <time>2026-05-07T16:16:44Z</time>
    </trkpt>
    <trkpt lat="50.246977" lon="16.991411">
      <ele>993</ele>
      <time>2026-05-07T16:16:57Z</time>
    </trkpt>
    <trkpt lat="50.247075" lon="16.991378">
      <ele>991</ele>
      <time>2026-05-07T16:17:07Z</time>
    </trkpt>
    <trkpt lat="50.247229" lon="16.991327">
      <ele>987</ele>
      <time>2026-05-07T16:17:22Z</time>
    </trkpt>
    <trkpt lat="50.247397" lon="16.991322">
      <ele>983</ele>
      <time>2026-05-07T16:17:38Z</time>
    </trkpt>
    <trkpt lat="50.24755" lon="16.991394">
      <ele>979</ele>
      <time>2026-05-07T16:17:54Z</time>
    </trkpt>
    <trkpt lat="50.247641" lon="16.991451">
      <ele>976</ele>
      <time>2026-05-07T16:18:03Z</time>
    </trkpt>
    <trkpt lat="50.247706" lon="16.991523">
      <ele>974</ele>
      <time>2026-05-07T16:18:11Z</time>
    </trkpt>
    <trkpt lat="50.247778" lon="16.991732">
      <ele>971</ele>
      <time>2026-05-07T16:18:25Z</time>
    </trkpt>
    <trkpt lat="50.247795" lon="16.991998">
      <ele>968</ele>
      <time>2026-05-07T16:18:42Z</time>
    </trkpt>
    <trkpt lat="50.247774" lon="16.992207">
      <ele>966</ele>
      <time>2026-05-07T16:18:55Z</time>
    </trkpt>
    <trkpt lat="50.247795" lon="16.992368">
      <ele>964</ele>
      <time>2026-05-07T16:19:05Z</time>
    </trkpt>
    <trkpt lat="50.247881" lon="16.992609">
      <ele>959</ele>
      <time>2026-05-07T16:19:22Z</time>
    </trkpt>
    <trkpt lat="50.247961" lon="16.992813">
      <ele>954</ele>
      <time>2026-05-07T16:19:37Z</time>
    </trkpt>
    <trkpt lat="50.248045" lon="16.992953">
      <ele>951</ele>
      <time>2026-05-07T16:19:49Z</time>
    </trkpt>
    <trkpt lat="50.248117" lon="16.993036">
      <ele>949</ele>
      <time>2026-05-07T16:19:58Z</time>
    </trkpt>
    <trkpt lat="50.248205" lon="16.993076">
      <ele>947</ele>
      <time>2026-05-07T16:20:06Z</time>
    </trkpt>
    <trkpt lat="50.248299" lon="16.993082">
      <ele>945</ele>
      <time>2026-05-07T16:20:15Z</time>
    </trkpt>
    <trkpt lat="50.248417" lon="16.993052">
      <ele>943</ele>
      <time>2026-05-07T16:20:27Z</time>
    </trkpt>
    <trkpt lat="50.248543" lon="16.993006">
      <ele>940</ele>
      <time>2026-05-07T16:20:39Z</time>
    </trkpt>
    <trkpt lat="50.248671" lon="16.992993">
      <ele>937</ele>
      <time>2026-05-07T16:20:52Z</time>
    </trkpt>
    <trkpt lat="50.248783" lon="16.993004">
      <ele>934</ele>
      <time>2026-05-07T16:21:03Z</time>
    </trkpt>
    <trkpt lat="50.248914" lon="16.993123">
      <ele>930</ele>
      <time>2026-05-07T16:21:17Z</time>
    </trkpt>
    <trkpt lat="50.248939" lon="16.993066">
      <ele>930</ele>
      <time>2026-05-07T16:21:21Z</time>
    </trkpt>
    <trkpt lat="50.249087" lon="16.993181">
      <ele>928</ele>
      <time>2026-05-07T16:21:37Z</time>
    </trkpt>
    <trkpt lat="50.249184" lon="16.993269">
      <ele>926</ele>
      <time>2026-05-07T16:21:48Z</time>
    </trkpt>
    <trkpt lat="50.24932" lon="16.993366">
      <ele>921</ele>
      <time>2026-05-07T16:22:02Z</time>
    </trkpt>
    <trkpt lat="50.2495" lon="16.993457">
      <ele>916</ele>
      <time>2026-05-07T16:22:21Z</time>
    </trkpt>
    <trkpt lat="50.249647" lon="16.993538">
      <ele>911</ele>
      <time>2026-05-07T16:22:36Z</time>
    </trkpt>
    <trkpt lat="50.249819" lon="16.993665">
      <ele>906</ele>
      <time>2026-05-07T16:22:55Z</time>
    </trkpt>
    <trkpt lat="50.249987" lon="16.993827">
      <ele>902</ele>
      <time>2026-05-07T16:23:14Z</time>
    </trkpt>
    <trkpt lat="50.250025" lon="16.993895">
      <ele>901</ele>
      <time>2026-05-07T16:23:19Z</time>
    </trkpt>
    <trkpt lat="50.250078" lon="16.993991">
      <ele>900</ele>
      <time>2026-05-07T16:23:27Z</time>
    </trkpt>
    <trkpt lat="50.250127" lon="16.994103">
      <ele>898</ele>
      <time>2026-05-07T16:23:35Z</time>
    </trkpt>
    <trkpt lat="50.25022" lon="16.994275">
      <ele>895</ele>
      <time>2026-05-07T16:23:49Z</time>
    </trkpt>
    <trkpt lat="50.250428" lon="16.994495">
      <ele>889</ele>
      <time>2026-05-07T16:24:13Z</time>
    </trkpt>
    <trkpt lat="50.250969" lon="16.994866">
      <ele>876</ele>
      <time>2026-05-07T16:25:10Z</time>
    </trkpt>
    <trkpt lat="50.251011" lon="16.994894">
      <ele>875</ele>
      <time>2026-05-07T16:25:15Z</time>
    </trkpt>
    <trkpt lat="50.251282" lon="16.994954">
      <ele>868</ele>
      <time>2026-05-07T16:25:41Z</time>
    </trkpt>
    <trkpt lat="50.251621" lon="16.995056">
      <ele>862</ele>
      <time>2026-05-07T16:26:14Z</time>
    </trkpt>
    <trkpt lat="50.251736" lon="16.995088">
      <ele>860</ele>
      <time>2026-05-07T16:26:25Z</time>
    </trkpt>
    <trkpt lat="50.251863" lon="16.995171">
      <ele>857</ele>
      <time>2026-05-07T16:26:39Z</time>
    </trkpt>
    <trkpt lat="50.252019" lon="16.995203">
      <ele>853</ele>
      <time>2026-05-07T16:26:54Z</time>
    </trkpt>
    <trkpt lat="50.252119" lon="16.995243">
      <ele>851</ele>
      <time>2026-05-07T16:27:04Z</time>
    </trkpt>
    <trkpt lat="50.252229" lon="16.995332">
      <ele>848</ele>
      <time>2026-05-07T16:27:16Z</time>
    </trkpt>
    <trkpt lat="50.252385" lon="16.995493">
      <ele>844</ele>
      <time>2026-05-07T16:27:34Z</time>
    </trkpt>
    <trkpt lat="50.252551" lon="16.995707">
      <ele>840</ele>
      <time>2026-05-07T16:27:54Z</time>
    </trkpt>
    <trkpt lat="50.252642" lon="16.995721">
      <ele>837</ele>
      <time>2026-05-07T16:28:03Z</time>
    </trkpt>
    <trkpt lat="50.25283" lon="16.99571">
      <ele>832</ele>
      <time>2026-05-07T16:28:21Z</time>
    </trkpt>
    <trkpt lat="50.253057" lon="16.995723">
      <ele>824</ele>
      <time>2026-05-07T16:28:44Z</time>
    </trkpt>
    <trkpt lat="50.253203" lon="16.995761">
      <ele>820</ele>
      <time>2026-05-07T16:28:58Z</time>
    </trkpt>
    <trkpt lat="50.253345" lon="16.995839">
      <ele>816</ele>
      <time>2026-05-07T16:29:13Z</time>
    </trkpt>
    <trkpt lat="50.253575" lon="16.99608">
      <ele>812</ele>
      <time>2026-05-07T16:29:39Z</time>
    </trkpt>
    <trkpt lat="50.253826" lon="16.996437">
      <ele>805</ele>
      <time>2026-05-07T16:30:12Z</time>
    </trkpt>
    <trkpt lat="50.253941" lon="16.996637">
      <ele>800</ele>
      <time>2026-05-07T16:30:29Z</time>
    </trkpt>
    <trkpt lat="50.254153" lon="16.996711">
      <ele>797</ele>
      <time>2026-05-07T16:30:50Z</time>
    </trkpt>
    <trkpt lat="50.254269" lon="16.996729">
      <ele>795</ele>
      <time>2026-05-07T16:31:01Z</time>
    </trkpt>
    <trkpt lat="50.254343" lon="16.99677">
      <ele>794</ele>
      <time>2026-05-07T16:31:08Z</time>
    </trkpt>
    <trkpt lat="50.254446" lon="16.996882">
      <ele>792</ele>
      <time>2026-05-07T16:31:20Z</time>
    </trkpt>
    <trkpt lat="50.254568" lon="16.99664">
      <ele>792</ele>
      <time>2026-05-07T16:31:43Z</time>
    </trkpt>
    <trkpt lat="50.254768" lon="16.996128">
      <ele>792</ele>
      <time>2026-05-07T16:32:28Z</time>
    </trkpt>
    <trkpt lat="50.255108" lon="16.995593">
      <ele>788</ele>
      <time>2026-05-07T16:33:25Z</time>
    </trkpt>
    <trkpt lat="50.255436" lon="16.995125">
      <ele>783</ele>
      <time>2026-05-07T16:34:18Z</time>
    </trkpt>
    <trkpt lat="50.255583" lon="16.994841">
      <ele>778</ele>
      <time>2026-05-07T16:34:46Z</time>
    </trkpt>
    <trkpt lat="50.255636" lon="16.994648">
      <ele>776</ele>
      <time>2026-05-07T16:35:02Z</time>
    </trkpt>
    <trkpt lat="50.255667" lon="16.994344">
      <ele>775</ele>
      <time>2026-05-07T16:35:25Z</time>
    </trkpt>
    <trkpt lat="50.255765" lon="16.993886">
      <ele>775</ele>
      <time>2026-05-07T16:36:01Z</time>
    </trkpt>
    <trkpt lat="50.255888" lon="16.993634">
      <ele>776</ele>
      <time>2026-05-07T16:36:25Z</time>
    </trkpt>
    <trkpt lat="50.256255" lon="16.993055">
      <ele>774</ele>
      <time>2026-05-07T16:37:26Z</time>
    </trkpt>
    <trkpt lat="50.256358" lon="16.992741">
      <ele>773</ele>
      <time>2026-05-07T16:37:53Z</time>
    </trkpt>
    <trkpt lat="50.256428" lon="16.992474">
      <ele>776</ele>
      <time>2026-05-07T16:38:15Z</time>
    </trkpt>
    <trkpt lat="50.256566" lon="16.992132">
      <ele>776</ele>
      <time>2026-05-07T16:38:45Z</time>
    </trkpt>
    <trkpt lat="50.25678" lon="16.991936">
      <ele>772</ele>
      <time>2026-05-07T16:39:15Z</time>
    </trkpt>
    <trkpt lat="50.257224" lon="16.99166">
      <ele>766</ele>
      <time>2026-05-07T16:40:11Z</time>
    </trkpt>
    <trkpt lat="50.257477" lon="16.991468">
      <ele>767</ele>
      <time>2026-05-07T16:40:44Z</time>
    </trkpt>
    <trkpt lat="50.257593" lon="16.991389">
      <ele>767</ele>
      <time>2026-05-07T16:40:59Z</time>
    </trkpt>
    <trkpt lat="50.257727" lon="16.991316">
      <ele>767</ele>
      <time>2026-05-07T16:41:16Z</time>
    </trkpt>
    <trkpt lat="50.257975" lon="16.991149">
      <ele>766</ele>
      <time>2026-05-07T16:41:48Z</time>
    </trkpt>
    <trkpt lat="50.258452" lon="16.990743">
      <ele>771</ele>
      <time>2026-05-07T16:42:52Z</time>
    </trkpt>
    <trkpt lat="50.258566" lon="16.990669">
      <ele>771</ele>
      <time>2026-05-07T16:43:06Z</time>
    </trkpt>
    <trkpt lat="50.25875" lon="16.990603">
      <ele>768</ele>
      <time>2026-05-07T16:43:29Z</time>
    </trkpt>
    <trkpt lat="50.25897" lon="16.99052">
      <ele>764</ele>
      <time>2026-05-07T16:43:56Z</time>
    </trkpt>
    <trkpt lat="50.259163" lon="16.990358">
      <ele>761</ele>
      <time>2026-05-07T16:44:22Z</time>
    </trkpt>
    <trkpt lat="50.259371" lon="16.990116">
      <ele>758</ele>
      <time>2026-05-07T16:44:52Z</time>
    </trkpt>
    <trkpt lat="50.259541" lon="16.989988">
      <ele>755</ele>
      <time>2026-05-07T16:45:15Z</time>
    </trkpt>
    <trkpt lat="50.259915" lon="16.989805">
      <ele>758</ele>
      <time>2026-05-07T16:46:01Z</time>
    </trkpt>
    <trkpt lat="50.260084" lon="16.989763">
      <ele>759</ele>
      <time>2026-05-07T16:46:21Z</time>
    </trkpt>
    <trkpt lat="50.260182" lon="16.989753">
      <ele>760</ele>
      <time>2026-05-07T16:46:33Z</time>
    </trkpt>
    <trkpt lat="50.260246" lon="16.989796">
      <ele>760</ele>
      <time>2026-05-07T16:46:41Z</time>
    </trkpt>
    <trkpt lat="50.260475" lon="16.990095">
      <ele>760</ele>
      <time>2026-05-07T16:47:16Z</time>
    </trkpt>
    <trkpt lat="50.260651" lon="16.990249">
      <ele>760</ele>
      <time>2026-05-07T16:47:40Z</time>
    </trkpt>
    <trkpt lat="50.260859" lon="16.99036">
      <ele>758</ele>
      <time>2026-05-07T16:48:05Z</time>
    </trkpt>
    <trkpt lat="50.261034" lon="16.990365">
      <ele>758</ele>
      <time>2026-05-07T16:48:26Z</time>
    </trkpt>
    <trkpt lat="50.261382" lon="16.990302">
      <ele>761</ele>
      <time>2026-05-07T16:49:07Z</time>
    </trkpt>
    <trkpt lat="50.26156" lon="16.990309">
      <ele>764</ele>
      <time>2026-05-07T16:49:29Z</time>
    </trkpt>
    <trkpt lat="50.261701" lon="16.990395">
      <ele>764</ele>
      <time>2026-05-07T16:49:46Z</time>
    </trkpt>
    <trkpt lat="50.261795" lon="16.990505">
      <ele>763</ele>
      <time>2026-05-07T16:50:00Z</time>
    </trkpt>
    <trkpt lat="50.26201" lon="16.990847">
      <ele>760</ele>
      <time>2026-05-07T16:50:36Z</time>
    </trkpt>
    <trkpt lat="50.262139" lon="16.991106">
      <ele>757</ele>
      <time>2026-05-07T16:51:01Z</time>
    </trkpt>
    <trkpt lat="50.262216" lon="16.991325">
      <ele>757</ele>
      <time>2026-05-07T16:51:20Z</time>
    </trkpt>
    <trkpt lat="50.262265" lon="16.991484">
      <ele>757</ele>
      <time>2026-05-07T16:51:31Z</time>
    </trkpt>
    <trkpt lat="50.262332" lon="16.991772">
      <ele>755</ele>
      <time>2026-05-07T16:51:50Z</time>
    </trkpt>
    <trkpt lat="50.262513" lon="16.992623">
      <ele>751</ele>
      <time>2026-05-07T16:52:47Z</time>
    </trkpt>
    <trkpt lat="50.262674" lon="16.993022">
      <ele>753</ele>
      <time>2026-05-07T16:53:17Z</time>
    </trkpt>
    <trkpt lat="50.262776" lon="16.993246">
      <ele>751</ele>
      <time>2026-05-07T16:53:34Z</time>
    </trkpt>
    <trkpt lat="50.263021" lon="16.993607">
      <ele>750</ele>
      <time>2026-05-07T16:54:07Z</time>
    </trkpt>
    <trkpt lat="50.263001" lon="16.993922">
      <ele>748</ele>
      <time>2026-05-07T16:54:27Z</time>
    </trkpt>
    <trkpt lat="50.263037" lon="16.994021">
      <ele>749</ele>
      <time>2026-05-07T16:54:34Z</time>
    </trkpt>
    <trkpt lat="50.263345" lon="16.994429">
      <ele>750</ele>
      <time>2026-05-07T16:55:14Z</time>
    </trkpt>
    <trkpt lat="50.263886" lon="16.99504">
      <ele>745</ele>
      <time>2026-05-07T16:56:20Z</time>
    </trkpt>
  </trkseg>
</trk>
</gpx>