<?xml version="1.0" encoding="UTF-8"?><gpx creator="https://mapa-turystyczna.pl" xmlns="http://www.topografix.com/GPX/1/1" version="1.1" xmlns:xsi="http://www.w3.org/2001/XMLSchema-instance" xsi:schemaLocation="http://www.topografix.com/GPX/1/1 http://www.topografix.com/GPX/1/1/gpx.xsd">
  <metadata>
    <link href="https://mapa-turystyczna.pl">
      <text>mapa-turystyczna.pl</text>
    </link>
    <time>2026-05-07T08:43:11Z</time>
    <bounds maxlat="50.258812" maxlon="16.890023" minlat="50.196969" minlon="16.832191"/>
  </metadata>

<trk>
  <name>Bolesławów – Bolesławów</name>
  <link href="https://mapa-turystyczna.pl/route/zheu">
    <text>Bolesławów – Bolesławów</text>
  </link>
  <trkseg>
    <trkpt lat="50.258812" lon="16.890023">
      <ele>561</ele>
      <time>2026-05-07T08:43:11Z</time>
    </trkpt>
    <trkpt lat="50.258198" lon="16.889877">
      <ele>563</ele>
      <time>2026-05-07T08:44:29Z</time>
    </trkpt>
    <trkpt lat="50.258046" lon="16.889848">
      <ele>564</ele>
      <time>2026-05-07T08:44:48Z</time>
    </trkpt>
    <trkpt lat="50.257955" lon="16.889804">
      <ele>564</ele>
      <time>2026-05-07T08:45:00Z</time>
    </trkpt>
    <trkpt lat="50.257862" lon="16.889724">
      <ele>564</ele>
      <time>2026-05-07T08:45:13Z</time>
    </trkpt>
    <trkpt lat="50.25752" lon="16.889372">
      <ele>564</ele>
      <time>2026-05-07T08:46:04Z</time>
    </trkpt>
    <trkpt lat="50.25744" lon="16.889296">
      <ele>564</ele>
      <time>2026-05-07T08:46:16Z</time>
    </trkpt>
    <trkpt lat="50.256866" lon="16.888862">
      <ele>567</ele>
      <time>2026-05-07T08:47:35Z</time>
    </trkpt>
    <trkpt lat="50.256758" lon="16.888769">
      <ele>568</ele>
      <time>2026-05-07T08:47:51Z</time>
    </trkpt>
    <trkpt lat="50.256666" lon="16.888673">
      <ele>569</ele>
      <time>2026-05-07T08:48:05Z</time>
    </trkpt>
    <trkpt lat="50.256589" lon="16.888576">
      <ele>569</ele>
      <time>2026-05-07T08:48:17Z</time>
    </trkpt>
    <trkpt lat="50.256534" lon="16.888483">
      <ele>569</ele>
      <time>2026-05-07T08:48:27Z</time>
    </trkpt>
    <trkpt lat="50.256359" lon="16.888095">
      <ele>571</ele>
      <time>2026-05-07T08:49:05Z</time>
    </trkpt>
    <trkpt lat="50.256294" lon="16.887994">
      <ele>572</ele>
      <time>2026-05-07T08:49:17Z</time>
    </trkpt>
    <trkpt lat="50.256237" lon="16.887932">
      <ele>572</ele>
      <time>2026-05-07T08:49:25Z</time>
    </trkpt>
    <trkpt lat="50.256169" lon="16.887882">
      <ele>572</ele>
      <time>2026-05-07T08:49:35Z</time>
    </trkpt>
    <trkpt lat="50.256079" lon="16.887825">
      <ele>572</ele>
      <time>2026-05-07T08:49:47Z</time>
    </trkpt>
    <trkpt lat="50.25565" lon="16.887655">
      <ele>572</ele>
      <time>2026-05-07T08:50:42Z</time>
    </trkpt>
    <trkpt lat="50.255631" lon="16.887648">
      <ele>572</ele>
      <time>2026-05-07T08:50:44Z</time>
    </trkpt>
    <trkpt lat="50.25491" lon="16.887461">
      <ele>576</ele>
      <time>2026-05-07T08:52:16Z</time>
    </trkpt>
    <trkpt lat="50.254763" lon="16.887397">
      <ele>577</ele>
      <time>2026-05-07T08:52:35Z</time>
    </trkpt>
    <trkpt lat="50.254491" lon="16.887157">
      <ele>578</ele>
      <time>2026-05-07T08:53:14Z</time>
    </trkpt>
    <trkpt lat="50.254355" lon="16.887086">
      <ele>578</ele>
      <time>2026-05-07T08:53:32Z</time>
    </trkpt>
    <trkpt lat="50.254136" lon="16.886976">
      <ele>578</ele>
      <time>2026-05-07T08:54:00Z</time>
    </trkpt>
    <trkpt lat="50.254013" lon="16.886886">
      <ele>578</ele>
      <time>2026-05-07T08:54:17Z</time>
    </trkpt>
    <trkpt lat="50.253904" lon="16.886774">
      <ele>578</ele>
      <time>2026-05-07T08:54:34Z</time>
    </trkpt>
    <trkpt lat="50.253694" lon="16.88648">
      <ele>578</ele>
      <time>2026-05-07T08:55:09Z</time>
    </trkpt>
    <trkpt lat="50.253502" lon="16.886249">
      <ele>579</ele>
      <time>2026-05-07T08:55:39Z</time>
    </trkpt>
    <trkpt lat="50.253319" lon="16.886081">
      <ele>579</ele>
      <time>2026-05-07T08:56:06Z</time>
    </trkpt>
    <trkpt lat="50.253215" lon="16.886021">
      <ele>579</ele>
      <time>2026-05-07T08:56:20Z</time>
    </trkpt>
    <trkpt lat="50.253086" lon="16.885959">
      <ele>579</ele>
      <time>2026-05-07T08:56:36Z</time>
    </trkpt>
    <trkpt lat="50.252916" lon="16.885912">
      <ele>580</ele>
      <time>2026-05-07T08:56:58Z</time>
    </trkpt>
    <trkpt lat="50.252779" lon="16.885904">
      <ele>581</ele>
      <time>2026-05-07T08:57:15Z</time>
    </trkpt>
    <trkpt lat="50.252542" lon="16.885947">
      <ele>583</ele>
      <time>2026-05-07T08:57:45Z</time>
    </trkpt>
    <trkpt lat="50.25223" lon="16.886062">
      <ele>584</ele>
      <time>2026-05-07T08:58:25Z</time>
    </trkpt>
    <trkpt lat="50.252109" lon="16.886089">
      <ele>585</ele>
      <time>2026-05-07T08:58:40Z</time>
    </trkpt>
    <trkpt lat="50.251962" lon="16.886079">
      <ele>586</ele>
      <time>2026-05-07T08:58:59Z</time>
    </trkpt>
    <trkpt lat="50.251851" lon="16.886032">
      <ele>587</ele>
      <time>2026-05-07T08:59:13Z</time>
    </trkpt>
    <trkpt lat="50.251787" lon="16.886013">
      <ele>588</ele>
      <time>2026-05-07T08:59:21Z</time>
    </trkpt>
    <trkpt lat="50.251738" lon="16.886021">
      <ele>588</ele>
      <time>2026-05-07T08:59:28Z</time>
    </trkpt>
    <trkpt lat="50.251674" lon="16.886057">
      <ele>588</ele>
      <time>2026-05-07T08:59:36Z</time>
    </trkpt>
    <trkpt lat="50.251584" lon="16.886133">
      <ele>588</ele>
      <time>2026-05-07T08:59:49Z</time>
    </trkpt>
    <trkpt lat="50.251573" lon="16.886141">
      <ele>588</ele>
      <time>2026-05-07T08:59:50Z</time>
    </trkpt>
    <trkpt lat="50.2515" lon="16.886192">
      <ele>588</ele>
      <time>2026-05-07T09:00:00Z</time>
    </trkpt>
    <trkpt lat="50.251344" lon="16.886277">
      <ele>588</ele>
      <time>2026-05-07T09:00:21Z</time>
    </trkpt>
    <trkpt lat="50.251182" lon="16.886332">
      <ele>588</ele>
      <time>2026-05-07T09:00:42Z</time>
    </trkpt>
    <trkpt lat="50.251023" lon="16.886367">
      <ele>588</ele>
      <time>2026-05-07T09:01:02Z</time>
    </trkpt>
    <trkpt lat="50.250926" lon="16.886371">
      <ele>588</ele>
      <time>2026-05-07T09:01:14Z</time>
    </trkpt>
    <trkpt lat="50.250788" lon="16.886348">
      <ele>588</ele>
      <time>2026-05-07T09:01:31Z</time>
    </trkpt>
    <trkpt lat="50.250659" lon="16.886295">
      <ele>588</ele>
      <time>2026-05-07T09:01:48Z</time>
    </trkpt>
    <trkpt lat="50.250564" lon="16.886242">
      <ele>588</ele>
      <time>2026-05-07T09:02:00Z</time>
    </trkpt>
    <trkpt lat="50.250066" lon="16.885806">
      <ele>591</ele>
      <time>2026-05-07T09:03:12Z</time>
    </trkpt>
    <trkpt lat="50.249952" lon="16.88573">
      <ele>591</ele>
      <time>2026-05-07T09:03:27Z</time>
    </trkpt>
    <trkpt lat="50.249819" lon="16.88567">
      <ele>591</ele>
      <time>2026-05-07T09:03:44Z</time>
    </trkpt>
    <trkpt lat="50.249722" lon="16.885648">
      <ele>590</ele>
      <time>2026-05-07T09:03:57Z</time>
    </trkpt>
    <trkpt lat="50.249569" lon="16.885616">
      <ele>590</ele>
      <time>2026-05-07T09:04:16Z</time>
    </trkpt>
    <trkpt lat="50.249462" lon="16.885614">
      <ele>590</ele>
      <time>2026-05-07T09:04:29Z</time>
    </trkpt>
    <trkpt lat="50.248865" lon="16.88574">
      <ele>595</ele>
      <time>2026-05-07T09:05:45Z</time>
    </trkpt>
    <trkpt lat="50.248793" lon="16.885744">
      <ele>596</ele>
      <time>2026-05-07T09:05:54Z</time>
    </trkpt>
    <trkpt lat="50.24868" lon="16.885728">
      <ele>597</ele>
      <time>2026-05-07T09:06:08Z</time>
    </trkpt>
    <trkpt lat="50.24853" lon="16.885684">
      <ele>598</ele>
      <time>2026-05-07T09:06:27Z</time>
    </trkpt>
    <trkpt lat="50.248383" lon="16.885613">
      <ele>598</ele>
      <time>2026-05-07T09:06:46Z</time>
    </trkpt>
    <trkpt lat="50.248241" lon="16.885524">
      <ele>599</ele>
      <time>2026-05-07T09:07:05Z</time>
    </trkpt>
    <trkpt lat="50.248146" lon="16.88543">
      <ele>599</ele>
      <time>2026-05-07T09:07:20Z</time>
    </trkpt>
    <trkpt lat="50.248047" lon="16.885303">
      <ele>600</ele>
      <time>2026-05-07T09:07:36Z</time>
    </trkpt>
    <trkpt lat="50.247964" lon="16.885214">
      <ele>601</ele>
      <time>2026-05-07T09:07:48Z</time>
    </trkpt>
    <trkpt lat="50.247854" lon="16.885128">
      <ele>601</ele>
      <time>2026-05-07T09:08:03Z</time>
    </trkpt>
    <trkpt lat="50.24776" lon="16.885106">
      <ele>601</ele>
      <time>2026-05-07T09:08:15Z</time>
    </trkpt>
    <trkpt lat="50.247667" lon="16.885114">
      <ele>601</ele>
      <time>2026-05-07T09:08:27Z</time>
    </trkpt>
    <trkpt lat="50.247622" lon="16.88513">
      <ele>601</ele>
      <time>2026-05-07T09:08:33Z</time>
    </trkpt>
    <trkpt lat="50.247402" lon="16.885206">
      <ele>601</ele>
      <time>2026-05-07T09:09:01Z</time>
    </trkpt>
    <trkpt lat="50.247334" lon="16.885203">
      <ele>601</ele>
      <time>2026-05-07T09:09:09Z</time>
    </trkpt>
    <trkpt lat="50.247164" lon="16.885113">
      <ele>601</ele>
      <time>2026-05-07T09:09:32Z</time>
    </trkpt>
    <trkpt lat="50.247099" lon="16.885089">
      <ele>601</ele>
      <time>2026-05-07T09:09:40Z</time>
    </trkpt>
    <trkpt lat="50.246561" lon="16.885006">
      <ele>602</ele>
      <time>2026-05-07T09:10:48Z</time>
    </trkpt>
    <trkpt lat="50.246317" lon="16.884935">
      <ele>605</ele>
      <time>2026-05-07T09:11:19Z</time>
    </trkpt>
    <trkpt lat="50.246181" lon="16.884899">
      <ele>605</ele>
      <time>2026-05-07T09:11:36Z</time>
    </trkpt>
    <trkpt lat="50.246065" lon="16.88489">
      <ele>605</ele>
      <time>2026-05-07T09:11:50Z</time>
    </trkpt>
    <trkpt lat="50.246045" lon="16.884888">
      <ele>605</ele>
      <time>2026-05-07T09:11:53Z</time>
    </trkpt>
    <trkpt lat="50.245614" lon="16.884922">
      <ele>605</ele>
      <time>2026-05-07T09:12:47Z</time>
    </trkpt>
    <trkpt lat="50.245313" lon="16.884963">
      <ele>605</ele>
      <time>2026-05-07T09:13:25Z</time>
    </trkpt>
    <trkpt lat="50.245172" lon="16.884999">
      <ele>606</ele>
      <time>2026-05-07T09:13:42Z</time>
    </trkpt>
    <trkpt lat="50.244759" lon="16.885196">
      <ele>608</ele>
      <time>2026-05-07T09:14:36Z</time>
    </trkpt>
    <trkpt lat="50.244645" lon="16.885233">
      <ele>608</ele>
      <time>2026-05-07T09:14:51Z</time>
    </trkpt>
    <trkpt lat="50.244564" lon="16.885245">
      <ele>608</ele>
      <time>2026-05-07T09:15:01Z</time>
    </trkpt>
    <trkpt lat="50.244455" lon="16.885242">
      <ele>608</ele>
      <time>2026-05-07T09:15:15Z</time>
    </trkpt>
    <trkpt lat="50.244337" lon="16.885233">
      <ele>608</ele>
      <time>2026-05-07T09:15:29Z</time>
    </trkpt>
    <trkpt lat="50.24416" lon="16.885203">
      <ele>609</ele>
      <time>2026-05-07T09:15:52Z</time>
    </trkpt>
    <trkpt lat="50.243999" lon="16.885157">
      <ele>610</ele>
      <time>2026-05-07T09:16:12Z</time>
    </trkpt>
    <trkpt lat="50.24392" lon="16.885116">
      <ele>610</ele>
      <time>2026-05-07T09:16:23Z</time>
    </trkpt>
    <trkpt lat="50.243693" lon="16.884979">
      <ele>612</ele>
      <time>2026-05-07T09:16:53Z</time>
    </trkpt>
    <trkpt lat="50.243524" lon="16.884904">
      <ele>613</ele>
      <time>2026-05-07T09:17:15Z</time>
    </trkpt>
    <trkpt lat="50.243382" lon="16.884835">
      <ele>614</ele>
      <time>2026-05-07T09:17:34Z</time>
    </trkpt>
    <trkpt lat="50.243028" lon="16.884597">
      <ele>615</ele>
      <time>2026-05-07T09:18:22Z</time>
    </trkpt>
    <trkpt lat="50.242875" lon="16.884544">
      <ele>614</ele>
      <time>2026-05-07T09:18:41Z</time>
    </trkpt>
    <trkpt lat="50.242514" lon="16.884476">
      <ele>616</ele>
      <time>2026-05-07T09:19:27Z</time>
    </trkpt>
    <trkpt lat="50.242476" lon="16.884469">
      <ele>616</ele>
      <time>2026-05-07T09:19:32Z</time>
    </trkpt>
    <trkpt lat="50.242121" lon="16.884379">
      <ele>619</ele>
      <time>2026-05-07T09:20:17Z</time>
    </trkpt>
    <trkpt lat="50.241929" lon="16.884338">
      <ele>621</ele>
      <time>2026-05-07T09:20:41Z</time>
    </trkpt>
    <trkpt lat="50.2414" lon="16.884368">
      <ele>622</ele>
      <time>2026-05-07T09:21:47Z</time>
    </trkpt>
    <trkpt lat="50.241072" lon="16.884342">
      <ele>622</ele>
      <time>2026-05-07T09:22:28Z</time>
    </trkpt>
    <trkpt lat="50.240864" lon="16.884225">
      <ele>624</ele>
      <time>2026-05-07T09:22:56Z</time>
    </trkpt>
    <trkpt lat="50.240618" lon="16.884083">
      <ele>625</ele>
      <time>2026-05-07T09:23:28Z</time>
    </trkpt>
    <trkpt lat="50.240486" lon="16.884038">
      <ele>625</ele>
      <time>2026-05-07T09:23:45Z</time>
    </trkpt>
    <trkpt lat="50.240345" lon="16.884021">
      <ele>626</ele>
      <time>2026-05-07T09:24:03Z</time>
    </trkpt>
    <trkpt lat="50.239996" lon="16.883985">
      <ele>627</ele>
      <time>2026-05-07T09:24:47Z</time>
    </trkpt>
    <trkpt lat="50.239694" lon="16.883923">
      <ele>627</ele>
      <time>2026-05-07T09:25:25Z</time>
    </trkpt>
    <trkpt lat="50.23942" lon="16.883914">
      <ele>628</ele>
      <time>2026-05-07T09:25:59Z</time>
    </trkpt>
    <trkpt lat="50.239296" lon="16.883913">
      <ele>630</ele>
      <time>2026-05-07T09:26:14Z</time>
    </trkpt>
    <trkpt lat="50.238994" lon="16.883906">
      <ele>632</ele>
      <time>2026-05-07T09:26:52Z</time>
    </trkpt>
    <trkpt lat="50.238453" lon="16.883807">
      <ele>633</ele>
      <time>2026-05-07T09:28:00Z</time>
    </trkpt>
    <trkpt lat="50.238383" lon="16.883807">
      <ele>634</ele>
      <time>2026-05-07T09:28:09Z</time>
    </trkpt>
    <trkpt lat="50.23758" lon="16.883798">
      <ele>636</ele>
      <time>2026-05-07T09:29:49Z</time>
    </trkpt>
    <trkpt lat="50.237458" lon="16.883802">
      <ele>636</ele>
      <time>2026-05-07T09:30:05Z</time>
    </trkpt>
    <trkpt lat="50.237384" lon="16.883804">
      <ele>637</ele>
      <time>2026-05-07T09:30:14Z</time>
    </trkpt>
    <trkpt lat="50.237227" lon="16.88388">
      <ele>637</ele>
      <time>2026-05-07T09:30:34Z</time>
    </trkpt>
    <trkpt lat="50.236818" lon="16.884256">
      <ele>637</ele>
      <time>2026-05-07T09:31:34Z</time>
    </trkpt>
    <trkpt lat="50.236601" lon="16.884487">
      <ele>637</ele>
      <time>2026-05-07T09:32:06Z</time>
    </trkpt>
    <trkpt lat="50.236433" lon="16.884653">
      <ele>638</ele>
      <time>2026-05-07T09:32:31Z</time>
    </trkpt>
    <trkpt lat="50.236242" lon="16.884803">
      <ele>639</ele>
      <time>2026-05-07T09:32:58Z</time>
    </trkpt>
    <trkpt lat="50.236075" lon="16.884905">
      <ele>641</ele>
      <time>2026-05-07T09:33:20Z</time>
    </trkpt>
    <trkpt lat="50.235941" lon="16.884963">
      <ele>642</ele>
      <time>2026-05-07T09:33:38Z</time>
    </trkpt>
    <trkpt lat="50.23583" lon="16.884968">
      <ele>642</ele>
      <time>2026-05-07T09:33:52Z</time>
    </trkpt>
    <trkpt lat="50.23575" lon="16.88495">
      <ele>642</ele>
      <time>2026-05-07T09:34:02Z</time>
    </trkpt>
    <trkpt lat="50.235451" lon="16.88487">
      <ele>644</ele>
      <time>2026-05-07T09:34:40Z</time>
    </trkpt>
    <trkpt lat="50.234917" lon="16.884806">
      <ele>648</ele>
      <time>2026-05-07T09:35:47Z</time>
    </trkpt>
    <trkpt lat="50.23467" lon="16.884792">
      <ele>650</ele>
      <time>2026-05-07T09:36:18Z</time>
    </trkpt>
    <trkpt lat="50.234284" lon="16.884812">
      <ele>652</ele>
      <time>2026-05-07T09:37:06Z</time>
    </trkpt>
    <trkpt lat="50.234132" lon="16.884769">
      <ele>653</ele>
      <time>2026-05-07T09:37:25Z</time>
    </trkpt>
    <trkpt lat="50.233976" lon="16.884655">
      <ele>652</ele>
      <time>2026-05-07T09:37:47Z</time>
    </trkpt>
    <trkpt lat="50.233865" lon="16.88455">
      <ele>653</ele>
      <time>2026-05-07T09:38:03Z</time>
    </trkpt>
    <trkpt lat="50.23384" lon="16.884533">
      <ele>653</ele>
      <time>2026-05-07T09:38:06Z</time>
    </trkpt>
    <trkpt lat="50.233532" lon="16.884275">
      <ele>654</ele>
      <time>2026-05-07T09:38:50Z</time>
    </trkpt>
    <trkpt lat="50.233372" lon="16.884179">
      <ele>657</ele>
      <time>2026-05-07T09:39:12Z</time>
    </trkpt>
    <trkpt lat="50.233216" lon="16.884098">
      <ele>659</ele>
      <time>2026-05-07T09:39:32Z</time>
    </trkpt>
    <trkpt lat="50.232907" lon="16.884031">
      <ele>665</ele>
      <time>2026-05-07T09:40:12Z</time>
    </trkpt>
    <trkpt lat="50.23233" lon="16.884009">
      <ele>675</ele>
      <time>2026-05-07T09:41:25Z</time>
    </trkpt>
    <trkpt lat="50.231894" lon="16.884008">
      <ele>674</ele>
      <time>2026-05-07T09:42:19Z</time>
    </trkpt>
    <trkpt lat="50.231496" lon="16.884095">
      <ele>662</ele>
      <time>2026-05-07T09:43:11Z</time>
    </trkpt>
    <trkpt lat="50.231214" lon="16.88414">
      <ele>670</ele>
      <time>2026-05-07T09:43:44Z</time>
    </trkpt>
    <trkpt lat="50.230828" lon="16.884296">
      <ele>676</ele>
      <time>2026-05-07T09:44:28Z</time>
    </trkpt>
    <trkpt lat="50.230654" lon="16.884316">
      <ele>678</ele>
      <time>2026-05-07T09:44:48Z</time>
    </trkpt>
    <trkpt lat="50.230032" lon="16.884107">
      <ele>679</ele>
      <time>2026-05-07T09:45:59Z</time>
    </trkpt>
    <trkpt lat="50.228859" lon="16.883863">
      <ele>681</ele>
      <time>2026-05-07T09:48:11Z</time>
    </trkpt>
    <trkpt lat="50.227933" lon="16.883663">
      <ele>689</ele>
      <time>2026-05-07T09:50:32Z</time>
    </trkpt>
    <trkpt lat="50.227429" lon="16.883554">
      <ele>690</ele>
      <time>2026-05-07T09:51:49Z</time>
    </trkpt>
    <trkpt lat="50.227263" lon="16.883536">
      <ele>690</ele>
      <time>2026-05-07T09:52:14Z</time>
    </trkpt>
    <trkpt lat="50.226421" lon="16.883513">
      <ele>692</ele>
      <time>2026-05-07T09:54:21Z</time>
    </trkpt>
    <trkpt lat="50.225906" lon="16.88344">
      <ele>699</ele>
      <time>2026-05-07T09:55:40Z</time>
    </trkpt>
    <trkpt lat="50.225344" lon="16.883389">
      <ele>700</ele>
      <time>2026-05-07T09:57:05Z</time>
    </trkpt>
    <trkpt lat="50.224564" lon="16.883254">
      <ele>705</ele>
      <time>2026-05-07T09:59:03Z</time>
    </trkpt>
    <trkpt lat="50.224483" lon="16.883257">
      <ele>706</ele>
      <time>2026-05-07T09:59:16Z</time>
    </trkpt>
    <trkpt lat="50.224401" lon="16.883265">
      <ele>707</ele>
      <time>2026-05-07T09:59:28Z</time>
    </trkpt>
    <trkpt lat="50.224038" lon="16.883361">
      <ele>709</ele>
      <time>2026-05-07T10:00:24Z</time>
    </trkpt>
    <trkpt lat="50.223943" lon="16.883373">
      <ele>709</ele>
      <time>2026-05-07T10:00:38Z</time>
    </trkpt>
    <trkpt lat="50.223829" lon="16.883354">
      <ele>710</ele>
      <time>2026-05-07T10:00:55Z</time>
    </trkpt>
    <trkpt lat="50.223508" lon="16.883274">
      <ele>713</ele>
      <time>2026-05-07T10:01:45Z</time>
    </trkpt>
    <trkpt lat="50.22332" lon="16.883241">
      <ele>715</ele>
      <time>2026-05-07T10:02:13Z</time>
    </trkpt>
    <trkpt lat="50.22287" lon="16.883282">
      <ele>716</ele>
      <time>2026-05-07T10:03:21Z</time>
    </trkpt>
    <trkpt lat="50.222589" lon="16.883245">
      <ele>720</ele>
      <time>2026-05-07T10:04:04Z</time>
    </trkpt>
    <trkpt lat="50.22246" lon="16.883194">
      <ele>722</ele>
      <time>2026-05-07T10:04:24Z</time>
    </trkpt>
    <trkpt lat="50.222296" lon="16.883087">
      <ele>726</ele>
      <time>2026-05-07T10:04:52Z</time>
    </trkpt>
    <trkpt lat="50.221716" lon="16.882512">
      <ele>738</ele>
      <time>2026-05-07T10:06:37Z</time>
    </trkpt>
    <trkpt lat="50.221681" lon="16.882478">
      <ele>738</ele>
      <time>2026-05-07T10:06:43Z</time>
    </trkpt>
    <trkpt lat="50.221529" lon="16.882357">
      <ele>739</ele>
      <time>2026-05-07T10:07:09Z</time>
    </trkpt>
    <trkpt lat="50.221425" lon="16.882226">
      <ele>739</ele>
      <time>2026-05-07T10:07:29Z</time>
    </trkpt>
    <trkpt lat="50.221349" lon="16.882085">
      <ele>741</ele>
      <time>2026-05-07T10:07:47Z</time>
    </trkpt>
    <trkpt lat="50.221287" lon="16.88194">
      <ele>742</ele>
      <time>2026-05-07T10:08:04Z</time>
    </trkpt>
    <trkpt lat="50.22118" lon="16.881586">
      <ele>744</ele>
      <time>2026-05-07T10:08:42Z</time>
    </trkpt>
    <trkpt lat="50.221095" lon="16.881031">
      <ele>745</ele>
      <time>2026-05-07T10:09:37Z</time>
    </trkpt>
    <trkpt lat="50.220977" lon="16.880705">
      <ele>745</ele>
      <time>2026-05-07T10:10:13Z</time>
    </trkpt>
    <trkpt lat="50.22078" lon="16.880198">
      <ele>745</ele>
      <time>2026-05-07T10:11:10Z</time>
    </trkpt>
    <trkpt lat="50.220398" lon="16.879043">
      <ele>752</ele>
      <time>2026-05-07T10:13:16Z</time>
    </trkpt>
    <trkpt lat="50.220241" lon="16.878852">
      <ele>755</ele>
      <time>2026-05-07T10:13:46Z</time>
    </trkpt>
    <trkpt lat="50.220076" lon="16.878719">
      <ele>755</ele>
      <time>2026-05-07T10:14:14Z</time>
    </trkpt>
    <trkpt lat="50.219791" lon="16.878635">
      <ele>752</ele>
      <time>2026-05-07T10:14:58Z</time>
    </trkpt>
    <trkpt lat="50.219633" lon="16.878625">
      <ele>752</ele>
      <time>2026-05-07T10:15:22Z</time>
    </trkpt>
    <trkpt lat="50.219366" lon="16.878546">
      <ele>753</ele>
      <time>2026-05-07T10:16:03Z</time>
    </trkpt>
    <trkpt lat="50.219287" lon="16.878551">
      <ele>753</ele>
      <time>2026-05-07T10:16:15Z</time>
    </trkpt>
    <trkpt lat="50.219086" lon="16.878721">
      <ele>755</ele>
      <time>2026-05-07T10:16:50Z</time>
    </trkpt>
    <trkpt lat="50.218927" lon="16.878713">
      <ele>757</ele>
      <time>2026-05-07T10:17:14Z</time>
    </trkpt>
    <trkpt lat="50.218677" lon="16.878633">
      <ele>759</ele>
      <time>2026-05-07T10:17:52Z</time>
    </trkpt>
    <trkpt lat="50.21835" lon="16.878545">
      <ele>760</ele>
      <time>2026-05-07T10:18:42Z</time>
    </trkpt>
    <trkpt lat="50.217935" lon="16.878545">
      <ele>761</ele>
      <time>2026-05-07T10:19:45Z</time>
    </trkpt>
    <trkpt lat="50.217478" lon="16.878707">
      <ele>764</ele>
      <time>2026-05-07T10:20:56Z</time>
    </trkpt>
    <trkpt lat="50.216841" lon="16.879104">
      <ele>769</ele>
      <time>2026-05-07T10:22:40Z</time>
    </trkpt>
    <trkpt lat="50.21611" lon="16.879376">
      <ele>775</ele>
      <time>2026-05-07T10:24:33Z</time>
    </trkpt>
    <trkpt lat="50.215849" lon="16.879416">
      <ele>776</ele>
      <time>2026-05-07T10:25:13Z</time>
    </trkpt>
    <trkpt lat="50.215655" lon="16.87936">
      <ele>778</ele>
      <time>2026-05-07T10:25:43Z</time>
    </trkpt>
    <trkpt lat="50.215246" lon="16.879224">
      <ele>786</ele>
      <time>2026-05-07T10:26:47Z</time>
    </trkpt>
    <trkpt lat="50.214957" lon="16.879169">
      <ele>791</ele>
      <time>2026-05-07T10:27:31Z</time>
    </trkpt>
    <trkpt lat="50.214617" lon="16.879296">
      <ele>794</ele>
      <time>2026-05-07T10:28:24Z</time>
    </trkpt>
    <trkpt lat="50.21431" lon="16.879216">
      <ele>796</ele>
      <time>2026-05-07T10:29:11Z</time>
    </trkpt>
    <trkpt lat="50.213942" lon="16.879025">
      <ele>797</ele>
      <time>2026-05-07T10:30:10Z</time>
    </trkpt>
    <trkpt lat="50.213372" lon="16.878681">
      <ele>802</ele>
      <time>2026-05-07T10:31:42Z</time>
    </trkpt>
    <trkpt lat="50.213094" lon="16.878433">
      <ele>804</ele>
      <time>2026-05-07T10:32:30Z</time>
    </trkpt>
    <trkpt lat="50.213017" lon="16.878297">
      <ele>804</ele>
      <time>2026-05-07T10:32:48Z</time>
    </trkpt>
    <trkpt lat="50.212893" lon="16.87822">
      <ele>805</ele>
      <time>2026-05-07T10:33:08Z</time>
    </trkpt>
    <trkpt lat="50.212763" lon="16.878201">
      <ele>805</ele>
      <time>2026-05-07T10:33:28Z</time>
    </trkpt>
    <trkpt lat="50.212572" lon="16.878218">
      <ele>804</ele>
      <time>2026-05-07T10:33:57Z</time>
    </trkpt>
    <trkpt lat="50.212277" lon="16.878278">
      <ele>805</ele>
      <time>2026-05-07T10:34:42Z</time>
    </trkpt>
    <trkpt lat="50.212034" lon="16.87839">
      <ele>807</ele>
      <time>2026-05-07T10:35:20Z</time>
    </trkpt>
    <trkpt lat="50.21165" lon="16.878417">
      <ele>811</ele>
      <time>2026-05-07T10:36:18Z</time>
    </trkpt>
    <trkpt lat="50.211072" lon="16.878557">
      <ele>814</ele>
      <time>2026-05-07T10:37:46Z</time>
    </trkpt>
    <trkpt lat="50.21074" lon="16.878737">
      <ele>817</ele>
      <time>2026-05-07T10:38:40Z</time>
    </trkpt>
    <trkpt lat="50.210454" lon="16.878993">
      <ele>820</ele>
      <time>2026-05-07T10:39:30Z</time>
    </trkpt>
    <trkpt lat="50.209799" lon="16.879581">
      <ele>829</ele>
      <time>2026-05-07T10:41:24Z</time>
    </trkpt>
    <trkpt lat="50.209369" lon="16.8798">
      <ele>834</ele>
      <time>2026-05-07T10:42:33Z</time>
    </trkpt>
    <trkpt lat="50.208833" lon="16.87988">
      <ele>838</ele>
      <time>2026-05-07T10:43:54Z</time>
    </trkpt>
    <trkpt lat="50.208433" lon="16.879856">
      <ele>839</ele>
      <time>2026-05-07T10:44:54Z</time>
    </trkpt>
    <trkpt lat="50.207722" lon="16.879701">
      <ele>843</ele>
      <time>2026-05-07T10:46:43Z</time>
    </trkpt>
    <trkpt lat="50.207338" lon="16.879576">
      <ele>842</ele>
      <time>2026-05-07T10:47:42Z</time>
    </trkpt>
    <trkpt lat="50.206883" lon="16.879599">
      <ele>844</ele>
      <time>2026-05-07T10:48:51Z</time>
    </trkpt>
    <trkpt lat="50.206637" lon="16.879554">
      <ele>847</ele>
      <time>2026-05-07T10:49:28Z</time>
    </trkpt>
    <trkpt lat="50.206477" lon="16.879512">
      <ele>849</ele>
      <time>2026-05-07T10:49:53Z</time>
    </trkpt>
    <trkpt lat="50.206335" lon="16.879477">
      <ele>851</ele>
      <time>2026-05-07T10:50:15Z</time>
    </trkpt>
    <trkpt lat="50.206017" lon="16.879371">
      <ele>859</ele>
      <time>2026-05-07T10:51:05Z</time>
    </trkpt>
    <trkpt lat="50.205803" lon="16.879416">
      <ele>861</ele>
      <time>2026-05-07T10:51:38Z</time>
    </trkpt>
    <trkpt lat="50.205521" lon="16.879537">
      <ele>865</ele>
      <time>2026-05-07T10:52:22Z</time>
    </trkpt>
    <trkpt lat="50.205205" lon="16.879746">
      <ele>870</ele>
      <time>2026-05-07T10:53:14Z</time>
    </trkpt>
    <trkpt lat="50.20485" lon="16.87987">
      <ele>874</ele>
      <time>2026-05-07T10:54:10Z</time>
    </trkpt>
    <trkpt lat="50.204643" lon="16.879869">
      <ele>878</ele>
      <time>2026-05-07T10:54:41Z</time>
    </trkpt>
    <trkpt lat="50.204394" lon="16.879791">
      <ele>883</ele>
      <time>2026-05-07T10:55:20Z</time>
    </trkpt>
    <trkpt lat="50.204211" lon="16.879796">
      <ele>883</ele>
      <time>2026-05-07T10:55:48Z</time>
    </trkpt>
    <trkpt lat="50.20405" lon="16.879821">
      <ele>884</ele>
      <time>2026-05-07T10:56:12Z</time>
    </trkpt>
    <trkpt lat="50.203934" lon="16.879867">
      <ele>884</ele>
      <time>2026-05-07T10:56:30Z</time>
    </trkpt>
    <trkpt lat="50.20356" lon="16.880015">
      <ele>892</ele>
      <time>2026-05-07T10:57:29Z</time>
    </trkpt>
    <trkpt lat="50.202789" lon="16.880322">
      <ele>912</ele>
      <time>2026-05-07T10:59:32Z</time>
    </trkpt>
    <trkpt lat="50.202089" lon="16.880485">
      <ele>926</ele>
      <time>2026-05-07T11:01:21Z</time>
    </trkpt>
    <trkpt lat="50.201867" lon="16.880584">
      <ele>929</ele>
      <time>2026-05-07T11:01:56Z</time>
    </trkpt>
    <trkpt lat="50.201685" lon="16.880697">
      <ele>933</ele>
      <time>2026-05-07T11:02:26Z</time>
    </trkpt>
    <trkpt lat="50.201417" lon="16.880883">
      <ele>941</ele>
      <time>2026-05-07T11:03:11Z</time>
    </trkpt>
    <trkpt lat="50.2012" lon="16.881056">
      <ele>945</ele>
      <time>2026-05-07T11:03:49Z</time>
    </trkpt>
    <trkpt lat="50.200938" lon="16.881318">
      <ele>949</ele>
      <time>2026-05-07T11:04:36Z</time>
    </trkpt>
    <trkpt lat="50.200846" lon="16.881386">
      <ele>950</ele>
      <time>2026-05-07T11:04:51Z</time>
    </trkpt>
    <trkpt lat="50.20075" lon="16.881397">
      <ele>951</ele>
      <time>2026-05-07T11:05:06Z</time>
    </trkpt>
    <trkpt lat="50.200669" lon="16.881452">
      <ele>952</ele>
      <time>2026-05-07T11:05:19Z</time>
    </trkpt>
    <trkpt lat="50.200532" lon="16.881617">
      <ele>953</ele>
      <time>2026-05-07T11:05:45Z</time>
    </trkpt>
    <trkpt lat="50.200438" lon="16.881695">
      <ele>954</ele>
      <time>2026-05-07T11:06:02Z</time>
    </trkpt>
    <trkpt lat="50.200303" lon="16.881705">
      <ele>955</ele>
      <time>2026-05-07T11:06:22Z</time>
    </trkpt>
    <trkpt lat="50.200173" lon="16.881684">
      <ele>956</ele>
      <time>2026-05-07T11:06:42Z</time>
    </trkpt>
    <trkpt lat="50.200029" lon="16.881695">
      <ele>957</ele>
      <time>2026-05-07T11:07:04Z</time>
    </trkpt>
    <trkpt lat="50.199917" lon="16.881754">
      <ele>958</ele>
      <time>2026-05-07T11:07:21Z</time>
    </trkpt>
    <trkpt lat="50.1996" lon="16.881882">
      <ele>955</ele>
      <time>2026-05-07T11:08:11Z</time>
    </trkpt>
    <trkpt lat="50.199557" lon="16.881712">
      <ele>959</ele>
      <time>2026-05-07T11:08:38Z</time>
    </trkpt>
    <trkpt lat="50.199533" lon="16.881552">
      <ele>963</ele>
      <time>2026-05-07T11:09:02Z</time>
    </trkpt>
    <trkpt lat="50.199524" lon="16.881303">
      <ele>965</ele>
      <time>2026-05-07T11:09:37Z</time>
    </trkpt>
    <trkpt lat="50.199491" lon="16.881016">
      <ele>969</ele>
      <time>2026-05-07T11:10:18Z</time>
    </trkpt>
    <trkpt lat="50.199488" lon="16.880673">
      <ele>976</ele>
      <time>2026-05-07T11:11:08Z</time>
    </trkpt>
    <trkpt lat="50.199519" lon="16.880413">
      <ele>981</ele>
      <time>2026-05-07T11:11:47Z</time>
    </trkpt>
    <trkpt lat="50.199514" lon="16.880131">
      <ele>986</ele>
      <time>2026-05-07T11:12:27Z</time>
    </trkpt>
    <trkpt lat="50.199471" lon="16.879863">
      <ele>991</ele>
      <time>2026-05-07T11:13:07Z</time>
    </trkpt>
    <trkpt lat="50.199419" lon="16.879624">
      <ele>996</ele>
      <time>2026-05-07T11:13:44Z</time>
    </trkpt>
    <trkpt lat="50.199234" lon="16.879029">
      <ele>1009</ele>
      <time>2026-05-07T11:15:20Z</time>
    </trkpt>
    <trkpt lat="50.199096" lon="16.878723">
      <ele>1016</ele>
      <time>2026-05-07T11:16:14Z</time>
    </trkpt>
    <trkpt lat="50.199012" lon="16.878417">
      <ele>1022</ele>
      <time>2026-05-07T11:17:02Z</time>
    </trkpt>
    <trkpt lat="50.19892" lon="16.878058">
      <ele>1029</ele>
      <time>2026-05-07T11:17:58Z</time>
    </trkpt>
    <trkpt lat="50.198763" lon="16.8775">
      <ele>1040</ele>
      <time>2026-05-07T11:19:26Z</time>
    </trkpt>
    <trkpt lat="50.198674" lon="16.877261">
      <ele>1043</ele>
      <time>2026-05-07T11:20:05Z</time>
    </trkpt>
    <trkpt lat="50.198564" lon="16.876918">
      <ele>1049</ele>
      <time>2026-05-07T11:21:00Z</time>
    </trkpt>
    <trkpt lat="50.198492" lon="16.876636">
      <ele>1054</ele>
      <time>2026-05-07T11:21:43Z</time>
    </trkpt>
    <trkpt lat="50.198423" lon="16.876494">
      <ele>1057</ele>
      <time>2026-05-07T11:22:09Z</time>
    </trkpt>
    <trkpt lat="50.19832" lon="16.876322">
      <ele>1060</ele>
      <time>2026-05-07T11:22:43Z</time>
    </trkpt>
    <trkpt lat="50.198186" lon="16.876145">
      <ele>1065</ele>
      <time>2026-05-07T11:23:22Z</time>
    </trkpt>
    <trkpt lat="50.198107" lon="16.876078">
      <ele>1067</ele>
      <time>2026-05-07T11:23:42Z</time>
    </trkpt>
    <trkpt lat="50.198032" lon="16.876017">
      <ele>1069</ele>
      <time>2026-05-07T11:24:01Z</time>
    </trkpt>
    <trkpt lat="50.197903" lon="16.875947">
      <ele>1072</ele>
      <time>2026-05-07T11:24:31Z</time>
    </trkpt>
    <trkpt lat="50.197805" lon="16.875786">
      <ele>1076</ele>
      <time>2026-05-07T11:25:03Z</time>
    </trkpt>
    <trkpt lat="50.19768" lon="16.875472">
      <ele>1082</ele>
      <time>2026-05-07T11:25:56Z</time>
    </trkpt>
    <trkpt lat="50.197635" lon="16.875314">
      <ele>1084</ele>
      <time>2026-05-07T11:26:21Z</time>
    </trkpt>
    <trkpt lat="50.197604" lon="16.874893">
      <ele>1088</ele>
      <time>2026-05-07T11:27:21Z</time>
    </trkpt>
    <trkpt lat="50.197603" lon="16.874748">
      <ele>1089</ele>
      <time>2026-05-07T11:27:41Z</time>
    </trkpt>
    <trkpt lat="50.197599" lon="16.874649">
      <ele>1090</ele>
      <time>2026-05-07T11:27:55Z</time>
    </trkpt>
    <trkpt lat="50.19758" lon="16.874584">
      <ele>1091</ele>
      <time>2026-05-07T11:28:05Z</time>
    </trkpt>
    <trkpt lat="50.197513" lon="16.874533">
      <ele>1091</ele>
      <time>2026-05-07T11:28:21Z</time>
    </trkpt>
    <trkpt lat="50.197505" lon="16.874469">
      <ele>1092</ele>
      <time>2026-05-07T11:28:31Z</time>
    </trkpt>
    <trkpt lat="50.197477" lon="16.874404">
      <ele>1093</ele>
      <time>2026-05-07T11:28:42Z</time>
    </trkpt>
    <trkpt lat="50.197431" lon="16.874281">
      <ele>1095</ele>
      <time>2026-05-07T11:29:02Z</time>
    </trkpt>
    <trkpt lat="50.197414" lon="16.87411">
      <ele>1098</ele>
      <time>2026-05-07T11:29:27Z</time>
    </trkpt>
    <trkpt lat="50.197398" lon="16.873959">
      <ele>1100</ele>
      <time>2026-05-07T11:29:49Z</time>
    </trkpt>
    <trkpt lat="50.197345" lon="16.873747">
      <ele>1103</ele>
      <time>2026-05-07T11:30:21Z</time>
    </trkpt>
    <trkpt lat="50.197292" lon="16.873216">
      <ele>1112</ele>
      <time>2026-05-07T11:31:38Z</time>
    </trkpt>
    <trkpt lat="50.197242" lon="16.872913">
      <ele>1115</ele>
      <time>2026-05-07T11:32:22Z</time>
    </trkpt>
    <trkpt lat="50.197106" lon="16.872422">
      <ele>1126</ele>
      <time>2026-05-07T11:33:40Z</time>
    </trkpt>
    <trkpt lat="50.197033" lon="16.872061">
      <ele>1136</ele>
      <time>2026-05-07T11:34:37Z</time>
    </trkpt>
    <trkpt lat="50.197015" lon="16.871907">
      <ele>1141</ele>
      <time>2026-05-07T11:35:01Z</time>
    </trkpt>
    <trkpt lat="50.196969" lon="16.871685">
      <ele>1148</ele>
      <time>2026-05-07T11:35:36Z</time>
    </trkpt>
    <trkpt lat="50.196997" lon="16.87154">
      <ele>1151</ele>
      <time>2026-05-07T11:35:58Z</time>
    </trkpt>
    <trkpt lat="50.197304" lon="16.870945">
      <ele>1159</ele>
      <time>2026-05-07T11:37:46Z</time>
    </trkpt>
    <trkpt lat="50.197417" lon="16.870384">
      <ele>1169</ele>
      <time>2026-05-07T11:39:11Z</time>
    </trkpt>
    <trkpt lat="50.197429" lon="16.870159">
      <ele>1174</ele>
      <time>2026-05-07T11:39:44Z</time>
    </trkpt>
    <trkpt lat="50.197442" lon="16.869846">
      <ele>1181</ele>
      <time>2026-05-07T11:40:30Z</time>
    </trkpt>
    <trkpt lat="50.197519" lon="16.869558">
      <ele>1185</ele>
      <time>2026-05-07T11:41:14Z</time>
    </trkpt>
    <trkpt lat="50.197546" lon="16.869437">
      <ele>1187</ele>
      <time>2026-05-07T11:41:32Z</time>
    </trkpt>
    <trkpt lat="50.197618" lon="16.869279">
      <ele>1188</ele>
      <time>2026-05-07T11:41:59Z</time>
    </trkpt>
    <trkpt lat="50.19767" lon="16.869142">
      <ele>1190</ele>
      <time>2026-05-07T11:42:22Z</time>
    </trkpt>
    <trkpt lat="50.197726" lon="16.869">
      <ele>1190</ele>
      <time>2026-05-07T11:42:45Z</time>
    </trkpt>
    <trkpt lat="50.197792" lon="16.868791">
      <ele>1192</ele>
      <time>2026-05-07T11:43:18Z</time>
    </trkpt>
    <trkpt lat="50.197843" lon="16.868576">
      <ele>1193</ele>
      <time>2026-05-07T11:43:50Z</time>
    </trkpt>
    <trkpt lat="50.197867" lon="16.868378">
      <ele>1195</ele>
      <time>2026-05-07T11:44:19Z</time>
    </trkpt>
    <trkpt lat="50.197939" lon="16.868045">
      <ele>1197</ele>
      <time>2026-05-07T11:45:08Z</time>
    </trkpt>
    <trkpt lat="50.19796" lon="16.867863">
      <ele>1199</ele>
      <time>2026-05-07T11:45:34Z</time>
    </trkpt>
    <trkpt lat="50.197958" lon="16.867745">
      <ele>1200</ele>
      <time>2026-05-07T11:45:51Z</time>
    </trkpt>
    <trkpt lat="50.197984" lon="16.867551">
      <ele>1202</ele>
      <time>2026-05-07T11:46:18Z</time>
    </trkpt>
    <trkpt lat="50.197998" lon="16.867275">
      <ele>1204</ele>
      <time>2026-05-07T11:46:58Z</time>
    </trkpt>
    <trkpt lat="50.198028" lon="16.867042">
      <ele>1205</ele>
      <time>2026-05-07T11:47:31Z</time>
    </trkpt>
    <trkpt lat="50.198089" lon="16.866768">
      <ele>1205</ele>
      <time>2026-05-07T11:48:11Z</time>
    </trkpt>
    <trkpt lat="50.198195" lon="16.866326">
      <ele>1207</ele>
      <time>2026-05-07T11:49:17Z</time>
    </trkpt>
    <trkpt lat="50.198226" lon="16.866108">
      <ele>1208</ele>
      <time>2026-05-07T11:49:49Z</time>
    </trkpt>
    <trkpt lat="50.198265" lon="16.865905">
      <ele>1208</ele>
      <time>2026-05-07T11:50:18Z</time>
    </trkpt>
    <trkpt lat="50.198305" lon="16.86551">
      <ele>1208</ele>
      <time>2026-05-07T11:51:14Z</time>
    </trkpt>
    <trkpt lat="50.19831" lon="16.865314">
      <ele>1209</ele>
      <time>2026-05-07T11:51:42Z</time>
    </trkpt>
    <trkpt lat="50.198281" lon="16.864888">
      <ele>1213</ele>
      <time>2026-05-07T11:52:42Z</time>
    </trkpt>
    <trkpt lat="50.198247" lon="16.864287">
      <ele>1217</ele>
      <time>2026-05-07T11:54:07Z</time>
    </trkpt>
    <trkpt lat="50.198173" lon="16.863901">
      <ele>1219</ele>
      <time>2026-05-07T11:55:03Z</time>
    </trkpt>
    <trkpt lat="50.198106" lon="16.863593">
      <ele>1217</ele>
      <time>2026-05-07T11:55:49Z</time>
    </trkpt>
    <trkpt lat="50.198104" lon="16.863511">
      <ele>1217</ele>
      <time>2026-05-07T11:56:00Z</time>
    </trkpt>
    <trkpt lat="50.198102" lon="16.863416">
      <ele>1217</ele>
      <time>2026-05-07T11:56:14Z</time>
    </trkpt>
    <trkpt lat="50.198121" lon="16.863238">
      <ele>1216</ele>
      <time>2026-05-07T11:56:39Z</time>
    </trkpt>
    <trkpt lat="50.198179" lon="16.863029">
      <ele>1215</ele>
      <time>2026-05-07T11:57:11Z</time>
    </trkpt>
    <trkpt lat="50.198208" lon="16.862939">
      <ele>1215</ele>
      <time>2026-05-07T11:57:25Z</time>
    </trkpt>
    <trkpt lat="50.19823" lon="16.862858">
      <ele>1215</ele>
      <time>2026-05-07T11:57:37Z</time>
    </trkpt>
    <trkpt lat="50.198278" lon="16.862629">
      <ele>1214</ele>
      <time>2026-05-07T11:58:11Z</time>
    </trkpt>
    <trkpt lat="50.198423" lon="16.862499">
      <ele>1213</ele>
      <time>2026-05-07T11:58:33Z</time>
    </trkpt>
    <trkpt lat="50.198504" lon="16.862426">
      <ele>1213</ele>
      <time>2026-05-07T11:58:45Z</time>
    </trkpt>
    <trkpt lat="50.198564" lon="16.862384">
      <ele>1213</ele>
      <time>2026-05-07T11:58:54Z</time>
    </trkpt>
    <trkpt lat="50.198628" lon="16.862339">
      <ele>1214</ele>
      <time>2026-05-07T11:59:03Z</time>
    </trkpt>
    <trkpt lat="50.198684" lon="16.862302">
      <ele>1214</ele>
      <time>2026-05-07T11:59:11Z</time>
    </trkpt>
    <trkpt lat="50.198746" lon="16.862261">
      <ele>1214</ele>
      <time>2026-05-07T11:59:20Z</time>
    </trkpt>
    <trkpt lat="50.198794" lon="16.862243">
      <ele>1214</ele>
      <time>2026-05-07T11:59:26Z</time>
    </trkpt>
    <trkpt lat="50.198842" lon="16.862225">
      <ele>1215</ele>
      <time>2026-05-07T11:59:33Z</time>
    </trkpt>
    <trkpt lat="50.198904" lon="16.862214">
      <ele>1215</ele>
      <time>2026-05-07T11:59:41Z</time>
    </trkpt>
    <trkpt lat="50.198995" lon="16.862241">
      <ele>1215</ele>
      <time>2026-05-07T11:59:53Z</time>
    </trkpt>
    <trkpt lat="50.199026" lon="16.862257">
      <ele>1215</ele>
      <time>2026-05-07T11:59:57Z</time>
    </trkpt>
    <trkpt lat="50.19908" lon="16.862285">
      <ele>1215</ele>
      <time>2026-05-07T12:00:05Z</time>
    </trkpt>
    <trkpt lat="50.199191" lon="16.862308">
      <ele>1215</ele>
      <time>2026-05-07T12:00:20Z</time>
    </trkpt>
    <trkpt lat="50.199253" lon="16.86229">
      <ele>1215</ele>
      <time>2026-05-07T12:00:28Z</time>
    </trkpt>
    <trkpt lat="50.199311" lon="16.862273">
      <ele>1215</ele>
      <time>2026-05-07T12:00:36Z</time>
    </trkpt>
    <trkpt lat="50.199413" lon="16.862205">
      <ele>1214</ele>
      <time>2026-05-07T12:00:50Z</time>
    </trkpt>
    <trkpt lat="50.199452" lon="16.862179">
      <ele>1213</ele>
      <time>2026-05-07T12:00:56Z</time>
    </trkpt>
    <trkpt lat="50.199781" lon="16.862017">
      <ele>1210</ele>
      <time>2026-05-07T12:01:41Z</time>
    </trkpt>
    <trkpt lat="50.199964" lon="16.861927">
      <ele>1209</ele>
      <time>2026-05-07T12:02:07Z</time>
    </trkpt>
    <trkpt lat="50.199987" lon="16.861912">
      <ele>1208</ele>
      <time>2026-05-07T12:02:10Z</time>
    </trkpt>
    <trkpt lat="50.200097" lon="16.861838">
      <ele>1209</ele>
      <time>2026-05-07T12:02:26Z</time>
    </trkpt>
    <trkpt lat="50.200166" lon="16.861807">
      <ele>1209</ele>
      <time>2026-05-07T12:02:35Z</time>
    </trkpt>
    <trkpt lat="50.200231" lon="16.861778">
      <ele>1210</ele>
      <time>2026-05-07T12:02:44Z</time>
    </trkpt>
    <trkpt lat="50.200429" lon="16.861691">
      <ele>1214</ele>
      <time>2026-05-07T12:03:11Z</time>
    </trkpt>
    <trkpt lat="50.200506" lon="16.861616">
      <ele>1215</ele>
      <time>2026-05-07T12:03:23Z</time>
    </trkpt>
    <trkpt lat="50.200549" lon="16.861549">
      <ele>1215</ele>
      <time>2026-05-07T12:03:31Z</time>
    </trkpt>
    <trkpt lat="50.200626" lon="16.861428">
      <ele>1216</ele>
      <time>2026-05-07T12:03:46Z</time>
    </trkpt>
    <trkpt lat="50.2007" lon="16.861297">
      <ele>1216</ele>
      <time>2026-05-07T12:04:00Z</time>
    </trkpt>
    <trkpt lat="50.20076" lon="16.86116">
      <ele>1217</ele>
      <time>2026-05-07T12:04:14Z</time>
    </trkpt>
    <trkpt lat="50.200849" lon="16.86094">
      <ele>1219</ele>
      <time>2026-05-07T12:04:36Z</time>
    </trkpt>
    <trkpt lat="50.200901" lon="16.860811">
      <ele>1219</ele>
      <time>2026-05-07T12:04:49Z</time>
    </trkpt>
    <trkpt lat="50.200965" lon="16.860636">
      <ele>1219</ele>
      <time>2026-05-07T12:05:06Z</time>
    </trkpt>
    <trkpt lat="50.201038" lon="16.860436">
      <ele>1219</ele>
      <time>2026-05-07T12:05:25Z</time>
    </trkpt>
    <trkpt lat="50.201115" lon="16.860218">
      <ele>1220</ele>
      <time>2026-05-07T12:05:46Z</time>
    </trkpt>
    <trkpt lat="50.201167" lon="16.859953">
      <ele>1219</ele>
      <time>2026-05-07T12:06:09Z</time>
    </trkpt>
    <trkpt lat="50.201203" lon="16.859765">
      <ele>1218</ele>
      <time>2026-05-07T12:06:26Z</time>
    </trkpt>
    <trkpt lat="50.201215" lon="16.859701">
      <ele>1218</ele>
      <time>2026-05-07T12:06:32Z</time>
    </trkpt>
    <trkpt lat="50.201289" lon="16.859494">
      <ele>1218</ele>
      <time>2026-05-07T12:06:51Z</time>
    </trkpt>
    <trkpt lat="50.201443" lon="16.859202">
      <ele>1220</ele>
      <time>2026-05-07T12:07:23Z</time>
    </trkpt>
    <trkpt lat="50.201517" lon="16.859125">
      <ele>1221</ele>
      <time>2026-05-07T12:07:35Z</time>
    </trkpt>
    <trkpt lat="50.201742" lon="16.858813">
      <ele>1224</ele>
      <time>2026-05-07T12:08:15Z</time>
    </trkpt>
    <trkpt lat="50.201769" lon="16.858776">
      <ele>1224</ele>
      <time>2026-05-07T12:08:19Z</time>
    </trkpt>
    <trkpt lat="50.201916" lon="16.858577">
      <ele>1225</ele>
      <time>2026-05-07T12:08:45Z</time>
    </trkpt>
    <trkpt lat="50.201994" lon="16.858433">
      <ele>1227</ele>
      <time>2026-05-07T12:09:01Z</time>
    </trkpt>
    <trkpt lat="50.202024" lon="16.858378">
      <ele>1227</ele>
      <time>2026-05-07T12:09:07Z</time>
    </trkpt>
    <trkpt lat="50.202144" lon="16.858169">
      <ele>1231</ele>
      <time>2026-05-07T12:09:31Z</time>
    </trkpt>
    <trkpt lat="50.202261" lon="16.857955">
      <ele>1235</ele>
      <time>2026-05-07T12:09:55Z</time>
    </trkpt>
    <trkpt lat="50.202329" lon="16.857818">
      <ele>1238</ele>
      <time>2026-05-07T12:10:10Z</time>
    </trkpt>
    <trkpt lat="50.202408" lon="16.857719">
      <ele>1240</ele>
      <time>2026-05-07T12:10:24Z</time>
    </trkpt>
    <trkpt lat="50.202472" lon="16.857603">
      <ele>1243</ele>
      <time>2026-05-07T12:10:37Z</time>
    </trkpt>
    <trkpt lat="50.202552" lon="16.857504">
      <ele>1246</ele>
      <time>2026-05-07T12:10:51Z</time>
    </trkpt>
    <trkpt lat="50.202652" lon="16.857365">
      <ele>1248</ele>
      <time>2026-05-07T12:11:08Z</time>
    </trkpt>
    <trkpt lat="50.202683" lon="16.857322">
      <ele>1249</ele>
      <time>2026-05-07T12:11:14Z</time>
    </trkpt>
    <trkpt lat="50.202741" lon="16.857218">
      <ele>1251</ele>
      <time>2026-05-07T12:11:26Z</time>
    </trkpt>
    <trkpt lat="50.202763" lon="16.857178">
      <ele>1251</ele>
      <time>2026-05-07T12:11:30Z</time>
    </trkpt>
    <trkpt lat="50.202783" lon="16.857118">
      <ele>1252</ele>
      <time>2026-05-07T12:11:36Z</time>
    </trkpt>
    <trkpt lat="50.202819" lon="16.857009">
      <ele>1253</ele>
      <time>2026-05-07T12:11:46Z</time>
    </trkpt>
    <trkpt lat="50.202848" lon="16.85692">
      <ele>1254</ele>
      <time>2026-05-07T12:11:55Z</time>
    </trkpt>
    <trkpt lat="50.202875" lon="16.856682">
      <ele>1256</ele>
      <time>2026-05-07T12:12:15Z</time>
    </trkpt>
    <trkpt lat="50.2029" lon="16.856397">
      <ele>1259</ele>
      <time>2026-05-07T12:12:40Z</time>
    </trkpt>
    <trkpt lat="50.20288" lon="16.856184">
      <ele>1260</ele>
      <time>2026-05-07T12:12:58Z</time>
    </trkpt>
    <trkpt lat="50.202863" lon="16.856108">
      <ele>1260</ele>
      <time>2026-05-07T12:13:05Z</time>
    </trkpt>
    <trkpt lat="50.202846" lon="16.856037">
      <ele>1261</ele>
      <time>2026-05-07T12:13:11Z</time>
    </trkpt>
    <trkpt lat="50.202836" lon="16.855989">
      <ele>1262</ele>
      <time>2026-05-07T12:13:17Z</time>
    </trkpt>
    <trkpt lat="50.202794" lon="16.85583">
      <ele>1264</ele>
      <time>2026-05-07T12:13:38Z</time>
    </trkpt>
    <trkpt lat="50.202766" lon="16.855765">
      <ele>1265</ele>
      <time>2026-05-07T12:13:48Z</time>
    </trkpt>
    <trkpt lat="50.20259" lon="16.855354">
      <ele>1270</ele>
      <time>2026-05-07T12:14:48Z</time>
    </trkpt>
    <trkpt lat="50.202499" lon="16.855177">
      <ele>1273</ele>
      <time>2026-05-07T12:15:16Z</time>
    </trkpt>
    <trkpt lat="50.202303" lon="16.854703">
      <ele>1281</ele>
      <time>2026-05-07T12:16:26Z</time>
    </trkpt>
    <trkpt lat="50.201921" lon="16.853779">
      <ele>1290</ele>
      <time>2026-05-07T12:18:40Z</time>
    </trkpt>
    <trkpt lat="50.201774" lon="16.853382">
      <ele>1294</ele>
      <time>2026-05-07T12:19:36Z</time>
    </trkpt>
    <trkpt lat="50.201527" lon="16.852831">
      <ele>1301</ele>
      <time>2026-05-07T12:20:58Z</time>
    </trkpt>
    <trkpt lat="50.201506" lon="16.852771">
      <ele>1302</ele>
      <time>2026-05-07T12:21:07Z</time>
    </trkpt>
    <trkpt lat="50.201348" lon="16.852329">
      <ele>1307</ele>
      <time>2026-05-07T12:22:08Z</time>
    </trkpt>
    <trkpt lat="50.201199" lon="16.851772">
      <ele>1313</ele>
      <time>2026-05-07T12:23:22Z</time>
    </trkpt>
    <trkpt lat="50.201168" lon="16.851497">
      <ele>1316</ele>
      <time>2026-05-07T12:23:56Z</time>
    </trkpt>
    <trkpt lat="50.201174" lon="16.851233">
      <ele>1318</ele>
      <time>2026-05-07T12:24:28Z</time>
    </trkpt>
    <trkpt lat="50.201178" lon="16.851049">
      <ele>1319</ele>
      <time>2026-05-07T12:24:51Z</time>
    </trkpt>
    <trkpt lat="50.201198" lon="16.850883">
      <ele>1320</ele>
      <time>2026-05-07T12:25:11Z</time>
    </trkpt>
    <trkpt lat="50.201243" lon="16.850716">
      <ele>1321</ele>
      <time>2026-05-07T12:25:33Z</time>
    </trkpt>
    <trkpt lat="50.201296" lon="16.850602">
      <ele>1322</ele>
      <time>2026-05-07T12:25:50Z</time>
    </trkpt>
    <trkpt lat="50.2014" lon="16.850503">
      <ele>1323</ele>
      <time>2026-05-07T12:26:13Z</time>
    </trkpt>
    <trkpt lat="50.201461" lon="16.850488">
      <ele>1324</ele>
      <time>2026-05-07T12:26:25Z</time>
    </trkpt>
    <trkpt lat="50.201777" lon="16.850551">
      <ele>1330</ele>
      <time>2026-05-07T12:27:26Z</time>
    </trkpt>
    <trkpt lat="50.202215" lon="16.850639">
      <ele>1335</ele>
      <time>2026-05-07T12:28:50Z</time>
    </trkpt>
    <trkpt lat="50.202521" lon="16.8507">
      <ele>1339</ele>
      <time>2026-05-07T12:29:49Z</time>
    </trkpt>
    <trkpt lat="50.202602" lon="16.850699">
      <ele>1341</ele>
      <time>2026-05-07T12:30:04Z</time>
    </trkpt>
    <trkpt lat="50.202748" lon="16.850639">
      <ele>1342</ele>
      <time>2026-05-07T12:30:33Z</time>
    </trkpt>
    <trkpt lat="50.202849" lon="16.85056">
      <ele>1344</ele>
      <time>2026-05-07T12:30:55Z</time>
    </trkpt>
    <trkpt lat="50.202932" lon="16.850495">
      <ele>1345</ele>
      <time>2026-05-07T12:31:12Z</time>
    </trkpt>
    <trkpt lat="50.20307" lon="16.850436">
      <ele>1347</ele>
      <time>2026-05-07T12:31:39Z</time>
    </trkpt>
    <trkpt lat="50.203151" lon="16.850427">
      <ele>1348</ele>
      <time>2026-05-07T12:31:55Z</time>
    </trkpt>
    <trkpt lat="50.203294" lon="16.850411">
      <ele>1351</ele>
      <time>2026-05-07T12:32:23Z</time>
    </trkpt>
    <trkpt lat="50.203426" lon="16.850446">
      <ele>1354</ele>
      <time>2026-05-07T12:32:48Z</time>
    </trkpt>
    <trkpt lat="50.203537" lon="16.850498">
      <ele>1357</ele>
      <time>2026-05-07T12:33:11Z</time>
    </trkpt>
    <trkpt lat="50.203701" lon="16.850576">
      <ele>1361</ele>
      <time>2026-05-07T12:33:44Z</time>
    </trkpt>
    <trkpt lat="50.204004" lon="16.850748">
      <ele>1365</ele>
      <time>2026-05-07T12:34:46Z</time>
    </trkpt>
    <trkpt lat="50.204119" lon="16.85074">
      <ele>1366</ele>
      <time>2026-05-07T12:35:08Z</time>
    </trkpt>
    <trkpt lat="50.204334" lon="16.850647">
      <ele>1370</ele>
      <time>2026-05-07T12:35:51Z</time>
    </trkpt>
    <trkpt lat="50.204563" lon="16.850329">
      <ele>1370</ele>
      <time>2026-05-07T12:36:49Z</time>
    </trkpt>
    <trkpt lat="50.204866" lon="16.84974">
      <ele>1368</ele>
      <time>2026-05-07T12:38:21Z</time>
    </trkpt>
    <trkpt lat="50.204941" lon="16.849613">
      <ele>1368</ele>
      <time>2026-05-07T12:38:42Z</time>
    </trkpt>
    <trkpt lat="50.205022" lon="16.849477">
      <ele>1369</ele>
      <time>2026-05-07T12:39:05Z</time>
    </trkpt>
    <trkpt lat="50.205049" lon="16.849402">
      <ele>1369</ele>
      <time>2026-05-07T12:39:15Z</time>
    </trkpt>
    <trkpt lat="50.205074" lon="16.849333">
      <ele>1369</ele>
      <time>2026-05-07T12:39:25Z</time>
    </trkpt>
    <trkpt lat="50.205105" lon="16.849293">
      <ele>1369</ele>
      <time>2026-05-07T12:39:33Z</time>
    </trkpt>
    <trkpt lat="50.205128" lon="16.849267">
      <ele>1370</ele>
      <time>2026-05-07T12:39:38Z</time>
    </trkpt>
    <trkpt lat="50.205192" lon="16.849199">
      <ele>1371</ele>
      <time>2026-05-07T12:39:53Z</time>
    </trkpt>
    <trkpt lat="50.205269" lon="16.849153">
      <ele>1374</ele>
      <time>2026-05-07T12:40:09Z</time>
    </trkpt>
    <trkpt lat="50.205396" lon="16.84911">
      <ele>1378</ele>
      <time>2026-05-07T12:40:35Z</time>
    </trkpt>
    <trkpt lat="50.20547" lon="16.849098">
      <ele>1380</ele>
      <time>2026-05-07T12:40:50Z</time>
    </trkpt>
    <trkpt lat="50.205639" lon="16.849123">
      <ele>1386</ele>
      <time>2026-05-07T12:41:24Z</time>
    </trkpt>
    <trkpt lat="50.205697" lon="16.849094">
      <ele>1388</ele>
      <time>2026-05-07T12:41:36Z</time>
    </trkpt>
    <trkpt lat="50.205715" lon="16.849072">
      <ele>1388</ele>
      <time>2026-05-07T12:41:40Z</time>
    </trkpt>
    <trkpt lat="50.205971" lon="16.848749">
      <ele>1395</ele>
      <time>2026-05-07T12:42:44Z</time>
    </trkpt>
    <trkpt lat="50.206023" lon="16.848683">
      <ele>1397</ele>
      <time>2026-05-07T12:42:57Z</time>
    </trkpt>
    <trkpt lat="50.206227" lon="16.84849">
      <ele>1402</ele>
      <time>2026-05-07T12:43:43Z</time>
    </trkpt>
    <trkpt lat="50.206515" lon="16.848217">
      <ele>1409</ele>
      <time>2026-05-07T12:44:48Z</time>
    </trkpt>
    <trkpt lat="50.206584" lon="16.848155">
      <ele>1411</ele>
      <time>2026-05-07T12:45:04Z</time>
    </trkpt>
    <trkpt lat="50.206806" lon="16.847956">
      <ele>1414</ele>
      <time>2026-05-07T12:45:53Z</time>
    </trkpt>
    <trkpt lat="50.206893" lon="16.84785">
      <ele>1416</ele>
      <time>2026-05-07T12:46:14Z</time>
    </trkpt>
    <trkpt lat="50.206995" lon="16.847753">
      <ele>1418</ele>
      <time>2026-05-07T12:46:37Z</time>
    </trkpt>
    <trkpt lat="50.207183" lon="16.847625">
      <ele>1420</ele>
      <time>2026-05-07T12:47:16Z</time>
    </trkpt>
    <trkpt lat="50.207313" lon="16.847514">
      <ele>1422</ele>
      <time>2026-05-07T12:47:45Z</time>
    </trkpt>
    <trkpt lat="50.207335" lon="16.847491">
      <ele>1423</ele>
      <time>2026-05-07T12:47:50Z</time>
    </trkpt>
    <trkpt lat="50.207391" lon="16.847429">
      <ele>1425</ele>
      <time>2026-05-07T12:48:03Z</time>
    </trkpt>
    <trkpt lat="50.207423" lon="16.847394">
      <ele>1426</ele>
      <time>2026-05-07T12:48:11Z</time>
    </trkpt>
    <trkpt lat="50.207325" lon="16.847106">
      <ele>1421</ele>
      <time>2026-05-07T12:48:30Z</time>
    </trkpt>
    <trkpt lat="50.207248" lon="16.846887">
      <ele>1421</ele>
      <time>2026-05-07T12:48:43Z</time>
    </trkpt>
    <trkpt lat="50.20726" lon="16.84675">
      <ele>1420</ele>
      <time>2026-05-07T12:48:51Z</time>
    </trkpt>
    <trkpt lat="50.207241" lon="16.846706">
      <ele>1420</ele>
      <time>2026-05-07T12:48:54Z</time>
    </trkpt>
    <trkpt lat="50.207209" lon="16.846627">
      <ele>1420</ele>
      <time>2026-05-07T12:48:59Z</time>
    </trkpt>
    <trkpt lat="50.20707" lon="16.846346">
      <ele>1418</ele>
      <time>2026-05-07T12:49:19Z</time>
    </trkpt>
    <trkpt lat="50.207024" lon="16.846252">
      <ele>1417</ele>
      <time>2026-05-07T12:49:26Z</time>
    </trkpt>
    <trkpt lat="50.206834" lon="16.845868">
      <ele>1413</ele>
      <time>2026-05-07T12:49:53Z</time>
    </trkpt>
    <trkpt lat="50.206799" lon="16.845775">
      <ele>1412</ele>
      <time>2026-05-07T12:49:59Z</time>
    </trkpt>
    <trkpt lat="50.206748" lon="16.845638">
      <ele>1410</ele>
      <time>2026-05-07T12:50:08Z</time>
    </trkpt>
    <trkpt lat="50.206686" lon="16.845435">
      <ele>1408</ele>
      <time>2026-05-07T12:50:21Z</time>
    </trkpt>
    <trkpt lat="50.206585" lon="16.845063">
      <ele>1405</ele>
      <time>2026-05-07T12:50:43Z</time>
    </trkpt>
    <trkpt lat="50.206534" lon="16.8448">
      <ele>1402</ele>
      <time>2026-05-07T12:50:59Z</time>
    </trkpt>
    <trkpt lat="50.206495" lon="16.84457">
      <ele>1400</ele>
      <time>2026-05-07T12:51:12Z</time>
    </trkpt>
    <trkpt lat="50.206475" lon="16.844448">
      <ele>1399</ele>
      <time>2026-05-07T12:51:19Z</time>
    </trkpt>
    <trkpt lat="50.206439" lon="16.844272">
      <ele>1397</ele>
      <time>2026-05-07T12:51:30Z</time>
    </trkpt>
    <trkpt lat="50.206386" lon="16.844125">
      <ele>1395</ele>
      <time>2026-05-07T12:51:39Z</time>
    </trkpt>
    <trkpt lat="50.206323" lon="16.843949">
      <ele>1392</ele>
      <time>2026-05-07T12:51:51Z</time>
    </trkpt>
    <trkpt lat="50.206219" lon="16.843629">
      <ele>1385</ele>
      <time>2026-05-07T12:52:11Z</time>
    </trkpt>
    <trkpt lat="50.20612" lon="16.843219">
      <ele>1378</ele>
      <time>2026-05-07T12:52:36Z</time>
    </trkpt>
    <trkpt lat="50.206082" lon="16.843063">
      <ele>1376</ele>
      <time>2026-05-07T12:52:46Z</time>
    </trkpt>
    <trkpt lat="50.206003" lon="16.842777">
      <ele>1372</ele>
      <time>2026-05-07T12:53:04Z</time>
    </trkpt>
    <trkpt lat="50.205926" lon="16.842577">
      <ele>1369</ele>
      <time>2026-05-07T12:53:17Z</time>
    </trkpt>
    <trkpt lat="50.205769" lon="16.842164">
      <ele>1364</ele>
      <time>2026-05-07T12:53:44Z</time>
    </trkpt>
    <trkpt lat="50.205574" lon="16.841672">
      <ele>1357</ele>
      <time>2026-05-07T12:54:17Z</time>
    </trkpt>
    <trkpt lat="50.205456" lon="16.841405">
      <ele>1352</ele>
      <time>2026-05-07T12:54:35Z</time>
    </trkpt>
    <trkpt lat="50.205322" lon="16.84119">
      <ele>1349</ele>
      <time>2026-05-07T12:54:52Z</time>
    </trkpt>
    <trkpt lat="50.205223" lon="16.841022">
      <ele>1346</ele>
      <time>2026-05-07T12:55:05Z</time>
    </trkpt>
    <trkpt lat="50.205147" lon="16.840891">
      <ele>1344</ele>
      <time>2026-05-07T12:55:15Z</time>
    </trkpt>
    <trkpt lat="50.205047" lon="16.840731">
      <ele>1343</ele>
      <time>2026-05-07T12:55:27Z</time>
    </trkpt>
    <trkpt lat="50.204911" lon="16.84057">
      <ele>1340</ele>
      <time>2026-05-07T12:55:42Z</time>
    </trkpt>
    <trkpt lat="50.204824" lon="16.840481">
      <ele>1338</ele>
      <time>2026-05-07T12:55:52Z</time>
    </trkpt>
    <trkpt lat="50.20472" lon="16.840375">
      <ele>1334</ele>
      <time>2026-05-07T12:56:03Z</time>
    </trkpt>
    <trkpt lat="50.204663" lon="16.840331">
      <ele>1332</ele>
      <time>2026-05-07T12:56:09Z</time>
    </trkpt>
    <trkpt lat="50.204575" lon="16.840263">
      <ele>1329</ele>
      <time>2026-05-07T12:56:17Z</time>
    </trkpt>
    <trkpt lat="50.204549" lon="16.840243">
      <ele>1328</ele>
      <time>2026-05-07T12:56:20Z</time>
    </trkpt>
    <trkpt lat="50.204519" lon="16.840219">
      <ele>1327</ele>
      <time>2026-05-07T12:56:23Z</time>
    </trkpt>
    <trkpt lat="50.204498" lon="16.84019">
      <ele>1327</ele>
      <time>2026-05-07T12:56:26Z</time>
    </trkpt>
    <trkpt lat="50.204477" lon="16.840161">
      <ele>1326</ele>
      <time>2026-05-07T12:56:28Z</time>
    </trkpt>
    <trkpt lat="50.204461" lon="16.840125">
      <ele>1325</ele>
      <time>2026-05-07T12:56:31Z</time>
    </trkpt>
    <trkpt lat="50.204415" lon="16.840021">
      <ele>1323</ele>
      <time>2026-05-07T12:56:38Z</time>
    </trkpt>
    <trkpt lat="50.204391" lon="16.839968">
      <ele>1322</ele>
      <time>2026-05-07T12:56:42Z</time>
    </trkpt>
    <trkpt lat="50.20442" lon="16.839868">
      <ele>1321</ele>
      <time>2026-05-07T12:56:48Z</time>
    </trkpt>
    <trkpt lat="50.204436" lon="16.839823">
      <ele>1321</ele>
      <time>2026-05-07T12:56:51Z</time>
    </trkpt>
    <trkpt lat="50.204465" lon="16.839734">
      <ele>1321</ele>
      <time>2026-05-07T12:56:56Z</time>
    </trkpt>
    <trkpt lat="50.204498" lon="16.839609">
      <ele>1319</ele>
      <time>2026-05-07T12:57:04Z</time>
    </trkpt>
    <trkpt lat="50.204513" lon="16.839532">
      <ele>1319</ele>
      <time>2026-05-07T12:57:08Z</time>
    </trkpt>
    <trkpt lat="50.204518" lon="16.839483">
      <ele>1318</ele>
      <time>2026-05-07T12:57:11Z</time>
    </trkpt>
    <trkpt lat="50.204519" lon="16.839395">
      <ele>1317</ele>
      <time>2026-05-07T12:57:16Z</time>
    </trkpt>
    <trkpt lat="50.204471" lon="16.839313">
      <ele>1315</ele>
      <time>2026-05-07T12:57:22Z</time>
    </trkpt>
    <trkpt lat="50.204439" lon="16.839291">
      <ele>1314</ele>
      <time>2026-05-07T12:57:26Z</time>
    </trkpt>
    <trkpt lat="50.204415" lon="16.839275">
      <ele>1314</ele>
      <time>2026-05-07T12:57:28Z</time>
    </trkpt>
    <trkpt lat="50.204305" lon="16.839209">
      <ele>1311</ele>
      <time>2026-05-07T12:57:38Z</time>
    </trkpt>
    <trkpt lat="50.204282" lon="16.839198">
      <ele>1310</ele>
      <time>2026-05-07T12:57:40Z</time>
    </trkpt>
    <trkpt lat="50.20418" lon="16.839153">
      <ele>1308</ele>
      <time>2026-05-07T12:57:50Z</time>
    </trkpt>
    <trkpt lat="50.204155" lon="16.839142">
      <ele>1308</ele>
      <time>2026-05-07T12:57:52Z</time>
    </trkpt>
    <trkpt lat="50.204145" lon="16.839129">
      <ele>1307</ele>
      <time>2026-05-07T12:57:53Z</time>
    </trkpt>
    <trkpt lat="50.204117" lon="16.839092">
      <ele>1307</ele>
      <time>2026-05-07T12:57:57Z</time>
    </trkpt>
    <trkpt lat="50.204092" lon="16.838995">
      <ele>1305</ele>
      <time>2026-05-07T12:58:02Z</time>
    </trkpt>
    <trkpt lat="50.204068" lon="16.838848">
      <ele>1304</ele>
      <time>2026-05-07T12:58:11Z</time>
    </trkpt>
    <trkpt lat="50.204089" lon="16.838657">
      <ele>1302</ele>
      <time>2026-05-07T12:58:23Z</time>
    </trkpt>
    <trkpt lat="50.204124" lon="16.83846">
      <ele>1300</ele>
      <time>2026-05-07T12:58:36Z</time>
    </trkpt>
    <trkpt lat="50.20414" lon="16.838273">
      <ele>1298</ele>
      <time>2026-05-07T12:58:48Z</time>
    </trkpt>
    <trkpt lat="50.204166" lon="16.838167">
      <ele>1297</ele>
      <time>2026-05-07T12:58:56Z</time>
    </trkpt>
    <trkpt lat="50.204173" lon="16.838003">
      <ele>1295</ele>
      <time>2026-05-07T12:59:06Z</time>
    </trkpt>
    <trkpt lat="50.204175" lon="16.837891">
      <ele>1294</ele>
      <time>2026-05-07T12:59:13Z</time>
    </trkpt>
    <trkpt lat="50.204217" lon="16.837701">
      <ele>1292</ele>
      <time>2026-05-07T12:59:26Z</time>
    </trkpt>
    <trkpt lat="50.204252" lon="16.837513">
      <ele>1291</ele>
      <time>2026-05-07T12:59:39Z</time>
    </trkpt>
    <trkpt lat="50.204285" lon="16.837387">
      <ele>1290</ele>
      <time>2026-05-07T12:59:47Z</time>
    </trkpt>
    <trkpt lat="50.204329" lon="16.837293">
      <ele>1290</ele>
      <time>2026-05-07T12:59:55Z</time>
    </trkpt>
    <trkpt lat="50.20451" lon="16.8372">
      <ele>1289</ele>
      <time>2026-05-07T13:00:13Z</time>
    </trkpt>
    <trkpt lat="50.204806" lon="16.837">
      <ele>1285</ele>
      <time>2026-05-07T13:00:45Z</time>
    </trkpt>
    <trkpt lat="50.205112" lon="16.836825">
      <ele>1284</ele>
      <time>2026-05-07T13:01:18Z</time>
    </trkpt>
    <trkpt lat="50.205433" lon="16.836652">
      <ele>1282</ele>
      <time>2026-05-07T13:01:51Z</time>
    </trkpt>
    <trkpt lat="50.205586" lon="16.836534">
      <ele>1280</ele>
      <time>2026-05-07T13:02:08Z</time>
    </trkpt>
    <trkpt lat="50.205718" lon="16.836482">
      <ele>1279</ele>
      <time>2026-05-07T13:02:22Z</time>
    </trkpt>
    <trkpt lat="50.205869" lon="16.836344">
      <ele>1277</ele>
      <time>2026-05-07T13:02:39Z</time>
    </trkpt>
    <trkpt lat="50.205986" lon="16.836172">
      <ele>1275</ele>
      <time>2026-05-07T13:02:55Z</time>
    </trkpt>
    <trkpt lat="50.206139" lon="16.835931">
      <ele>1271</ele>
      <time>2026-05-07T13:03:17Z</time>
    </trkpt>
    <trkpt lat="50.206283" lon="16.835767">
      <ele>1268</ele>
      <time>2026-05-07T13:03:35Z</time>
    </trkpt>
    <trkpt lat="50.206451" lon="16.835614">
      <ele>1265</ele>
      <time>2026-05-07T13:03:54Z</time>
    </trkpt>
    <trkpt lat="50.20669" lon="16.835327">
      <ele>1260</ele>
      <time>2026-05-07T13:04:24Z</time>
    </trkpt>
    <trkpt lat="50.206989" lon="16.834952">
      <ele>1254</ele>
      <time>2026-05-07T13:05:02Z</time>
    </trkpt>
    <trkpt lat="50.207109" lon="16.834756">
      <ele>1251</ele>
      <time>2026-05-07T13:05:20Z</time>
    </trkpt>
    <trkpt lat="50.207203" lon="16.834582">
      <ele>1248</ele>
      <time>2026-05-07T13:05:35Z</time>
    </trkpt>
    <trkpt lat="50.207282" lon="16.834464">
      <ele>1245</ele>
      <time>2026-05-07T13:05:46Z</time>
    </trkpt>
    <trkpt lat="50.207376" lon="16.834314">
      <ele>1242</ele>
      <time>2026-05-07T13:05:59Z</time>
    </trkpt>
    <trkpt lat="50.207461" lon="16.834045">
      <ele>1238</ele>
      <time>2026-05-07T13:06:18Z</time>
    </trkpt>
    <trkpt lat="50.207572" lon="16.833638">
      <ele>1232</ele>
      <time>2026-05-07T13:06:47Z</time>
    </trkpt>
    <trkpt lat="50.207672" lon="16.83336">
      <ele>1227</ele>
      <time>2026-05-07T13:07:08Z</time>
    </trkpt>
    <trkpt lat="50.207697" lon="16.833289">
      <ele>1226</ele>
      <time>2026-05-07T13:07:13Z</time>
    </trkpt>
    <trkpt lat="50.207842" lon="16.832955">
      <ele>1222</ele>
      <time>2026-05-07T13:07:39Z</time>
    </trkpt>
    <trkpt lat="50.207902" lon="16.83274">
      <ele>1219</ele>
      <time>2026-05-07T13:07:54Z</time>
    </trkpt>
    <trkpt lat="50.207928" lon="16.832605">
      <ele>1218</ele>
      <time>2026-05-07T13:08:03Z</time>
    </trkpt>
    <trkpt lat="50.20793" lon="16.832595">
      <ele>1217</ele>
      <time>2026-05-07T13:08:03Z</time>
    </trkpt>
    <trkpt lat="50.20793" lon="16.832583">
      <ele>1217</ele>
      <time>2026-05-07T13:08:04Z</time>
    </trkpt>
    <trkpt lat="50.207936" lon="16.832474">
      <ele>1216</ele>
      <time>2026-05-07T13:08:11Z</time>
    </trkpt>
    <trkpt lat="50.208084" lon="16.832422">
      <ele>1216</ele>
      <time>2026-05-07T13:08:32Z</time>
    </trkpt>
    <trkpt lat="50.208219" lon="16.832291">
      <ele>1215</ele>
      <time>2026-05-07T13:08:54Z</time>
    </trkpt>
    <trkpt lat="50.208328" lon="16.832191">
      <ele>1213</ele>
      <time>2026-05-07T13:09:11Z</time>
    </trkpt>
    <trkpt lat="50.208355" lon="16.832275">
      <ele>1215</ele>
      <time>2026-05-07T13:09:18Z</time>
    </trkpt>
    <trkpt lat="50.208398" lon="16.83238">
      <ele>1216</ele>
      <time>2026-05-07T13:09:26Z</time>
    </trkpt>
    <trkpt lat="50.208525" lon="16.832586">
      <ele>1219</ele>
      <time>2026-05-07T13:09:46Z</time>
    </trkpt>
    <trkpt lat="50.208607" lon="16.832687">
      <ele>1221</ele>
      <time>2026-05-07T13:09:58Z</time>
    </trkpt>
    <trkpt lat="50.208706" lon="16.832747">
      <ele>1222</ele>
      <time>2026-05-07T13:10:09Z</time>
    </trkpt>
    <trkpt lat="50.208964" lon="16.83288">
      <ele>1223</ele>
      <time>2026-05-07T13:10:38Z</time>
    </trkpt>
    <trkpt lat="50.209174" lon="16.832957">
      <ele>1224</ele>
      <time>2026-05-07T13:11:01Z</time>
    </trkpt>
    <trkpt lat="50.209305" lon="16.833055">
      <ele>1226</ele>
      <time>2026-05-07T13:11:17Z</time>
    </trkpt>
    <trkpt lat="50.209409" lon="16.833161">
      <ele>1227</ele>
      <time>2026-05-07T13:11:31Z</time>
    </trkpt>
    <trkpt lat="50.209534" lon="16.833261">
      <ele>1228</ele>
      <time>2026-05-07T13:11:46Z</time>
    </trkpt>
    <trkpt lat="50.209702" lon="16.833344">
      <ele>1227</ele>
      <time>2026-05-07T13:12:05Z</time>
    </trkpt>
    <trkpt lat="50.209861" lon="16.833408">
      <ele>1227</ele>
      <time>2026-05-07T13:12:22Z</time>
    </trkpt>
    <trkpt lat="50.210073" lon="16.833511">
      <ele>1226</ele>
      <time>2026-05-07T13:12:46Z</time>
    </trkpt>
    <trkpt lat="50.210224" lon="16.833642">
      <ele>1226</ele>
      <time>2026-05-07T13:13:05Z</time>
    </trkpt>
    <trkpt lat="50.210427" lon="16.833784">
      <ele>1224</ele>
      <time>2026-05-07T13:13:29Z</time>
    </trkpt>
    <trkpt lat="50.210599" lon="16.83396">
      <ele>1223</ele>
      <time>2026-05-07T13:13:51Z</time>
    </trkpt>
    <trkpt lat="50.210824" lon="16.834263">
      <ele>1221</ele>
      <time>2026-05-07T13:14:23Z</time>
    </trkpt>
    <trkpt lat="50.211052" lon="16.834743">
      <ele>1220</ele>
      <time>2026-05-07T13:15:04Z</time>
    </trkpt>
    <trkpt lat="50.211126" lon="16.835085">
      <ele>1220</ele>
      <time>2026-05-07T13:15:29Z</time>
    </trkpt>
    <trkpt lat="50.211414" lon="16.836338">
      <ele>1214</ele>
      <time>2026-05-07T13:17:00Z</time>
    </trkpt>
    <trkpt lat="50.211498" lon="16.837063">
      <ele>1211</ele>
      <time>2026-05-07T13:17:51Z</time>
    </trkpt>
    <trkpt lat="50.211538" lon="16.837231">
      <ele>1209</ele>
      <time>2026-05-07T13:18:04Z</time>
    </trkpt>
    <trkpt lat="50.211584" lon="16.83763">
      <ele>1207</ele>
      <time>2026-05-07T13:18:32Z</time>
    </trkpt>
    <trkpt lat="50.211715" lon="16.838347">
      <ele>1200</ele>
      <time>2026-05-07T13:19:23Z</time>
    </trkpt>
    <trkpt lat="50.211812" lon="16.83883">
      <ele>1193</ele>
      <time>2026-05-07T13:19:59Z</time>
    </trkpt>
    <trkpt lat="50.211822" lon="16.838991">
      <ele>1193</ele>
      <time>2026-05-07T13:20:10Z</time>
    </trkpt>
    <trkpt lat="50.211822" lon="16.839241">
      <ele>1194</ele>
      <time>2026-05-07T13:20:27Z</time>
    </trkpt>
    <trkpt lat="50.211841" lon="16.839517">
      <ele>1195</ele>
      <time>2026-05-07T13:20:46Z</time>
    </trkpt>
    <trkpt lat="50.211845" lon="16.839718">
      <ele>1196</ele>
      <time>2026-05-07T13:21:00Z</time>
    </trkpt>
    <trkpt lat="50.211907" lon="16.839911">
      <ele>1195</ele>
      <time>2026-05-07T13:21:15Z</time>
    </trkpt>
    <trkpt lat="50.211944" lon="16.840118">
      <ele>1196</ele>
      <time>2026-05-07T13:21:30Z</time>
    </trkpt>
    <trkpt lat="50.211971" lon="16.840422">
      <ele>1198</ele>
      <time>2026-05-07T13:21:51Z</time>
    </trkpt>
    <trkpt lat="50.212146" lon="16.841393">
      <ele>1198</ele>
      <time>2026-05-07T13:23:00Z</time>
    </trkpt>
    <trkpt lat="50.212286" lon="16.842038">
      <ele>1198</ele>
      <time>2026-05-07T13:23:47Z</time>
    </trkpt>
    <trkpt lat="50.212494" lon="16.842744">
      <ele>1197</ele>
      <time>2026-05-07T13:24:40Z</time>
    </trkpt>
    <trkpt lat="50.212683" lon="16.843416">
      <ele>1197</ele>
      <time>2026-05-07T13:25:31Z</time>
    </trkpt>
    <trkpt lat="50.212832" lon="16.843806">
      <ele>1196</ele>
      <time>2026-05-07T13:26:02Z</time>
    </trkpt>
    <trkpt lat="50.212974" lon="16.84423">
      <ele>1198</ele>
      <time>2026-05-07T13:26:35Z</time>
    </trkpt>
    <trkpt lat="50.213135" lon="16.844653">
      <ele>1199</ele>
      <time>2026-05-07T13:27:09Z</time>
    </trkpt>
    <trkpt lat="50.213261" lon="16.844898">
      <ele>1199</ele>
      <time>2026-05-07T13:27:31Z</time>
    </trkpt>
    <trkpt lat="50.213469" lon="16.845126">
      <ele>1198</ele>
      <time>2026-05-07T13:27:58Z</time>
    </trkpt>
    <trkpt lat="50.213601" lon="16.845265">
      <ele>1198</ele>
      <time>2026-05-07T13:28:15Z</time>
    </trkpt>
    <trkpt lat="50.214318" lon="16.846072">
      <ele>1197</ele>
      <time>2026-05-07T13:29:50Z</time>
    </trkpt>
    <trkpt lat="50.214601" lon="16.846402">
      <ele>1197</ele>
      <time>2026-05-07T13:30:28Z</time>
    </trkpt>
    <trkpt lat="50.214771" lon="16.846649">
      <ele>1198</ele>
      <time>2026-05-07T13:30:53Z</time>
    </trkpt>
    <trkpt lat="50.214951" lon="16.846864">
      <ele>1197</ele>
      <time>2026-05-07T13:31:17Z</time>
    </trkpt>
    <trkpt lat="50.21526" lon="16.847177">
      <ele>1198</ele>
      <time>2026-05-07T13:31:57Z</time>
    </trkpt>
    <trkpt lat="50.215486" lon="16.847397">
      <ele>1196</ele>
      <time>2026-05-07T13:32:26Z</time>
    </trkpt>
    <trkpt lat="50.216145" lon="16.848206">
      <ele>1196</ele>
      <time>2026-05-07T13:33:56Z</time>
    </trkpt>
    <trkpt lat="50.216658" lon="16.848883">
      <ele>1193</ele>
      <time>2026-05-07T13:35:08Z</time>
    </trkpt>
    <trkpt lat="50.216878" lon="16.849156">
      <ele>1192</ele>
      <time>2026-05-07T13:35:38Z</time>
    </trkpt>
    <trkpt lat="50.217127" lon="16.849405">
      <ele>1192</ele>
      <time>2026-05-07T13:36:10Z</time>
    </trkpt>
    <trkpt lat="50.217397" lon="16.849589">
      <ele>1191</ele>
      <time>2026-05-07T13:36:41Z</time>
    </trkpt>
    <trkpt lat="50.217584" lon="16.849726">
      <ele>1191</ele>
      <time>2026-05-07T13:37:04Z</time>
    </trkpt>
    <trkpt lat="50.217725" lon="16.84983">
      <ele>1190</ele>
      <time>2026-05-07T13:37:20Z</time>
    </trkpt>
    <trkpt lat="50.217922" lon="16.850083">
      <ele>1192</ele>
      <time>2026-05-07T13:37:48Z</time>
    </trkpt>
    <trkpt lat="50.218036" lon="16.850224">
      <ele>1194</ele>
      <time>2026-05-07T13:38:04Z</time>
    </trkpt>
    <trkpt lat="50.218209" lon="16.850509">
      <ele>1199</ele>
      <time>2026-05-07T13:38:31Z</time>
    </trkpt>
    <trkpt lat="50.218515" lon="16.851116">
      <ele>1206</ele>
      <time>2026-05-07T13:39:25Z</time>
    </trkpt>
    <trkpt lat="50.218707" lon="16.851619">
      <ele>1210</ele>
      <time>2026-05-07T13:40:05Z</time>
    </trkpt>
    <trkpt lat="50.218848" lon="16.851879">
      <ele>1211</ele>
      <time>2026-05-07T13:40:29Z</time>
    </trkpt>
    <trkpt lat="50.218961" lon="16.852086">
      <ele>1212</ele>
      <time>2026-05-07T13:40:47Z</time>
    </trkpt>
    <trkpt lat="50.219005" lon="16.852215">
      <ele>1213</ele>
      <time>2026-05-07T13:40:57Z</time>
    </trkpt>
    <trkpt lat="50.219038" lon="16.852396">
      <ele>1213</ele>
      <time>2026-05-07T13:41:10Z</time>
    </trkpt>
    <trkpt lat="50.219061" lon="16.852591">
      <ele>1214</ele>
      <time>2026-05-07T13:41:24Z</time>
    </trkpt>
    <trkpt lat="50.219089" lon="16.852765">
      <ele>1216</ele>
      <time>2026-05-07T13:41:37Z</time>
    </trkpt>
    <trkpt lat="50.219072" lon="16.852939">
      <ele>1216</ele>
      <time>2026-05-07T13:41:49Z</time>
    </trkpt>
    <trkpt lat="50.219037" lon="16.853083">
      <ele>1217</ele>
      <time>2026-05-07T13:41:59Z</time>
    </trkpt>
    <trkpt lat="50.219012" lon="16.853172">
      <ele>1217</ele>
      <time>2026-05-07T13:42:06Z</time>
    </trkpt>
    <trkpt lat="50.219" lon="16.853244">
      <ele>1217</ele>
      <time>2026-05-07T13:42:11Z</time>
    </trkpt>
    <trkpt lat="50.218992" lon="16.853299">
      <ele>1218</ele>
      <time>2026-05-07T13:42:15Z</time>
    </trkpt>
    <trkpt lat="50.218981" lon="16.853453">
      <ele>1218</ele>
      <time>2026-05-07T13:42:26Z</time>
    </trkpt>
    <trkpt lat="50.218978" lon="16.853633">
      <ele>1217</ele>
      <time>2026-05-07T13:42:38Z</time>
    </trkpt>
    <trkpt lat="50.219016" lon="16.853699">
      <ele>1216</ele>
      <time>2026-05-07T13:42:44Z</time>
    </trkpt>
    <trkpt lat="50.219098" lon="16.853894">
      <ele>1215</ele>
      <time>2026-05-07T13:43:00Z</time>
    </trkpt>
    <trkpt lat="50.219188" lon="16.854074">
      <ele>1210</ele>
      <time>2026-05-07T13:43:17Z</time>
    </trkpt>
    <trkpt lat="50.219234" lon="16.854236">
      <ele>1206</ele>
      <time>2026-05-07T13:43:29Z</time>
    </trkpt>
    <trkpt lat="50.219234" lon="16.854401">
      <ele>1202</ele>
      <time>2026-05-07T13:43:41Z</time>
    </trkpt>
    <trkpt lat="50.219145" lon="16.854723">
      <ele>1198</ele>
      <time>2026-05-07T13:44:06Z</time>
    </trkpt>
    <trkpt lat="50.219043" lon="16.854991">
      <ele>1194</ele>
      <time>2026-05-07T13:44:28Z</time>
    </trkpt>
    <trkpt lat="50.218959" lon="16.855304">
      <ele>1189</ele>
      <time>2026-05-07T13:44:51Z</time>
    </trkpt>
    <trkpt lat="50.218848" lon="16.85558">
      <ele>1185</ele>
      <time>2026-05-07T13:45:14Z</time>
    </trkpt>
    <trkpt lat="50.218779" lon="16.855734">
      <ele>1184</ele>
      <time>2026-05-07T13:45:27Z</time>
    </trkpt>
    <trkpt lat="50.218743" lon="16.855906">
      <ele>1181</ele>
      <time>2026-05-07T13:45:40Z</time>
    </trkpt>
    <trkpt lat="50.218668" lon="16.856505">
      <ele>1173</ele>
      <time>2026-05-07T13:46:23Z</time>
    </trkpt>
    <trkpt lat="50.2186" lon="16.856846">
      <ele>1168</ele>
      <time>2026-05-07T13:46:48Z</time>
    </trkpt>
    <trkpt lat="50.218523" lon="16.85712">
      <ele>1163</ele>
      <time>2026-05-07T13:47:09Z</time>
    </trkpt>
    <trkpt lat="50.218473" lon="16.857295">
      <ele>1160</ele>
      <time>2026-05-07T13:47:22Z</time>
    </trkpt>
    <trkpt lat="50.218479" lon="16.857361">
      <ele>1158</ele>
      <time>2026-05-07T13:47:27Z</time>
    </trkpt>
    <trkpt lat="50.218453" lon="16.857485">
      <ele>1156</ele>
      <time>2026-05-07T13:47:36Z</time>
    </trkpt>
    <trkpt lat="50.218523" lon="16.857614">
      <ele>1153</ele>
      <time>2026-05-07T13:47:48Z</time>
    </trkpt>
    <trkpt lat="50.218787" lon="16.857815">
      <ele>1147</ele>
      <time>2026-05-07T13:48:20Z</time>
    </trkpt>
    <trkpt lat="50.219031" lon="16.857896">
      <ele>1143</ele>
      <time>2026-05-07T13:48:47Z</time>
    </trkpt>
    <trkpt lat="50.219259" lon="16.857906">
      <ele>1141</ele>
      <time>2026-05-07T13:49:12Z</time>
    </trkpt>
    <trkpt lat="50.219408" lon="16.857883">
      <ele>1138</ele>
      <time>2026-05-07T13:49:28Z</time>
    </trkpt>
    <trkpt lat="50.219513" lon="16.857799">
      <ele>1138</ele>
      <time>2026-05-07T13:49:41Z</time>
    </trkpt>
    <trkpt lat="50.219609" lon="16.857777">
      <ele>1137</ele>
      <time>2026-05-07T13:49:52Z</time>
    </trkpt>
    <trkpt lat="50.219746" lon="16.857818">
      <ele>1134</ele>
      <time>2026-05-07T13:50:07Z</time>
    </trkpt>
    <trkpt lat="50.219927" lon="16.857979">
      <ele>1126</ele>
      <time>2026-05-07T13:50:30Z</time>
    </trkpt>
    <trkpt lat="50.220206" lon="16.858163">
      <ele>1117</ele>
      <time>2026-05-07T13:51:04Z</time>
    </trkpt>
    <trkpt lat="50.22043" lon="16.858309">
      <ele>1111</ele>
      <time>2026-05-07T13:51:31Z</time>
    </trkpt>
    <trkpt lat="50.22055" lon="16.858405">
      <ele>1108</ele>
      <time>2026-05-07T13:51:46Z</time>
    </trkpt>
    <trkpt lat="50.220732" lon="16.85848">
      <ele>1105</ele>
      <time>2026-05-07T13:52:06Z</time>
    </trkpt>
    <trkpt lat="50.220869" lon="16.85852">
      <ele>1103</ele>
      <time>2026-05-07T13:52:21Z</time>
    </trkpt>
    <trkpt lat="50.221133" lon="16.858631">
      <ele>1096</ele>
      <time>2026-05-07T13:52:51Z</time>
    </trkpt>
    <trkpt lat="50.221345" lon="16.85875">
      <ele>1088</ele>
      <time>2026-05-07T13:53:17Z</time>
    </trkpt>
    <trkpt lat="50.221507" lon="16.858816">
      <ele>1084</ele>
      <time>2026-05-07T13:53:35Z</time>
    </trkpt>
    <trkpt lat="50.221918" lon="16.859073">
      <ele>1073</ele>
      <time>2026-05-07T13:54:24Z</time>
    </trkpt>
    <trkpt lat="50.222201" lon="16.859328">
      <ele>1067</ele>
      <time>2026-05-07T13:54:59Z</time>
    </trkpt>
    <trkpt lat="50.222348" lon="16.859497">
      <ele>1064</ele>
      <time>2026-05-07T13:55:19Z</time>
    </trkpt>
    <trkpt lat="50.222466" lon="16.859681">
      <ele>1059</ele>
      <time>2026-05-07T13:55:38Z</time>
    </trkpt>
    <trkpt lat="50.222661" lon="16.859958">
      <ele>1051</ele>
      <time>2026-05-07T13:56:07Z</time>
    </trkpt>
    <trkpt lat="50.222798" lon="16.860127">
      <ele>1046</ele>
      <time>2026-05-07T13:56:26Z</time>
    </trkpt>
    <trkpt lat="50.222983" lon="16.860307">
      <ele>1043</ele>
      <time>2026-05-07T13:56:50Z</time>
    </trkpt>
    <trkpt lat="50.223109" lon="16.860458">
      <ele>1040</ele>
      <time>2026-05-07T13:57:07Z</time>
    </trkpt>
    <trkpt lat="50.223381" lon="16.86081">
      <ele>1030</ele>
      <time>2026-05-07T13:57:46Z</time>
    </trkpt>
    <trkpt lat="50.223765" lon="16.861083">
      <ele>1022</ele>
      <time>2026-05-07T13:58:33Z</time>
    </trkpt>
    <trkpt lat="50.223996" lon="16.861222">
      <ele>1017</ele>
      <time>2026-05-07T13:59:00Z</time>
    </trkpt>
    <trkpt lat="50.224216" lon="16.861417">
      <ele>1011</ele>
      <time>2026-05-07T13:59:27Z</time>
    </trkpt>
    <trkpt lat="50.224269" lon="16.861533">
      <ele>1009</ele>
      <time>2026-05-07T13:59:37Z</time>
    </trkpt>
    <trkpt lat="50.224372" lon="16.8619">
      <ele>1002</ele>
      <time>2026-05-07T14:00:06Z</time>
    </trkpt>
    <trkpt lat="50.224531" lon="16.862353">
      <ele>993</ele>
      <time>2026-05-07T14:00:42Z</time>
    </trkpt>
    <trkpt lat="50.224643" lon="16.862656">
      <ele>986</ele>
      <time>2026-05-07T14:01:07Z</time>
    </trkpt>
    <trkpt lat="50.224689" lon="16.862892">
      <ele>981</ele>
      <time>2026-05-07T14:01:25Z</time>
    </trkpt>
    <trkpt lat="50.224723" lon="16.863083">
      <ele>977</ele>
      <time>2026-05-07T14:01:39Z</time>
    </trkpt>
    <trkpt lat="50.224825" lon="16.863373">
      <ele>971</ele>
      <time>2026-05-07T14:02:03Z</time>
    </trkpt>
    <trkpt lat="50.224883" lon="16.863643">
      <ele>966</ele>
      <time>2026-05-07T14:02:23Z</time>
    </trkpt>
    <trkpt lat="50.225201" lon="16.864011">
      <ele>962</ele>
      <time>2026-05-07T14:03:05Z</time>
    </trkpt>
    <trkpt lat="50.2253" lon="16.86404">
      <ele>963</ele>
      <time>2026-05-07T14:03:16Z</time>
    </trkpt>
    <trkpt lat="50.225374" lon="16.864024">
      <ele>962</ele>
      <time>2026-05-07T14:03:24Z</time>
    </trkpt>
    <trkpt lat="50.225453" lon="16.863973">
      <ele>962</ele>
      <time>2026-05-07T14:03:34Z</time>
    </trkpt>
    <trkpt lat="50.22558" lon="16.863826">
      <ele>961</ele>
      <time>2026-05-07T14:03:50Z</time>
    </trkpt>
    <trkpt lat="50.225822" lon="16.863456">
      <ele>962</ele>
      <time>2026-05-07T14:04:27Z</time>
    </trkpt>
    <trkpt lat="50.226101" lon="16.863102">
      <ele>962</ele>
      <time>2026-05-07T14:05:05Z</time>
    </trkpt>
    <trkpt lat="50.226264" lon="16.862903">
      <ele>959</ele>
      <time>2026-05-07T14:05:28Z</time>
    </trkpt>
    <trkpt lat="50.226601" lon="16.862643">
      <ele>951</ele>
      <time>2026-05-07T14:06:09Z</time>
    </trkpt>
    <trkpt lat="50.226779" lon="16.862466">
      <ele>945</ele>
      <time>2026-05-07T14:06:32Z</time>
    </trkpt>
    <trkpt lat="50.226875" lon="16.862327">
      <ele>943</ele>
      <time>2026-05-07T14:06:47Z</time>
    </trkpt>
    <trkpt lat="50.226958" lon="16.862107">
      <ele>940</ele>
      <time>2026-05-07T14:07:04Z</time>
    </trkpt>
    <trkpt lat="50.227009" lon="16.861871">
      <ele>939</ele>
      <time>2026-05-07T14:07:22Z</time>
    </trkpt>
    <trkpt lat="50.227049" lon="16.861769">
      <ele>938</ele>
      <time>2026-05-07T14:07:30Z</time>
    </trkpt>
    <trkpt lat="50.227105" lon="16.861707">
      <ele>937</ele>
      <time>2026-05-07T14:07:37Z</time>
    </trkpt>
    <trkpt lat="50.227153" lon="16.861728">
      <ele>936</ele>
      <time>2026-05-07T14:07:43Z</time>
    </trkpt>
    <trkpt lat="50.2272" lon="16.861779">
      <ele>936</ele>
      <time>2026-05-07T14:07:49Z</time>
    </trkpt>
    <trkpt lat="50.227242" lon="16.861924">
      <ele>936</ele>
      <time>2026-05-07T14:08:00Z</time>
    </trkpt>
    <trkpt lat="50.227263" lon="16.86208">
      <ele>936</ele>
      <time>2026-05-07T14:08:11Z</time>
    </trkpt>
    <trkpt lat="50.227271" lon="16.862313">
      <ele>936</ele>
      <time>2026-05-07T14:08:27Z</time>
    </trkpt>
    <trkpt lat="50.227352" lon="16.862517">
      <ele>935</ele>
      <time>2026-05-07T14:08:43Z</time>
    </trkpt>
    <trkpt lat="50.227509" lon="16.862721">
      <ele>933</ele>
      <time>2026-05-07T14:09:05Z</time>
    </trkpt>
    <trkpt lat="50.227807" lon="16.863112">
      <ele>927</ele>
      <time>2026-05-07T14:09:48Z</time>
    </trkpt>
    <trkpt lat="50.227997" lon="16.863507">
      <ele>922</ele>
      <time>2026-05-07T14:10:22Z</time>
    </trkpt>
    <trkpt lat="50.228236" lon="16.863745">
      <ele>917</ele>
      <time>2026-05-07T14:10:53Z</time>
    </trkpt>
    <trkpt lat="50.228505" lon="16.86406">
      <ele>913</ele>
      <time>2026-05-07T14:11:29Z</time>
    </trkpt>
    <trkpt lat="50.228852" lon="16.864451">
      <ele>905</ele>
      <time>2026-05-07T14:12:16Z</time>
    </trkpt>
    <trkpt lat="50.229023" lon="16.864617">
      <ele>902</ele>
      <time>2026-05-07T14:12:37Z</time>
    </trkpt>
    <trkpt lat="50.229212" lon="16.864687">
      <ele>900</ele>
      <time>2026-05-07T14:12:58Z</time>
    </trkpt>
    <trkpt lat="50.229387" lon="16.86473">
      <ele>898</ele>
      <time>2026-05-07T14:13:18Z</time>
    </trkpt>
    <trkpt lat="50.229542" lon="16.864775">
      <ele>898</ele>
      <time>2026-05-07T14:13:34Z</time>
    </trkpt>
    <trkpt lat="50.229878" lon="16.864818">
      <ele>896</ele>
      <time>2026-05-07T14:14:11Z</time>
    </trkpt>
    <trkpt lat="50.230009" lon="16.8648">
      <ele>895</ele>
      <time>2026-05-07T14:14:25Z</time>
    </trkpt>
    <trkpt lat="50.230542" lon="16.86459">
      <ele>885</ele>
      <time>2026-05-07T14:15:25Z</time>
    </trkpt>
    <trkpt lat="50.230872" lon="16.864402">
      <ele>881</ele>
      <time>2026-05-07T14:16:03Z</time>
    </trkpt>
    <trkpt lat="50.231206" lon="16.864239">
      <ele>877</ele>
      <time>2026-05-07T14:16:40Z</time>
    </trkpt>
    <trkpt lat="50.23133" lon="16.864137">
      <ele>876</ele>
      <time>2026-05-07T14:16:56Z</time>
    </trkpt>
    <trkpt lat="50.231572" lon="16.86377">
      <ele>870</ele>
      <time>2026-05-07T14:17:32Z</time>
    </trkpt>
    <trkpt lat="50.231735" lon="16.863584">
      <ele>868</ele>
      <time>2026-05-07T14:17:54Z</time>
    </trkpt>
    <trkpt lat="50.231892" lon="16.863483">
      <ele>867</ele>
      <time>2026-05-07T14:18:12Z</time>
    </trkpt>
    <trkpt lat="50.232009" lon="16.863418">
      <ele>866</ele>
      <time>2026-05-07T14:18:26Z</time>
    </trkpt>
    <trkpt lat="50.232423" lon="16.863301">
      <ele>863</ele>
      <time>2026-05-07T14:19:11Z</time>
    </trkpt>
    <trkpt lat="50.232534" lon="16.863453">
      <ele>864</ele>
      <time>2026-05-07T14:19:26Z</time>
    </trkpt>
    <trkpt lat="50.232701" lon="16.863598">
      <ele>864</ele>
      <time>2026-05-07T14:19:46Z</time>
    </trkpt>
    <trkpt lat="50.232853" lon="16.863697">
      <ele>864</ele>
      <time>2026-05-07T14:20:02Z</time>
    </trkpt>
    <trkpt lat="50.233138" lon="16.863831">
      <ele>862</ele>
      <time>2026-05-07T14:20:33Z</time>
    </trkpt>
    <trkpt lat="50.233409" lon="16.863939">
      <ele>859</ele>
      <time>2026-05-07T14:21:02Z</time>
    </trkpt>
    <trkpt lat="50.233533" lon="16.864019">
      <ele>857</ele>
      <time>2026-05-07T14:21:15Z</time>
    </trkpt>
    <trkpt lat="50.23366" lon="16.86415">
      <ele>856</ele>
      <time>2026-05-07T14:21:31Z</time>
    </trkpt>
    <trkpt lat="50.233804" lon="16.864328">
      <ele>856</ele>
      <time>2026-05-07T14:21:50Z</time>
    </trkpt>
    <trkpt lat="50.233902" lon="16.864515">
      <ele>856</ele>
      <time>2026-05-07T14:22:05Z</time>
    </trkpt>
    <trkpt lat="50.233967" lon="16.864735">
      <ele>856</ele>
      <time>2026-05-07T14:22:21Z</time>
    </trkpt>
    <trkpt lat="50.234029" lon="16.865135">
      <ele>859</ele>
      <time>2026-05-07T14:22:48Z</time>
    </trkpt>
    <trkpt lat="50.234044" lon="16.865331">
      <ele>860</ele>
      <time>2026-05-07T14:23:01Z</time>
    </trkpt>
    <trkpt lat="50.23409" lon="16.865537">
      <ele>861</ele>
      <time>2026-05-07T14:23:15Z</time>
    </trkpt>
    <trkpt lat="50.234197" lon="16.865888">
      <ele>855</ele>
      <time>2026-05-07T14:23:41Z</time>
    </trkpt>
    <trkpt lat="50.234312" lon="16.866269">
      <ele>850</ele>
      <time>2026-05-07T14:24:09Z</time>
    </trkpt>
    <trkpt lat="50.234475" lon="16.866594">
      <ele>846</ele>
      <time>2026-05-07T14:24:36Z</time>
    </trkpt>
    <trkpt lat="50.234595" lon="16.866843">
      <ele>848</ele>
      <time>2026-05-07T14:24:57Z</time>
    </trkpt>
    <trkpt lat="50.234667" lon="16.867071">
      <ele>849</ele>
      <time>2026-05-07T14:25:13Z</time>
    </trkpt>
    <trkpt lat="50.234708" lon="16.867227">
      <ele>850</ele>
      <time>2026-05-07T14:25:25Z</time>
    </trkpt>
    <trkpt lat="50.234732" lon="16.867388">
      <ele>849</ele>
      <time>2026-05-07T14:25:35Z</time>
    </trkpt>
    <trkpt lat="50.234654" lon="16.867581">
      <ele>850</ele>
      <time>2026-05-07T14:25:50Z</time>
    </trkpt>
    <trkpt lat="50.234284" lon="16.868185">
      <ele>855</ele>
      <time>2026-05-07T14:26:45Z</time>
    </trkpt>
    <trkpt lat="50.233941" lon="16.868662">
      <ele>852</ele>
      <time>2026-05-07T14:27:32Z</time>
    </trkpt>
    <trkpt lat="50.233657" lon="16.868927">
      <ele>847</ele>
      <time>2026-05-07T14:28:06Z</time>
    </trkpt>
    <trkpt lat="50.233334" lon="16.869215">
      <ele>840</ele>
      <time>2026-05-07T14:28:45Z</time>
    </trkpt>
    <trkpt lat="50.233158" lon="16.869303">
      <ele>836</ele>
      <time>2026-05-07T14:29:04Z</time>
    </trkpt>
    <trkpt lat="50.232957" lon="16.869321">
      <ele>832</ele>
      <time>2026-05-07T14:29:25Z</time>
    </trkpt>
    <trkpt lat="50.232596" lon="16.869244">
      <ele>828</ele>
      <time>2026-05-07T14:30:02Z</time>
    </trkpt>
    <trkpt lat="50.23226" lon="16.869215">
      <ele>827</ele>
      <time>2026-05-07T14:30:36Z</time>
    </trkpt>
    <trkpt lat="50.231946" lon="16.869262">
      <ele>825</ele>
      <time>2026-05-07T14:31:09Z</time>
    </trkpt>
    <trkpt lat="50.231648" lon="16.869315">
      <ele>820</ele>
      <time>2026-05-07T14:31:40Z</time>
    </trkpt>
    <trkpt lat="50.23146" lon="16.869252">
      <ele>820</ele>
      <time>2026-05-07T14:31:59Z</time>
    </trkpt>
    <trkpt lat="50.231037" lon="16.869029">
      <ele>817</ele>
      <time>2026-05-07T14:32:45Z</time>
    </trkpt>
    <trkpt lat="50.230894" lon="16.86896">
      <ele>817</ele>
      <time>2026-05-07T14:33:00Z</time>
    </trkpt>
    <trkpt lat="50.230511" lon="16.869013">
      <ele>806</ele>
      <time>2026-05-07T14:33:41Z</time>
    </trkpt>
    <trkpt lat="50.230297" lon="16.869037">
      <ele>804</ele>
      <time>2026-05-07T14:34:03Z</time>
    </trkpt>
    <trkpt lat="50.230118" lon="16.869099">
      <ele>803</ele>
      <time>2026-05-07T14:34:21Z</time>
    </trkpt>
    <trkpt lat="50.229823" lon="16.86926">
      <ele>801</ele>
      <time>2026-05-07T14:34:53Z</time>
    </trkpt>
    <trkpt lat="50.229578" lon="16.869483">
      <ele>798</ele>
      <time>2026-05-07T14:35:22Z</time>
    </trkpt>
    <trkpt lat="50.229417" lon="16.869673">
      <ele>799</ele>
      <time>2026-05-07T14:35:43Z</time>
    </trkpt>
    <trkpt lat="50.229285" lon="16.869783">
      <ele>800</ele>
      <time>2026-05-07T14:35:58Z</time>
    </trkpt>
    <trkpt lat="50.22923" lon="16.869898">
      <ele>799</ele>
      <time>2026-05-07T14:36:08Z</time>
    </trkpt>
    <trkpt lat="50.229245" lon="16.87003">
      <ele>798</ele>
      <time>2026-05-07T14:36:16Z</time>
    </trkpt>
    <trkpt lat="50.229307" lon="16.870134">
      <ele>797</ele>
      <time>2026-05-07T14:36:26Z</time>
    </trkpt>
    <trkpt lat="50.229406" lon="16.870255">
      <ele>796</ele>
      <time>2026-05-07T14:36:39Z</time>
    </trkpt>
    <trkpt lat="50.2296" lon="16.870401">
      <ele>792</ele>
      <time>2026-05-07T14:37:01Z</time>
    </trkpt>
    <trkpt lat="50.22988" lon="16.870606">
      <ele>786</ele>
      <time>2026-05-07T14:37:33Z</time>
    </trkpt>
    <trkpt lat="50.230055" lon="16.870824">
      <ele>783</ele>
      <time>2026-05-07T14:37:56Z</time>
    </trkpt>
    <trkpt lat="50.230238" lon="16.871108">
      <ele>780</ele>
      <time>2026-05-07T14:38:22Z</time>
    </trkpt>
    <trkpt lat="50.23048" lon="16.871607">
      <ele>781</ele>
      <time>2026-05-07T14:39:03Z</time>
    </trkpt>
    <trkpt lat="50.230726" lon="16.872156">
      <ele>779</ele>
      <time>2026-05-07T14:39:47Z</time>
    </trkpt>
    <trkpt lat="50.23076" lon="16.872441">
      <ele>778</ele>
      <time>2026-05-07T14:40:06Z</time>
    </trkpt>
    <trkpt lat="50.230757" lon="16.872709">
      <ele>779</ele>
      <time>2026-05-07T14:40:24Z</time>
    </trkpt>
    <trkpt lat="50.230734" lon="16.873404">
      <ele>775</ele>
      <time>2026-05-07T14:41:09Z</time>
    </trkpt>
    <trkpt lat="50.230729" lon="16.873908">
      <ele>771</ele>
      <time>2026-05-07T14:41:42Z</time>
    </trkpt>
    <trkpt lat="50.230753" lon="16.874404">
      <ele>768</ele>
      <time>2026-05-07T14:42:15Z</time>
    </trkpt>
    <trkpt lat="50.230817" lon="16.874895">
      <ele>768</ele>
      <time>2026-05-07T14:42:48Z</time>
    </trkpt>
    <trkpt lat="50.230839" lon="16.875418">
      <ele>766</ele>
      <time>2026-05-07T14:43:22Z</time>
    </trkpt>
    <trkpt lat="50.230799" lon="16.876005">
      <ele>763</ele>
      <time>2026-05-07T14:44:00Z</time>
    </trkpt>
    <trkpt lat="50.23072" lon="16.87648">
      <ele>757</ele>
      <time>2026-05-07T14:44:33Z</time>
    </trkpt>
    <trkpt lat="50.230573" lon="16.8768">
      <ele>753</ele>
      <time>2026-05-07T14:44:59Z</time>
    </trkpt>
    <trkpt lat="50.230499" lon="16.876953">
      <ele>753</ele>
      <time>2026-05-07T14:45:11Z</time>
    </trkpt>
    <trkpt lat="50.230487" lon="16.877114">
      <ele>751</ele>
      <time>2026-05-07T14:45:22Z</time>
    </trkpt>
    <trkpt lat="50.230552" lon="16.877414">
      <ele>749</ele>
      <time>2026-05-07T14:45:43Z</time>
    </trkpt>
    <trkpt lat="50.230714" lon="16.878085">
      <ele>749</ele>
      <time>2026-05-07T14:46:30Z</time>
    </trkpt>
    <trkpt lat="50.230941" lon="16.878866">
      <ele>746</ele>
      <time>2026-05-07T14:47:26Z</time>
    </trkpt>
    <trkpt lat="50.231016" lon="16.879375">
      <ele>742</ele>
      <time>2026-05-07T14:48:00Z</time>
    </trkpt>
    <trkpt lat="50.23106" lon="16.879831">
      <ele>742</ele>
      <time>2026-05-07T14:48:30Z</time>
    </trkpt>
    <trkpt lat="50.231108" lon="16.880193">
      <ele>740</ele>
      <time>2026-05-07T14:48:54Z</time>
    </trkpt>
    <trkpt lat="50.231148" lon="16.880576">
      <ele>734</ele>
      <time>2026-05-07T14:49:20Z</time>
    </trkpt>
    <trkpt lat="50.23118" lon="16.881118">
      <ele>726</ele>
      <time>2026-05-07T14:49:56Z</time>
    </trkpt>
    <trkpt lat="50.231192" lon="16.881499">
      <ele>724</ele>
      <time>2026-05-07T14:50:21Z</time>
    </trkpt>
    <trkpt lat="50.231153" lon="16.881714">
      <ele>723</ele>
      <time>2026-05-07T14:50:36Z</time>
    </trkpt>
    <trkpt lat="50.231088" lon="16.881845">
      <ele>723</ele>
      <time>2026-05-07T14:50:47Z</time>
    </trkpt>
    <trkpt lat="50.231009" lon="16.881912">
      <ele>724</ele>
      <time>2026-05-07T14:50:56Z</time>
    </trkpt>
    <trkpt lat="50.230889" lon="16.881944">
      <ele>726</ele>
      <time>2026-05-07T14:51:09Z</time>
    </trkpt>
    <trkpt lat="50.230592" lon="16.881934">
      <ele>730</ele>
      <time>2026-05-07T14:51:39Z</time>
    </trkpt>
    <trkpt lat="50.23035" lon="16.881987">
      <ele>728</ele>
      <time>2026-05-07T14:52:04Z</time>
    </trkpt>
    <trkpt lat="50.229971" lon="16.882094">
      <ele>725</ele>
      <time>2026-05-07T14:52:44Z</time>
    </trkpt>
    <trkpt lat="50.229696" lon="16.882149">
      <ele>723</ele>
      <time>2026-05-07T14:53:12Z</time>
    </trkpt>
    <trkpt lat="50.229285" lon="16.88218">
      <ele>717</ele>
      <time>2026-05-07T14:53:54Z</time>
    </trkpt>
    <trkpt lat="50.228981" lon="16.882245">
      <ele>714</ele>
      <time>2026-05-07T14:54:26Z</time>
    </trkpt>
    <trkpt lat="50.228507" lon="16.8824">
      <ele>707</ele>
      <time>2026-05-07T14:55:15Z</time>
    </trkpt>
    <trkpt lat="50.228185" lon="16.882569">
      <ele>703</ele>
      <time>2026-05-07T14:55:50Z</time>
    </trkpt>
    <trkpt lat="50.227777" lon="16.882709">
      <ele>702</ele>
      <time>2026-05-07T14:56:33Z</time>
    </trkpt>
    <trkpt lat="50.227713" lon="16.882772">
      <ele>701</ele>
      <time>2026-05-07T14:56:41Z</time>
    </trkpt>
    <trkpt lat="50.227691" lon="16.882831">
      <ele>700</ele>
      <time>2026-05-07T14:56:45Z</time>
    </trkpt>
    <trkpt lat="50.227679" lon="16.88291">
      <ele>699</ele>
      <time>2026-05-07T14:56:51Z</time>
    </trkpt>
    <trkpt lat="50.227686" lon="16.882999">
      <ele>697</ele>
      <time>2026-05-07T14:56:57Z</time>
    </trkpt>
    <trkpt lat="50.22773" lon="16.883072">
      <ele>695</ele>
      <time>2026-05-07T14:57:04Z</time>
    </trkpt>
    <trkpt lat="50.227956" lon="16.88322">
      <ele>692</ele>
      <time>2026-05-07T14:57:29Z</time>
    </trkpt>
    <trkpt lat="50.228114" lon="16.883334">
      <ele>691</ele>
      <time>2026-05-07T14:57:47Z</time>
    </trkpt>
    <trkpt lat="50.228408" lon="16.883588">
      <ele>687</ele>
      <time>2026-05-07T14:58:21Z</time>
    </trkpt>
    <trkpt lat="50.228699" lon="16.883733">
      <ele>683</ele>
      <time>2026-05-07T14:58:52Z</time>
    </trkpt>
    <trkpt lat="50.228859" lon="16.883863">
      <ele>681</ele>
      <time>2026-05-07T14:59:11Z</time>
    </trkpt>
    <trkpt lat="50.230032" lon="16.884107">
      <ele>679</ele>
      <time>2026-05-07T15:01:23Z</time>
    </trkpt>
    <trkpt lat="50.230654" lon="16.884316">
      <ele>678</ele>
      <time>2026-05-07T15:02:34Z</time>
    </trkpt>
    <trkpt lat="50.230828" lon="16.884296">
      <ele>676</ele>
      <time>2026-05-07T15:02:54Z</time>
    </trkpt>
    <trkpt lat="50.231214" lon="16.88414">
      <ele>670</ele>
      <time>2026-05-07T15:03:38Z</time>
    </trkpt>
    <trkpt lat="50.231496" lon="16.884095">
      <ele>662</ele>
      <time>2026-05-07T15:04:11Z</time>
    </trkpt>
    <trkpt lat="50.231894" lon="16.884008">
      <ele>674</ele>
      <time>2026-05-07T15:04:54Z</time>
    </trkpt>
    <trkpt lat="50.23233" lon="16.884009">
      <ele>675</ele>
      <time>2026-05-07T15:05:40Z</time>
    </trkpt>
    <trkpt lat="50.232907" lon="16.884031">
      <ele>665</ele>
      <time>2026-05-07T15:06:40Z</time>
    </trkpt>
    <trkpt lat="50.233216" lon="16.884098">
      <ele>659</ele>
      <time>2026-05-07T15:07:13Z</time>
    </trkpt>
    <trkpt lat="50.233372" lon="16.884179">
      <ele>657</ele>
      <time>2026-05-07T15:07:31Z</time>
    </trkpt>
    <trkpt lat="50.233532" lon="16.884275">
      <ele>654</ele>
      <time>2026-05-07T15:07:48Z</time>
    </trkpt>
    <trkpt lat="50.23384" lon="16.884533">
      <ele>653</ele>
      <time>2026-05-07T15:08:25Z</time>
    </trkpt>
    <trkpt lat="50.233865" lon="16.88455">
      <ele>653</ele>
      <time>2026-05-07T15:08:28Z</time>
    </trkpt>
    <trkpt lat="50.233976" lon="16.884655">
      <ele>652</ele>
      <time>2026-05-07T15:08:41Z</time>
    </trkpt>
    <trkpt lat="50.234132" lon="16.884769">
      <ele>652</ele>
      <time>2026-05-07T15:08:59Z</time>
    </trkpt>
    <trkpt lat="50.234284" lon="16.884812">
      <ele>652</ele>
      <time>2026-05-07T15:09:15Z</time>
    </trkpt>
    <trkpt lat="50.23467" lon="16.884792">
      <ele>650</ele>
      <time>2026-05-07T15:09:55Z</time>
    </trkpt>
    <trkpt lat="50.234917" lon="16.884806">
      <ele>648</ele>
      <time>2026-05-07T15:10:21Z</time>
    </trkpt>
    <trkpt lat="50.235451" lon="16.88487">
      <ele>644</ele>
      <time>2026-05-07T15:11:17Z</time>
    </trkpt>
    <trkpt lat="50.23575" lon="16.88495">
      <ele>642</ele>
      <time>2026-05-07T15:11:49Z</time>
    </trkpt>
    <trkpt lat="50.23583" lon="16.884968">
      <ele>642</ele>
      <time>2026-05-07T15:11:57Z</time>
    </trkpt>
    <trkpt lat="50.235941" lon="16.884963">
      <ele>642</ele>
      <time>2026-05-07T15:12:09Z</time>
    </trkpt>
    <trkpt lat="50.236075" lon="16.884905">
      <ele>641</ele>
      <time>2026-05-07T15:12:23Z</time>
    </trkpt>
    <trkpt lat="50.236242" lon="16.884803">
      <ele>639</ele>
      <time>2026-05-07T15:12:42Z</time>
    </trkpt>
    <trkpt lat="50.236433" lon="16.884653">
      <ele>638</ele>
      <time>2026-05-07T15:13:04Z</time>
    </trkpt>
    <trkpt lat="50.236601" lon="16.884487">
      <ele>637</ele>
      <time>2026-05-07T15:13:25Z</time>
    </trkpt>
    <trkpt lat="50.236818" lon="16.884256">
      <ele>637</ele>
      <time>2026-05-07T15:13:52Z</time>
    </trkpt>
    <trkpt lat="50.237227" lon="16.88388">
      <ele>637</ele>
      <time>2026-05-07T15:14:42Z</time>
    </trkpt>
    <trkpt lat="50.237384" lon="16.883804">
      <ele>637</ele>
      <time>2026-05-07T15:14:59Z</time>
    </trkpt>
    <trkpt lat="50.237458" lon="16.883802">
      <ele>636</ele>
      <time>2026-05-07T15:15:06Z</time>
    </trkpt>
    <trkpt lat="50.23758" lon="16.883798">
      <ele>636</ele>
      <time>2026-05-07T15:15:19Z</time>
    </trkpt>
    <trkpt lat="50.238383" lon="16.883807">
      <ele>634</ele>
      <time>2026-05-07T15:16:43Z</time>
    </trkpt>
    <trkpt lat="50.238453" lon="16.883807">
      <ele>633</ele>
      <time>2026-05-07T15:16:50Z</time>
    </trkpt>
    <trkpt lat="50.238994" lon="16.883906">
      <ele>632</ele>
      <time>2026-05-07T15:17:47Z</time>
    </trkpt>
    <trkpt lat="50.239296" lon="16.883913">
      <ele>629</ele>
      <time>2026-05-07T15:18:18Z</time>
    </trkpt>
    <trkpt lat="50.23942" lon="16.883914">
      <ele>628</ele>
      <time>2026-05-07T15:18:31Z</time>
    </trkpt>
    <trkpt lat="50.239694" lon="16.883923">
      <ele>627</ele>
      <time>2026-05-07T15:19:00Z</time>
    </trkpt>
    <trkpt lat="50.239996" lon="16.883985">
      <ele>627</ele>
      <time>2026-05-07T15:19:31Z</time>
    </trkpt>
    <trkpt lat="50.240345" lon="16.884021">
      <ele>626</ele>
      <time>2026-05-07T15:20:08Z</time>
    </trkpt>
    <trkpt lat="50.240486" lon="16.884038">
      <ele>625</ele>
      <time>2026-05-07T15:20:22Z</time>
    </trkpt>
    <trkpt lat="50.240618" lon="16.884083">
      <ele>625</ele>
      <time>2026-05-07T15:20:37Z</time>
    </trkpt>
    <trkpt lat="50.240864" lon="16.884225">
      <ele>624</ele>
      <time>2026-05-07T15:21:04Z</time>
    </trkpt>
    <trkpt lat="50.241072" lon="16.884342">
      <ele>622</ele>
      <time>2026-05-07T15:21:27Z</time>
    </trkpt>
    <trkpt lat="50.2414" lon="16.884368">
      <ele>622</ele>
      <time>2026-05-07T15:22:01Z</time>
    </trkpt>
    <trkpt lat="50.241929" lon="16.884338">
      <ele>621</ele>
      <time>2026-05-07T15:22:56Z</time>
    </trkpt>
    <trkpt lat="50.242121" lon="16.884379">
      <ele>619</ele>
      <time>2026-05-07T15:23:16Z</time>
    </trkpt>
    <trkpt lat="50.242476" lon="16.884469">
      <ele>616</ele>
      <time>2026-05-07T15:23:54Z</time>
    </trkpt>
    <trkpt lat="50.242514" lon="16.884476">
      <ele>616</ele>
      <time>2026-05-07T15:23:58Z</time>
    </trkpt>
    <trkpt lat="50.242875" lon="16.884544">
      <ele>614</ele>
      <time>2026-05-07T15:24:36Z</time>
    </trkpt>
    <trkpt lat="50.243028" lon="16.884597">
      <ele>615</ele>
      <time>2026-05-07T15:24:52Z</time>
    </trkpt>
    <trkpt lat="50.243382" lon="16.884835">
      <ele>614</ele>
      <time>2026-05-07T15:25:32Z</time>
    </trkpt>
    <trkpt lat="50.243524" lon="16.884904">
      <ele>613</ele>
      <time>2026-05-07T15:25:48Z</time>
    </trkpt>
    <trkpt lat="50.243693" lon="16.884979">
      <ele>612</ele>
      <time>2026-05-07T15:26:06Z</time>
    </trkpt>
    <trkpt lat="50.24392" lon="16.885116">
      <ele>610</ele>
      <time>2026-05-07T15:26:31Z</time>
    </trkpt>
    <trkpt lat="50.243999" lon="16.885157">
      <ele>610</ele>
      <time>2026-05-07T15:26:40Z</time>
    </trkpt>
    <trkpt lat="50.24416" lon="16.885203">
      <ele>609</ele>
      <time>2026-05-07T15:26:57Z</time>
    </trkpt>
    <trkpt lat="50.244337" lon="16.885233">
      <ele>608</ele>
      <time>2026-05-07T15:27:16Z</time>
    </trkpt>
    <trkpt lat="50.244455" lon="16.885242">
      <ele>608</ele>
      <time>2026-05-07T15:27:28Z</time>
    </trkpt>
    <trkpt lat="50.244564" lon="16.885245">
      <ele>608</ele>
      <time>2026-05-07T15:27:39Z</time>
    </trkpt>
    <trkpt lat="50.244645" lon="16.885233">
      <ele>608</ele>
      <time>2026-05-07T15:27:48Z</time>
    </trkpt>
    <trkpt lat="50.244759" lon="16.885196">
      <ele>608</ele>
      <time>2026-05-07T15:28:00Z</time>
    </trkpt>
    <trkpt lat="50.245172" lon="16.884999">
      <ele>606</ele>
      <time>2026-05-07T15:28:45Z</time>
    </trkpt>
    <trkpt lat="50.245313" lon="16.884963">
      <ele>605</ele>
      <time>2026-05-07T15:29:00Z</time>
    </trkpt>
    <trkpt lat="50.245614" lon="16.884922">
      <ele>605</ele>
      <time>2026-05-07T15:29:31Z</time>
    </trkpt>
    <trkpt lat="50.246045" lon="16.884888">
      <ele>605</ele>
      <time>2026-05-07T15:30:16Z</time>
    </trkpt>
    <trkpt lat="50.246065" lon="16.88489">
      <ele>605</ele>
      <time>2026-05-07T15:30:18Z</time>
    </trkpt>
    <trkpt lat="50.246181" lon="16.884899">
      <ele>605</ele>
      <time>2026-05-07T15:30:30Z</time>
    </trkpt>
    <trkpt lat="50.246317" lon="16.884935">
      <ele>605</ele>
      <time>2026-05-07T15:30:45Z</time>
    </trkpt>
    <trkpt lat="50.246561" lon="16.885006">
      <ele>602</ele>
      <time>2026-05-07T15:31:10Z</time>
    </trkpt>
    <trkpt lat="50.247099" lon="16.885089">
      <ele>601</ele>
      <time>2026-05-07T15:32:07Z</time>
    </trkpt>
    <trkpt lat="50.247164" lon="16.885113">
      <ele>601</ele>
      <time>2026-05-07T15:32:14Z</time>
    </trkpt>
    <trkpt lat="50.247334" lon="16.885203">
      <ele>601</ele>
      <time>2026-05-07T15:32:32Z</time>
    </trkpt>
    <trkpt lat="50.247402" lon="16.885206">
      <ele>601</ele>
      <time>2026-05-07T15:32:39Z</time>
    </trkpt>
    <trkpt lat="50.247622" lon="16.88513">
      <ele>601</ele>
      <time>2026-05-07T15:33:03Z</time>
    </trkpt>
    <trkpt lat="50.247667" lon="16.885114">
      <ele>601</ele>
      <time>2026-05-07T15:33:08Z</time>
    </trkpt>
    <trkpt lat="50.24776" lon="16.885106">
      <ele>601</ele>
      <time>2026-05-07T15:33:17Z</time>
    </trkpt>
    <trkpt lat="50.247854" lon="16.885128">
      <ele>601</ele>
      <time>2026-05-07T15:33:27Z</time>
    </trkpt>
    <trkpt lat="50.247964" lon="16.885214">
      <ele>600</ele>
      <time>2026-05-07T15:33:40Z</time>
    </trkpt>
    <trkpt lat="50.248047" lon="16.885303">
      <ele>600</ele>
      <time>2026-05-07T15:33:51Z</time>
    </trkpt>
    <trkpt lat="50.248146" lon="16.88543">
      <ele>599</ele>
      <time>2026-05-07T15:34:04Z</time>
    </trkpt>
    <trkpt lat="50.248241" lon="16.885524">
      <ele>599</ele>
      <time>2026-05-07T15:34:16Z</time>
    </trkpt>
    <trkpt lat="50.248383" lon="16.885613">
      <ele>598</ele>
      <time>2026-05-07T15:34:32Z</time>
    </trkpt>
    <trkpt lat="50.24853" lon="16.885684">
      <ele>598</ele>
      <time>2026-05-07T15:34:48Z</time>
    </trkpt>
    <trkpt lat="50.24868" lon="16.885728">
      <ele>597</ele>
      <time>2026-05-07T15:35:03Z</time>
    </trkpt>
    <trkpt lat="50.248793" lon="16.885744">
      <ele>596</ele>
      <time>2026-05-07T15:35:15Z</time>
    </trkpt>
    <trkpt lat="50.248865" lon="16.88574">
      <ele>595</ele>
      <time>2026-05-07T15:35:23Z</time>
    </trkpt>
    <trkpt lat="50.249462" lon="16.885614">
      <ele>590</ele>
      <time>2026-05-07T15:36:26Z</time>
    </trkpt>
    <trkpt lat="50.249569" lon="16.885616">
      <ele>590</ele>
      <time>2026-05-07T15:36:37Z</time>
    </trkpt>
    <trkpt lat="50.249722" lon="16.885648">
      <ele>590</ele>
      <time>2026-05-07T15:36:53Z</time>
    </trkpt>
    <trkpt lat="50.249819" lon="16.88567">
      <ele>591</ele>
      <time>2026-05-07T15:37:03Z</time>
    </trkpt>
    <trkpt lat="50.249952" lon="16.88573">
      <ele>591</ele>
      <time>2026-05-07T15:37:17Z</time>
    </trkpt>
    <trkpt lat="50.250066" lon="16.885806">
      <ele>591</ele>
      <time>2026-05-07T15:37:30Z</time>
    </trkpt>
    <trkpt lat="50.250564" lon="16.886242">
      <ele>588</ele>
      <time>2026-05-07T15:38:30Z</time>
    </trkpt>
    <trkpt lat="50.250659" lon="16.886295">
      <ele>588</ele>
      <time>2026-05-07T15:38:40Z</time>
    </trkpt>
    <trkpt lat="50.250788" lon="16.886348">
      <ele>588</ele>
      <time>2026-05-07T15:38:54Z</time>
    </trkpt>
    <trkpt lat="50.250926" lon="16.886371">
      <ele>588</ele>
      <time>2026-05-07T15:39:09Z</time>
    </trkpt>
    <trkpt lat="50.251023" lon="16.886367">
      <ele>588</ele>
      <time>2026-05-07T15:39:19Z</time>
    </trkpt>
    <trkpt lat="50.251182" lon="16.886332">
      <ele>588</ele>
      <time>2026-05-07T15:39:35Z</time>
    </trkpt>
    <trkpt lat="50.251344" lon="16.886277">
      <ele>587</ele>
      <time>2026-05-07T15:39:53Z</time>
    </trkpt>
    <trkpt lat="50.2515" lon="16.886192">
      <ele>588</ele>
      <time>2026-05-07T15:40:10Z</time>
    </trkpt>
    <trkpt lat="50.251573" lon="16.886141">
      <ele>588</ele>
      <time>2026-05-07T15:40:18Z</time>
    </trkpt>
    <trkpt lat="50.251584" lon="16.886133">
      <ele>588</ele>
      <time>2026-05-07T15:40:19Z</time>
    </trkpt>
    <trkpt lat="50.251674" lon="16.886057">
      <ele>588</ele>
      <time>2026-05-07T15:40:30Z</time>
    </trkpt>
    <trkpt lat="50.251738" lon="16.886021">
      <ele>588</ele>
      <time>2026-05-07T15:40:37Z</time>
    </trkpt>
    <trkpt lat="50.251787" lon="16.886013">
      <ele>588</ele>
      <time>2026-05-07T15:40:42Z</time>
    </trkpt>
    <trkpt lat="50.251851" lon="16.886032">
      <ele>587</ele>
      <time>2026-05-07T15:40:49Z</time>
    </trkpt>
    <trkpt lat="50.251962" lon="16.886079">
      <ele>586</ele>
      <time>2026-05-07T15:41:01Z</time>
    </trkpt>
    <trkpt lat="50.252109" lon="16.886089">
      <ele>584</ele>
      <time>2026-05-07T15:41:17Z</time>
    </trkpt>
    <trkpt lat="50.25223" lon="16.886062">
      <ele>584</ele>
      <time>2026-05-07T15:41:29Z</time>
    </trkpt>
    <trkpt lat="50.252542" lon="16.885947">
      <ele>583</ele>
      <time>2026-05-07T15:42:03Z</time>
    </trkpt>
    <trkpt lat="50.252779" lon="16.885904">
      <ele>580</ele>
      <time>2026-05-07T15:42:28Z</time>
    </trkpt>
    <trkpt lat="50.252916" lon="16.885912">
      <ele>580</ele>
      <time>2026-05-07T15:42:42Z</time>
    </trkpt>
    <trkpt lat="50.253086" lon="16.885959">
      <ele>579</ele>
      <time>2026-05-07T15:43:00Z</time>
    </trkpt>
    <trkpt lat="50.253215" lon="16.886021">
      <ele>579</ele>
      <time>2026-05-07T15:43:14Z</time>
    </trkpt>
    <trkpt lat="50.253319" lon="16.886081">
      <ele>579</ele>
      <time>2026-05-07T15:43:25Z</time>
    </trkpt>
    <trkpt lat="50.253502" lon="16.886249">
      <ele>579</ele>
      <time>2026-05-07T15:43:47Z</time>
    </trkpt>
    <trkpt lat="50.253694" lon="16.88648">
      <ele>578</ele>
      <time>2026-05-07T15:44:13Z</time>
    </trkpt>
    <trkpt lat="50.253904" lon="16.886774">
      <ele>578</ele>
      <time>2026-05-07T15:44:42Z</time>
    </trkpt>
    <trkpt lat="50.254013" lon="16.886886">
      <ele>578</ele>
      <time>2026-05-07T15:44:56Z</time>
    </trkpt>
    <trkpt lat="50.254136" lon="16.886976">
      <ele>578</ele>
      <time>2026-05-07T15:45:10Z</time>
    </trkpt>
    <trkpt lat="50.254355" lon="16.887086">
      <ele>578</ele>
      <time>2026-05-07T15:45:34Z</time>
    </trkpt>
    <trkpt lat="50.254491" lon="16.887157">
      <ele>578</ele>
      <time>2026-05-07T15:45:49Z</time>
    </trkpt>
    <trkpt lat="50.254763" lon="16.887397">
      <ele>577</ele>
      <time>2026-05-07T15:46:21Z</time>
    </trkpt>
    <trkpt lat="50.25491" lon="16.887461">
      <ele>576</ele>
      <time>2026-05-07T15:46:37Z</time>
    </trkpt>
    <trkpt lat="50.255631" lon="16.887648">
      <ele>572</ele>
      <time>2026-05-07T15:47:53Z</time>
    </trkpt>
    <trkpt lat="50.25565" lon="16.887655">
      <ele>572</ele>
      <time>2026-05-07T15:47:55Z</time>
    </trkpt>
    <trkpt lat="50.256079" lon="16.887825">
      <ele>572</ele>
      <time>2026-05-07T15:48:41Z</time>
    </trkpt>
    <trkpt lat="50.256169" lon="16.887882">
      <ele>572</ele>
      <time>2026-05-07T15:48:51Z</time>
    </trkpt>
    <trkpt lat="50.256237" lon="16.887932">
      <ele>572</ele>
      <time>2026-05-07T15:48:59Z</time>
    </trkpt>
    <trkpt lat="50.256294" lon="16.887994">
      <ele>572</ele>
      <time>2026-05-07T15:49:06Z</time>
    </trkpt>
    <trkpt lat="50.256359" lon="16.888095">
      <ele>571</ele>
      <time>2026-05-07T15:49:16Z</time>
    </trkpt>
    <trkpt lat="50.256534" lon="16.888483">
      <ele>569</ele>
      <time>2026-05-07T15:49:48Z</time>
    </trkpt>
    <trkpt lat="50.256589" lon="16.888576">
      <ele>569</ele>
      <time>2026-05-07T15:49:56Z</time>
    </trkpt>
    <trkpt lat="50.256666" lon="16.888673">
      <ele>569</ele>
      <time>2026-05-07T15:50:06Z</time>
    </trkpt>
    <trkpt lat="50.256758" lon="16.888769">
      <ele>568</ele>
      <time>2026-05-07T15:50:18Z</time>
    </trkpt>
    <trkpt lat="50.256866" lon="16.888862">
      <ele>567</ele>
      <time>2026-05-07T15:50:31Z</time>
    </trkpt>
    <trkpt lat="50.25744" lon="16.889296">
      <ele>564</ele>
      <time>2026-05-07T15:51:37Z</time>
    </trkpt>
    <trkpt lat="50.25752" lon="16.889372">
      <ele>564</ele>
      <time>2026-05-07T15:51:47Z</time>
    </trkpt>
    <trkpt lat="50.257862" lon="16.889724">
      <ele>564</ele>
      <time>2026-05-07T15:52:29Z</time>
    </trkpt>
    <trkpt lat="50.257955" lon="16.889804">
      <ele>564</ele>
      <time>2026-05-07T15:52:40Z</time>
    </trkpt>
    <trkpt lat="50.258046" lon="16.889848">
      <ele>564</ele>
      <time>2026-05-07T15:52:50Z</time>
    </trkpt>
    <trkpt lat="50.258198" lon="16.889877">
      <ele>563</ele>
      <time>2026-05-07T15:53:06Z</time>
    </trkpt>
    <trkpt lat="50.258812" lon="16.890023">
      <ele>561</ele>
      <time>2026-05-07T15:54:11Z</time>
    </trkpt>
  </trkseg>
</trk>
</gpx>