<?xml version="1.0" encoding="UTF-8"?><gpx creator="https://mapa-turystyczna.pl" xmlns="http://www.topografix.com/GPX/1/1" version="1.1" xmlns:xsi="http://www.w3.org/2001/XMLSchema-instance" xsi:schemaLocation="http://www.topografix.com/GPX/1/1 http://www.topografix.com/GPX/1/1/gpx.xsd">
  <metadata>
    <link href="https://mapa-turystyczna.pl">
      <text>mapa-turystyczna.pl</text>
    </link>
    <time>2026-05-07T08:43:12Z</time>
    <bounds maxlat="49.082349" maxlon="22.770635" minlat="49.05119" minlon="22.686245"/>
  </metadata>

<trk>
  <name>Wołosate – Wołosate</name>
  <link href="https://mapa-turystyczna.pl/route/1uk">
    <text>Wołosate – Wołosate</text>
  </link>
  <trkseg>
    <trkpt lat="49.062145" lon="22.686245">
      <ele>737</ele>
      <time>2026-05-07T08:43:12Z</time>
    </trkpt>
    <trkpt lat="49.062091" lon="22.686351">
      <ele>737</ele>
      <time>2026-05-07T08:43:22Z</time>
    </trkpt>
    <trkpt lat="49.061917" lon="22.686679">
      <ele>737</ele>
      <time>2026-05-07T08:43:53Z</time>
    </trkpt>
    <trkpt lat="49.061836" lon="22.686817">
      <ele>737</ele>
      <time>2026-05-07T08:44:06Z</time>
    </trkpt>
    <trkpt lat="49.061275" lon="22.687919">
      <ele>731</ele>
      <time>2026-05-07T08:45:48Z</time>
    </trkpt>
    <trkpt lat="49.060691" lon="22.689248">
      <ele>735</ele>
      <time>2026-05-07T08:47:46Z</time>
    </trkpt>
    <trkpt lat="49.06015" lon="22.690525">
      <ele>736</ele>
      <time>2026-05-07T08:49:37Z</time>
    </trkpt>
    <trkpt lat="49.059902" lon="22.69113">
      <ele>738</ele>
      <time>2026-05-07T08:50:29Z</time>
    </trkpt>
    <trkpt lat="49.059854" lon="22.691287">
      <ele>739</ele>
      <time>2026-05-07T08:50:42Z</time>
    </trkpt>
    <trkpt lat="49.05983" lon="22.691438">
      <ele>740</ele>
      <time>2026-05-07T08:50:53Z</time>
    </trkpt>
    <trkpt lat="49.059684" lon="22.692778">
      <ele>741</ele>
      <time>2026-05-07T08:52:32Z</time>
    </trkpt>
    <trkpt lat="49.059568" lon="22.69386">
      <ele>742</ele>
      <time>2026-05-07T08:53:53Z</time>
    </trkpt>
    <trkpt lat="49.059466" lon="22.69487">
      <ele>742</ele>
      <time>2026-05-07T08:55:07Z</time>
    </trkpt>
    <trkpt lat="49.059442" lon="22.695042">
      <ele>742</ele>
      <time>2026-05-07T08:55:20Z</time>
    </trkpt>
    <trkpt lat="49.059409" lon="22.69518">
      <ele>742</ele>
      <time>2026-05-07T08:55:31Z</time>
    </trkpt>
    <trkpt lat="49.059242" lon="22.695772">
      <ele>745</ele>
      <time>2026-05-07T08:56:18Z</time>
    </trkpt>
    <trkpt lat="49.059085" lon="22.696293">
      <ele>748</ele>
      <time>2026-05-07T08:57:00Z</time>
    </trkpt>
    <trkpt lat="49.058994" lon="22.6966">
      <ele>749</ele>
      <time>2026-05-07T08:57:25Z</time>
    </trkpt>
    <trkpt lat="49.058841" lon="22.69713">
      <ele>748</ele>
      <time>2026-05-07T08:58:07Z</time>
    </trkpt>
    <trkpt lat="49.058803" lon="22.697255">
      <ele>748</ele>
      <time>2026-05-07T08:58:17Z</time>
    </trkpt>
    <trkpt lat="49.058766" lon="22.69736">
      <ele>748</ele>
      <time>2026-05-07T08:58:26Z</time>
    </trkpt>
    <trkpt lat="49.058706" lon="22.697504">
      <ele>747</ele>
      <time>2026-05-07T08:58:38Z</time>
    </trkpt>
    <trkpt lat="49.058598" lon="22.697729">
      <ele>747</ele>
      <time>2026-05-07T08:58:59Z</time>
    </trkpt>
    <trkpt lat="49.058476" lon="22.697967">
      <ele>747</ele>
      <time>2026-05-07T08:59:21Z</time>
    </trkpt>
    <trkpt lat="49.058261" lon="22.6984">
      <ele>747</ele>
      <time>2026-05-07T09:00:01Z</time>
    </trkpt>
    <trkpt lat="49.057709" lon="22.69946">
      <ele>749</ele>
      <time>2026-05-07T09:01:40Z</time>
    </trkpt>
    <trkpt lat="49.057401" lon="22.700072">
      <ele>752</ele>
      <time>2026-05-07T09:02:36Z</time>
    </trkpt>
    <trkpt lat="49.057023" lon="22.700815">
      <ele>753</ele>
      <time>2026-05-07T09:03:45Z</time>
    </trkpt>
    <trkpt lat="49.056824" lon="22.701207">
      <ele>754</ele>
      <time>2026-05-07T09:04:21Z</time>
    </trkpt>
    <trkpt lat="49.056731" lon="22.701395">
      <ele>754</ele>
      <time>2026-05-07T09:04:38Z</time>
    </trkpt>
    <trkpt lat="49.056657" lon="22.701552">
      <ele>755</ele>
      <time>2026-05-07T09:04:53Z</time>
    </trkpt>
    <trkpt lat="49.056552" lon="22.701777">
      <ele>757</ele>
      <time>2026-05-07T09:05:13Z</time>
    </trkpt>
    <trkpt lat="49.056482" lon="22.701938">
      <ele>757</ele>
      <time>2026-05-07T09:05:27Z</time>
    </trkpt>
    <trkpt lat="49.056417" lon="22.702097">
      <ele>757</ele>
      <time>2026-05-07T09:05:41Z</time>
    </trkpt>
    <trkpt lat="49.056316" lon="22.70235">
      <ele>756</ele>
      <time>2026-05-07T09:06:02Z</time>
    </trkpt>
    <trkpt lat="49.056225" lon="22.702587">
      <ele>755</ele>
      <time>2026-05-07T09:06:23Z</time>
    </trkpt>
    <trkpt lat="49.055919" lon="22.703422">
      <ele>759</ele>
      <time>2026-05-07T09:07:33Z</time>
    </trkpt>
    <trkpt lat="49.055764" lon="22.703828">
      <ele>761</ele>
      <time>2026-05-07T09:08:07Z</time>
    </trkpt>
    <trkpt lat="49.055707" lon="22.703965">
      <ele>761</ele>
      <time>2026-05-07T09:08:19Z</time>
    </trkpt>
    <trkpt lat="49.055664" lon="22.704056">
      <ele>761</ele>
      <time>2026-05-07T09:08:27Z</time>
    </trkpt>
    <trkpt lat="49.055586" lon="22.704354">
      <ele>761</ele>
      <time>2026-05-07T09:08:51Z</time>
    </trkpt>
    <trkpt lat="49.055569" lon="22.704404">
      <ele>761</ele>
      <time>2026-05-07T09:08:55Z</time>
    </trkpt>
    <trkpt lat="49.055505" lon="22.704575">
      <ele>761</ele>
      <time>2026-05-07T09:09:09Z</time>
    </trkpt>
    <trkpt lat="49.055435" lon="22.704778">
      <ele>760</ele>
      <time>2026-05-07T09:09:26Z</time>
    </trkpt>
    <trkpt lat="49.05534" lon="22.705052">
      <ele>759</ele>
      <time>2026-05-07T09:09:49Z</time>
    </trkpt>
    <trkpt lat="49.055308" lon="22.70514">
      <ele>759</ele>
      <time>2026-05-07T09:09:56Z</time>
    </trkpt>
    <trkpt lat="49.055208" lon="22.705373">
      <ele>759</ele>
      <time>2026-05-07T09:10:16Z</time>
    </trkpt>
    <trkpt lat="49.05518" lon="22.705442">
      <ele>759</ele>
      <time>2026-05-07T09:10:22Z</time>
    </trkpt>
    <trkpt lat="49.055104" lon="22.705679">
      <ele>759</ele>
      <time>2026-05-07T09:10:42Z</time>
    </trkpt>
    <trkpt lat="49.055045" lon="22.705881">
      <ele>759</ele>
      <time>2026-05-07T09:10:58Z</time>
    </trkpt>
    <trkpt lat="49.055024" lon="22.705999">
      <ele>760</ele>
      <time>2026-05-07T09:11:07Z</time>
    </trkpt>
    <trkpt lat="49.05501" lon="22.70611">
      <ele>760</ele>
      <time>2026-05-07T09:11:15Z</time>
    </trkpt>
    <trkpt lat="49.055002" lon="22.706272">
      <ele>761</ele>
      <time>2026-05-07T09:11:27Z</time>
    </trkpt>
    <trkpt lat="49.055005" lon="22.706353">
      <ele>761</ele>
      <time>2026-05-07T09:11:33Z</time>
    </trkpt>
    <trkpt lat="49.055015" lon="22.706435">
      <ele>761</ele>
      <time>2026-05-07T09:11:39Z</time>
    </trkpt>
    <trkpt lat="49.055186" lon="22.707391">
      <ele>766</ele>
      <time>2026-05-07T09:12:52Z</time>
    </trkpt>
    <trkpt lat="49.055421" lon="22.708565">
      <ele>769</ele>
      <time>2026-05-07T09:14:21Z</time>
    </trkpt>
    <trkpt lat="49.055602" lon="22.709506">
      <ele>771</ele>
      <time>2026-05-07T09:15:33Z</time>
    </trkpt>
    <trkpt lat="49.055785" lon="22.710076">
      <ele>773</ele>
      <time>2026-05-07T09:16:20Z</time>
    </trkpt>
    <trkpt lat="49.056003" lon="22.710686">
      <ele>774</ele>
      <time>2026-05-07T09:17:10Z</time>
    </trkpt>
    <trkpt lat="49.056233" lon="22.711641">
      <ele>777</ele>
      <time>2026-05-07T09:18:25Z</time>
    </trkpt>
    <trkpt lat="49.056539" lon="22.713176">
      <ele>778</ele>
      <time>2026-05-07T09:20:22Z</time>
    </trkpt>
    <trkpt lat="49.056829" lon="22.714533">
      <ele>784</ele>
      <time>2026-05-07T09:22:07Z</time>
    </trkpt>
    <trkpt lat="49.056881" lon="22.714957">
      <ele>785</ele>
      <time>2026-05-07T09:22:38Z</time>
    </trkpt>
    <trkpt lat="49.056877" lon="22.715239">
      <ele>785</ele>
      <time>2026-05-07T09:22:59Z</time>
    </trkpt>
    <trkpt lat="49.056884" lon="22.715417">
      <ele>786</ele>
      <time>2026-05-07T09:23:12Z</time>
    </trkpt>
    <trkpt lat="49.05692" lon="22.71567">
      <ele>787</ele>
      <time>2026-05-07T09:23:37Z</time>
    </trkpt>
    <trkpt lat="49.057043" lon="22.71639">
      <ele>789</ele>
      <time>2026-05-07T09:24:47Z</time>
    </trkpt>
    <trkpt lat="49.057228" lon="22.717437">
      <ele>786</ele>
      <time>2026-05-07T09:26:31Z</time>
    </trkpt>
    <trkpt lat="49.057342" lon="22.718085">
      <ele>789</ele>
      <time>2026-05-07T09:27:34Z</time>
    </trkpt>
    <trkpt lat="49.057396" lon="22.718294">
      <ele>789</ele>
      <time>2026-05-07T09:27:56Z</time>
    </trkpt>
    <trkpt lat="49.057676" lon="22.719417">
      <ele>791</ele>
      <time>2026-05-07T09:29:50Z</time>
    </trkpt>
    <trkpt lat="49.05777" lon="22.719715">
      <ele>794</ele>
      <time>2026-05-07T09:30:22Z</time>
    </trkpt>
    <trkpt lat="49.057789" lon="22.720001">
      <ele>796</ele>
      <time>2026-05-07T09:30:49Z</time>
    </trkpt>
    <trkpt lat="49.05775" lon="22.720534">
      <ele>797</ele>
      <time>2026-05-07T09:31:40Z</time>
    </trkpt>
    <trkpt lat="49.057617" lon="22.721165">
      <ele>793</ele>
      <time>2026-05-07T09:32:43Z</time>
    </trkpt>
    <trkpt lat="49.05749" lon="22.72183">
      <ele>796</ele>
      <time>2026-05-07T09:33:49Z</time>
    </trkpt>
    <trkpt lat="49.057411" lon="22.722225">
      <ele>797</ele>
      <time>2026-05-07T09:34:28Z</time>
    </trkpt>
    <trkpt lat="49.057362" lon="22.722426">
      <ele>797</ele>
      <time>2026-05-07T09:34:49Z</time>
    </trkpt>
    <trkpt lat="49.057084" lon="22.72322">
      <ele>798</ele>
      <time>2026-05-07T09:36:14Z</time>
    </trkpt>
    <trkpt lat="49.056812" lon="22.724013">
      <ele>799</ele>
      <time>2026-05-07T09:37:39Z</time>
    </trkpt>
    <trkpt lat="49.056672" lon="22.724357">
      <ele>798</ele>
      <time>2026-05-07T09:38:18Z</time>
    </trkpt>
    <trkpt lat="49.056587" lon="22.724658">
      <ele>797</ele>
      <time>2026-05-07T09:38:49Z</time>
    </trkpt>
    <trkpt lat="49.056567" lon="22.72477">
      <ele>797</ele>
      <time>2026-05-07T09:39:00Z</time>
    </trkpt>
    <trkpt lat="49.056535" lon="22.724949">
      <ele>797</ele>
      <time>2026-05-07T09:39:18Z</time>
    </trkpt>
    <trkpt lat="49.056496" lon="22.725404">
      <ele>799</ele>
      <time>2026-05-07T09:40:01Z</time>
    </trkpt>
    <trkpt lat="49.056503" lon="22.727137">
      <ele>805</ele>
      <time>2026-05-07T09:42:46Z</time>
    </trkpt>
    <trkpt lat="49.056484" lon="22.727415">
      <ele>806</ele>
      <time>2026-05-07T09:43:13Z</time>
    </trkpt>
    <trkpt lat="49.05645" lon="22.727617">
      <ele>806</ele>
      <time>2026-05-07T09:43:33Z</time>
    </trkpt>
    <trkpt lat="49.056377" lon="22.727939">
      <ele>808</ele>
      <time>2026-05-07T09:44:05Z</time>
    </trkpt>
    <trkpt lat="49.05626" lon="22.728265">
      <ele>812</ele>
      <time>2026-05-07T09:44:41Z</time>
    </trkpt>
    <trkpt lat="49.055865" lon="22.728998">
      <ele>808</ele>
      <time>2026-05-07T09:46:11Z</time>
    </trkpt>
    <trkpt lat="49.055606" lon="22.729421">
      <ele>807</ele>
      <time>2026-05-07T09:47:06Z</time>
    </trkpt>
    <trkpt lat="49.055526" lon="22.729599">
      <ele>808</ele>
      <time>2026-05-07T09:47:27Z</time>
    </trkpt>
    <trkpt lat="49.055477" lon="22.729764">
      <ele>809</ele>
      <time>2026-05-07T09:47:44Z</time>
    </trkpt>
    <trkpt lat="49.055436" lon="22.729957">
      <ele>810</ele>
      <time>2026-05-07T09:48:03Z</time>
    </trkpt>
    <trkpt lat="49.055419" lon="22.730187">
      <ele>810</ele>
      <time>2026-05-07T09:48:25Z</time>
    </trkpt>
    <trkpt lat="49.055402" lon="22.730494">
      <ele>811</ele>
      <time>2026-05-07T09:48:55Z</time>
    </trkpt>
    <trkpt lat="49.055318" lon="22.731883">
      <ele>817</ele>
      <time>2026-05-07T09:51:07Z</time>
    </trkpt>
    <trkpt lat="49.055295" lon="22.732277">
      <ele>817</ele>
      <time>2026-05-07T09:51:45Z</time>
    </trkpt>
    <trkpt lat="49.055193" lon="22.732653">
      <ele>818</ele>
      <time>2026-05-07T09:52:24Z</time>
    </trkpt>
    <trkpt lat="49.05492" lon="22.733451">
      <ele>823</ele>
      <time>2026-05-07T09:53:49Z</time>
    </trkpt>
    <trkpt lat="49.054792" lon="22.733877">
      <ele>825</ele>
      <time>2026-05-07T09:54:34Z</time>
    </trkpt>
    <trkpt lat="49.054625" lon="22.734388">
      <ele>826</ele>
      <time>2026-05-07T09:55:28Z</time>
    </trkpt>
    <trkpt lat="49.054493" lon="22.734857">
      <ele>825</ele>
      <time>2026-05-07T09:56:17Z</time>
    </trkpt>
    <trkpt lat="49.054443" lon="22.735221">
      <ele>824</ele>
      <time>2026-05-07T09:56:52Z</time>
    </trkpt>
    <trkpt lat="49.054362" lon="22.736407">
      <ele>824</ele>
      <time>2026-05-07T09:58:46Z</time>
    </trkpt>
    <trkpt lat="49.054342" lon="22.736535">
      <ele>824</ele>
      <time>2026-05-07T09:58:58Z</time>
    </trkpt>
    <trkpt lat="49.054192" lon="22.737113">
      <ele>823</ele>
      <time>2026-05-07T09:59:57Z</time>
    </trkpt>
    <trkpt lat="49.054136" lon="22.737334">
      <ele>823</ele>
      <time>2026-05-07T10:00:20Z</time>
    </trkpt>
    <trkpt lat="49.053936" lon="22.738014">
      <ele>825</ele>
      <time>2026-05-07T10:01:31Z</time>
    </trkpt>
    <trkpt lat="49.053856" lon="22.738218">
      <ele>826</ele>
      <time>2026-05-07T10:01:53Z</time>
    </trkpt>
    <trkpt lat="49.053779" lon="22.738348">
      <ele>827</ele>
      <time>2026-05-07T10:02:10Z</time>
    </trkpt>
    <trkpt lat="49.053391" lon="22.738808">
      <ele>828</ele>
      <time>2026-05-07T10:03:21Z</time>
    </trkpt>
    <trkpt lat="49.053167" lon="22.739139">
      <ele>832</ele>
      <time>2026-05-07T10:04:07Z</time>
    </trkpt>
    <trkpt lat="49.053111" lon="22.739275">
      <ele>833</ele>
      <time>2026-05-07T10:04:22Z</time>
    </trkpt>
    <trkpt lat="49.053065" lon="22.739446">
      <ele>835</ele>
      <time>2026-05-07T10:04:40Z</time>
    </trkpt>
    <trkpt lat="49.053045" lon="22.739664">
      <ele>836</ele>
      <time>2026-05-07T10:05:01Z</time>
    </trkpt>
    <trkpt lat="49.053038" lon="22.739827">
      <ele>836</ele>
      <time>2026-05-07T10:05:16Z</time>
    </trkpt>
    <trkpt lat="49.053069" lon="22.741591">
      <ele>851</ele>
      <time>2026-05-07T10:08:05Z</time>
    </trkpt>
    <trkpt lat="49.053066" lon="22.742954">
      <ele>862</ele>
      <time>2026-05-07T10:10:15Z</time>
    </trkpt>
    <trkpt lat="49.053111" lon="22.74335">
      <ele>867</ele>
      <time>2026-05-07T10:10:54Z</time>
    </trkpt>
    <trkpt lat="49.053232" lon="22.743754">
      <ele>872</ele>
      <time>2026-05-07T10:11:37Z</time>
    </trkpt>
    <trkpt lat="49.053703" lon="22.744676">
      <ele>886</ele>
      <time>2026-05-07T10:13:29Z</time>
    </trkpt>
    <trkpt lat="49.053831" lon="22.744903">
      <ele>887</ele>
      <time>2026-05-07T10:13:58Z</time>
    </trkpt>
    <trkpt lat="49.053925" lon="22.745251">
      <ele>889</ele>
      <time>2026-05-07T10:14:34Z</time>
    </trkpt>
    <trkpt lat="49.053892" lon="22.745799">
      <ele>892</ele>
      <time>2026-05-07T10:15:26Z</time>
    </trkpt>
    <trkpt lat="49.053659" lon="22.747551">
      <ele>904</ele>
      <time>2026-05-07T10:18:17Z</time>
    </trkpt>
    <trkpt lat="49.053473" lon="22.748909">
      <ele>913</ele>
      <time>2026-05-07T10:20:29Z</time>
    </trkpt>
    <trkpt lat="49.053404" lon="22.749162">
      <ele>916</ele>
      <time>2026-05-07T10:20:55Z</time>
    </trkpt>
    <trkpt lat="49.053297" lon="22.749368">
      <ele>918</ele>
      <time>2026-05-07T10:21:20Z</time>
    </trkpt>
    <trkpt lat="49.052944" lon="22.749777">
      <ele>924</ele>
      <time>2026-05-07T10:22:25Z</time>
    </trkpt>
    <trkpt lat="49.052247" lon="22.75071">
      <ele>929</ele>
      <time>2026-05-07T10:24:40Z</time>
    </trkpt>
    <trkpt lat="49.052029" lon="22.75108">
      <ele>930</ele>
      <time>2026-05-07T10:25:27Z</time>
    </trkpt>
    <trkpt lat="49.051887" lon="22.751436">
      <ele>932</ele>
      <time>2026-05-07T10:26:07Z</time>
    </trkpt>
    <trkpt lat="49.051749" lon="22.75199">
      <ele>937</ele>
      <time>2026-05-07T10:27:03Z</time>
    </trkpt>
    <trkpt lat="49.051466" lon="22.752995">
      <ele>943</ele>
      <time>2026-05-07T10:28:48Z</time>
    </trkpt>
    <trkpt lat="49.051384" lon="22.75339">
      <ele>944</ele>
      <time>2026-05-07T10:29:27Z</time>
    </trkpt>
    <trkpt lat="49.051309" lon="22.754029">
      <ele>945</ele>
      <time>2026-05-07T10:30:29Z</time>
    </trkpt>
    <trkpt lat="49.051216" lon="22.754751">
      <ele>947</ele>
      <time>2026-05-07T10:31:39Z</time>
    </trkpt>
    <trkpt lat="49.05119" lon="22.755511">
      <ele>948</ele>
      <time>2026-05-07T10:32:51Z</time>
    </trkpt>
    <trkpt lat="49.051235" lon="22.755834">
      <ele>949</ele>
      <time>2026-05-07T10:33:22Z</time>
    </trkpt>
    <trkpt lat="49.051335" lon="22.756235">
      <ele>949</ele>
      <time>2026-05-07T10:34:03Z</time>
    </trkpt>
    <trkpt lat="49.052125" lon="22.757902">
      <ele>959</ele>
      <time>2026-05-07T10:37:19Z</time>
    </trkpt>
    <trkpt lat="49.052431" lon="22.758542">
      <ele>967</ele>
      <time>2026-05-07T10:38:35Z</time>
    </trkpt>
    <trkpt lat="49.052549" lon="22.75883">
      <ele>971</ele>
      <time>2026-05-07T10:39:08Z</time>
    </trkpt>
    <trkpt lat="49.052616" lon="22.759169">
      <ele>972</ele>
      <time>2026-05-07T10:39:41Z</time>
    </trkpt>
    <trkpt lat="49.052741" lon="22.759792">
      <ele>975</ele>
      <time>2026-05-07T10:40:44Z</time>
    </trkpt>
    <trkpt lat="49.052862" lon="22.760129">
      <ele>978</ele>
      <time>2026-05-07T10:41:20Z</time>
    </trkpt>
    <trkpt lat="49.053004" lon="22.760469">
      <ele>981</ele>
      <time>2026-05-07T10:41:59Z</time>
    </trkpt>
    <trkpt lat="49.053234" lon="22.760764">
      <ele>984</ele>
      <time>2026-05-07T10:42:43Z</time>
    </trkpt>
    <trkpt lat="49.053694" lon="22.761177">
      <ele>990</ele>
      <time>2026-05-07T10:44:00Z</time>
    </trkpt>
    <trkpt lat="49.054124" lon="22.761557">
      <ele>998</ele>
      <time>2026-05-07T10:45:13Z</time>
    </trkpt>
    <trkpt lat="49.054293" lon="22.761624">
      <ele>1000</ele>
      <time>2026-05-07T10:45:39Z</time>
    </trkpt>
    <trkpt lat="49.054453" lon="22.761625">
      <ele>1002</ele>
      <time>2026-05-07T10:46:02Z</time>
    </trkpt>
    <trkpt lat="49.054638" lon="22.76161">
      <ele>1002</ele>
      <time>2026-05-07T10:46:29Z</time>
    </trkpt>
    <trkpt lat="49.057323" lon="22.760796">
      <ele>1014</ele>
      <time>2026-05-07T10:53:06Z</time>
    </trkpt>
    <trkpt lat="49.057859" lon="22.760635">
      <ele>1018</ele>
      <time>2026-05-07T10:54:25Z</time>
    </trkpt>
    <trkpt lat="49.058011" lon="22.76055">
      <ele>1019</ele>
      <time>2026-05-07T10:54:49Z</time>
    </trkpt>
    <trkpt lat="49.058128" lon="22.76041">
      <ele>1019</ele>
      <time>2026-05-07T10:55:10Z</time>
    </trkpt>
    <trkpt lat="49.058253" lon="22.760238">
      <ele>1019</ele>
      <time>2026-05-07T10:55:35Z</time>
    </trkpt>
    <trkpt lat="49.058303" lon="22.760189">
      <ele>1020</ele>
      <time>2026-05-07T10:55:43Z</time>
    </trkpt>
    <trkpt lat="49.05833" lon="22.760176">
      <ele>1020</ele>
      <time>2026-05-07T10:55:48Z</time>
    </trkpt>
    <trkpt lat="49.058357" lon="22.760175">
      <ele>1021</ele>
      <time>2026-05-07T10:55:52Z</time>
    </trkpt>
    <trkpt lat="49.058402" lon="22.760186">
      <ele>1023</ele>
      <time>2026-05-07T10:55:59Z</time>
    </trkpt>
    <trkpt lat="49.058436" lon="22.760211">
      <ele>1024</ele>
      <time>2026-05-07T10:56:04Z</time>
    </trkpt>
    <trkpt lat="49.058472" lon="22.76025">
      <ele>1026</ele>
      <time>2026-05-07T10:56:11Z</time>
    </trkpt>
    <trkpt lat="49.058491" lon="22.7603">
      <ele>1027</ele>
      <time>2026-05-07T10:56:17Z</time>
    </trkpt>
    <trkpt lat="49.058503" lon="22.760369">
      <ele>1029</ele>
      <time>2026-05-07T10:56:24Z</time>
    </trkpt>
    <trkpt lat="49.058501" lon="22.760432">
      <ele>1030</ele>
      <time>2026-05-07T10:56:30Z</time>
    </trkpt>
    <trkpt lat="49.058487" lon="22.760502">
      <ele>1031</ele>
      <time>2026-05-07T10:56:37Z</time>
    </trkpt>
    <trkpt lat="49.058468" lon="22.760559">
      <ele>1032</ele>
      <time>2026-05-07T10:56:44Z</time>
    </trkpt>
    <trkpt lat="49.058443" lon="22.760611">
      <ele>1032</ele>
      <time>2026-05-07T10:56:50Z</time>
    </trkpt>
    <trkpt lat="49.058342" lon="22.760745">
      <ele>1033</ele>
      <time>2026-05-07T10:57:09Z</time>
    </trkpt>
    <trkpt lat="49.058133" lon="22.761005">
      <ele>1033</ele>
      <time>2026-05-07T10:57:48Z</time>
    </trkpt>
    <trkpt lat="49.057607" lon="22.761525">
      <ele>1035</ele>
      <time>2026-05-07T10:59:19Z</time>
    </trkpt>
    <trkpt lat="49.057431" lon="22.761771">
      <ele>1039</ele>
      <time>2026-05-07T10:59:54Z</time>
    </trkpt>
    <trkpt lat="49.05726" lon="22.762055">
      <ele>1043</ele>
      <time>2026-05-07T11:00:31Z</time>
    </trkpt>
    <trkpt lat="49.056898" lon="22.762631">
      <ele>1046</ele>
      <time>2026-05-07T11:01:47Z</time>
    </trkpt>
    <trkpt lat="49.056569" lon="22.763164">
      <ele>1052</ele>
      <time>2026-05-07T11:02:57Z</time>
    </trkpt>
    <trkpt lat="49.056118" lon="22.763791">
      <ele>1060</ele>
      <time>2026-05-07T11:04:26Z</time>
    </trkpt>
    <trkpt lat="49.055751" lon="22.764366">
      <ele>1067</ele>
      <time>2026-05-07T11:05:43Z</time>
    </trkpt>
    <trkpt lat="49.054938" lon="22.765724">
      <ele>1077</ele>
      <time>2026-05-07T11:08:38Z</time>
    </trkpt>
    <trkpt lat="49.054263" lon="22.766741">
      <ele>1086</ele>
      <time>2026-05-07T11:10:56Z</time>
    </trkpt>
    <trkpt lat="49.054075" lon="22.766998">
      <ele>1088</ele>
      <time>2026-05-07T11:11:33Z</time>
    </trkpt>
    <trkpt lat="49.053991" lon="22.767138">
      <ele>1090</ele>
      <time>2026-05-07T11:11:51Z</time>
    </trkpt>
    <trkpt lat="49.053917" lon="22.767296">
      <ele>1091</ele>
      <time>2026-05-07T11:12:10Z</time>
    </trkpt>
    <trkpt lat="49.05362" lon="22.767789">
      <ele>1095</ele>
      <time>2026-05-07T11:13:14Z</time>
    </trkpt>
    <trkpt lat="49.053217" lon="22.768511">
      <ele>1099</ele>
      <time>2026-05-07T11:14:44Z</time>
    </trkpt>
    <trkpt lat="49.053006" lon="22.768932">
      <ele>1103</ele>
      <time>2026-05-07T11:15:34Z</time>
    </trkpt>
    <trkpt lat="49.052909" lon="22.769223">
      <ele>1106</ele>
      <time>2026-05-07T11:16:06Z</time>
    </trkpt>
    <trkpt lat="49.052822" lon="22.769551">
      <ele>1108</ele>
      <time>2026-05-07T11:16:40Z</time>
    </trkpt>
    <trkpt lat="49.052718" lon="22.769952">
      <ele>1116</ele>
      <time>2026-05-07T11:17:22Z</time>
    </trkpt>
    <trkpt lat="49.052678" lon="22.770291">
      <ele>1124</ele>
      <time>2026-05-07T11:17:56Z</time>
    </trkpt>
    <trkpt lat="49.052657" lon="22.77045">
      <ele>1127</ele>
      <time>2026-05-07T11:18:12Z</time>
    </trkpt>
    <trkpt lat="49.05269" lon="22.770421">
      <ele>1127</ele>
      <time>2026-05-07T11:18:19Z</time>
    </trkpt>
    <trkpt lat="49.052706" lon="22.770437">
      <ele>1127</ele>
      <time>2026-05-07T11:18:22Z</time>
    </trkpt>
    <trkpt lat="49.052742" lon="22.770482">
      <ele>1127</ele>
      <time>2026-05-07T11:18:30Z</time>
    </trkpt>
    <trkpt lat="49.052828" lon="22.770573">
      <ele>1127</ele>
      <time>2026-05-07T11:18:48Z</time>
    </trkpt>
    <trkpt lat="49.052882" lon="22.770579">
      <ele>1127</ele>
      <time>2026-05-07T11:18:57Z</time>
    </trkpt>
    <trkpt lat="49.052923" lon="22.77057">
      <ele>1127</ele>
      <time>2026-05-07T11:19:04Z</time>
    </trkpt>
    <trkpt lat="49.052926" lon="22.770569">
      <ele>1127</ele>
      <time>2026-05-07T11:19:05Z</time>
    </trkpt>
    <trkpt lat="49.052958" lon="22.770562">
      <ele>1127</ele>
      <time>2026-05-07T11:19:10Z</time>
    </trkpt>
    <trkpt lat="49.052978" lon="22.770552">
      <ele>1127</ele>
      <time>2026-05-07T11:19:14Z</time>
    </trkpt>
    <trkpt lat="49.052989" lon="22.770528">
      <ele>1127</ele>
      <time>2026-05-07T11:19:17Z</time>
    </trkpt>
    <trkpt lat="49.052991" lon="22.770516">
      <ele>1127</ele>
      <time>2026-05-07T11:19:18Z</time>
    </trkpt>
    <trkpt lat="49.052993" lon="22.770501">
      <ele>1127</ele>
      <time>2026-05-07T11:19:20Z</time>
    </trkpt>
    <trkpt lat="49.052994" lon="22.770469">
      <ele>1127</ele>
      <time>2026-05-07T11:19:24Z</time>
    </trkpt>
    <trkpt lat="49.053003" lon="22.770454">
      <ele>1127</ele>
      <time>2026-05-07T11:19:26Z</time>
    </trkpt>
    <trkpt lat="49.053013" lon="22.770449">
      <ele>1127</ele>
      <time>2026-05-07T11:19:28Z</time>
    </trkpt>
    <trkpt lat="49.053247" lon="22.770421">
      <ele>1126</ele>
      <time>2026-05-07T11:20:08Z</time>
    </trkpt>
    <trkpt lat="49.053262" lon="22.770419">
      <ele>1126</ele>
      <time>2026-05-07T11:20:10Z</time>
    </trkpt>
    <trkpt lat="49.053304" lon="22.770444">
      <ele>1127</ele>
      <time>2026-05-07T11:20:18Z</time>
    </trkpt>
    <trkpt lat="49.053341" lon="22.770441">
      <ele>1128</ele>
      <time>2026-05-07T11:20:25Z</time>
    </trkpt>
    <trkpt lat="49.053361" lon="22.770427">
      <ele>1128</ele>
      <time>2026-05-07T11:20:29Z</time>
    </trkpt>
    <trkpt lat="49.053433" lon="22.770443">
      <ele>1130</ele>
      <time>2026-05-07T11:20:41Z</time>
    </trkpt>
    <trkpt lat="49.053501" lon="22.770436">
      <ele>1132</ele>
      <time>2026-05-07T11:20:53Z</time>
    </trkpt>
    <trkpt lat="49.053545" lon="22.770418">
      <ele>1132</ele>
      <time>2026-05-07T11:21:01Z</time>
    </trkpt>
    <trkpt lat="49.053585" lon="22.770417">
      <ele>1133</ele>
      <time>2026-05-07T11:21:08Z</time>
    </trkpt>
    <trkpt lat="49.053631" lon="22.770411">
      <ele>1135</ele>
      <time>2026-05-07T11:21:16Z</time>
    </trkpt>
    <trkpt lat="49.05368" lon="22.770413">
      <ele>1136</ele>
      <time>2026-05-07T11:21:25Z</time>
    </trkpt>
    <trkpt lat="49.053706" lon="22.770401">
      <ele>1137</ele>
      <time>2026-05-07T11:21:30Z</time>
    </trkpt>
    <trkpt lat="49.053738" lon="22.770386">
      <ele>1138</ele>
      <time>2026-05-07T11:21:36Z</time>
    </trkpt>
    <trkpt lat="49.053766" lon="22.770359">
      <ele>1139</ele>
      <time>2026-05-07T11:21:41Z</time>
    </trkpt>
    <trkpt lat="49.053774" lon="22.770349">
      <ele>1139</ele>
      <time>2026-05-07T11:21:43Z</time>
    </trkpt>
    <trkpt lat="49.0538" lon="22.770333">
      <ele>1140</ele>
      <time>2026-05-07T11:21:48Z</time>
    </trkpt>
    <trkpt lat="49.053822" lon="22.770333">
      <ele>1140</ele>
      <time>2026-05-07T11:21:52Z</time>
    </trkpt>
    <trkpt lat="49.053837" lon="22.770269">
      <ele>1140</ele>
      <time>2026-05-07T11:22:00Z</time>
    </trkpt>
    <trkpt lat="49.053944" lon="22.770179">
      <ele>1143</ele>
      <time>2026-05-07T11:22:21Z</time>
    </trkpt>
    <trkpt lat="49.053962" lon="22.77014">
      <ele>1144</ele>
      <time>2026-05-07T11:22:26Z</time>
    </trkpt>
    <trkpt lat="49.054016" lon="22.770114">
      <ele>1145</ele>
      <time>2026-05-07T11:22:36Z</time>
    </trkpt>
    <trkpt lat="49.054049" lon="22.770068">
      <ele>1146</ele>
      <time>2026-05-07T11:22:44Z</time>
    </trkpt>
    <trkpt lat="49.054141" lon="22.770027">
      <ele>1148</ele>
      <time>2026-05-07T11:23:01Z</time>
    </trkpt>
    <trkpt lat="49.054189" lon="22.770002">
      <ele>1150</ele>
      <time>2026-05-07T11:23:10Z</time>
    </trkpt>
    <trkpt lat="49.054226" lon="22.769971">
      <ele>1150</ele>
      <time>2026-05-07T11:23:17Z</time>
    </trkpt>
    <trkpt lat="49.054397" lon="22.769888">
      <ele>1154</ele>
      <time>2026-05-07T11:23:48Z</time>
    </trkpt>
    <trkpt lat="49.054423" lon="22.769873">
      <ele>1154</ele>
      <time>2026-05-07T11:23:53Z</time>
    </trkpt>
    <trkpt lat="49.054454" lon="22.769841">
      <ele>1154</ele>
      <time>2026-05-07T11:23:59Z</time>
    </trkpt>
    <trkpt lat="49.0545" lon="22.769813">
      <ele>1155</ele>
      <time>2026-05-07T11:24:08Z</time>
    </trkpt>
    <trkpt lat="49.054599" lon="22.769765">
      <ele>1157</ele>
      <time>2026-05-07T11:24:26Z</time>
    </trkpt>
    <trkpt lat="49.05472" lon="22.769717">
      <ele>1159</ele>
      <time>2026-05-07T11:24:48Z</time>
    </trkpt>
    <trkpt lat="49.054838" lon="22.769665">
      <ele>1162</ele>
      <time>2026-05-07T11:25:09Z</time>
    </trkpt>
    <trkpt lat="49.054928" lon="22.769548">
      <ele>1164</ele>
      <time>2026-05-07T11:25:29Z</time>
    </trkpt>
    <trkpt lat="49.055062" lon="22.769502">
      <ele>1168</ele>
      <time>2026-05-07T11:25:54Z</time>
    </trkpt>
    <trkpt lat="49.055187" lon="22.769431">
      <ele>1172</ele>
      <time>2026-05-07T11:26:18Z</time>
    </trkpt>
    <trkpt lat="49.055351" lon="22.769413">
      <ele>1178</ele>
      <time>2026-05-07T11:26:47Z</time>
    </trkpt>
    <trkpt lat="49.055437" lon="22.769357">
      <ele>1180</ele>
      <time>2026-05-07T11:27:03Z</time>
    </trkpt>
    <trkpt lat="49.055561" lon="22.769336">
      <ele>1183</ele>
      <time>2026-05-07T11:27:25Z</time>
    </trkpt>
    <trkpt lat="49.055661" lon="22.769268">
      <ele>1185</ele>
      <time>2026-05-07T11:27:44Z</time>
    </trkpt>
    <trkpt lat="49.055709" lon="22.769252">
      <ele>1186</ele>
      <time>2026-05-07T11:27:53Z</time>
    </trkpt>
    <trkpt lat="49.055754" lon="22.769247">
      <ele>1188</ele>
      <time>2026-05-07T11:28:01Z</time>
    </trkpt>
    <trkpt lat="49.055798" lon="22.769221">
      <ele>1188</ele>
      <time>2026-05-07T11:28:09Z</time>
    </trkpt>
    <trkpt lat="49.055849" lon="22.769198">
      <ele>1190</ele>
      <time>2026-05-07T11:28:18Z</time>
    </trkpt>
    <trkpt lat="49.055863" lon="22.769191">
      <ele>1190</ele>
      <time>2026-05-07T11:28:21Z</time>
    </trkpt>
    <trkpt lat="49.055873" lon="22.769179">
      <ele>1190</ele>
      <time>2026-05-07T11:28:23Z</time>
    </trkpt>
    <trkpt lat="49.055882" lon="22.769159">
      <ele>1191</ele>
      <time>2026-05-07T11:28:26Z</time>
    </trkpt>
    <trkpt lat="49.055895" lon="22.769134">
      <ele>1191</ele>
      <time>2026-05-07T11:28:29Z</time>
    </trkpt>
    <trkpt lat="49.055921" lon="22.769116">
      <ele>1192</ele>
      <time>2026-05-07T11:28:34Z</time>
    </trkpt>
    <trkpt lat="49.055938" lon="22.769115">
      <ele>1192</ele>
      <time>2026-05-07T11:28:37Z</time>
    </trkpt>
    <trkpt lat="49.05595" lon="22.76912">
      <ele>1192</ele>
      <time>2026-05-07T11:28:39Z</time>
    </trkpt>
    <trkpt lat="49.055974" lon="22.769135">
      <ele>1193</ele>
      <time>2026-05-07T11:28:44Z</time>
    </trkpt>
    <trkpt lat="49.055991" lon="22.769153">
      <ele>1194</ele>
      <time>2026-05-07T11:28:48Z</time>
    </trkpt>
    <trkpt lat="49.056004" lon="22.769178">
      <ele>1195</ele>
      <time>2026-05-07T11:28:51Z</time>
    </trkpt>
    <trkpt lat="49.056012" lon="22.769198">
      <ele>1195</ele>
      <time>2026-05-07T11:28:54Z</time>
    </trkpt>
    <trkpt lat="49.056019" lon="22.769205">
      <ele>1195</ele>
      <time>2026-05-07T11:28:56Z</time>
    </trkpt>
    <trkpt lat="49.056057" lon="22.769229">
      <ele>1196</ele>
      <time>2026-05-07T11:29:03Z</time>
    </trkpt>
    <trkpt lat="49.056076" lon="22.769257">
      <ele>1197</ele>
      <time>2026-05-07T11:29:08Z</time>
    </trkpt>
    <trkpt lat="49.056089" lon="22.769266">
      <ele>1198</ele>
      <time>2026-05-07T11:29:10Z</time>
    </trkpt>
    <trkpt lat="49.05616" lon="22.769283">
      <ele>1199</ele>
      <time>2026-05-07T11:29:23Z</time>
    </trkpt>
    <trkpt lat="49.05619" lon="22.769301">
      <ele>1199</ele>
      <time>2026-05-07T11:29:28Z</time>
    </trkpt>
    <trkpt lat="49.056219" lon="22.769326">
      <ele>1200</ele>
      <time>2026-05-07T11:29:34Z</time>
    </trkpt>
    <trkpt lat="49.056255" lon="22.76938">
      <ele>1200</ele>
      <time>2026-05-07T11:29:43Z</time>
    </trkpt>
    <trkpt lat="49.056303" lon="22.769426">
      <ele>1201</ele>
      <time>2026-05-07T11:29:52Z</time>
    </trkpt>
    <trkpt lat="49.056367" lon="22.769503">
      <ele>1202</ele>
      <time>2026-05-07T11:30:06Z</time>
    </trkpt>
    <trkpt lat="49.056472" lon="22.769577">
      <ele>1202</ele>
      <time>2026-05-07T11:30:26Z</time>
    </trkpt>
    <trkpt lat="49.056522" lon="22.769652">
      <ele>1202</ele>
      <time>2026-05-07T11:30:38Z</time>
    </trkpt>
    <trkpt lat="49.056591" lon="22.769717">
      <ele>1202</ele>
      <time>2026-05-07T11:30:52Z</time>
    </trkpt>
    <trkpt lat="49.056648" lon="22.769779">
      <ele>1202</ele>
      <time>2026-05-07T11:31:04Z</time>
    </trkpt>
    <trkpt lat="49.056722" lon="22.769816">
      <ele>1202</ele>
      <time>2026-05-07T11:31:17Z</time>
    </trkpt>
    <trkpt lat="49.056806" lon="22.769854">
      <ele>1203</ele>
      <time>2026-05-07T11:31:32Z</time>
    </trkpt>
    <trkpt lat="49.056883" lon="22.769905">
      <ele>1203</ele>
      <time>2026-05-07T11:31:47Z</time>
    </trkpt>
    <trkpt lat="49.057163" lon="22.770168">
      <ele>1210</ele>
      <time>2026-05-07T11:32:44Z</time>
    </trkpt>
    <trkpt lat="49.057293" lon="22.770163">
      <ele>1213</ele>
      <time>2026-05-07T11:33:06Z</time>
    </trkpt>
    <trkpt lat="49.05741" lon="22.770216">
      <ele>1215</ele>
      <time>2026-05-07T11:33:28Z</time>
    </trkpt>
    <trkpt lat="49.057603" lon="22.770418">
      <ele>1219</ele>
      <time>2026-05-07T11:34:08Z</time>
    </trkpt>
    <trkpt lat="49.057689" lon="22.770504">
      <ele>1220</ele>
      <time>2026-05-07T11:34:26Z</time>
    </trkpt>
    <trkpt lat="49.057745" lon="22.770561">
      <ele>1221</ele>
      <time>2026-05-07T11:34:37Z</time>
    </trkpt>
    <trkpt lat="49.057779" lon="22.770574">
      <ele>1221</ele>
      <time>2026-05-07T11:34:43Z</time>
    </trkpt>
    <trkpt lat="49.057809" lon="22.770561">
      <ele>1222</ele>
      <time>2026-05-07T11:34:49Z</time>
    </trkpt>
    <trkpt lat="49.057843" lon="22.770559">
      <ele>1222</ele>
      <time>2026-05-07T11:34:55Z</time>
    </trkpt>
    <trkpt lat="49.057905" lon="22.770568">
      <ele>1223</ele>
      <time>2026-05-07T11:35:05Z</time>
    </trkpt>
    <trkpt lat="49.057973" lon="22.770601">
      <ele>1224</ele>
      <time>2026-05-07T11:35:18Z</time>
    </trkpt>
    <trkpt lat="49.05804" lon="22.770619">
      <ele>1225</ele>
      <time>2026-05-07T11:35:29Z</time>
    </trkpt>
    <trkpt lat="49.058178" lon="22.770603">
      <ele>1228</ele>
      <time>2026-05-07T11:35:53Z</time>
    </trkpt>
    <trkpt lat="49.058305" lon="22.770582">
      <ele>1230</ele>
      <time>2026-05-07T11:36:15Z</time>
    </trkpt>
    <trkpt lat="49.058428" lon="22.770616">
      <ele>1231</ele>
      <time>2026-05-07T11:36:37Z</time>
    </trkpt>
    <trkpt lat="49.058535" lon="22.770605">
      <ele>1233</ele>
      <time>2026-05-07T11:36:55Z</time>
    </trkpt>
    <trkpt lat="49.058699" lon="22.770542">
      <ele>1235</ele>
      <time>2026-05-07T11:37:25Z</time>
    </trkpt>
    <trkpt lat="49.05875" lon="22.770512">
      <ele>1236</ele>
      <time>2026-05-07T11:37:34Z</time>
    </trkpt>
    <trkpt lat="49.058777" lon="22.770468">
      <ele>1236</ele>
      <time>2026-05-07T11:37:41Z</time>
    </trkpt>
    <trkpt lat="49.058861" lon="22.770351">
      <ele>1238</ele>
      <time>2026-05-07T11:38:00Z</time>
    </trkpt>
    <trkpt lat="49.058951" lon="22.770243">
      <ele>1238</ele>
      <time>2026-05-07T11:38:20Z</time>
    </trkpt>
    <trkpt lat="49.058992" lon="22.770203">
      <ele>1239</ele>
      <time>2026-05-07T11:38:28Z</time>
    </trkpt>
    <trkpt lat="49.059075" lon="22.770192">
      <ele>1239</ele>
      <time>2026-05-07T11:38:42Z</time>
    </trkpt>
    <trkpt lat="49.059203" lon="22.770194">
      <ele>1241</ele>
      <time>2026-05-07T11:39:04Z</time>
    </trkpt>
    <trkpt lat="49.059285" lon="22.77024">
      <ele>1242</ele>
      <time>2026-05-07T11:39:20Z</time>
    </trkpt>
    <trkpt lat="49.059343" lon="22.770287">
      <ele>1242</ele>
      <time>2026-05-07T11:39:31Z</time>
    </trkpt>
    <trkpt lat="49.059371" lon="22.770292">
      <ele>1243</ele>
      <time>2026-05-07T11:39:36Z</time>
    </trkpt>
    <trkpt lat="49.059388" lon="22.770289">
      <ele>1243</ele>
      <time>2026-05-07T11:39:39Z</time>
    </trkpt>
    <trkpt lat="49.059401" lon="22.770282">
      <ele>1243</ele>
      <time>2026-05-07T11:39:41Z</time>
    </trkpt>
    <trkpt lat="49.059422" lon="22.770245">
      <ele>1244</ele>
      <time>2026-05-07T11:39:47Z</time>
    </trkpt>
    <trkpt lat="49.05945" lon="22.770222">
      <ele>1244</ele>
      <time>2026-05-07T11:39:52Z</time>
    </trkpt>
    <trkpt lat="49.059476" lon="22.770214">
      <ele>1245</ele>
      <time>2026-05-07T11:39:57Z</time>
    </trkpt>
    <trkpt lat="49.059567" lon="22.7702">
      <ele>1246</ele>
      <time>2026-05-07T11:40:12Z</time>
    </trkpt>
    <trkpt lat="49.059613" lon="22.770185">
      <ele>1246</ele>
      <time>2026-05-07T11:40:20Z</time>
    </trkpt>
    <trkpt lat="49.059649" lon="22.770152">
      <ele>1247</ele>
      <time>2026-05-07T11:40:28Z</time>
    </trkpt>
    <trkpt lat="49.059672" lon="22.770142">
      <ele>1247</ele>
      <time>2026-05-07T11:40:32Z</time>
    </trkpt>
    <trkpt lat="49.059694" lon="22.77014">
      <ele>1248</ele>
      <time>2026-05-07T11:40:36Z</time>
    </trkpt>
    <trkpt lat="49.05973" lon="22.770114">
      <ele>1248</ele>
      <time>2026-05-07T11:40:42Z</time>
    </trkpt>
    <trkpt lat="49.059762" lon="22.770101">
      <ele>1248</ele>
      <time>2026-05-07T11:40:48Z</time>
    </trkpt>
    <trkpt lat="49.059797" lon="22.770085">
      <ele>1249</ele>
      <time>2026-05-07T11:40:54Z</time>
    </trkpt>
    <trkpt lat="49.059853" lon="22.770079">
      <ele>1249</ele>
      <time>2026-05-07T11:41:04Z</time>
    </trkpt>
    <trkpt lat="49.059923" lon="22.770098">
      <ele>1249</ele>
      <time>2026-05-07T11:41:16Z</time>
    </trkpt>
    <trkpt lat="49.060089" lon="22.770201">
      <ele>1249</ele>
      <time>2026-05-07T11:41:47Z</time>
    </trkpt>
    <trkpt lat="49.060217" lon="22.770289">
      <ele>1250</ele>
      <time>2026-05-07T11:42:11Z</time>
    </trkpt>
    <trkpt lat="49.060306" lon="22.770388">
      <ele>1251</ele>
      <time>2026-05-07T11:42:30Z</time>
    </trkpt>
    <trkpt lat="49.060352" lon="22.770421">
      <ele>1251</ele>
      <time>2026-05-07T11:42:38Z</time>
    </trkpt>
    <trkpt lat="49.060387" lon="22.770452">
      <ele>1251</ele>
      <time>2026-05-07T11:42:45Z</time>
    </trkpt>
    <trkpt lat="49.060448" lon="22.770481">
      <ele>1252</ele>
      <time>2026-05-07T11:42:56Z</time>
    </trkpt>
    <trkpt lat="49.060505" lon="22.770524">
      <ele>1253</ele>
      <time>2026-05-07T11:43:07Z</time>
    </trkpt>
    <trkpt lat="49.060608" lon="22.770604">
      <ele>1254</ele>
      <time>2026-05-07T11:43:27Z</time>
    </trkpt>
    <trkpt lat="49.060631" lon="22.770627">
      <ele>1254</ele>
      <time>2026-05-07T11:43:32Z</time>
    </trkpt>
    <trkpt lat="49.060667" lon="22.770629">
      <ele>1255</ele>
      <time>2026-05-07T11:43:38Z</time>
    </trkpt>
    <trkpt lat="49.060736" lon="22.770625">
      <ele>1256</ele>
      <time>2026-05-07T11:43:50Z</time>
    </trkpt>
    <trkpt lat="49.060869" lon="22.770596">
      <ele>1259</ele>
      <time>2026-05-07T11:44:13Z</time>
    </trkpt>
    <trkpt lat="49.060942" lon="22.770586">
      <ele>1261</ele>
      <time>2026-05-07T11:44:26Z</time>
    </trkpt>
    <trkpt lat="49.061007" lon="22.770591">
      <ele>1262</ele>
      <time>2026-05-07T11:44:37Z</time>
    </trkpt>
    <trkpt lat="49.061133" lon="22.770634">
      <ele>1264</ele>
      <time>2026-05-07T11:45:00Z</time>
    </trkpt>
    <trkpt lat="49.061234" lon="22.770635">
      <ele>1266</ele>
      <time>2026-05-07T11:45:17Z</time>
    </trkpt>
    <trkpt lat="49.061288" lon="22.770634">
      <ele>1267</ele>
      <time>2026-05-07T11:45:27Z</time>
    </trkpt>
    <trkpt lat="49.061311" lon="22.770615">
      <ele>1267</ele>
      <time>2026-05-07T11:45:31Z</time>
    </trkpt>
    <trkpt lat="49.061355" lon="22.770595">
      <ele>1268</ele>
      <time>2026-05-07T11:45:39Z</time>
    </trkpt>
    <trkpt lat="49.061417" lon="22.77059">
      <ele>1269</ele>
      <time>2026-05-07T11:45:50Z</time>
    </trkpt>
    <trkpt lat="49.061472" lon="22.770534">
      <ele>1270</ele>
      <time>2026-05-07T11:46:01Z</time>
    </trkpt>
    <trkpt lat="49.061526" lon="22.770519">
      <ele>1270</ele>
      <time>2026-05-07T11:46:11Z</time>
    </trkpt>
    <trkpt lat="49.061585" lon="22.770508">
      <ele>1270</ele>
      <time>2026-05-07T11:46:21Z</time>
    </trkpt>
    <trkpt lat="49.061635" lon="22.770511">
      <ele>1271</ele>
      <time>2026-05-07T11:46:29Z</time>
    </trkpt>
    <trkpt lat="49.061709" lon="22.770459">
      <ele>1271</ele>
      <time>2026-05-07T11:46:43Z</time>
    </trkpt>
    <trkpt lat="49.061772" lon="22.770448">
      <ele>1271</ele>
      <time>2026-05-07T11:46:54Z</time>
    </trkpt>
    <trkpt lat="49.061804" lon="22.77042">
      <ele>1271</ele>
      <time>2026-05-07T11:47:00Z</time>
    </trkpt>
    <trkpt lat="49.061836" lon="22.770394">
      <ele>1271</ele>
      <time>2026-05-07T11:47:07Z</time>
    </trkpt>
    <trkpt lat="49.061897" lon="22.770338">
      <ele>1271</ele>
      <time>2026-05-07T11:47:19Z</time>
    </trkpt>
    <trkpt lat="49.061941" lon="22.77031">
      <ele>1271</ele>
      <time>2026-05-07T11:47:27Z</time>
    </trkpt>
    <trkpt lat="49.062006" lon="22.770302">
      <ele>1270</ele>
      <time>2026-05-07T11:47:38Z</time>
    </trkpt>
    <trkpt lat="49.062057" lon="22.770291">
      <ele>1269</ele>
      <time>2026-05-07T11:47:47Z</time>
    </trkpt>
    <trkpt lat="49.062091" lon="22.770267">
      <ele>1269</ele>
      <time>2026-05-07T11:47:53Z</time>
    </trkpt>
    <trkpt lat="49.062139" lon="22.770214">
      <ele>1268</ele>
      <time>2026-05-07T11:48:04Z</time>
    </trkpt>
    <trkpt lat="49.06221" lon="22.770191">
      <ele>1267</ele>
      <time>2026-05-07T11:48:16Z</time>
    </trkpt>
    <trkpt lat="49.062286" lon="22.770184">
      <ele>1265</ele>
      <time>2026-05-07T11:48:29Z</time>
    </trkpt>
    <trkpt lat="49.062367" lon="22.770219">
      <ele>1264</ele>
      <time>2026-05-07T11:48:44Z</time>
    </trkpt>
    <trkpt lat="49.062442" lon="22.770262">
      <ele>1262</ele>
      <time>2026-05-07T11:48:58Z</time>
    </trkpt>
    <trkpt lat="49.062506" lon="22.770292">
      <ele>1261</ele>
      <time>2026-05-07T11:49:10Z</time>
    </trkpt>
    <trkpt lat="49.062609" lon="22.770258">
      <ele>1258</ele>
      <time>2026-05-07T11:49:28Z</time>
    </trkpt>
    <trkpt lat="49.062646" lon="22.770279">
      <ele>1257</ele>
      <time>2026-05-07T11:49:35Z</time>
    </trkpt>
    <trkpt lat="49.062685" lon="22.770302">
      <ele>1256</ele>
      <time>2026-05-07T11:49:42Z</time>
    </trkpt>
    <trkpt lat="49.06275" lon="22.77028">
      <ele>1255</ele>
      <time>2026-05-07T11:49:54Z</time>
    </trkpt>
    <trkpt lat="49.062866" lon="22.770196">
      <ele>1253</ele>
      <time>2026-05-07T11:50:16Z</time>
    </trkpt>
    <trkpt lat="49.062979" lon="22.770112">
      <ele>1251</ele>
      <time>2026-05-07T11:50:38Z</time>
    </trkpt>
    <trkpt lat="49.063096" lon="22.770051">
      <ele>1249</ele>
      <time>2026-05-07T11:50:59Z</time>
    </trkpt>
    <trkpt lat="49.063242" lon="22.769985">
      <ele>1247</ele>
      <time>2026-05-07T11:51:25Z</time>
    </trkpt>
    <trkpt lat="49.063358" lon="22.769935">
      <ele>1244</ele>
      <time>2026-05-07T11:51:46Z</time>
    </trkpt>
    <trkpt lat="49.063452" lon="22.769842">
      <ele>1243</ele>
      <time>2026-05-07T11:52:05Z</time>
    </trkpt>
    <trkpt lat="49.063539" lon="22.769801">
      <ele>1242</ele>
      <time>2026-05-07T11:52:21Z</time>
    </trkpt>
    <trkpt lat="49.063583" lon="22.769726">
      <ele>1242</ele>
      <time>2026-05-07T11:52:32Z</time>
    </trkpt>
    <trkpt lat="49.063637" lon="22.769682">
      <ele>1242</ele>
      <time>2026-05-07T11:52:43Z</time>
    </trkpt>
    <trkpt lat="49.063667" lon="22.769607">
      <ele>1241</ele>
      <time>2026-05-07T11:52:53Z</time>
    </trkpt>
    <trkpt lat="49.06375" lon="22.769583">
      <ele>1240</ele>
      <time>2026-05-07T11:53:07Z</time>
    </trkpt>
    <trkpt lat="49.063849" lon="22.769525">
      <ele>1239</ele>
      <time>2026-05-07T11:53:25Z</time>
    </trkpt>
    <trkpt lat="49.063958" lon="22.769421">
      <ele>1238</ele>
      <time>2026-05-07T11:53:47Z</time>
    </trkpt>
    <trkpt lat="49.064026" lon="22.769348">
      <ele>1236</ele>
      <time>2026-05-07T11:54:02Z</time>
    </trkpt>
    <trkpt lat="49.064077" lon="22.769323">
      <ele>1236</ele>
      <time>2026-05-07T11:54:11Z</time>
    </trkpt>
    <trkpt lat="49.064137" lon="22.769299">
      <ele>1235</ele>
      <time>2026-05-07T11:54:22Z</time>
    </trkpt>
    <trkpt lat="49.064185" lon="22.76925">
      <ele>1235</ele>
      <time>2026-05-07T11:54:32Z</time>
    </trkpt>
    <trkpt lat="49.06431" lon="22.769192">
      <ele>1235</ele>
      <time>2026-05-07T11:54:54Z</time>
    </trkpt>
    <trkpt lat="49.064371" lon="22.769139">
      <ele>1235</ele>
      <time>2026-05-07T11:55:06Z</time>
    </trkpt>
    <trkpt lat="49.06444" lon="22.769115">
      <ele>1235</ele>
      <time>2026-05-07T11:55:18Z</time>
    </trkpt>
    <trkpt lat="49.064518" lon="22.769129">
      <ele>1236</ele>
      <time>2026-05-07T11:55:32Z</time>
    </trkpt>
    <trkpt lat="49.064573" lon="22.769097">
      <ele>1236</ele>
      <time>2026-05-07T11:55:42Z</time>
    </trkpt>
    <trkpt lat="49.064637" lon="22.769064">
      <ele>1236</ele>
      <time>2026-05-07T11:55:53Z</time>
    </trkpt>
    <trkpt lat="49.064699" lon="22.769016">
      <ele>1235</ele>
      <time>2026-05-07T11:56:05Z</time>
    </trkpt>
    <trkpt lat="49.064739" lon="22.769034">
      <ele>1235</ele>
      <time>2026-05-07T11:56:12Z</time>
    </trkpt>
    <trkpt lat="49.064793" lon="22.769076">
      <ele>1235</ele>
      <time>2026-05-07T11:56:23Z</time>
    </trkpt>
    <trkpt lat="49.064864" lon="22.769089">
      <ele>1235</ele>
      <time>2026-05-07T11:56:35Z</time>
    </trkpt>
    <trkpt lat="49.064969" lon="22.769076">
      <ele>1234</ele>
      <time>2026-05-07T11:56:53Z</time>
    </trkpt>
    <trkpt lat="49.065075" lon="22.769065">
      <ele>1233</ele>
      <time>2026-05-07T11:57:11Z</time>
    </trkpt>
    <trkpt lat="49.065189" lon="22.769006">
      <ele>1231</ele>
      <time>2026-05-07T11:57:32Z</time>
    </trkpt>
    <trkpt lat="49.06529" lon="22.76897">
      <ele>1231</ele>
      <time>2026-05-07T11:57:50Z</time>
    </trkpt>
    <trkpt lat="49.065341" lon="22.768943">
      <ele>1231</ele>
      <time>2026-05-07T11:57:59Z</time>
    </trkpt>
    <trkpt lat="49.065423" lon="22.768898">
      <ele>1231</ele>
      <time>2026-05-07T11:58:14Z</time>
    </trkpt>
    <trkpt lat="49.065516" lon="22.768856">
      <ele>1231</ele>
      <time>2026-05-07T11:58:30Z</time>
    </trkpt>
    <trkpt lat="49.065543" lon="22.76881">
      <ele>1231</ele>
      <time>2026-05-07T11:58:37Z</time>
    </trkpt>
    <trkpt lat="49.065577" lon="22.768761">
      <ele>1230</ele>
      <time>2026-05-07T11:58:45Z</time>
    </trkpt>
    <trkpt lat="49.065657" lon="22.768724">
      <ele>1230</ele>
      <time>2026-05-07T11:58:59Z</time>
    </trkpt>
    <trkpt lat="49.065719" lon="22.768642">
      <ele>1230</ele>
      <time>2026-05-07T11:59:14Z</time>
    </trkpt>
    <trkpt lat="49.06576" lon="22.768619">
      <ele>1230</ele>
      <time>2026-05-07T11:59:21Z</time>
    </trkpt>
    <trkpt lat="49.065802" lon="22.768607">
      <ele>1230</ele>
      <time>2026-05-07T11:59:28Z</time>
    </trkpt>
    <trkpt lat="49.065819" lon="22.768575">
      <ele>1230</ele>
      <time>2026-05-07T11:59:33Z</time>
    </trkpt>
    <trkpt lat="49.065847" lon="22.768519">
      <ele>1229</ele>
      <time>2026-05-07T11:59:41Z</time>
    </trkpt>
    <trkpt lat="49.06588" lon="22.768496">
      <ele>1229</ele>
      <time>2026-05-07T11:59:47Z</time>
    </trkpt>
    <trkpt lat="49.065912" lon="22.768495">
      <ele>1229</ele>
      <time>2026-05-07T11:59:53Z</time>
    </trkpt>
    <trkpt lat="49.065952" lon="22.76846">
      <ele>1228</ele>
      <time>2026-05-07T12:00:00Z</time>
    </trkpt>
    <trkpt lat="49.06605" lon="22.768375">
      <ele>1228</ele>
      <time>2026-05-07T12:00:20Z</time>
    </trkpt>
    <trkpt lat="49.066082" lon="22.76842">
      <ele>1228</ele>
      <time>2026-05-07T12:00:27Z</time>
    </trkpt>
    <trkpt lat="49.066165" lon="22.768435">
      <ele>1227</ele>
      <time>2026-05-07T12:00:42Z</time>
    </trkpt>
    <trkpt lat="49.066217" lon="22.768468">
      <ele>1226</ele>
      <time>2026-05-07T12:00:51Z</time>
    </trkpt>
    <trkpt lat="49.066271" lon="22.768464">
      <ele>1226</ele>
      <time>2026-05-07T12:01:01Z</time>
    </trkpt>
    <trkpt lat="49.06632" lon="22.76851">
      <ele>1225</ele>
      <time>2026-05-07T12:01:10Z</time>
    </trkpt>
    <trkpt lat="49.06636" lon="22.768546">
      <ele>1224</ele>
      <time>2026-05-07T12:01:18Z</time>
    </trkpt>
    <trkpt lat="49.066421" lon="22.768564">
      <ele>1224</ele>
      <time>2026-05-07T12:01:29Z</time>
    </trkpt>
    <trkpt lat="49.06648" lon="22.768613">
      <ele>1223</ele>
      <time>2026-05-07T12:01:41Z</time>
    </trkpt>
    <trkpt lat="49.066549" lon="22.768633">
      <ele>1222</ele>
      <time>2026-05-07T12:01:53Z</time>
    </trkpt>
    <trkpt lat="49.066583" lon="22.768656">
      <ele>1221</ele>
      <time>2026-05-07T12:01:59Z</time>
    </trkpt>
    <trkpt lat="49.066654" lon="22.768678">
      <ele>1220</ele>
      <time>2026-05-07T12:02:12Z</time>
    </trkpt>
    <trkpt lat="49.066752" lon="22.768677">
      <ele>1220</ele>
      <time>2026-05-07T12:02:28Z</time>
    </trkpt>
    <trkpt lat="49.066798" lon="22.768695">
      <ele>1220</ele>
      <time>2026-05-07T12:02:37Z</time>
    </trkpt>
    <trkpt lat="49.066853" lon="22.768703">
      <ele>1221</ele>
      <time>2026-05-07T12:02:46Z</time>
    </trkpt>
    <trkpt lat="49.066908" lon="22.768716">
      <ele>1221</ele>
      <time>2026-05-07T12:02:56Z</time>
    </trkpt>
    <trkpt lat="49.066971" lon="22.76873">
      <ele>1222</ele>
      <time>2026-05-07T12:03:06Z</time>
    </trkpt>
    <trkpt lat="49.066999" lon="22.768745">
      <ele>1222</ele>
      <time>2026-05-07T12:03:12Z</time>
    </trkpt>
    <trkpt lat="49.067022" lon="22.768764">
      <ele>1222</ele>
      <time>2026-05-07T12:03:16Z</time>
    </trkpt>
    <trkpt lat="49.06706" lon="22.768771">
      <ele>1223</ele>
      <time>2026-05-07T12:03:23Z</time>
    </trkpt>
    <trkpt lat="49.067128" lon="22.768765">
      <ele>1223</ele>
      <time>2026-05-07T12:03:34Z</time>
    </trkpt>
    <trkpt lat="49.067173" lon="22.768779">
      <ele>1224</ele>
      <time>2026-05-07T12:03:42Z</time>
    </trkpt>
    <trkpt lat="49.067275" lon="22.768779">
      <ele>1225</ele>
      <time>2026-05-07T12:04:00Z</time>
    </trkpt>
    <trkpt lat="49.06743" lon="22.768803">
      <ele>1226</ele>
      <time>2026-05-07T12:04:26Z</time>
    </trkpt>
    <trkpt lat="49.067488" lon="22.76882">
      <ele>1226</ele>
      <time>2026-05-07T12:04:37Z</time>
    </trkpt>
    <trkpt lat="49.067547" lon="22.768824">
      <ele>1227</ele>
      <time>2026-05-07T12:04:47Z</time>
    </trkpt>
    <trkpt lat="49.067689" lon="22.768809">
      <ele>1227</ele>
      <time>2026-05-07T12:05:11Z</time>
    </trkpt>
    <trkpt lat="49.067744" lon="22.768832">
      <ele>1228</ele>
      <time>2026-05-07T12:05:21Z</time>
    </trkpt>
    <trkpt lat="49.067814" lon="22.768834">
      <ele>1229</ele>
      <time>2026-05-07T12:05:33Z</time>
    </trkpt>
    <trkpt lat="49.067837" lon="22.768823">
      <ele>1229</ele>
      <time>2026-05-07T12:05:37Z</time>
    </trkpt>
    <trkpt lat="49.067866" lon="22.768825">
      <ele>1230</ele>
      <time>2026-05-07T12:05:42Z</time>
    </trkpt>
    <trkpt lat="49.067966" lon="22.768858">
      <ele>1232</ele>
      <time>2026-05-07T12:06:00Z</time>
    </trkpt>
    <trkpt lat="49.068108" lon="22.76888">
      <ele>1235</ele>
      <time>2026-05-07T12:06:25Z</time>
    </trkpt>
    <trkpt lat="49.068138" lon="22.768868">
      <ele>1236</ele>
      <time>2026-05-07T12:06:30Z</time>
    </trkpt>
    <trkpt lat="49.068188" lon="22.768899">
      <ele>1238</ele>
      <time>2026-05-07T12:06:40Z</time>
    </trkpt>
    <trkpt lat="49.068256" lon="22.768912">
      <ele>1240</ele>
      <time>2026-05-07T12:06:52Z</time>
    </trkpt>
    <trkpt lat="49.068326" lon="22.768912">
      <ele>1242</ele>
      <time>2026-05-07T12:07:04Z</time>
    </trkpt>
    <trkpt lat="49.068446" lon="22.768932">
      <ele>1243</ele>
      <time>2026-05-07T12:07:25Z</time>
    </trkpt>
    <trkpt lat="49.068545" lon="22.768948">
      <ele>1245</ele>
      <time>2026-05-07T12:07:42Z</time>
    </trkpt>
    <trkpt lat="49.068645" lon="22.768946">
      <ele>1246</ele>
      <time>2026-05-07T12:07:59Z</time>
    </trkpt>
    <trkpt lat="49.068712" lon="22.768931">
      <ele>1247</ele>
      <time>2026-05-07T12:08:11Z</time>
    </trkpt>
    <trkpt lat="49.068797" lon="22.768956">
      <ele>1249</ele>
      <time>2026-05-07T12:08:26Z</time>
    </trkpt>
    <trkpt lat="49.068888" lon="22.768937">
      <ele>1250</ele>
      <time>2026-05-07T12:08:42Z</time>
    </trkpt>
    <trkpt lat="49.068963" lon="22.768916">
      <ele>1252</ele>
      <time>2026-05-07T12:08:55Z</time>
    </trkpt>
    <trkpt lat="49.069011" lon="22.768953">
      <ele>1253</ele>
      <time>2026-05-07T12:09:05Z</time>
    </trkpt>
    <trkpt lat="49.069051" lon="22.768962">
      <ele>1254</ele>
      <time>2026-05-07T12:09:12Z</time>
    </trkpt>
    <trkpt lat="49.069083" lon="22.768957">
      <ele>1255</ele>
      <time>2026-05-07T12:09:17Z</time>
    </trkpt>
    <trkpt lat="49.069166" lon="22.768965">
      <ele>1257</ele>
      <time>2026-05-07T12:09:32Z</time>
    </trkpt>
    <trkpt lat="49.069271" lon="22.768955">
      <ele>1259</ele>
      <time>2026-05-07T12:09:50Z</time>
    </trkpt>
    <trkpt lat="49.069362" lon="22.768987">
      <ele>1261</ele>
      <time>2026-05-07T12:10:06Z</time>
    </trkpt>
    <trkpt lat="49.069428" lon="22.768965">
      <ele>1263</ele>
      <time>2026-05-07T12:10:18Z</time>
    </trkpt>
    <trkpt lat="49.069499" lon="22.76895">
      <ele>1264</ele>
      <time>2026-05-07T12:10:31Z</time>
    </trkpt>
    <trkpt lat="49.069581" lon="22.76895">
      <ele>1266</ele>
      <time>2026-05-07T12:10:45Z</time>
    </trkpt>
    <trkpt lat="49.069673" lon="22.7689">
      <ele>1268</ele>
      <time>2026-05-07T12:11:02Z</time>
    </trkpt>
    <trkpt lat="49.069748" lon="22.768917">
      <ele>1269</ele>
      <time>2026-05-07T12:11:15Z</time>
    </trkpt>
    <trkpt lat="49.069848" lon="22.768902">
      <ele>1271</ele>
      <time>2026-05-07T12:11:33Z</time>
    </trkpt>
    <trkpt lat="49.069946" lon="22.768921">
      <ele>1273</ele>
      <time>2026-05-07T12:11:50Z</time>
    </trkpt>
    <trkpt lat="49.070061" lon="22.768866">
      <ele>1275</ele>
      <time>2026-05-07T12:12:11Z</time>
    </trkpt>
    <trkpt lat="49.070128" lon="22.768841">
      <ele>1277</ele>
      <time>2026-05-07T12:12:23Z</time>
    </trkpt>
    <trkpt lat="49.070199" lon="22.768822">
      <ele>1278</ele>
      <time>2026-05-07T12:12:35Z</time>
    </trkpt>
    <trkpt lat="49.070263" lon="22.768789">
      <ele>1280</ele>
      <time>2026-05-07T12:12:47Z</time>
    </trkpt>
    <trkpt lat="49.070326" lon="22.768781">
      <ele>1281</ele>
      <time>2026-05-07T12:12:58Z</time>
    </trkpt>
    <trkpt lat="49.070439" lon="22.768765">
      <ele>1283</ele>
      <time>2026-05-07T12:13:18Z</time>
    </trkpt>
    <trkpt lat="49.070722" lon="22.768679">
      <ele>1290</ele>
      <time>2026-05-07T12:14:08Z</time>
    </trkpt>
    <trkpt lat="49.070833" lon="22.768714">
      <ele>1292</ele>
      <time>2026-05-07T12:14:28Z</time>
    </trkpt>
    <trkpt lat="49.070949" lon="22.76872">
      <ele>1296</ele>
      <time>2026-05-07T12:14:48Z</time>
    </trkpt>
    <trkpt lat="49.071066" lon="22.768726">
      <ele>1299</ele>
      <time>2026-05-07T12:15:09Z</time>
    </trkpt>
    <trkpt lat="49.071236" lon="22.768754">
      <ele>1304</ele>
      <time>2026-05-07T12:15:39Z</time>
    </trkpt>
    <trkpt lat="49.071376" lon="22.768781">
      <ele>1308</ele>
      <time>2026-05-07T12:16:04Z</time>
    </trkpt>
    <trkpt lat="49.071518" lon="22.768785">
      <ele>1311</ele>
      <time>2026-05-07T12:16:29Z</time>
    </trkpt>
    <trkpt lat="49.071562" lon="22.76879">
      <ele>1312</ele>
      <time>2026-05-07T12:16:36Z</time>
    </trkpt>
    <trkpt lat="49.071607" lon="22.768783">
      <ele>1313</ele>
      <time>2026-05-07T12:16:44Z</time>
    </trkpt>
    <trkpt lat="49.071695" lon="22.76878">
      <ele>1316</ele>
      <time>2026-05-07T12:17:00Z</time>
    </trkpt>
    <trkpt lat="49.071767" lon="22.768758">
      <ele>1320</ele>
      <time>2026-05-07T12:17:14Z</time>
    </trkpt>
    <trkpt lat="49.071833" lon="22.76875">
      <ele>1323</ele>
      <time>2026-05-07T12:17:26Z</time>
    </trkpt>
    <trkpt lat="49.07188" lon="22.768749">
      <ele>1325</ele>
      <time>2026-05-07T12:17:35Z</time>
    </trkpt>
    <trkpt lat="49.071924" lon="22.768769">
      <ele>1327</ele>
      <time>2026-05-07T12:17:44Z</time>
    </trkpt>
    <trkpt lat="49.071971" lon="22.768768">
      <ele>1329</ele>
      <time>2026-05-07T12:17:52Z</time>
    </trkpt>
    <trkpt lat="49.072082" lon="22.768789">
      <ele>1333</ele>
      <time>2026-05-07T12:18:12Z</time>
    </trkpt>
    <trkpt lat="49.072114" lon="22.768761">
      <ele>1332</ele>
      <time>2026-05-07T12:18:16Z</time>
    </trkpt>
    <trkpt lat="49.072183" lon="22.7687">
      <ele>1330</ele>
      <time>2026-05-07T12:18:25Z</time>
    </trkpt>
    <trkpt lat="49.072309" lon="22.76862">
      <ele>1326</ele>
      <time>2026-05-07T12:18:40Z</time>
    </trkpt>
    <trkpt lat="49.072536" lon="22.768521">
      <ele>1317</ele>
      <time>2026-05-07T12:19:06Z</time>
    </trkpt>
    <trkpt lat="49.072771" lon="22.768366">
      <ele>1310</ele>
      <time>2026-05-07T12:19:34Z</time>
    </trkpt>
    <trkpt lat="49.073088" lon="22.768191">
      <ele>1303</ele>
      <time>2026-05-07T12:20:11Z</time>
    </trkpt>
    <trkpt lat="49.073244" lon="22.768116">
      <ele>1299</ele>
      <time>2026-05-07T12:20:28Z</time>
    </trkpt>
    <trkpt lat="49.073486" lon="22.767896">
      <ele>1292</ele>
      <time>2026-05-07T12:20:59Z</time>
    </trkpt>
    <trkpt lat="49.074214" lon="22.767301">
      <ele>1282</ele>
      <time>2026-05-07T12:22:27Z</time>
    </trkpt>
    <trkpt lat="49.074397" lon="22.76714">
      <ele>1280</ele>
      <time>2026-05-07T12:22:50Z</time>
    </trkpt>
    <trkpt lat="49.074463" lon="22.767069">
      <ele>1279</ele>
      <time>2026-05-07T12:22:59Z</time>
    </trkpt>
    <trkpt lat="49.074497" lon="22.767028">
      <ele>1278</ele>
      <time>2026-05-07T12:23:03Z</time>
    </trkpt>
    <trkpt lat="49.074579" lon="22.766979">
      <ele>1277</ele>
      <time>2026-05-07T12:23:13Z</time>
    </trkpt>
    <trkpt lat="49.074727" lon="22.766872">
      <ele>1274</ele>
      <time>2026-05-07T12:23:30Z</time>
    </trkpt>
    <trkpt lat="49.074816" lon="22.766826">
      <ele>1274</ele>
      <time>2026-05-07T12:23:40Z</time>
    </trkpt>
    <trkpt lat="49.075015" lon="22.766708">
      <ele>1273</ele>
      <time>2026-05-07T12:24:03Z</time>
    </trkpt>
    <trkpt lat="49.075377" lon="22.76648">
      <ele>1272</ele>
      <time>2026-05-07T12:24:45Z</time>
    </trkpt>
    <trkpt lat="49.075461" lon="22.766445">
      <ele>1272</ele>
      <time>2026-05-07T12:24:54Z</time>
    </trkpt>
    <trkpt lat="49.075546" lon="22.766451">
      <ele>1271</ele>
      <time>2026-05-07T12:25:03Z</time>
    </trkpt>
    <trkpt lat="49.075718" lon="22.766373">
      <ele>1269</ele>
      <time>2026-05-07T12:25:22Z</time>
    </trkpt>
    <trkpt lat="49.075834" lon="22.766274">
      <ele>1267</ele>
      <time>2026-05-07T12:25:36Z</time>
    </trkpt>
    <trkpt lat="49.075916" lon="22.766204">
      <ele>1265</ele>
      <time>2026-05-07T12:25:47Z</time>
    </trkpt>
    <trkpt lat="49.076008" lon="22.766177">
      <ele>1264</ele>
      <time>2026-05-07T12:25:57Z</time>
    </trkpt>
    <trkpt lat="49.076078" lon="22.766145">
      <ele>1263</ele>
      <time>2026-05-07T12:26:04Z</time>
    </trkpt>
    <trkpt lat="49.076131" lon="22.766107">
      <ele>1263</ele>
      <time>2026-05-07T12:26:11Z</time>
    </trkpt>
    <trkpt lat="49.076219" lon="22.766088">
      <ele>1261</ele>
      <time>2026-05-07T12:26:20Z</time>
    </trkpt>
    <trkpt lat="49.076284" lon="22.76608">
      <ele>1260</ele>
      <time>2026-05-07T12:26:27Z</time>
    </trkpt>
    <trkpt lat="49.076331" lon="22.766047">
      <ele>1260</ele>
      <time>2026-05-07T12:26:33Z</time>
    </trkpt>
    <trkpt lat="49.076355" lon="22.766046">
      <ele>1259</ele>
      <time>2026-05-07T12:26:35Z</time>
    </trkpt>
    <trkpt lat="49.076367" lon="22.766037">
      <ele>1259</ele>
      <time>2026-05-07T12:26:37Z</time>
    </trkpt>
    <trkpt lat="49.076381" lon="22.766014">
      <ele>1259</ele>
      <time>2026-05-07T12:26:39Z</time>
    </trkpt>
    <trkpt lat="49.076419" lon="22.765973">
      <ele>1258</ele>
      <time>2026-05-07T12:26:44Z</time>
    </trkpt>
    <trkpt lat="49.076463" lon="22.76597">
      <ele>1258</ele>
      <time>2026-05-07T12:26:49Z</time>
    </trkpt>
    <trkpt lat="49.076514" lon="22.765938">
      <ele>1257</ele>
      <time>2026-05-07T12:26:54Z</time>
    </trkpt>
    <trkpt lat="49.07657" lon="22.765941">
      <ele>1257</ele>
      <time>2026-05-07T12:27:00Z</time>
    </trkpt>
    <trkpt lat="49.076687" lon="22.765898">
      <ele>1256</ele>
      <time>2026-05-07T12:27:13Z</time>
    </trkpt>
    <trkpt lat="49.076731" lon="22.76588">
      <ele>1256</ele>
      <time>2026-05-07T12:27:18Z</time>
    </trkpt>
    <trkpt lat="49.076815" lon="22.765899">
      <ele>1256</ele>
      <time>2026-05-07T12:27:27Z</time>
    </trkpt>
    <trkpt lat="49.07683" lon="22.765908">
      <ele>1256</ele>
      <time>2026-05-07T12:27:29Z</time>
    </trkpt>
    <trkpt lat="49.076868" lon="22.765998">
      <ele>1256</ele>
      <time>2026-05-07T12:27:36Z</time>
    </trkpt>
    <trkpt lat="49.076885" lon="22.766017">
      <ele>1256</ele>
      <time>2026-05-07T12:27:38Z</time>
    </trkpt>
    <trkpt lat="49.076913" lon="22.766027">
      <ele>1256</ele>
      <time>2026-05-07T12:27:42Z</time>
    </trkpt>
    <trkpt lat="49.077009" lon="22.766021">
      <ele>1255</ele>
      <time>2026-05-07T12:27:52Z</time>
    </trkpt>
    <trkpt lat="49.077081" lon="22.766041">
      <ele>1255</ele>
      <time>2026-05-07T12:28:00Z</time>
    </trkpt>
    <trkpt lat="49.077221" lon="22.766054">
      <ele>1255</ele>
      <time>2026-05-07T12:28:14Z</time>
    </trkpt>
    <trkpt lat="49.077253" lon="22.766065">
      <ele>1255</ele>
      <time>2026-05-07T12:28:18Z</time>
    </trkpt>
    <trkpt lat="49.077296" lon="22.766079">
      <ele>1255</ele>
      <time>2026-05-07T12:28:23Z</time>
    </trkpt>
    <trkpt lat="49.07734" lon="22.766089">
      <ele>1255</ele>
      <time>2026-05-07T12:28:27Z</time>
    </trkpt>
    <trkpt lat="49.077372" lon="22.766095">
      <ele>1254</ele>
      <time>2026-05-07T12:28:31Z</time>
    </trkpt>
    <trkpt lat="49.077384" lon="22.766101">
      <ele>1254</ele>
      <time>2026-05-07T12:28:32Z</time>
    </trkpt>
    <trkpt lat="49.077424" lon="22.766121">
      <ele>1254</ele>
      <time>2026-05-07T12:28:37Z</time>
    </trkpt>
    <trkpt lat="49.077489" lon="22.766141">
      <ele>1254</ele>
      <time>2026-05-07T12:28:44Z</time>
    </trkpt>
    <trkpt lat="49.07751" lon="22.76615">
      <ele>1254</ele>
      <time>2026-05-07T12:28:46Z</time>
    </trkpt>
    <trkpt lat="49.077526" lon="22.766178">
      <ele>1253</ele>
      <time>2026-05-07T12:28:49Z</time>
    </trkpt>
    <trkpt lat="49.07755" lon="22.766213">
      <ele>1253</ele>
      <time>2026-05-07T12:28:52Z</time>
    </trkpt>
    <trkpt lat="49.077642" lon="22.766233">
      <ele>1253</ele>
      <time>2026-05-07T12:29:02Z</time>
    </trkpt>
    <trkpt lat="49.077717" lon="22.766221">
      <ele>1253</ele>
      <time>2026-05-07T12:29:10Z</time>
    </trkpt>
    <trkpt lat="49.077805" lon="22.766254">
      <ele>1252</ele>
      <time>2026-05-07T12:29:20Z</time>
    </trkpt>
    <trkpt lat="49.077872" lon="22.766266">
      <ele>1252</ele>
      <time>2026-05-07T12:29:27Z</time>
    </trkpt>
    <trkpt lat="49.077922" lon="22.766255">
      <ele>1252</ele>
      <time>2026-05-07T12:29:32Z</time>
    </trkpt>
    <trkpt lat="49.078002" lon="22.766209">
      <ele>1251</ele>
      <time>2026-05-07T12:29:41Z</time>
    </trkpt>
    <trkpt lat="49.07803" lon="22.766184">
      <ele>1251</ele>
      <time>2026-05-07T12:29:45Z</time>
    </trkpt>
    <trkpt lat="49.078142" lon="22.766129">
      <ele>1251</ele>
      <time>2026-05-07T12:29:57Z</time>
    </trkpt>
    <trkpt lat="49.078204" lon="22.766064">
      <ele>1251</ele>
      <time>2026-05-07T12:30:05Z</time>
    </trkpt>
    <trkpt lat="49.078236" lon="22.76603">
      <ele>1251</ele>
      <time>2026-05-07T12:30:09Z</time>
    </trkpt>
    <trkpt lat="49.078259" lon="22.766024">
      <ele>1251</ele>
      <time>2026-05-07T12:30:12Z</time>
    </trkpt>
    <trkpt lat="49.07829" lon="22.766031">
      <ele>1251</ele>
      <time>2026-05-07T12:30:15Z</time>
    </trkpt>
    <trkpt lat="49.07832" lon="22.765982">
      <ele>1251</ele>
      <time>2026-05-07T12:30:20Z</time>
    </trkpt>
    <trkpt lat="49.078355" lon="22.765963">
      <ele>1251</ele>
      <time>2026-05-07T12:30:24Z</time>
    </trkpt>
    <trkpt lat="49.078376" lon="22.765964">
      <ele>1251</ele>
      <time>2026-05-07T12:30:26Z</time>
    </trkpt>
    <trkpt lat="49.078401" lon="22.765958">
      <ele>1251</ele>
      <time>2026-05-07T12:30:29Z</time>
    </trkpt>
    <trkpt lat="49.078465" lon="22.765923">
      <ele>1252</ele>
      <time>2026-05-07T12:30:36Z</time>
    </trkpt>
    <trkpt lat="49.078552" lon="22.76582">
      <ele>1252</ele>
      <time>2026-05-07T12:30:48Z</time>
    </trkpt>
    <trkpt lat="49.078605" lon="22.765763">
      <ele>1252</ele>
      <time>2026-05-07T12:30:55Z</time>
    </trkpt>
    <trkpt lat="49.078663" lon="22.765717">
      <ele>1251</ele>
      <time>2026-05-07T12:31:02Z</time>
    </trkpt>
    <trkpt lat="49.078724" lon="22.765682">
      <ele>1251</ele>
      <time>2026-05-07T12:31:09Z</time>
    </trkpt>
    <trkpt lat="49.078757" lon="22.765632">
      <ele>1250</ele>
      <time>2026-05-07T12:31:13Z</time>
    </trkpt>
    <trkpt lat="49.078788" lon="22.765553">
      <ele>1250</ele>
      <time>2026-05-07T12:31:20Z</time>
    </trkpt>
    <trkpt lat="49.0788" lon="22.765497">
      <ele>1249</ele>
      <time>2026-05-07T12:31:24Z</time>
    </trkpt>
    <trkpt lat="49.078871" lon="22.765365">
      <ele>1248</ele>
      <time>2026-05-07T12:31:36Z</time>
    </trkpt>
    <trkpt lat="49.078898" lon="22.765277">
      <ele>1247</ele>
      <time>2026-05-07T12:31:43Z</time>
    </trkpt>
    <trkpt lat="49.078933" lon="22.765209">
      <ele>1246</ele>
      <time>2026-05-07T12:31:49Z</time>
    </trkpt>
    <trkpt lat="49.078951" lon="22.765149">
      <ele>1246</ele>
      <time>2026-05-07T12:31:53Z</time>
    </trkpt>
    <trkpt lat="49.078984" lon="22.765045">
      <ele>1245</ele>
      <time>2026-05-07T12:32:02Z</time>
    </trkpt>
    <trkpt lat="49.079063" lon="22.764842">
      <ele>1243</ele>
      <time>2026-05-07T12:32:18Z</time>
    </trkpt>
    <trkpt lat="49.079118" lon="22.764642">
      <ele>1242</ele>
      <time>2026-05-07T12:32:33Z</time>
    </trkpt>
    <trkpt lat="49.079151" lon="22.76452">
      <ele>1241</ele>
      <time>2026-05-07T12:32:42Z</time>
    </trkpt>
    <trkpt lat="49.079188" lon="22.764434">
      <ele>1240</ele>
      <time>2026-05-07T12:32:50Z</time>
    </trkpt>
    <trkpt lat="49.079201" lon="22.764358">
      <ele>1239</ele>
      <time>2026-05-07T12:32:55Z</time>
    </trkpt>
    <trkpt lat="49.07925" lon="22.764209">
      <ele>1238</ele>
      <time>2026-05-07T12:33:07Z</time>
    </trkpt>
    <trkpt lat="49.079288" lon="22.764022">
      <ele>1237</ele>
      <time>2026-05-07T12:33:21Z</time>
    </trkpt>
    <trkpt lat="49.079314" lon="22.763961">
      <ele>1237</ele>
      <time>2026-05-07T12:33:26Z</time>
    </trkpt>
    <trkpt lat="49.079327" lon="22.763909">
      <ele>1237</ele>
      <time>2026-05-07T12:33:29Z</time>
    </trkpt>
    <trkpt lat="49.079397" lon="22.763712">
      <ele>1236</ele>
      <time>2026-05-07T12:33:45Z</time>
    </trkpt>
    <trkpt lat="49.079458" lon="22.763591">
      <ele>1235</ele>
      <time>2026-05-07T12:33:56Z</time>
    </trkpt>
    <trkpt lat="49.079656" lon="22.763359">
      <ele>1234</ele>
      <time>2026-05-07T12:34:22Z</time>
    </trkpt>
    <trkpt lat="49.079753" lon="22.763213">
      <ele>1233</ele>
      <time>2026-05-07T12:34:37Z</time>
    </trkpt>
    <trkpt lat="49.079836" lon="22.763117">
      <ele>1233</ele>
      <time>2026-05-07T12:34:48Z</time>
    </trkpt>
    <trkpt lat="49.079906" lon="22.76298">
      <ele>1233</ele>
      <time>2026-05-07T12:35:00Z</time>
    </trkpt>
    <trkpt lat="49.080017" lon="22.762733">
      <ele>1233</ele>
      <time>2026-05-07T12:35:21Z</time>
    </trkpt>
    <trkpt lat="49.0801" lon="22.762458">
      <ele>1233</ele>
      <time>2026-05-07T12:35:42Z</time>
    </trkpt>
    <trkpt lat="49.080221" lon="22.761955">
      <ele>1231</ele>
      <time>2026-05-07T12:36:19Z</time>
    </trkpt>
    <trkpt lat="49.080334" lon="22.761578">
      <ele>1232</ele>
      <time>2026-05-07T12:36:48Z</time>
    </trkpt>
    <trkpt lat="49.080351" lon="22.76148">
      <ele>1233</ele>
      <time>2026-05-07T12:36:55Z</time>
    </trkpt>
    <trkpt lat="49.080358" lon="22.761378">
      <ele>1233</ele>
      <time>2026-05-07T12:37:02Z</time>
    </trkpt>
    <trkpt lat="49.080368" lon="22.761293">
      <ele>1233</ele>
      <time>2026-05-07T12:37:08Z</time>
    </trkpt>
    <trkpt lat="49.08036" lon="22.761218">
      <ele>1233</ele>
      <time>2026-05-07T12:37:14Z</time>
    </trkpt>
    <trkpt lat="49.080372" lon="22.761158">
      <ele>1233</ele>
      <time>2026-05-07T12:37:18Z</time>
    </trkpt>
    <trkpt lat="49.080376" lon="22.761094">
      <ele>1234</ele>
      <time>2026-05-07T12:37:23Z</time>
    </trkpt>
    <trkpt lat="49.08037" lon="22.761027">
      <ele>1234</ele>
      <time>2026-05-07T12:37:27Z</time>
    </trkpt>
    <trkpt lat="49.080389" lon="22.760923">
      <ele>1234</ele>
      <time>2026-05-07T12:37:35Z</time>
    </trkpt>
    <trkpt lat="49.080397" lon="22.760863">
      <ele>1235</ele>
      <time>2026-05-07T12:37:39Z</time>
    </trkpt>
    <trkpt lat="49.080382" lon="22.760802">
      <ele>1235</ele>
      <time>2026-05-07T12:37:44Z</time>
    </trkpt>
    <trkpt lat="49.080356" lon="22.760464">
      <ele>1236</ele>
      <time>2026-05-07T12:38:07Z</time>
    </trkpt>
    <trkpt lat="49.080367" lon="22.760306">
      <ele>1237</ele>
      <time>2026-05-07T12:38:18Z</time>
    </trkpt>
    <trkpt lat="49.080353" lon="22.760085">
      <ele>1238</ele>
      <time>2026-05-07T12:38:34Z</time>
    </trkpt>
    <trkpt lat="49.080361" lon="22.759981">
      <ele>1239</ele>
      <time>2026-05-07T12:38:41Z</time>
    </trkpt>
    <trkpt lat="49.080389" lon="22.759791">
      <ele>1240</ele>
      <time>2026-05-07T12:38:55Z</time>
    </trkpt>
    <trkpt lat="49.080414" lon="22.759536">
      <ele>1240</ele>
      <time>2026-05-07T12:39:13Z</time>
    </trkpt>
    <trkpt lat="49.080447" lon="22.759354">
      <ele>1240</ele>
      <time>2026-05-07T12:39:26Z</time>
    </trkpt>
    <trkpt lat="49.080483" lon="22.759249">
      <ele>1240</ele>
      <time>2026-05-07T12:39:34Z</time>
    </trkpt>
    <trkpt lat="49.08049" lon="22.759118">
      <ele>1240</ele>
      <time>2026-05-07T12:39:43Z</time>
    </trkpt>
    <trkpt lat="49.080504" lon="22.758981">
      <ele>1239</ele>
      <time>2026-05-07T12:39:53Z</time>
    </trkpt>
    <trkpt lat="49.080566" lon="22.758845">
      <ele>1240</ele>
      <time>2026-05-07T12:40:05Z</time>
    </trkpt>
    <trkpt lat="49.080654" lon="22.758664">
      <ele>1243</ele>
      <time>2026-05-07T12:40:21Z</time>
    </trkpt>
    <trkpt lat="49.080726" lon="22.758488">
      <ele>1245</ele>
      <time>2026-05-07T12:40:35Z</time>
    </trkpt>
    <trkpt lat="49.080773" lon="22.75831">
      <ele>1247</ele>
      <time>2026-05-07T12:40:49Z</time>
    </trkpt>
    <trkpt lat="49.080783" lon="22.758211">
      <ele>1247</ele>
      <time>2026-05-07T12:40:56Z</time>
    </trkpt>
    <trkpt lat="49.080781" lon="22.75812">
      <ele>1246</ele>
      <time>2026-05-07T12:41:02Z</time>
    </trkpt>
    <trkpt lat="49.080771" lon="22.758023">
      <ele>1245</ele>
      <time>2026-05-07T12:41:09Z</time>
    </trkpt>
    <trkpt lat="49.080778" lon="22.757817">
      <ele>1243</ele>
      <time>2026-05-07T12:41:23Z</time>
    </trkpt>
    <trkpt lat="49.080816" lon="22.757539">
      <ele>1243</ele>
      <time>2026-05-07T12:41:43Z</time>
    </trkpt>
    <trkpt lat="49.080839" lon="22.757261">
      <ele>1243</ele>
      <time>2026-05-07T12:42:03Z</time>
    </trkpt>
    <trkpt lat="49.080857" lon="22.756961">
      <ele>1243</ele>
      <time>2026-05-07T12:42:24Z</time>
    </trkpt>
    <trkpt lat="49.080911" lon="22.756593">
      <ele>1242</ele>
      <time>2026-05-07T12:42:50Z</time>
    </trkpt>
    <trkpt lat="49.080913" lon="22.756497">
      <ele>1241</ele>
      <time>2026-05-07T12:42:57Z</time>
    </trkpt>
    <trkpt lat="49.080923" lon="22.756429">
      <ele>1241</ele>
      <time>2026-05-07T12:43:02Z</time>
    </trkpt>
    <trkpt lat="49.08093" lon="22.756394">
      <ele>1241</ele>
      <time>2026-05-07T12:43:04Z</time>
    </trkpt>
    <trkpt lat="49.080946" lon="22.756364">
      <ele>1241</ele>
      <time>2026-05-07T12:43:07Z</time>
    </trkpt>
    <trkpt lat="49.080986" lon="22.756282">
      <ele>1242</ele>
      <time>2026-05-07T12:43:14Z</time>
    </trkpt>
    <trkpt lat="49.081011" lon="22.756206">
      <ele>1242</ele>
      <time>2026-05-07T12:43:20Z</time>
    </trkpt>
    <trkpt lat="49.08102" lon="22.756114">
      <ele>1241</ele>
      <time>2026-05-07T12:43:26Z</time>
    </trkpt>
    <trkpt lat="49.081014" lon="22.756045">
      <ele>1241</ele>
      <time>2026-05-07T12:43:31Z</time>
    </trkpt>
    <trkpt lat="49.081029" lon="22.755978">
      <ele>1241</ele>
      <time>2026-05-07T12:43:36Z</time>
    </trkpt>
    <trkpt lat="49.081055" lon="22.7559">
      <ele>1241</ele>
      <time>2026-05-07T12:43:42Z</time>
    </trkpt>
    <trkpt lat="49.081072" lon="22.755792">
      <ele>1241</ele>
      <time>2026-05-07T12:43:50Z</time>
    </trkpt>
    <trkpt lat="49.081075" lon="22.755717">
      <ele>1241</ele>
      <time>2026-05-07T12:43:55Z</time>
    </trkpt>
    <trkpt lat="49.081069" lon="22.755676">
      <ele>1240</ele>
      <time>2026-05-07T12:43:58Z</time>
    </trkpt>
    <trkpt lat="49.081072" lon="22.75564">
      <ele>1240</ele>
      <time>2026-05-07T12:44:01Z</time>
    </trkpt>
    <trkpt lat="49.08109" lon="22.755578">
      <ele>1240</ele>
      <time>2026-05-07T12:44:06Z</time>
    </trkpt>
    <trkpt lat="49.081114" lon="22.755346">
      <ele>1240</ele>
      <time>2026-05-07T12:44:22Z</time>
    </trkpt>
    <trkpt lat="49.08116" lon="22.75527">
      <ele>1241</ele>
      <time>2026-05-07T12:44:29Z</time>
    </trkpt>
    <trkpt lat="49.081168" lon="22.755219">
      <ele>1241</ele>
      <time>2026-05-07T12:44:33Z</time>
    </trkpt>
    <trkpt lat="49.081177" lon="22.755016">
      <ele>1241</ele>
      <time>2026-05-07T12:44:47Z</time>
    </trkpt>
    <trkpt lat="49.081203" lon="22.754794">
      <ele>1241</ele>
      <time>2026-05-07T12:45:03Z</time>
    </trkpt>
    <trkpt lat="49.081257" lon="22.754324">
      <ele>1241</ele>
      <time>2026-05-07T12:45:36Z</time>
    </trkpt>
    <trkpt lat="49.081287" lon="22.754115">
      <ele>1241</ele>
      <time>2026-05-07T12:45:51Z</time>
    </trkpt>
    <trkpt lat="49.081286" lon="22.753992">
      <ele>1240</ele>
      <time>2026-05-07T12:45:59Z</time>
    </trkpt>
    <trkpt lat="49.081293" lon="22.753915">
      <ele>1239</ele>
      <time>2026-05-07T12:46:05Z</time>
    </trkpt>
    <trkpt lat="49.081284" lon="22.753882">
      <ele>1239</ele>
      <time>2026-05-07T12:46:07Z</time>
    </trkpt>
    <trkpt lat="49.081257" lon="22.753839">
      <ele>1238</ele>
      <time>2026-05-07T12:46:12Z</time>
    </trkpt>
    <trkpt lat="49.081201" lon="22.75375">
      <ele>1237</ele>
      <time>2026-05-07T12:46:20Z</time>
    </trkpt>
    <trkpt lat="49.081175" lon="22.75367">
      <ele>1236</ele>
      <time>2026-05-07T12:46:27Z</time>
    </trkpt>
    <trkpt lat="49.081113" lon="22.753614">
      <ele>1235</ele>
      <time>2026-05-07T12:46:34Z</time>
    </trkpt>
    <trkpt lat="49.081055" lon="22.753496">
      <ele>1234</ele>
      <time>2026-05-07T12:46:45Z</time>
    </trkpt>
    <trkpt lat="49.081015" lon="22.753383">
      <ele>1233</ele>
      <time>2026-05-07T12:46:54Z</time>
    </trkpt>
    <trkpt lat="49.080975" lon="22.753342">
      <ele>1233</ele>
      <time>2026-05-07T12:46:59Z</time>
    </trkpt>
    <trkpt lat="49.080896" lon="22.753221">
      <ele>1233</ele>
      <time>2026-05-07T12:47:11Z</time>
    </trkpt>
    <trkpt lat="49.080744" lon="22.75293">
      <ele>1234</ele>
      <time>2026-05-07T12:47:37Z</time>
    </trkpt>
    <trkpt lat="49.08066" lon="22.752822">
      <ele>1235</ele>
      <time>2026-05-07T12:47:48Z</time>
    </trkpt>
    <trkpt lat="49.08063" lon="22.752739">
      <ele>1236</ele>
      <time>2026-05-07T12:47:55Z</time>
    </trkpt>
    <trkpt lat="49.080444" lon="22.752392">
      <ele>1241</ele>
      <time>2026-05-07T12:48:27Z</time>
    </trkpt>
    <trkpt lat="49.080307" lon="22.752194">
      <ele>1245</ele>
      <time>2026-05-07T12:48:47Z</time>
    </trkpt>
    <trkpt lat="49.080253" lon="22.75214">
      <ele>1246</ele>
      <time>2026-05-07T12:48:54Z</time>
    </trkpt>
    <trkpt lat="49.080179" lon="22.75211">
      <ele>1246</ele>
      <time>2026-05-07T12:49:02Z</time>
    </trkpt>
    <trkpt lat="49.080052" lon="22.751996">
      <ele>1247</ele>
      <time>2026-05-07T12:49:18Z</time>
    </trkpt>
    <trkpt lat="49.079971" lon="22.751902">
      <ele>1247</ele>
      <time>2026-05-07T12:49:28Z</time>
    </trkpt>
    <trkpt lat="49.079865" lon="22.751531">
      <ele>1249</ele>
      <time>2026-05-07T12:49:57Z</time>
    </trkpt>
    <trkpt lat="49.079837" lon="22.751452">
      <ele>1250</ele>
      <time>2026-05-07T12:50:03Z</time>
    </trkpt>
    <trkpt lat="49.079827" lon="22.751362">
      <ele>1250</ele>
      <time>2026-05-07T12:50:09Z</time>
    </trkpt>
    <trkpt lat="49.079815" lon="22.751317">
      <ele>1250</ele>
      <time>2026-05-07T12:50:13Z</time>
    </trkpt>
    <trkpt lat="49.079812" lon="22.751278">
      <ele>1250</ele>
      <time>2026-05-07T12:50:15Z</time>
    </trkpt>
    <trkpt lat="49.079795" lon="22.751194">
      <ele>1250</ele>
      <time>2026-05-07T12:50:22Z</time>
    </trkpt>
    <trkpt lat="49.079782" lon="22.751121">
      <ele>1250</ele>
      <time>2026-05-07T12:50:27Z</time>
    </trkpt>
    <trkpt lat="49.079778" lon="22.751054">
      <ele>1250</ele>
      <time>2026-05-07T12:50:32Z</time>
    </trkpt>
    <trkpt lat="49.079759" lon="22.751007">
      <ele>1250</ele>
      <time>2026-05-07T12:50:35Z</time>
    </trkpt>
    <trkpt lat="49.079734" lon="22.750924">
      <ele>1249</ele>
      <time>2026-05-07T12:50:42Z</time>
    </trkpt>
    <trkpt lat="49.079691" lon="22.75074">
      <ele>1247</ele>
      <time>2026-05-07T12:50:56Z</time>
    </trkpt>
    <trkpt lat="49.079655" lon="22.750565">
      <ele>1246</ele>
      <time>2026-05-07T12:51:08Z</time>
    </trkpt>
    <trkpt lat="49.079624" lon="22.750419">
      <ele>1244</ele>
      <time>2026-05-07T12:51:19Z</time>
    </trkpt>
    <trkpt lat="49.079613" lon="22.750349">
      <ele>1244</ele>
      <time>2026-05-07T12:51:24Z</time>
    </trkpt>
    <trkpt lat="49.07962" lon="22.750297">
      <ele>1244</ele>
      <time>2026-05-07T12:51:28Z</time>
    </trkpt>
    <trkpt lat="49.079648" lon="22.750249">
      <ele>1244</ele>
      <time>2026-05-07T12:51:32Z</time>
    </trkpt>
    <trkpt lat="49.079654" lon="22.75023">
      <ele>1244</ele>
      <time>2026-05-07T12:51:34Z</time>
    </trkpt>
    <trkpt lat="49.079652" lon="22.750197">
      <ele>1244</ele>
      <time>2026-05-07T12:51:36Z</time>
    </trkpt>
    <trkpt lat="49.079608" lon="22.750008">
      <ele>1241</ele>
      <time>2026-05-07T12:51:51Z</time>
    </trkpt>
    <trkpt lat="49.079505" lon="22.749805">
      <ele>1237</ele>
      <time>2026-05-07T12:52:09Z</time>
    </trkpt>
    <trkpt lat="49.07947" lon="22.749697">
      <ele>1235</ele>
      <time>2026-05-07T12:52:17Z</time>
    </trkpt>
    <trkpt lat="49.079458" lon="22.749629">
      <ele>1234</ele>
      <time>2026-05-07T12:52:22Z</time>
    </trkpt>
    <trkpt lat="49.079467" lon="22.749584">
      <ele>1234</ele>
      <time>2026-05-07T12:52:26Z</time>
    </trkpt>
    <trkpt lat="49.079535" lon="22.749435">
      <ele>1235</ele>
      <time>2026-05-07T12:52:38Z</time>
    </trkpt>
    <trkpt lat="49.079565" lon="22.74933">
      <ele>1235</ele>
      <time>2026-05-07T12:52:46Z</time>
    </trkpt>
    <trkpt lat="49.079611" lon="22.74922">
      <ele>1236</ele>
      <time>2026-05-07T12:52:55Z</time>
    </trkpt>
    <trkpt lat="49.079626" lon="22.749158">
      <ele>1235</ele>
      <time>2026-05-07T12:53:00Z</time>
    </trkpt>
    <trkpt lat="49.079633" lon="22.749106">
      <ele>1235</ele>
      <time>2026-05-07T12:53:04Z</time>
    </trkpt>
    <trkpt lat="49.079643" lon="22.749074">
      <ele>1236</ele>
      <time>2026-05-07T12:53:06Z</time>
    </trkpt>
    <trkpt lat="49.079657" lon="22.748965">
      <ele>1236</ele>
      <time>2026-05-07T12:53:14Z</time>
    </trkpt>
    <trkpt lat="49.079681" lon="22.748879">
      <ele>1237</ele>
      <time>2026-05-07T12:53:20Z</time>
    </trkpt>
    <trkpt lat="49.07972" lon="22.748491">
      <ele>1238</ele>
      <time>2026-05-07T12:53:48Z</time>
    </trkpt>
    <trkpt lat="49.07974" lon="22.74841">
      <ele>1238</ele>
      <time>2026-05-07T12:53:54Z</time>
    </trkpt>
    <trkpt lat="49.079773" lon="22.748306">
      <ele>1237</ele>
      <time>2026-05-07T12:54:02Z</time>
    </trkpt>
    <trkpt lat="49.079767" lon="22.748268">
      <ele>1236</ele>
      <time>2026-05-07T12:54:05Z</time>
    </trkpt>
    <trkpt lat="49.079775" lon="22.748225">
      <ele>1235</ele>
      <time>2026-05-07T12:54:08Z</time>
    </trkpt>
    <trkpt lat="49.079766" lon="22.74818">
      <ele>1234</ele>
      <time>2026-05-07T12:54:12Z</time>
    </trkpt>
    <trkpt lat="49.079785" lon="22.748138">
      <ele>1233</ele>
      <time>2026-05-07T12:54:15Z</time>
    </trkpt>
    <trkpt lat="49.079804" lon="22.748088">
      <ele>1233</ele>
      <time>2026-05-07T12:54:19Z</time>
    </trkpt>
    <trkpt lat="49.079784" lon="22.748022">
      <ele>1231</ele>
      <time>2026-05-07T12:54:25Z</time>
    </trkpt>
    <trkpt lat="49.079795" lon="22.747993">
      <ele>1230</ele>
      <time>2026-05-07T12:54:27Z</time>
    </trkpt>
    <trkpt lat="49.07981" lon="22.747976">
      <ele>1231</ele>
      <time>2026-05-07T12:54:29Z</time>
    </trkpt>
    <trkpt lat="49.079799" lon="22.747954">
      <ele>1230</ele>
      <time>2026-05-07T12:54:31Z</time>
    </trkpt>
    <trkpt lat="49.079793" lon="22.747925">
      <ele>1229</ele>
      <time>2026-05-07T12:54:33Z</time>
    </trkpt>
    <trkpt lat="49.079815" lon="22.747812">
      <ele>1227</ele>
      <time>2026-05-07T12:54:42Z</time>
    </trkpt>
    <trkpt lat="49.079845" lon="22.747732">
      <ele>1227</ele>
      <time>2026-05-07T12:54:48Z</time>
    </trkpt>
    <trkpt lat="49.079845" lon="22.747633">
      <ele>1224</ele>
      <time>2026-05-07T12:54:56Z</time>
    </trkpt>
    <trkpt lat="49.079876" lon="22.747524">
      <ele>1223</ele>
      <time>2026-05-07T12:55:04Z</time>
    </trkpt>
    <trkpt lat="49.079982" lon="22.74722">
      <ele>1219</ele>
      <time>2026-05-07T12:55:28Z</time>
    </trkpt>
    <trkpt lat="49.079987" lon="22.747094">
      <ele>1214</ele>
      <time>2026-05-07T12:55:38Z</time>
    </trkpt>
    <trkpt lat="49.080056" lon="22.746919">
      <ele>1211</ele>
      <time>2026-05-07T12:55:52Z</time>
    </trkpt>
    <trkpt lat="49.080051" lon="22.746882">
      <ele>1210</ele>
      <time>2026-05-07T12:55:55Z</time>
    </trkpt>
    <trkpt lat="49.080068" lon="22.746811">
      <ele>1209</ele>
      <time>2026-05-07T12:56:01Z</time>
    </trkpt>
    <trkpt lat="49.080098" lon="22.746674">
      <ele>1206</ele>
      <time>2026-05-07T12:56:11Z</time>
    </trkpt>
    <trkpt lat="49.080199" lon="22.746443">
      <ele>1206</ele>
      <time>2026-05-07T12:56:30Z</time>
    </trkpt>
    <trkpt lat="49.080203" lon="22.746391">
      <ele>1205</ele>
      <time>2026-05-07T12:56:34Z</time>
    </trkpt>
    <trkpt lat="49.080267" lon="22.746209">
      <ele>1204</ele>
      <time>2026-05-07T12:56:49Z</time>
    </trkpt>
    <trkpt lat="49.080275" lon="22.746148">
      <ele>1203</ele>
      <time>2026-05-07T12:56:53Z</time>
    </trkpt>
    <trkpt lat="49.080284" lon="22.746096">
      <ele>1202</ele>
      <time>2026-05-07T12:56:57Z</time>
    </trkpt>
    <trkpt lat="49.080303" lon="22.746056">
      <ele>1202</ele>
      <time>2026-05-07T12:57:00Z</time>
    </trkpt>
    <trkpt lat="49.08035" lon="22.745993">
      <ele>1202</ele>
      <time>2026-05-07T12:57:07Z</time>
    </trkpt>
    <trkpt lat="49.080383" lon="22.745894">
      <ele>1201</ele>
      <time>2026-05-07T12:57:15Z</time>
    </trkpt>
    <trkpt lat="49.080431" lon="22.745777">
      <ele>1200</ele>
      <time>2026-05-07T12:57:25Z</time>
    </trkpt>
    <trkpt lat="49.080461" lon="22.745657">
      <ele>1199</ele>
      <time>2026-05-07T12:57:34Z</time>
    </trkpt>
    <trkpt lat="49.08053" lon="22.745529">
      <ele>1200</ele>
      <time>2026-05-07T12:57:45Z</time>
    </trkpt>
    <trkpt lat="49.080561" lon="22.74546">
      <ele>1201</ele>
      <time>2026-05-07T12:57:51Z</time>
    </trkpt>
    <trkpt lat="49.080584" lon="22.745427">
      <ele>1201</ele>
      <time>2026-05-07T12:57:54Z</time>
    </trkpt>
    <trkpt lat="49.080612" lon="22.745407">
      <ele>1202</ele>
      <time>2026-05-07T12:57:58Z</time>
    </trkpt>
    <trkpt lat="49.080618" lon="22.745387">
      <ele>1201</ele>
      <time>2026-05-07T12:57:59Z</time>
    </trkpt>
    <trkpt lat="49.080668" lon="22.745296">
      <ele>1201</ele>
      <time>2026-05-07T12:58:08Z</time>
    </trkpt>
    <trkpt lat="49.080751" lon="22.745017">
      <ele>1197</ele>
      <time>2026-05-07T12:58:29Z</time>
    </trkpt>
    <trkpt lat="49.080861" lon="22.744732">
      <ele>1193</ele>
      <time>2026-05-07T12:58:53Z</time>
    </trkpt>
    <trkpt lat="49.080943" lon="22.744444">
      <ele>1189</ele>
      <time>2026-05-07T12:59:15Z</time>
    </trkpt>
    <trkpt lat="49.081018" lon="22.744234">
      <ele>1190</ele>
      <time>2026-05-07T12:59:32Z</time>
    </trkpt>
    <trkpt lat="49.081082" lon="22.744081">
      <ele>1192</ele>
      <time>2026-05-07T12:59:44Z</time>
    </trkpt>
    <trkpt lat="49.08114" lon="22.74388">
      <ele>1193</ele>
      <time>2026-05-07T13:00:00Z</time>
    </trkpt>
    <trkpt lat="49.081201" lon="22.743681">
      <ele>1192</ele>
      <time>2026-05-07T13:00:15Z</time>
    </trkpt>
    <trkpt lat="49.081277" lon="22.743528">
      <ele>1192</ele>
      <time>2026-05-07T13:00:28Z</time>
    </trkpt>
    <trkpt lat="49.08135" lon="22.743239">
      <ele>1189</ele>
      <time>2026-05-07T13:00:50Z</time>
    </trkpt>
    <trkpt lat="49.081393" lon="22.743107">
      <ele>1189</ele>
      <time>2026-05-07T13:01:00Z</time>
    </trkpt>
    <trkpt lat="49.081459" lon="22.742763">
      <ele>1186</ele>
      <time>2026-05-07T13:01:25Z</time>
    </trkpt>
    <trkpt lat="49.08151" lon="22.742472">
      <ele>1182</ele>
      <time>2026-05-07T13:01:47Z</time>
    </trkpt>
    <trkpt lat="49.081521" lon="22.742375">
      <ele>1180</ele>
      <time>2026-05-07T13:01:54Z</time>
    </trkpt>
    <trkpt lat="49.081509" lon="22.742297">
      <ele>1177</ele>
      <time>2026-05-07T13:02:00Z</time>
    </trkpt>
    <trkpt lat="49.081531" lon="22.742222">
      <ele>1176</ele>
      <time>2026-05-07T13:02:06Z</time>
    </trkpt>
    <trkpt lat="49.08154" lon="22.742147">
      <ele>1174</ele>
      <time>2026-05-07T13:02:11Z</time>
    </trkpt>
    <trkpt lat="49.081559" lon="22.742048">
      <ele>1172</ele>
      <time>2026-05-07T13:02:19Z</time>
    </trkpt>
    <trkpt lat="49.081577" lon="22.741934">
      <ele>1170</ele>
      <time>2026-05-07T13:02:27Z</time>
    </trkpt>
    <trkpt lat="49.081607" lon="22.741798">
      <ele>1167</ele>
      <time>2026-05-07T13:02:38Z</time>
    </trkpt>
    <trkpt lat="49.081623" lon="22.74168">
      <ele>1165</ele>
      <time>2026-05-07T13:02:46Z</time>
    </trkpt>
    <trkpt lat="49.081614" lon="22.741568">
      <ele>1163</ele>
      <time>2026-05-07T13:02:55Z</time>
    </trkpt>
    <trkpt lat="49.081604" lon="22.741356">
      <ele>1159</ele>
      <time>2026-05-07T13:03:10Z</time>
    </trkpt>
    <trkpt lat="49.08161" lon="22.741106">
      <ele>1156</ele>
      <time>2026-05-07T13:03:27Z</time>
    </trkpt>
    <trkpt lat="49.081645" lon="22.740944">
      <ele>1155</ele>
      <time>2026-05-07T13:03:39Z</time>
    </trkpt>
    <trkpt lat="49.081647" lon="22.740701">
      <ele>1152</ele>
      <time>2026-05-07T13:03:56Z</time>
    </trkpt>
    <trkpt lat="49.081697" lon="22.740404">
      <ele>1151</ele>
      <time>2026-05-07T13:04:18Z</time>
    </trkpt>
    <trkpt lat="49.081735" lon="22.740245">
      <ele>1151</ele>
      <time>2026-05-07T13:04:30Z</time>
    </trkpt>
    <trkpt lat="49.081783" lon="22.740114">
      <ele>1152</ele>
      <time>2026-05-07T13:04:40Z</time>
    </trkpt>
    <trkpt lat="49.081856" lon="22.7398">
      <ele>1152</ele>
      <time>2026-05-07T13:05:03Z</time>
    </trkpt>
    <trkpt lat="49.081851" lon="22.739706">
      <ele>1150</ele>
      <time>2026-05-07T13:05:10Z</time>
    </trkpt>
    <trkpt lat="49.081914" lon="22.739441">
      <ele>1150</ele>
      <time>2026-05-07T13:05:30Z</time>
    </trkpt>
    <trkpt lat="49.081918" lon="22.739336">
      <ele>1149</ele>
      <time>2026-05-07T13:05:37Z</time>
    </trkpt>
    <trkpt lat="49.081951" lon="22.739207">
      <ele>1149</ele>
      <time>2026-05-07T13:05:47Z</time>
    </trkpt>
    <trkpt lat="49.081997" lon="22.739049">
      <ele>1150</ele>
      <time>2026-05-07T13:05:59Z</time>
    </trkpt>
    <trkpt lat="49.081997" lon="22.738958">
      <ele>1150</ele>
      <time>2026-05-07T13:06:05Z</time>
    </trkpt>
    <trkpt lat="49.082062" lon="22.738725">
      <ele>1151</ele>
      <time>2026-05-07T13:06:23Z</time>
    </trkpt>
    <trkpt lat="49.082067" lon="22.738642">
      <ele>1151</ele>
      <time>2026-05-07T13:06:28Z</time>
    </trkpt>
    <trkpt lat="49.082086" lon="22.738535">
      <ele>1151</ele>
      <time>2026-05-07T13:06:36Z</time>
    </trkpt>
    <trkpt lat="49.082132" lon="22.738354">
      <ele>1152</ele>
      <time>2026-05-07T13:06:50Z</time>
    </trkpt>
    <trkpt lat="49.082136" lon="22.738218">
      <ele>1150</ele>
      <time>2026-05-07T13:06:59Z</time>
    </trkpt>
    <trkpt lat="49.08216" lon="22.7381">
      <ele>1150</ele>
      <time>2026-05-07T13:07:08Z</time>
    </trkpt>
    <trkpt lat="49.082167" lon="22.737982">
      <ele>1149</ele>
      <time>2026-05-07T13:07:16Z</time>
    </trkpt>
    <trkpt lat="49.082202" lon="22.737832">
      <ele>1148</ele>
      <time>2026-05-07T13:07:27Z</time>
    </trkpt>
    <trkpt lat="49.082241" lon="22.737542">
      <ele>1147</ele>
      <time>2026-05-07T13:07:48Z</time>
    </trkpt>
    <trkpt lat="49.082264" lon="22.737405">
      <ele>1147</ele>
      <time>2026-05-07T13:07:58Z</time>
    </trkpt>
    <trkpt lat="49.082266" lon="22.73719">
      <ele>1146</ele>
      <time>2026-05-07T13:08:13Z</time>
    </trkpt>
    <trkpt lat="49.082308" lon="22.736903">
      <ele>1148</ele>
      <time>2026-05-07T13:08:33Z</time>
    </trkpt>
    <trkpt lat="49.082329" lon="22.736847">
      <ele>1149</ele>
      <time>2026-05-07T13:08:38Z</time>
    </trkpt>
    <trkpt lat="49.082349" lon="22.736806">
      <ele>1149</ele>
      <time>2026-05-07T13:08:41Z</time>
    </trkpt>
    <trkpt lat="49.082349" lon="22.736789">
      <ele>1149</ele>
      <time>2026-05-07T13:08:42Z</time>
    </trkpt>
    <trkpt lat="49.082333" lon="22.736764">
      <ele>1149</ele>
      <time>2026-05-07T13:08:45Z</time>
    </trkpt>
    <trkpt lat="49.082315" lon="22.736716">
      <ele>1148</ele>
      <time>2026-05-07T13:08:49Z</time>
    </trkpt>
    <trkpt lat="49.082308" lon="22.736598">
      <ele>1148</ele>
      <time>2026-05-07T13:08:57Z</time>
    </trkpt>
    <trkpt lat="49.082292" lon="22.736463">
      <ele>1148</ele>
      <time>2026-05-07T13:09:07Z</time>
    </trkpt>
    <trkpt lat="49.082301" lon="22.736276">
      <ele>1148</ele>
      <time>2026-05-07T13:09:20Z</time>
    </trkpt>
    <trkpt lat="49.082308" lon="22.735986">
      <ele>1149</ele>
      <time>2026-05-07T13:09:40Z</time>
    </trkpt>
    <trkpt lat="49.082282" lon="22.735873">
      <ele>1148</ele>
      <time>2026-05-07T13:09:48Z</time>
    </trkpt>
    <trkpt lat="49.082276" lon="22.735755">
      <ele>1148</ele>
      <time>2026-05-07T13:09:56Z</time>
    </trkpt>
    <trkpt lat="49.082287" lon="22.735584">
      <ele>1149</ele>
      <time>2026-05-07T13:10:08Z</time>
    </trkpt>
    <trkpt lat="49.082275" lon="22.735435">
      <ele>1149</ele>
      <time>2026-05-07T13:10:19Z</time>
    </trkpt>
    <trkpt lat="49.082253" lon="22.735073">
      <ele>1149</ele>
      <time>2026-05-07T13:10:44Z</time>
    </trkpt>
    <trkpt lat="49.082238" lon="22.73491">
      <ele>1149</ele>
      <time>2026-05-07T13:10:56Z</time>
    </trkpt>
    <trkpt lat="49.082254" lon="22.734833">
      <ele>1150</ele>
      <time>2026-05-07T13:11:01Z</time>
    </trkpt>
    <trkpt lat="49.082258" lon="22.734725">
      <ele>1150</ele>
      <time>2026-05-07T13:11:09Z</time>
    </trkpt>
    <trkpt lat="49.082239" lon="22.734532">
      <ele>1150</ele>
      <time>2026-05-07T13:11:22Z</time>
    </trkpt>
    <trkpt lat="49.082241" lon="22.734406">
      <ele>1151</ele>
      <time>2026-05-07T13:11:31Z</time>
    </trkpt>
    <trkpt lat="49.08223" lon="22.734227">
      <ele>1152</ele>
      <time>2026-05-07T13:11:44Z</time>
    </trkpt>
    <trkpt lat="49.082224" lon="22.733969">
      <ele>1153</ele>
      <time>2026-05-07T13:12:02Z</time>
    </trkpt>
    <trkpt lat="49.08224" lon="22.733709">
      <ele>1153</ele>
      <time>2026-05-07T13:12:20Z</time>
    </trkpt>
    <trkpt lat="49.082255" lon="22.73363">
      <ele>1153</ele>
      <time>2026-05-07T13:12:26Z</time>
    </trkpt>
    <trkpt lat="49.082256" lon="22.733538">
      <ele>1153</ele>
      <time>2026-05-07T13:12:32Z</time>
    </trkpt>
    <trkpt lat="49.082236" lon="22.733364">
      <ele>1154</ele>
      <time>2026-05-07T13:12:44Z</time>
    </trkpt>
    <trkpt lat="49.082239" lon="22.733308">
      <ele>1155</ele>
      <time>2026-05-07T13:12:48Z</time>
    </trkpt>
    <trkpt lat="49.08225" lon="22.733254">
      <ele>1156</ele>
      <time>2026-05-07T13:12:52Z</time>
    </trkpt>
    <trkpt lat="49.082248" lon="22.733117">
      <ele>1158</ele>
      <time>2026-05-07T13:13:02Z</time>
    </trkpt>
    <trkpt lat="49.08224" lon="22.733049">
      <ele>1159</ele>
      <time>2026-05-07T13:13:07Z</time>
    </trkpt>
    <trkpt lat="49.082251" lon="22.732987">
      <ele>1161</ele>
      <time>2026-05-07T13:13:12Z</time>
    </trkpt>
    <trkpt lat="49.082097" lon="22.732864">
      <ele>1155</ele>
      <time>2026-05-07T13:13:40Z</time>
    </trkpt>
    <trkpt lat="49.082063" lon="22.7328">
      <ele>1154</ele>
      <time>2026-05-07T13:13:49Z</time>
    </trkpt>
    <trkpt lat="49.082043" lon="22.732761">
      <ele>1153</ele>
      <time>2026-05-07T13:13:54Z</time>
    </trkpt>
    <trkpt lat="49.082038" lon="22.732677">
      <ele>1152</ele>
      <time>2026-05-07T13:14:02Z</time>
    </trkpt>
    <trkpt lat="49.081979" lon="22.732533">
      <ele>1152</ele>
      <time>2026-05-07T13:14:20Z</time>
    </trkpt>
    <trkpt lat="49.081924" lon="22.732411">
      <ele>1153</ele>
      <time>2026-05-07T13:14:35Z</time>
    </trkpt>
    <trkpt lat="49.081899" lon="22.732283">
      <ele>1154</ele>
      <time>2026-05-07T13:14:48Z</time>
    </trkpt>
    <trkpt lat="49.081866" lon="22.732175">
      <ele>1155</ele>
      <time>2026-05-07T13:15:01Z</time>
    </trkpt>
    <trkpt lat="49.081812" lon="22.732021">
      <ele>1156</ele>
      <time>2026-05-07T13:15:18Z</time>
    </trkpt>
    <trkpt lat="49.081748" lon="22.73188">
      <ele>1158</ele>
      <time>2026-05-07T13:15:36Z</time>
    </trkpt>
    <trkpt lat="49.081681" lon="22.731764">
      <ele>1161</ele>
      <time>2026-05-07T13:15:52Z</time>
    </trkpt>
    <trkpt lat="49.081634" lon="22.731653">
      <ele>1163</ele>
      <time>2026-05-07T13:16:06Z</time>
    </trkpt>
    <trkpt lat="49.081594" lon="22.731595">
      <ele>1164</ele>
      <time>2026-05-07T13:16:14Z</time>
    </trkpt>
    <trkpt lat="49.081544" lon="22.731554">
      <ele>1164</ele>
      <time>2026-05-07T13:16:23Z</time>
    </trkpt>
    <trkpt lat="49.081511" lon="22.731492">
      <ele>1165</ele>
      <time>2026-05-07T13:16:31Z</time>
    </trkpt>
    <trkpt lat="49.081415" lon="22.731395">
      <ele>1166</ele>
      <time>2026-05-07T13:16:49Z</time>
    </trkpt>
    <trkpt lat="49.081289" lon="22.731147">
      <ele>1169</ele>
      <time>2026-05-07T13:17:21Z</time>
    </trkpt>
    <trkpt lat="49.08125" lon="22.731107">
      <ele>1170</ele>
      <time>2026-05-07T13:17:29Z</time>
    </trkpt>
    <trkpt lat="49.081235" lon="22.731057">
      <ele>1170</ele>
      <time>2026-05-07T13:17:34Z</time>
    </trkpt>
    <trkpt lat="49.081205" lon="22.730972">
      <ele>1172</ele>
      <time>2026-05-07T13:17:44Z</time>
    </trkpt>
    <trkpt lat="49.081174" lon="22.730941">
      <ele>1172</ele>
      <time>2026-05-07T13:17:50Z</time>
    </trkpt>
    <trkpt lat="49.081139" lon="22.730905">
      <ele>1173</ele>
      <time>2026-05-07T13:17:57Z</time>
    </trkpt>
    <trkpt lat="49.08111" lon="22.730841">
      <ele>1174</ele>
      <time>2026-05-07T13:18:05Z</time>
    </trkpt>
    <trkpt lat="49.081097" lon="22.730772">
      <ele>1175</ele>
      <time>2026-05-07T13:18:12Z</time>
    </trkpt>
    <trkpt lat="49.081065" lon="22.730735">
      <ele>1175</ele>
      <time>2026-05-07T13:18:22Z</time>
    </trkpt>
    <trkpt lat="49.081033" lon="22.730725">
      <ele>1175</ele>
      <time>2026-05-07T13:18:29Z</time>
    </trkpt>
    <trkpt lat="49.080967" lon="22.730711">
      <ele>1175</ele>
      <time>2026-05-07T13:18:45Z</time>
    </trkpt>
    <trkpt lat="49.080933" lon="22.730603">
      <ele>1177</ele>
      <time>2026-05-07T13:19:04Z</time>
    </trkpt>
    <trkpt lat="49.080901" lon="22.730564">
      <ele>1177</ele>
      <time>2026-05-07T13:19:14Z</time>
    </trkpt>
    <trkpt lat="49.080882" lon="22.730543">
      <ele>1177</ele>
      <time>2026-05-07T13:19:19Z</time>
    </trkpt>
    <trkpt lat="49.080842" lon="22.730521">
      <ele>1178</ele>
      <time>2026-05-07T13:19:29Z</time>
    </trkpt>
    <trkpt lat="49.080806" lon="22.730427">
      <ele>1180</ele>
      <time>2026-05-07T13:19:47Z</time>
    </trkpt>
    <trkpt lat="49.080793" lon="22.730368">
      <ele>1181</ele>
      <time>2026-05-07T13:19:57Z</time>
    </trkpt>
    <trkpt lat="49.08079" lon="22.730299">
      <ele>1183</ele>
      <time>2026-05-07T13:20:08Z</time>
    </trkpt>
    <trkpt lat="49.08078" lon="22.730288">
      <ele>1183</ele>
      <time>2026-05-07T13:20:11Z</time>
    </trkpt>
    <trkpt lat="49.080735" lon="22.730251">
      <ele>1185</ele>
      <time>2026-05-07T13:20:24Z</time>
    </trkpt>
    <trkpt lat="49.080715" lon="22.730198">
      <ele>1187</ele>
      <time>2026-05-07T13:20:34Z</time>
    </trkpt>
    <trkpt lat="49.080647" lon="22.730093">
      <ele>1191</ele>
      <time>2026-05-07T13:20:59Z</time>
    </trkpt>
    <trkpt lat="49.08056" lon="22.729947">
      <ele>1197</ele>
      <time>2026-05-07T13:21:31Z</time>
    </trkpt>
    <trkpt lat="49.080481" lon="22.729787">
      <ele>1201</ele>
      <time>2026-05-07T13:22:03Z</time>
    </trkpt>
    <trkpt lat="49.080448" lon="22.729606">
      <ele>1204</ele>
      <time>2026-05-07T13:22:33Z</time>
    </trkpt>
    <trkpt lat="49.080405" lon="22.729463">
      <ele>1207</ele>
      <time>2026-05-07T13:22:58Z</time>
    </trkpt>
    <trkpt lat="49.080388" lon="22.729391">
      <ele>1208</ele>
      <time>2026-05-07T13:23:11Z</time>
    </trkpt>
    <trkpt lat="49.08037" lon="22.729292">
      <ele>1211</ele>
      <time>2026-05-07T13:23:27Z</time>
    </trkpt>
    <trkpt lat="49.080292" lon="22.729089">
      <ele>1216</ele>
      <time>2026-05-07T13:24:05Z</time>
    </trkpt>
    <trkpt lat="49.080253" lon="22.728846">
      <ele>1221</ele>
      <time>2026-05-07T13:24:46Z</time>
    </trkpt>
    <trkpt lat="49.08022" lon="22.728753">
      <ele>1223</ele>
      <time>2026-05-07T13:25:03Z</time>
    </trkpt>
    <trkpt lat="49.080141" lon="22.728663">
      <ele>1226</ele>
      <time>2026-05-07T13:25:27Z</time>
    </trkpt>
    <trkpt lat="49.080096" lon="22.728579">
      <ele>1228</ele>
      <time>2026-05-07T13:25:44Z</time>
    </trkpt>
    <trkpt lat="49.080061" lon="22.728508">
      <ele>1230</ele>
      <time>2026-05-07T13:25:58Z</time>
    </trkpt>
    <trkpt lat="49.080033" lon="22.728386">
      <ele>1232</ele>
      <time>2026-05-07T13:26:18Z</time>
    </trkpt>
    <trkpt lat="49.079917" lon="22.728133">
      <ele>1237</ele>
      <time>2026-05-07T13:27:07Z</time>
    </trkpt>
    <trkpt lat="49.079865" lon="22.728035">
      <ele>1239</ele>
      <time>2026-05-07T13:27:28Z</time>
    </trkpt>
    <trkpt lat="49.079773" lon="22.727936">
      <ele>1242</ele>
      <time>2026-05-07T13:27:55Z</time>
    </trkpt>
    <trkpt lat="49.079667" lon="22.727846">
      <ele>1244</ele>
      <time>2026-05-07T13:28:24Z</time>
    </trkpt>
    <trkpt lat="49.079638" lon="22.727805">
      <ele>1245</ele>
      <time>2026-05-07T13:28:33Z</time>
    </trkpt>
    <trkpt lat="49.07957" lon="22.727753">
      <ele>1246</ele>
      <time>2026-05-07T13:28:51Z</time>
    </trkpt>
    <trkpt lat="49.07951" lon="22.727663">
      <ele>1248</ele>
      <time>2026-05-07T13:29:12Z</time>
    </trkpt>
    <trkpt lat="49.079439" lon="22.727432">
      <ele>1254</ele>
      <time>2026-05-07T13:29:53Z</time>
    </trkpt>
    <trkpt lat="49.079405" lon="22.727368">
      <ele>1255</ele>
      <time>2026-05-07T13:30:06Z</time>
    </trkpt>
    <trkpt lat="49.079254" lon="22.72718">
      <ele>1259</ele>
      <time>2026-05-07T13:30:53Z</time>
    </trkpt>
    <trkpt lat="49.079189" lon="22.727114">
      <ele>1259</ele>
      <time>2026-05-07T13:31:11Z</time>
    </trkpt>
    <trkpt lat="49.079152" lon="22.727107">
      <ele>1259</ele>
      <time>2026-05-07T13:31:20Z</time>
    </trkpt>
    <trkpt lat="49.079092" lon="22.72701">
      <ele>1261</ele>
      <time>2026-05-07T13:31:41Z</time>
    </trkpt>
    <trkpt lat="49.079059" lon="22.726828">
      <ele>1265</ele>
      <time>2026-05-07T13:32:11Z</time>
    </trkpt>
    <trkpt lat="49.079033" lon="22.726731">
      <ele>1266</ele>
      <time>2026-05-07T13:32:28Z</time>
    </trkpt>
    <trkpt lat="49.078945" lon="22.726486">
      <ele>1270</ele>
      <time>2026-05-07T13:33:12Z</time>
    </trkpt>
    <trkpt lat="49.078796" lon="22.726205">
      <ele>1276</ele>
      <time>2026-05-07T13:34:09Z</time>
    </trkpt>
    <trkpt lat="49.078746" lon="22.726146">
      <ele>1277</ele>
      <time>2026-05-07T13:34:24Z</time>
    </trkpt>
    <trkpt lat="49.078698" lon="22.726087">
      <ele>1279</ele>
      <time>2026-05-07T13:34:39Z</time>
    </trkpt>
    <trkpt lat="49.07865" lon="22.726051">
      <ele>1280</ele>
      <time>2026-05-07T13:34:52Z</time>
    </trkpt>
    <trkpt lat="49.078602" lon="22.725983">
      <ele>1282</ele>
      <time>2026-05-07T13:35:08Z</time>
    </trkpt>
    <trkpt lat="49.078557" lon="22.725909">
      <ele>1283</ele>
      <time>2026-05-07T13:35:24Z</time>
    </trkpt>
    <trkpt lat="49.07849" lon="22.725851">
      <ele>1283</ele>
      <time>2026-05-07T13:35:42Z</time>
    </trkpt>
    <trkpt lat="49.078351" lon="22.725767">
      <ele>1282</ele>
      <time>2026-05-07T13:36:17Z</time>
    </trkpt>
    <trkpt lat="49.078174" lon="22.725674">
      <ele>1282</ele>
      <time>2026-05-07T13:37:02Z</time>
    </trkpt>
    <trkpt lat="49.078096" lon="22.725602">
      <ele>1283</ele>
      <time>2026-05-07T13:37:23Z</time>
    </trkpt>
    <trkpt lat="49.07806" lon="22.72557">
      <ele>1283</ele>
      <time>2026-05-07T13:37:33Z</time>
    </trkpt>
    <trkpt lat="49.078017" lon="22.725477">
      <ele>1283</ele>
      <time>2026-05-07T13:37:51Z</time>
    </trkpt>
    <trkpt lat="49.077999" lon="22.725423">
      <ele>1284</ele>
      <time>2026-05-07T13:38:00Z</time>
    </trkpt>
    <trkpt lat="49.077981" lon="22.725354">
      <ele>1285</ele>
      <time>2026-05-07T13:38:12Z</time>
    </trkpt>
    <trkpt lat="49.077876" lon="22.725412">
      <ele>1284</ele>
      <time>2026-05-07T13:38:30Z</time>
    </trkpt>
    <trkpt lat="49.077682" lon="22.725575">
      <ele>1287</ele>
      <time>2026-05-07T13:39:05Z</time>
    </trkpt>
    <trkpt lat="49.077627" lon="22.72565">
      <ele>1288</ele>
      <time>2026-05-07T13:39:16Z</time>
    </trkpt>
    <trkpt lat="49.077598" lon="22.725708">
      <ele>1289</ele>
      <time>2026-05-07T13:39:24Z</time>
    </trkpt>
    <trkpt lat="49.077536" lon="22.725779">
      <ele>1290</ele>
      <time>2026-05-07T13:39:36Z</time>
    </trkpt>
    <trkpt lat="49.077446" lon="22.725879">
      <ele>1293</ele>
      <time>2026-05-07T13:39:54Z</time>
    </trkpt>
    <trkpt lat="49.077387" lon="22.726003">
      <ele>1295</ele>
      <time>2026-05-07T13:40:10Z</time>
    </trkpt>
    <trkpt lat="49.077258" lon="22.726176">
      <ele>1297</ele>
      <time>2026-05-07T13:40:37Z</time>
    </trkpt>
    <trkpt lat="49.077142" lon="22.726283">
      <ele>1299</ele>
      <time>2026-05-07T13:40:59Z</time>
    </trkpt>
    <trkpt lat="49.077058" lon="22.72637">
      <ele>1298</ele>
      <time>2026-05-07T13:41:15Z</time>
    </trkpt>
    <trkpt lat="49.077031" lon="22.726393">
      <ele>1298</ele>
      <time>2026-05-07T13:41:19Z</time>
    </trkpt>
    <trkpt lat="49.076897" lon="22.72638">
      <ele>1302</ele>
      <time>2026-05-07T13:41:41Z</time>
    </trkpt>
    <trkpt lat="49.076819" lon="22.726389">
      <ele>1304</ele>
      <time>2026-05-07T13:41:54Z</time>
    </trkpt>
    <trkpt lat="49.076739" lon="22.726388">
      <ele>1306</ele>
      <time>2026-05-07T13:42:07Z</time>
    </trkpt>
    <trkpt lat="49.076568" lon="22.726398">
      <ele>1309</ele>
      <time>2026-05-07T13:42:34Z</time>
    </trkpt>
    <trkpt lat="49.076365" lon="22.726438">
      <ele>1311</ele>
      <time>2026-05-07T13:43:06Z</time>
    </trkpt>
    <trkpt lat="49.076298" lon="22.726448">
      <ele>1313</ele>
      <time>2026-05-07T13:43:17Z</time>
    </trkpt>
    <trkpt lat="49.076231" lon="22.726475">
      <ele>1315</ele>
      <time>2026-05-07T13:43:28Z</time>
    </trkpt>
    <trkpt lat="49.076021" lon="22.72653">
      <ele>1320</ele>
      <time>2026-05-07T13:44:02Z</time>
    </trkpt>
    <trkpt lat="49.075932" lon="22.726563">
      <ele>1321</ele>
      <time>2026-05-07T13:44:17Z</time>
    </trkpt>
    <trkpt lat="49.075831" lon="22.72661">
      <ele>1322</ele>
      <time>2026-05-07T13:44:33Z</time>
    </trkpt>
    <trkpt lat="49.075717" lon="22.72665">
      <ele>1325</ele>
      <time>2026-05-07T13:44:52Z</time>
    </trkpt>
    <trkpt lat="49.075555" lon="22.726714">
      <ele>1329</ele>
      <time>2026-05-07T13:45:19Z</time>
    </trkpt>
    <trkpt lat="49.075468" lon="22.726715">
      <ele>1330</ele>
      <time>2026-05-07T13:45:33Z</time>
    </trkpt>
    <trkpt lat="49.075436" lon="22.72669">
      <ele>1331</ele>
      <time>2026-05-07T13:45:39Z</time>
    </trkpt>
    <trkpt lat="49.075416" lon="22.726652">
      <ele>1332</ele>
      <time>2026-05-07T13:45:44Z</time>
    </trkpt>
    <trkpt lat="49.075388" lon="22.726633">
      <ele>1333</ele>
      <time>2026-05-07T13:45:49Z</time>
    </trkpt>
    <trkpt lat="49.075308" lon="22.7266">
      <ele>1334</ele>
      <time>2026-05-07T13:46:02Z</time>
    </trkpt>
    <trkpt lat="49.075291" lon="22.726581">
      <ele>1334</ele>
      <time>2026-05-07T13:46:05Z</time>
    </trkpt>
    <trkpt lat="49.075269" lon="22.726543">
      <ele>1334</ele>
      <time>2026-05-07T13:46:10Z</time>
    </trkpt>
    <trkpt lat="49.075257" lon="22.726529">
      <ele>1335</ele>
      <time>2026-05-07T13:46:13Z</time>
    </trkpt>
    <trkpt lat="49.075175" lon="22.726512">
      <ele>1335</ele>
      <time>2026-05-07T13:46:26Z</time>
    </trkpt>
    <trkpt lat="49.075109" lon="22.726475">
      <ele>1336</ele>
      <time>2026-05-07T13:46:37Z</time>
    </trkpt>
    <trkpt lat="49.075051" lon="22.726492">
      <ele>1336</ele>
      <time>2026-05-07T13:46:46Z</time>
    </trkpt>
    <trkpt lat="49.075006" lon="22.726497">
      <ele>1336</ele>
      <time>2026-05-07T13:46:53Z</time>
    </trkpt>
    <trkpt lat="49.074947" lon="22.726473">
      <ele>1336</ele>
      <time>2026-05-07T13:47:03Z</time>
    </trkpt>
    <trkpt lat="49.074862" lon="22.726413">
      <ele>1338</ele>
      <time>2026-05-07T13:47:18Z</time>
    </trkpt>
    <trkpt lat="49.074821" lon="22.726407">
      <ele>1339</ele>
      <time>2026-05-07T13:47:24Z</time>
    </trkpt>
    <trkpt lat="49.074529" lon="22.726319">
      <ele>1346</ele>
      <time>2026-05-07T13:48:12Z</time>
    </trkpt>
    <trkpt lat="49.074821" lon="22.726407">
      <ele>1339</ele>
      <time>2026-05-07T13:48:36Z</time>
    </trkpt>
    <trkpt lat="49.074862" lon="22.726413">
      <ele>1338</ele>
      <time>2026-05-07T13:48:39Z</time>
    </trkpt>
    <trkpt lat="49.074947" lon="22.726473">
      <ele>1336</ele>
      <time>2026-05-07T13:48:47Z</time>
    </trkpt>
    <trkpt lat="49.075006" lon="22.726497">
      <ele>1336</ele>
      <time>2026-05-07T13:48:51Z</time>
    </trkpt>
    <trkpt lat="49.075051" lon="22.726492">
      <ele>1336</ele>
      <time>2026-05-07T13:48:55Z</time>
    </trkpt>
    <trkpt lat="49.075109" lon="22.726475">
      <ele>1336</ele>
      <time>2026-05-07T13:49:00Z</time>
    </trkpt>
    <trkpt lat="49.075175" lon="22.726512">
      <ele>1335</ele>
      <time>2026-05-07T13:49:05Z</time>
    </trkpt>
    <trkpt lat="49.075257" lon="22.726529">
      <ele>1335</ele>
      <time>2026-05-07T13:49:12Z</time>
    </trkpt>
    <trkpt lat="49.075269" lon="22.726543">
      <ele>1334</ele>
      <time>2026-05-07T13:49:13Z</time>
    </trkpt>
    <trkpt lat="49.075291" lon="22.726581">
      <ele>1334</ele>
      <time>2026-05-07T13:49:15Z</time>
    </trkpt>
    <trkpt lat="49.075308" lon="22.7266">
      <ele>1334</ele>
      <time>2026-05-07T13:49:17Z</time>
    </trkpt>
    <trkpt lat="49.075388" lon="22.726633">
      <ele>1333</ele>
      <time>2026-05-07T13:49:24Z</time>
    </trkpt>
    <trkpt lat="49.075416" lon="22.726652">
      <ele>1332</ele>
      <time>2026-05-07T13:49:26Z</time>
    </trkpt>
    <trkpt lat="49.075436" lon="22.72669">
      <ele>1331</ele>
      <time>2026-05-07T13:49:29Z</time>
    </trkpt>
    <trkpt lat="49.075468" lon="22.726715">
      <ele>1330</ele>
      <time>2026-05-07T13:49:32Z</time>
    </trkpt>
    <trkpt lat="49.075555" lon="22.726714">
      <ele>1329</ele>
      <time>2026-05-07T13:49:39Z</time>
    </trkpt>
    <trkpt lat="49.075717" lon="22.72665">
      <ele>1325</ele>
      <time>2026-05-07T13:49:52Z</time>
    </trkpt>
    <trkpt lat="49.075831" lon="22.72661">
      <ele>1322</ele>
      <time>2026-05-07T13:50:01Z</time>
    </trkpt>
    <trkpt lat="49.075932" lon="22.726563">
      <ele>1321</ele>
      <time>2026-05-07T13:50:10Z</time>
    </trkpt>
    <trkpt lat="49.076021" lon="22.72653">
      <ele>1320</ele>
      <time>2026-05-07T13:50:17Z</time>
    </trkpt>
    <trkpt lat="49.076231" lon="22.726475">
      <ele>1315</ele>
      <time>2026-05-07T13:50:34Z</time>
    </trkpt>
    <trkpt lat="49.076298" lon="22.726448">
      <ele>1313</ele>
      <time>2026-05-07T13:50:39Z</time>
    </trkpt>
    <trkpt lat="49.076365" lon="22.726438">
      <ele>1311</ele>
      <time>2026-05-07T13:50:45Z</time>
    </trkpt>
    <trkpt lat="49.076568" lon="22.726398">
      <ele>1309</ele>
      <time>2026-05-07T13:51:01Z</time>
    </trkpt>
    <trkpt lat="49.076739" lon="22.726388">
      <ele>1306</ele>
      <time>2026-05-07T13:51:15Z</time>
    </trkpt>
    <trkpt lat="49.076819" lon="22.726389">
      <ele>1304</ele>
      <time>2026-05-07T13:51:21Z</time>
    </trkpt>
    <trkpt lat="49.076897" lon="22.72638">
      <ele>1302</ele>
      <time>2026-05-07T13:51:27Z</time>
    </trkpt>
    <trkpt lat="49.077031" lon="22.726393">
      <ele>1298</ele>
      <time>2026-05-07T13:51:38Z</time>
    </trkpt>
    <trkpt lat="49.077058" lon="22.72637">
      <ele>1298</ele>
      <time>2026-05-07T13:51:41Z</time>
    </trkpt>
    <trkpt lat="49.077142" lon="22.726283">
      <ele>1299</ele>
      <time>2026-05-07T13:51:49Z</time>
    </trkpt>
    <trkpt lat="49.077258" lon="22.726176">
      <ele>1297</ele>
      <time>2026-05-07T13:51:59Z</time>
    </trkpt>
    <trkpt lat="49.077387" lon="22.726003">
      <ele>1295</ele>
      <time>2026-05-07T13:52:13Z</time>
    </trkpt>
    <trkpt lat="49.077446" lon="22.725879">
      <ele>1293</ele>
      <time>2026-05-07T13:52:21Z</time>
    </trkpt>
    <trkpt lat="49.077536" lon="22.725779">
      <ele>1290</ele>
      <time>2026-05-07T13:52:30Z</time>
    </trkpt>
    <trkpt lat="49.077598" lon="22.725708">
      <ele>1289</ele>
      <time>2026-05-07T13:52:36Z</time>
    </trkpt>
    <trkpt lat="49.077627" lon="22.72565">
      <ele>1288</ele>
      <time>2026-05-07T13:52:40Z</time>
    </trkpt>
    <trkpt lat="49.077682" lon="22.725575">
      <ele>1287</ele>
      <time>2026-05-07T13:52:46Z</time>
    </trkpt>
    <trkpt lat="49.077876" lon="22.725412">
      <ele>1284</ele>
      <time>2026-05-07T13:53:03Z</time>
    </trkpt>
    <trkpt lat="49.077981" lon="22.725354">
      <ele>1285</ele>
      <time>2026-05-07T13:53:12Z</time>
    </trkpt>
    <trkpt lat="49.077971" lon="22.725241">
      <ele>1283</ele>
      <time>2026-05-07T13:53:20Z</time>
    </trkpt>
    <trkpt lat="49.077969" lon="22.725227">
      <ele>1283</ele>
      <time>2026-05-07T13:53:21Z</time>
    </trkpt>
    <trkpt lat="49.077955" lon="22.725046">
      <ele>1281</ele>
      <time>2026-05-07T13:53:33Z</time>
    </trkpt>
    <trkpt lat="49.077924" lon="22.724716">
      <ele>1276</ele>
      <time>2026-05-07T13:53:55Z</time>
    </trkpt>
    <trkpt lat="49.077948" lon="22.724376">
      <ele>1270</ele>
      <time>2026-05-07T13:54:19Z</time>
    </trkpt>
    <trkpt lat="49.077945" lon="22.724033">
      <ele>1265</ele>
      <time>2026-05-07T13:54:42Z</time>
    </trkpt>
    <trkpt lat="49.077927" lon="22.723918">
      <ele>1263</ele>
      <time>2026-05-07T13:54:50Z</time>
    </trkpt>
    <trkpt lat="49.077883" lon="22.723766">
      <ele>1260</ele>
      <time>2026-05-07T13:55:01Z</time>
    </trkpt>
    <trkpt lat="49.07786" lon="22.723653">
      <ele>1258</ele>
      <time>2026-05-07T13:55:09Z</time>
    </trkpt>
    <trkpt lat="49.07786" lon="22.723569">
      <ele>1256</ele>
      <time>2026-05-07T13:55:15Z</time>
    </trkpt>
    <trkpt lat="49.077831" lon="22.723518">
      <ele>1255</ele>
      <time>2026-05-07T13:55:19Z</time>
    </trkpt>
    <trkpt lat="49.077789" lon="22.723469">
      <ele>1253</ele>
      <time>2026-05-07T13:55:25Z</time>
    </trkpt>
    <trkpt lat="49.077737" lon="22.723442">
      <ele>1252</ele>
      <time>2026-05-07T13:55:30Z</time>
    </trkpt>
    <trkpt lat="49.077706" lon="22.72341">
      <ele>1251</ele>
      <time>2026-05-07T13:55:34Z</time>
    </trkpt>
    <trkpt lat="49.077631" lon="22.723303">
      <ele>1248</ele>
      <time>2026-05-07T13:55:45Z</time>
    </trkpt>
    <trkpt lat="49.077584" lon="22.723184">
      <ele>1245</ele>
      <time>2026-05-07T13:55:55Z</time>
    </trkpt>
    <trkpt lat="49.077496" lon="22.723067">
      <ele>1241</ele>
      <time>2026-05-07T13:56:07Z</time>
    </trkpt>
    <trkpt lat="49.077455" lon="22.722973">
      <ele>1239</ele>
      <time>2026-05-07T13:56:15Z</time>
    </trkpt>
    <trkpt lat="49.077376" lon="22.722818">
      <ele>1235</ele>
      <time>2026-05-07T13:56:28Z</time>
    </trkpt>
    <trkpt lat="49.077345" lon="22.722721">
      <ele>1233</ele>
      <time>2026-05-07T13:56:35Z</time>
    </trkpt>
    <trkpt lat="49.077329" lon="22.722694">
      <ele>1232</ele>
      <time>2026-05-07T13:56:38Z</time>
    </trkpt>
    <trkpt lat="49.077291" lon="22.722683">
      <ele>1232</ele>
      <time>2026-05-07T13:56:42Z</time>
    </trkpt>
    <trkpt lat="49.077254" lon="22.722698">
      <ele>1232</ele>
      <time>2026-05-07T13:56:46Z</time>
    </trkpt>
    <trkpt lat="49.077164" lon="22.722607">
      <ele>1230</ele>
      <time>2026-05-07T13:56:57Z</time>
    </trkpt>
    <trkpt lat="49.077103" lon="22.722506">
      <ele>1228</ele>
      <time>2026-05-07T13:57:06Z</time>
    </trkpt>
    <trkpt lat="49.076981" lon="22.72237">
      <ele>1224</ele>
      <time>2026-05-07T13:57:22Z</time>
    </trkpt>
    <trkpt lat="49.076932" lon="22.722354">
      <ele>1224</ele>
      <time>2026-05-07T13:57:27Z</time>
    </trkpt>
    <trkpt lat="49.076898" lon="22.722319">
      <ele>1223</ele>
      <time>2026-05-07T13:57:31Z</time>
    </trkpt>
    <trkpt lat="49.07688" lon="22.722263">
      <ele>1221</ele>
      <time>2026-05-07T13:57:35Z</time>
    </trkpt>
    <trkpt lat="49.076847" lon="22.722234">
      <ele>1220</ele>
      <time>2026-05-07T13:57:39Z</time>
    </trkpt>
    <trkpt lat="49.076808" lon="22.722191">
      <ele>1219</ele>
      <time>2026-05-07T13:57:44Z</time>
    </trkpt>
    <trkpt lat="49.076778" lon="22.722136">
      <ele>1217</ele>
      <time>2026-05-07T13:57:49Z</time>
    </trkpt>
    <trkpt lat="49.076708" lon="22.722112">
      <ele>1216</ele>
      <time>2026-05-07T13:57:56Z</time>
    </trkpt>
    <trkpt lat="49.076621" lon="22.722059">
      <ele>1215</ele>
      <time>2026-05-07T13:58:06Z</time>
    </trkpt>
    <trkpt lat="49.076563" lon="22.722041">
      <ele>1215</ele>
      <time>2026-05-07T13:58:12Z</time>
    </trkpt>
    <trkpt lat="49.076509" lon="22.72199">
      <ele>1214</ele>
      <time>2026-05-07T13:58:18Z</time>
    </trkpt>
    <trkpt lat="49.076434" lon="22.721951">
      <ele>1213</ele>
      <time>2026-05-07T13:58:26Z</time>
    </trkpt>
    <trkpt lat="49.076405" lon="22.721918">
      <ele>1212</ele>
      <time>2026-05-07T13:58:30Z</time>
    </trkpt>
    <trkpt lat="49.076295" lon="22.721813">
      <ele>1208</ele>
      <time>2026-05-07T13:58:44Z</time>
    </trkpt>
    <trkpt lat="49.076225" lon="22.721713">
      <ele>1204</ele>
      <time>2026-05-07T13:58:54Z</time>
    </trkpt>
    <trkpt lat="49.076124" lon="22.721608">
      <ele>1201</ele>
      <time>2026-05-07T13:59:07Z</time>
    </trkpt>
    <trkpt lat="49.076045" lon="22.721509">
      <ele>1198</ele>
      <time>2026-05-07T13:59:17Z</time>
    </trkpt>
    <trkpt lat="49.07601" lon="22.721451">
      <ele>1196</ele>
      <time>2026-05-07T13:59:23Z</time>
    </trkpt>
    <trkpt lat="49.075988" lon="22.721371">
      <ele>1195</ele>
      <time>2026-05-07T13:59:29Z</time>
    </trkpt>
    <trkpt lat="49.07594" lon="22.721073">
      <ele>1189</ele>
      <time>2026-05-07T13:59:50Z</time>
    </trkpt>
    <trkpt lat="49.075923" lon="22.720834">
      <ele>1182</ele>
      <time>2026-05-07T14:00:07Z</time>
    </trkpt>
    <trkpt lat="49.075973" lon="22.720636">
      <ele>1175</ele>
      <time>2026-05-07T14:00:22Z</time>
    </trkpt>
    <trkpt lat="49.075973" lon="22.720506">
      <ele>1171</ele>
      <time>2026-05-07T14:00:31Z</time>
    </trkpt>
    <trkpt lat="49.075938" lon="22.720344">
      <ele>1166</ele>
      <time>2026-05-07T14:00:43Z</time>
    </trkpt>
    <trkpt lat="49.075947" lon="22.720189">
      <ele>1162</ele>
      <time>2026-05-07T14:00:54Z</time>
    </trkpt>
    <trkpt lat="49.075901" lon="22.719999">
      <ele>1160</ele>
      <time>2026-05-07T14:01:08Z</time>
    </trkpt>
    <trkpt lat="49.075884" lon="22.719903">
      <ele>1159</ele>
      <time>2026-05-07T14:01:14Z</time>
    </trkpt>
    <trkpt lat="49.07585" lon="22.719707">
      <ele>1158</ele>
      <time>2026-05-07T14:01:28Z</time>
    </trkpt>
    <trkpt lat="49.075844" lon="22.719551">
      <ele>1156</ele>
      <time>2026-05-07T14:01:38Z</time>
    </trkpt>
    <trkpt lat="49.075842" lon="22.719466">
      <ele>1155</ele>
      <time>2026-05-07T14:01:44Z</time>
    </trkpt>
    <trkpt lat="49.075844" lon="22.719446">
      <ele>1155</ele>
      <time>2026-05-07T14:01:45Z</time>
    </trkpt>
    <trkpt lat="49.075867" lon="22.719226">
      <ele>1152</ele>
      <time>2026-05-07T14:02:00Z</time>
    </trkpt>
    <trkpt lat="49.075866" lon="22.718689">
      <ele>1146</ele>
      <time>2026-05-07T14:02:36Z</time>
    </trkpt>
    <trkpt lat="49.075903" lon="22.71855">
      <ele>1144</ele>
      <time>2026-05-07T14:02:46Z</time>
    </trkpt>
    <trkpt lat="49.075952" lon="22.718366">
      <ele>1141</ele>
      <time>2026-05-07T14:02:59Z</time>
    </trkpt>
    <trkpt lat="49.075902" lon="22.718202">
      <ele>1140</ele>
      <time>2026-05-07T14:03:11Z</time>
    </trkpt>
    <trkpt lat="49.07583" lon="22.718141">
      <ele>1140</ele>
      <time>2026-05-07T14:03:20Z</time>
    </trkpt>
    <trkpt lat="49.075733" lon="22.718161">
      <ele>1140</ele>
      <time>2026-05-07T14:03:30Z</time>
    </trkpt>
    <trkpt lat="49.075528" lon="22.718191">
      <ele>1138</ele>
      <time>2026-05-07T14:03:50Z</time>
    </trkpt>
    <trkpt lat="49.075333" lon="22.718238">
      <ele>1134</ele>
      <time>2026-05-07T14:04:11Z</time>
    </trkpt>
    <trkpt lat="49.075007" lon="22.718326">
      <ele>1124</ele>
      <time>2026-05-07T14:04:45Z</time>
    </trkpt>
    <trkpt lat="49.074877" lon="22.718455">
      <ele>1121</ele>
      <time>2026-05-07T14:05:01Z</time>
    </trkpt>
    <trkpt lat="49.074771" lon="22.718497">
      <ele>1118</ele>
      <time>2026-05-07T14:05:12Z</time>
    </trkpt>
    <trkpt lat="49.074677" lon="22.718481">
      <ele>1115</ele>
      <time>2026-05-07T14:05:22Z</time>
    </trkpt>
    <trkpt lat="49.074552" lon="22.718487">
      <ele>1111</ele>
      <time>2026-05-07T14:05:35Z</time>
    </trkpt>
    <trkpt lat="49.074422" lon="22.718293">
      <ele>1106</ele>
      <time>2026-05-07T14:05:54Z</time>
    </trkpt>
    <trkpt lat="49.074231" lon="22.717869">
      <ele>1100</ele>
      <time>2026-05-07T14:06:29Z</time>
    </trkpt>
    <trkpt lat="49.073966" lon="22.717199">
      <ele>1084</ele>
      <time>2026-05-07T14:07:22Z</time>
    </trkpt>
    <trkpt lat="49.073764" lon="22.716607">
      <ele>1073</ele>
      <time>2026-05-07T14:08:07Z</time>
    </trkpt>
    <trkpt lat="49.073722" lon="22.716306">
      <ele>1070</ele>
      <time>2026-05-07T14:08:28Z</time>
    </trkpt>
    <trkpt lat="49.073735" lon="22.716195">
      <ele>1071</ele>
      <time>2026-05-07T14:08:35Z</time>
    </trkpt>
    <trkpt lat="49.073755" lon="22.716028">
      <ele>1070</ele>
      <time>2026-05-07T14:08:47Z</time>
    </trkpt>
    <trkpt lat="49.073736" lon="22.715698">
      <ele>1062</ele>
      <time>2026-05-07T14:09:10Z</time>
    </trkpt>
    <trkpt lat="49.073637" lon="22.715269">
      <ele>1047</ele>
      <time>2026-05-07T14:09:42Z</time>
    </trkpt>
    <trkpt lat="49.073606" lon="22.715165">
      <ele>1043</ele>
      <time>2026-05-07T14:09:51Z</time>
    </trkpt>
    <trkpt lat="49.07355" lon="22.714984">
      <ele>1038</ele>
      <time>2026-05-07T14:10:05Z</time>
    </trkpt>
    <trkpt lat="49.073493" lon="22.714711">
      <ele>1034</ele>
      <time>2026-05-07T14:10:24Z</time>
    </trkpt>
    <trkpt lat="49.073518" lon="22.714319">
      <ele>1029</ele>
      <time>2026-05-07T14:10:51Z</time>
    </trkpt>
    <trkpt lat="49.073616" lon="22.713928">
      <ele>1024</ele>
      <time>2026-05-07T14:11:19Z</time>
    </trkpt>
    <trkpt lat="49.073769" lon="22.713618">
      <ele>1021</ele>
      <time>2026-05-07T14:11:44Z</time>
    </trkpt>
    <trkpt lat="49.073927" lon="22.713367">
      <ele>1017</ele>
      <time>2026-05-07T14:12:08Z</time>
    </trkpt>
    <trkpt lat="49.07401" lon="22.713295">
      <ele>1017</ele>
      <time>2026-05-07T14:12:17Z</time>
    </trkpt>
    <trkpt lat="49.074096" lon="22.713195">
      <ele>1016</ele>
      <time>2026-05-07T14:12:28Z</time>
    </trkpt>
    <trkpt lat="49.074167" lon="22.713084">
      <ele>1015</ele>
      <time>2026-05-07T14:12:38Z</time>
    </trkpt>
    <trkpt lat="49.074211" lon="22.712948">
      <ele>1013</ele>
      <time>2026-05-07T14:12:49Z</time>
    </trkpt>
    <trkpt lat="49.074283" lon="22.712555">
      <ele>1009</ele>
      <time>2026-05-07T14:13:16Z</time>
    </trkpt>
    <trkpt lat="49.074221" lon="22.712297">
      <ele>1006</ele>
      <time>2026-05-07T14:13:34Z</time>
    </trkpt>
    <trkpt lat="49.074138" lon="22.712185">
      <ele>1003</ele>
      <time>2026-05-07T14:13:46Z</time>
    </trkpt>
    <trkpt lat="49.07395" lon="22.712023">
      <ele>997</ele>
      <time>2026-05-07T14:14:08Z</time>
    </trkpt>
    <trkpt lat="49.073891" lon="22.711884">
      <ele>994</ele>
      <time>2026-05-07T14:14:19Z</time>
    </trkpt>
    <trkpt lat="49.073891" lon="22.711616">
      <ele>990</ele>
      <time>2026-05-07T14:14:37Z</time>
    </trkpt>
    <trkpt lat="49.073936" lon="22.711417">
      <ele>988</ele>
      <time>2026-05-07T14:14:51Z</time>
    </trkpt>
    <trkpt lat="49.073989" lon="22.711058">
      <ele>983</ele>
      <time>2026-05-07T14:15:16Z</time>
    </trkpt>
    <trkpt lat="49.074014" lon="22.710543">
      <ele>976</ele>
      <time>2026-05-07T14:15:51Z</time>
    </trkpt>
    <trkpt lat="49.074003" lon="22.71014">
      <ele>973</ele>
      <time>2026-05-07T14:16:17Z</time>
    </trkpt>
    <trkpt lat="49.073897" lon="22.709764">
      <ele>969</ele>
      <time>2026-05-07T14:16:45Z</time>
    </trkpt>
    <trkpt lat="49.073788" lon="22.709557">
      <ele>966</ele>
      <time>2026-05-07T14:17:02Z</time>
    </trkpt>
    <trkpt lat="49.073746" lon="22.709496">
      <ele>965</ele>
      <time>2026-05-07T14:17:08Z</time>
    </trkpt>
    <trkpt lat="49.073599" lon="22.70928">
      <ele>961</ele>
      <time>2026-05-07T14:17:29Z</time>
    </trkpt>
    <trkpt lat="49.073556" lon="22.709147">
      <ele>960</ele>
      <time>2026-05-07T14:17:39Z</time>
    </trkpt>
    <trkpt lat="49.073479" lon="22.708905">
      <ele>958</ele>
      <time>2026-05-07T14:17:57Z</time>
    </trkpt>
    <trkpt lat="49.0734" lon="22.708618">
      <ele>955</ele>
      <time>2026-05-07T14:18:18Z</time>
    </trkpt>
    <trkpt lat="49.073346" lon="22.708422">
      <ele>954</ele>
      <time>2026-05-07T14:18:32Z</time>
    </trkpt>
    <trkpt lat="49.073202" lon="22.707962">
      <ele>947</ele>
      <time>2026-05-07T14:19:06Z</time>
    </trkpt>
    <trkpt lat="49.073065" lon="22.707539">
      <ele>947</ele>
      <time>2026-05-07T14:19:37Z</time>
    </trkpt>
    <trkpt lat="49.072931" lon="22.707182">
      <ele>945</ele>
      <time>2026-05-07T14:20:04Z</time>
    </trkpt>
    <trkpt lat="49.072924" lon="22.707163">
      <ele>945</ele>
      <time>2026-05-07T14:20:06Z</time>
    </trkpt>
    <trkpt lat="49.072805" lon="22.706809">
      <ele>942</ele>
      <time>2026-05-07T14:20:32Z</time>
    </trkpt>
    <trkpt lat="49.072707" lon="22.706551">
      <ele>938</ele>
      <time>2026-05-07T14:20:52Z</time>
    </trkpt>
    <trkpt lat="49.072664" lon="22.706235">
      <ele>935</ele>
      <time>2026-05-07T14:21:13Z</time>
    </trkpt>
    <trkpt lat="49.072559" lon="22.705924">
      <ele>930</ele>
      <time>2026-05-07T14:21:37Z</time>
    </trkpt>
    <trkpt lat="49.072383" lon="22.705544">
      <ele>928</ele>
      <time>2026-05-07T14:22:08Z</time>
    </trkpt>
    <trkpt lat="49.072265" lon="22.705189">
      <ele>932</ele>
      <time>2026-05-07T14:22:34Z</time>
    </trkpt>
    <trkpt lat="49.072262" lon="22.705088">
      <ele>934</ele>
      <time>2026-05-07T14:22:41Z</time>
    </trkpt>
    <trkpt lat="49.072234" lon="22.70504">
      <ele>934</ele>
      <time>2026-05-07T14:22:45Z</time>
    </trkpt>
    <trkpt lat="49.072059" lon="22.705017">
      <ele>933</ele>
      <time>2026-05-07T14:23:03Z</time>
    </trkpt>
    <trkpt lat="49.071735" lon="22.704837">
      <ele>932</ele>
      <time>2026-05-07T14:23:38Z</time>
    </trkpt>
    <trkpt lat="49.071231" lon="22.704414">
      <ele>932</ele>
      <time>2026-05-07T14:24:36Z</time>
    </trkpt>
    <trkpt lat="49.071083" lon="22.704288">
      <ele>931</ele>
      <time>2026-05-07T14:24:53Z</time>
    </trkpt>
    <trkpt lat="49.070958" lon="22.70417">
      <ele>930</ele>
      <time>2026-05-07T14:25:08Z</time>
    </trkpt>
    <trkpt lat="49.070527" lon="22.703928">
      <ele>926</ele>
      <time>2026-05-07T14:25:54Z</time>
    </trkpt>
    <trkpt lat="49.070397" lon="22.703762">
      <ele>925</ele>
      <time>2026-05-07T14:26:11Z</time>
    </trkpt>
    <trkpt lat="49.070215" lon="22.703408">
      <ele>923</ele>
      <time>2026-05-07T14:26:41Z</time>
    </trkpt>
    <trkpt lat="49.070092" lon="22.703231">
      <ele>921</ele>
      <time>2026-05-07T14:26:58Z</time>
    </trkpt>
    <trkpt lat="49.069927" lon="22.70309">
      <ele>918</ele>
      <time>2026-05-07T14:27:17Z</time>
    </trkpt>
    <trkpt lat="49.069716" lon="22.702877">
      <ele>915</ele>
      <time>2026-05-07T14:27:43Z</time>
    </trkpt>
    <trkpt lat="49.069574" lon="22.702741">
      <ele>913</ele>
      <time>2026-05-07T14:28:00Z</time>
    </trkpt>
    <trkpt lat="49.069322" lon="22.702571">
      <ele>909</ele>
      <time>2026-05-07T14:28:28Z</time>
    </trkpt>
    <trkpt lat="49.069125" lon="22.702475">
      <ele>907</ele>
      <time>2026-05-07T14:28:49Z</time>
    </trkpt>
    <trkpt lat="49.069048" lon="22.702308">
      <ele>907</ele>
      <time>2026-05-07T14:29:02Z</time>
    </trkpt>
    <trkpt lat="49.068956" lon="22.702024">
      <ele>908</ele>
      <time>2026-05-07T14:29:23Z</time>
    </trkpt>
    <trkpt lat="49.068918" lon="22.701825">
      <ele>907</ele>
      <time>2026-05-07T14:29:37Z</time>
    </trkpt>
    <trkpt lat="49.068872" lon="22.701536">
      <ele>904</ele>
      <time>2026-05-07T14:29:57Z</time>
    </trkpt>
    <trkpt lat="49.068864" lon="22.701451">
      <ele>903</ele>
      <time>2026-05-07T14:30:03Z</time>
    </trkpt>
    <trkpt lat="49.068844" lon="22.701251">
      <ele>901</ele>
      <time>2026-05-07T14:30:16Z</time>
    </trkpt>
    <trkpt lat="49.068823" lon="22.70094">
      <ele>894</ele>
      <time>2026-05-07T14:30:38Z</time>
    </trkpt>
    <trkpt lat="49.068763" lon="22.700833">
      <ele>891</ele>
      <time>2026-05-07T14:30:47Z</time>
    </trkpt>
    <trkpt lat="49.068665" lon="22.700785">
      <ele>888</ele>
      <time>2026-05-07T14:30:58Z</time>
    </trkpt>
    <trkpt lat="49.068552" lon="22.700704">
      <ele>884</ele>
      <time>2026-05-07T14:31:11Z</time>
    </trkpt>
    <trkpt lat="49.068447" lon="22.700581">
      <ele>880</ele>
      <time>2026-05-07T14:31:25Z</time>
    </trkpt>
    <trkpt lat="49.068355" lon="22.700457">
      <ele>876</ele>
      <time>2026-05-07T14:31:38Z</time>
    </trkpt>
    <trkpt lat="49.068351" lon="22.700452">
      <ele>876</ele>
      <time>2026-05-07T14:31:38Z</time>
    </trkpt>
    <trkpt lat="49.068297" lon="22.700343">
      <ele>873</ele>
      <time>2026-05-07T14:31:48Z</time>
    </trkpt>
    <trkpt lat="49.068253" lon="22.700248">
      <ele>870</ele>
      <time>2026-05-07T14:31:56Z</time>
    </trkpt>
    <trkpt lat="49.068241" lon="22.7002">
      <ele>869</ele>
      <time>2026-05-07T14:32:00Z</time>
    </trkpt>
    <trkpt lat="49.06825" lon="22.700133">
      <ele>867</ele>
      <time>2026-05-07T14:32:04Z</time>
    </trkpt>
    <trkpt lat="49.068271" lon="22.700052">
      <ele>866</ele>
      <time>2026-05-07T14:32:10Z</time>
    </trkpt>
    <trkpt lat="49.068283" lon="22.699939">
      <ele>864</ele>
      <time>2026-05-07T14:32:18Z</time>
    </trkpt>
    <trkpt lat="49.068284" lon="22.699909">
      <ele>863</ele>
      <time>2026-05-07T14:32:20Z</time>
    </trkpt>
    <trkpt lat="49.06829" lon="22.699689">
      <ele>859</ele>
      <time>2026-05-07T14:32:35Z</time>
    </trkpt>
    <trkpt lat="49.068297" lon="22.699405">
      <ele>855</ele>
      <time>2026-05-07T14:32:54Z</time>
    </trkpt>
    <trkpt lat="49.068299" lon="22.699316">
      <ele>855</ele>
      <time>2026-05-07T14:33:00Z</time>
    </trkpt>
    <trkpt lat="49.068294" lon="22.699138">
      <ele>853</ele>
      <time>2026-05-07T14:33:12Z</time>
    </trkpt>
    <trkpt lat="49.068299" lon="22.698901">
      <ele>853</ele>
      <time>2026-05-07T14:33:27Z</time>
    </trkpt>
    <trkpt lat="49.068268" lon="22.698694">
      <ele>853</ele>
      <time>2026-05-07T14:33:41Z</time>
    </trkpt>
    <trkpt lat="49.06828" lon="22.698399">
      <ele>851</ele>
      <time>2026-05-07T14:34:01Z</time>
    </trkpt>
    <trkpt lat="49.068249" lon="22.697988">
      <ele>844</ele>
      <time>2026-05-07T14:34:29Z</time>
    </trkpt>
    <trkpt lat="49.068288" lon="22.697755">
      <ele>841</ele>
      <time>2026-05-07T14:34:45Z</time>
    </trkpt>
    <trkpt lat="49.068389" lon="22.697518">
      <ele>837</ele>
      <time>2026-05-07T14:35:04Z</time>
    </trkpt>
    <trkpt lat="49.068553" lon="22.697232">
      <ele>834</ele>
      <time>2026-05-07T14:35:29Z</time>
    </trkpt>
    <trkpt lat="49.0686" lon="22.696932">
      <ele>830</ele>
      <time>2026-05-07T14:35:50Z</time>
    </trkpt>
    <trkpt lat="49.068762" lon="22.696611">
      <ele>828</ele>
      <time>2026-05-07T14:36:17Z</time>
    </trkpt>
    <trkpt lat="49.0688" lon="22.696243">
      <ele>827</ele>
      <time>2026-05-07T14:36:42Z</time>
    </trkpt>
    <trkpt lat="49.06861" lon="22.695848">
      <ele>822</ele>
      <time>2026-05-07T14:37:14Z</time>
    </trkpt>
    <trkpt lat="49.068432" lon="22.695208">
      <ele>813</ele>
      <time>2026-05-07T14:38:01Z</time>
    </trkpt>
    <trkpt lat="49.068244" lon="22.694785">
      <ele>805</ele>
      <time>2026-05-07T14:38:35Z</time>
    </trkpt>
    <trkpt lat="49.067946" lon="22.693928">
      <ele>796</ele>
      <time>2026-05-07T14:39:40Z</time>
    </trkpt>
    <trkpt lat="49.06769" lon="22.693313">
      <ele>789</ele>
      <time>2026-05-07T14:40:28Z</time>
    </trkpt>
    <trkpt lat="49.067617" lon="22.693334">
      <ele>789</ele>
      <time>2026-05-07T14:40:36Z</time>
    </trkpt>
    <trkpt lat="49.067565" lon="22.693331">
      <ele>789</ele>
      <time>2026-05-07T14:40:41Z</time>
    </trkpt>
    <trkpt lat="49.067402" lon="22.693304">
      <ele>790</ele>
      <time>2026-05-07T14:40:58Z</time>
    </trkpt>
    <trkpt lat="49.06724" lon="22.693257">
      <ele>791</ele>
      <time>2026-05-07T14:41:14Z</time>
    </trkpt>
    <trkpt lat="49.06715" lon="22.693231">
      <ele>791</ele>
      <time>2026-05-07T14:41:24Z</time>
    </trkpt>
    <trkpt lat="49.066858" lon="22.69276">
      <ele>783</ele>
      <time>2026-05-07T14:42:07Z</time>
    </trkpt>
    <trkpt lat="49.066594" lon="22.692334">
      <ele>777</ele>
      <time>2026-05-07T14:42:46Z</time>
    </trkpt>
    <trkpt lat="49.065826" lon="22.691623">
      <ele>769</ele>
      <time>2026-05-07T14:44:17Z</time>
    </trkpt>
    <trkpt lat="49.065576" lon="22.69157">
      <ele>766</ele>
      <time>2026-05-07T14:44:42Z</time>
    </trkpt>
    <trkpt lat="49.065214" lon="22.691267">
      <ele>763</ele>
      <time>2026-05-07T14:45:24Z</time>
    </trkpt>
    <trkpt lat="49.064698" lon="22.690487">
      <ele>762</ele>
      <time>2026-05-07T14:46:37Z</time>
    </trkpt>
    <trkpt lat="49.064293" lon="22.689951">
      <ele>757</ele>
      <time>2026-05-07T14:47:31Z</time>
    </trkpt>
    <trkpt lat="49.064086" lon="22.689496">
      <ele>754</ele>
      <time>2026-05-07T14:48:08Z</time>
    </trkpt>
    <trkpt lat="49.063756" lon="22.68893">
      <ele>751</ele>
      <time>2026-05-07T14:48:58Z</time>
    </trkpt>
    <trkpt lat="49.063689" lon="22.688818">
      <ele>750</ele>
      <time>2026-05-07T14:49:08Z</time>
    </trkpt>
    <trkpt lat="49.063607" lon="22.688717">
      <ele>750</ele>
      <time>2026-05-07T14:49:19Z</time>
    </trkpt>
    <trkpt lat="49.06351" lon="22.688647">
      <ele>750</ele>
      <time>2026-05-07T14:49:30Z</time>
    </trkpt>
    <trkpt lat="49.063338" lon="22.688522">
      <ele>749</ele>
      <time>2026-05-07T14:49:49Z</time>
    </trkpt>
    <trkpt lat="49.063234" lon="22.688466">
      <ele>749</ele>
      <time>2026-05-07T14:50:00Z</time>
    </trkpt>
    <trkpt lat="49.063204" lon="22.688406">
      <ele>749</ele>
      <time>2026-05-07T14:50:05Z</time>
    </trkpt>
    <trkpt lat="49.063179" lon="22.688316">
      <ele>748</ele>
      <time>2026-05-07T14:50:11Z</time>
    </trkpt>
    <trkpt lat="49.063141" lon="22.688124">
      <ele>747</ele>
      <time>2026-05-07T14:50:25Z</time>
    </trkpt>
    <trkpt lat="49.063116" lon="22.68788">
      <ele>747</ele>
      <time>2026-05-07T14:50:41Z</time>
    </trkpt>
    <trkpt lat="49.063083" lon="22.687709">
      <ele>747</ele>
      <time>2026-05-07T14:50:53Z</time>
    </trkpt>
    <trkpt lat="49.063017" lon="22.687433">
      <ele>747</ele>
      <time>2026-05-07T14:51:12Z</time>
    </trkpt>
    <trkpt lat="49.06298" lon="22.687334">
      <ele>746</ele>
      <time>2026-05-07T14:51:20Z</time>
    </trkpt>
    <trkpt lat="49.062868" lon="22.687174">
      <ele>745</ele>
      <time>2026-05-07T14:51:35Z</time>
    </trkpt>
    <trkpt lat="49.062754" lon="22.686917">
      <ele>744</ele>
      <time>2026-05-07T14:51:56Z</time>
    </trkpt>
    <trkpt lat="49.062599" lon="22.686692">
      <ele>742</ele>
      <time>2026-05-07T14:52:17Z</time>
    </trkpt>
    <trkpt lat="49.062145" lon="22.686245">
      <ele>737</ele>
      <time>2026-05-07T14:53:12Z</time>
    </trkpt>
  </trkseg>
</trk>
</gpx>