<?xml version="1.0" encoding="UTF-8"?><gpx creator="https://mapa-turystyczna.pl" xmlns="http://www.topografix.com/GPX/1/1" version="1.1" xmlns:xsi="http://www.w3.org/2001/XMLSchema-instance" xsi:schemaLocation="http://www.topografix.com/GPX/1/1 http://www.topografix.com/GPX/1/1/gpx.xsd">
  <metadata>
    <link href="https://mapa-turystyczna.pl">
      <text>mapa-turystyczna.pl</text>
    </link>
    <time>2026-05-07T08:43:12Z</time>
    <bounds maxlat="49.130144" maxlon="22.745981" minlat="49.074529" minlon="22.722027"/>
  </metadata>

<trk>
  <name>Muczne – Muczne</name>
  <link href="https://mapa-turystyczna.pl/route/kmih">
    <text>Muczne – Muczne</text>
  </link>
  <trkseg>
    <trkpt lat="49.130144" lon="22.745981">
      <ele>718</ele>
      <time>2026-05-07T08:43:12Z</time>
    </trkpt>
    <trkpt lat="49.130085" lon="22.745759">
      <ele>720</ele>
      <time>2026-05-07T08:43:32Z</time>
    </trkpt>
    <trkpt lat="49.130035" lon="22.74553">
      <ele>723</ele>
      <time>2026-05-07T08:43:52Z</time>
    </trkpt>
    <trkpt lat="49.129975" lon="22.74526">
      <ele>726</ele>
      <time>2026-05-07T08:44:16Z</time>
    </trkpt>
    <trkpt lat="49.129947" lon="22.745134">
      <ele>728</ele>
      <time>2026-05-07T08:44:28Z</time>
    </trkpt>
    <trkpt lat="49.129859" lon="22.744871">
      <ele>731</ele>
      <time>2026-05-07T08:44:52Z</time>
    </trkpt>
    <trkpt lat="49.12978" lon="22.744672">
      <ele>731</ele>
      <time>2026-05-07T08:45:12Z</time>
    </trkpt>
    <trkpt lat="49.129707" lon="22.744536">
      <ele>731</ele>
      <time>2026-05-07T08:45:26Z</time>
    </trkpt>
    <trkpt lat="49.129201" lon="22.743724">
      <ele>729</ele>
      <time>2026-05-07T08:46:59Z</time>
    </trkpt>
    <trkpt lat="49.129096" lon="22.743566">
      <ele>729</ele>
      <time>2026-05-07T08:47:18Z</time>
    </trkpt>
    <trkpt lat="49.128784" lon="22.74312">
      <ele>729</ele>
      <time>2026-05-07T08:48:12Z</time>
    </trkpt>
    <trkpt lat="49.128726" lon="22.742808">
      <ele>729</ele>
      <time>2026-05-07T08:48:55Z</time>
    </trkpt>
    <trkpt lat="49.128694" lon="22.742543">
      <ele>730</ele>
      <time>2026-05-07T08:49:30Z</time>
    </trkpt>
    <trkpt lat="49.128692" lon="22.742431">
      <ele>730</ele>
      <time>2026-05-07T08:49:45Z</time>
    </trkpt>
    <trkpt lat="49.128625" lon="22.742222">
      <ele>730</ele>
      <time>2026-05-07T08:50:15Z</time>
    </trkpt>
    <trkpt lat="49.128537" lon="22.742011">
      <ele>732</ele>
      <time>2026-05-07T08:50:49Z</time>
    </trkpt>
    <trkpt lat="49.128448" lon="22.741814">
      <ele>735</ele>
      <time>2026-05-07T08:51:20Z</time>
    </trkpt>
    <trkpt lat="49.128266" lon="22.741474">
      <ele>741</ele>
      <time>2026-05-07T08:52:19Z</time>
    </trkpt>
    <trkpt lat="49.12811" lon="22.741249">
      <ele>745</ele>
      <time>2026-05-07T08:53:03Z</time>
    </trkpt>
    <trkpt lat="49.127982" lon="22.741109">
      <ele>747</ele>
      <time>2026-05-07T08:53:35Z</time>
    </trkpt>
    <trkpt lat="49.127875" lon="22.7409">
      <ele>750</ele>
      <time>2026-05-07T08:54:10Z</time>
    </trkpt>
    <trkpt lat="49.12777" lon="22.740696">
      <ele>753</ele>
      <time>2026-05-07T08:54:44Z</time>
    </trkpt>
    <trkpt lat="49.127621" lon="22.740475">
      <ele>757</ele>
      <time>2026-05-07T08:55:27Z</time>
    </trkpt>
    <trkpt lat="49.127427" lon="22.740173">
      <ele>761</ele>
      <time>2026-05-07T08:56:23Z</time>
    </trkpt>
    <trkpt lat="49.127297" lon="22.739935">
      <ele>764</ele>
      <time>2026-05-07T08:57:04Z</time>
    </trkpt>
    <trkpt lat="49.127104" lon="22.739701">
      <ele>767</ele>
      <time>2026-05-07T08:57:54Z</time>
    </trkpt>
    <trkpt lat="49.126956" lon="22.739576">
      <ele>770</ele>
      <time>2026-05-07T08:58:28Z</time>
    </trkpt>
    <trkpt lat="49.126822" lon="22.739479">
      <ele>772</ele>
      <time>2026-05-07T08:58:58Z</time>
    </trkpt>
    <trkpt lat="49.126681" lon="22.739165">
      <ele>776</ele>
      <time>2026-05-07T08:59:49Z</time>
    </trkpt>
    <trkpt lat="49.126553" lon="22.738998">
      <ele>780</ele>
      <time>2026-05-07T09:00:23Z</time>
    </trkpt>
    <trkpt lat="49.126446" lon="22.738876">
      <ele>784</ele>
      <time>2026-05-07T09:00:51Z</time>
    </trkpt>
    <trkpt lat="49.126299" lon="22.73857">
      <ele>787</ele>
      <time>2026-05-07T09:01:41Z</time>
    </trkpt>
    <trkpt lat="49.126177" lon="22.738387">
      <ele>787</ele>
      <time>2026-05-07T09:02:15Z</time>
    </trkpt>
    <trkpt lat="49.125985" lon="22.738201">
      <ele>787</ele>
      <time>2026-05-07T09:03:01Z</time>
    </trkpt>
    <trkpt lat="49.125872" lon="22.738092">
      <ele>787</ele>
      <time>2026-05-07T09:03:28Z</time>
    </trkpt>
    <trkpt lat="49.125779" lon="22.737919">
      <ele>787</ele>
      <time>2026-05-07T09:03:57Z</time>
    </trkpt>
    <trkpt lat="49.125655" lon="22.737771">
      <ele>788</ele>
      <time>2026-05-07T09:04:29Z</time>
    </trkpt>
    <trkpt lat="49.12553" lon="22.737723">
      <ele>790</ele>
      <time>2026-05-07T09:04:55Z</time>
    </trkpt>
    <trkpt lat="49.12526" lon="22.737369">
      <ele>799</ele>
      <time>2026-05-07T09:06:08Z</time>
    </trkpt>
    <trkpt lat="49.1252" lon="22.737292">
      <ele>800</ele>
      <time>2026-05-07T09:06:24Z</time>
    </trkpt>
    <trkpt lat="49.12496" lon="22.737161">
      <ele>803</ele>
      <time>2026-05-07T09:07:16Z</time>
    </trkpt>
    <trkpt lat="49.124844" lon="22.736997">
      <ele>804</ele>
      <time>2026-05-07T09:07:48Z</time>
    </trkpt>
    <trkpt lat="49.12472" lon="22.736762">
      <ele>806</ele>
      <time>2026-05-07T09:08:27Z</time>
    </trkpt>
    <trkpt lat="49.124592" lon="22.736528">
      <ele>808</ele>
      <time>2026-05-07T09:09:08Z</time>
    </trkpt>
    <trkpt lat="49.124464" lon="22.736281">
      <ele>811</ele>
      <time>2026-05-07T09:09:49Z</time>
    </trkpt>
    <trkpt lat="49.124329" lon="22.736107">
      <ele>814</ele>
      <time>2026-05-07T09:10:25Z</time>
    </trkpt>
    <trkpt lat="49.124153" lon="22.735995">
      <ele>818</ele>
      <time>2026-05-07T09:11:04Z</time>
    </trkpt>
    <trkpt lat="49.124" lon="22.73587">
      <ele>822</ele>
      <time>2026-05-07T09:11:40Z</time>
    </trkpt>
    <trkpt lat="49.123852" lon="22.735776">
      <ele>825</ele>
      <time>2026-05-07T09:12:12Z</time>
    </trkpt>
    <trkpt lat="49.123672" lon="22.735683">
      <ele>828</ele>
      <time>2026-05-07T09:12:51Z</time>
    </trkpt>
    <trkpt lat="49.123258" lon="22.735574">
      <ele>833</ele>
      <time>2026-05-07T09:14:16Z</time>
    </trkpt>
    <trkpt lat="49.123062" lon="22.735503">
      <ele>836</ele>
      <time>2026-05-07T09:14:57Z</time>
    </trkpt>
    <trkpt lat="49.122846" lon="22.735433">
      <ele>841</ele>
      <time>2026-05-07T09:15:42Z</time>
    </trkpt>
    <trkpt lat="49.122677" lon="22.735298">
      <ele>846</ele>
      <time>2026-05-07T09:16:21Z</time>
    </trkpt>
    <trkpt lat="49.122604" lon="22.735165">
      <ele>848</ele>
      <time>2026-05-07T09:16:44Z</time>
    </trkpt>
    <trkpt lat="49.12258" lon="22.734999">
      <ele>849</ele>
      <time>2026-05-07T09:17:07Z</time>
    </trkpt>
    <trkpt lat="49.122573" lon="22.734806">
      <ele>851</ele>
      <time>2026-05-07T09:17:32Z</time>
    </trkpt>
    <trkpt lat="49.122559" lon="22.73465">
      <ele>852</ele>
      <time>2026-05-07T09:17:53Z</time>
    </trkpt>
    <trkpt lat="49.122481" lon="22.734527">
      <ele>854</ele>
      <time>2026-05-07T09:18:16Z</time>
    </trkpt>
    <trkpt lat="49.122278" lon="22.734364">
      <ele>860</ele>
      <time>2026-05-07T09:19:03Z</time>
    </trkpt>
    <trkpt lat="49.122205" lon="22.734322">
      <ele>862</ele>
      <time>2026-05-07T09:19:19Z</time>
    </trkpt>
    <trkpt lat="49.122068" lon="22.734049">
      <ele>867</ele>
      <time>2026-05-07T09:20:05Z</time>
    </trkpt>
    <trkpt lat="49.121908" lon="22.733808">
      <ele>871</ele>
      <time>2026-05-07T09:20:51Z</time>
    </trkpt>
    <trkpt lat="49.121841" lon="22.733785">
      <ele>872</ele>
      <time>2026-05-07T09:21:05Z</time>
    </trkpt>
    <trkpt lat="49.12178" lon="22.733731">
      <ele>873</ele>
      <time>2026-05-07T09:21:19Z</time>
    </trkpt>
    <trkpt lat="49.121713" lon="22.733612">
      <ele>873</ele>
      <time>2026-05-07T09:21:40Z</time>
    </trkpt>
    <trkpt lat="49.121644" lon="22.733467">
      <ele>873</ele>
      <time>2026-05-07T09:22:03Z</time>
    </trkpt>
    <trkpt lat="49.121558" lon="22.733266">
      <ele>874</ele>
      <time>2026-05-07T09:22:35Z</time>
    </trkpt>
    <trkpt lat="49.121509" lon="22.733062">
      <ele>875</ele>
      <time>2026-05-07T09:23:04Z</time>
    </trkpt>
    <trkpt lat="49.121474" lon="22.732934">
      <ele>876</ele>
      <time>2026-05-07T09:23:22Z</time>
    </trkpt>
    <trkpt lat="49.121435" lon="22.732826">
      <ele>876</ele>
      <time>2026-05-07T09:23:38Z</time>
    </trkpt>
    <trkpt lat="49.12133" lon="22.732777">
      <ele>878</ele>
      <time>2026-05-07T09:24:01Z</time>
    </trkpt>
    <trkpt lat="49.12128" lon="22.732719">
      <ele>879</ele>
      <time>2026-05-07T09:24:13Z</time>
    </trkpt>
    <trkpt lat="49.121211" lon="22.732612">
      <ele>881</ele>
      <time>2026-05-07T09:24:33Z</time>
    </trkpt>
    <trkpt lat="49.121123" lon="22.73244">
      <ele>885</ele>
      <time>2026-05-07T09:25:03Z</time>
    </trkpt>
    <trkpt lat="49.120992" lon="22.732183">
      <ele>892</ele>
      <time>2026-05-07T09:25:48Z</time>
    </trkpt>
    <trkpt lat="49.120815" lon="22.731843">
      <ele>903</ele>
      <time>2026-05-07T09:26:48Z</time>
    </trkpt>
    <trkpt lat="49.120752" lon="22.731563">
      <ele>907</ele>
      <time>2026-05-07T09:27:28Z</time>
    </trkpt>
    <trkpt lat="49.120588" lon="22.731271">
      <ele>913</ele>
      <time>2026-05-07T09:28:19Z</time>
    </trkpt>
    <trkpt lat="49.1205" lon="22.731226">
      <ele>915</ele>
      <time>2026-05-07T09:28:39Z</time>
    </trkpt>
    <trkpt lat="49.120418" lon="22.731168">
      <ele>918</ele>
      <time>2026-05-07T09:28:57Z</time>
    </trkpt>
    <trkpt lat="49.12037" lon="22.731097">
      <ele>920</ele>
      <time>2026-05-07T09:29:11Z</time>
    </trkpt>
    <trkpt lat="49.120328" lon="22.730975">
      <ele>922</ele>
      <time>2026-05-07T09:29:30Z</time>
    </trkpt>
    <trkpt lat="49.120214" lon="22.730729">
      <ele>927</ele>
      <time>2026-05-07T09:30:10Z</time>
    </trkpt>
    <trkpt lat="49.119962" lon="22.730327">
      <ele>932</ele>
      <time>2026-05-07T09:31:24Z</time>
    </trkpt>
    <trkpt lat="49.119769" lon="22.73007">
      <ele>937</ele>
      <time>2026-05-07T09:32:16Z</time>
    </trkpt>
    <trkpt lat="49.119565" lon="22.729793">
      <ele>943</ele>
      <time>2026-05-07T09:33:12Z</time>
    </trkpt>
    <trkpt lat="49.11943" lon="22.729659">
      <ele>946</ele>
      <time>2026-05-07T09:33:46Z</time>
    </trkpt>
    <trkpt lat="49.119357" lon="22.729623">
      <ele>947</ele>
      <time>2026-05-07T09:34:02Z</time>
    </trkpt>
    <trkpt lat="49.119257" lon="22.729512">
      <ele>948</ele>
      <time>2026-05-07T09:34:28Z</time>
    </trkpt>
    <trkpt lat="49.119218" lon="22.729212">
      <ele>948</ele>
      <time>2026-05-07T09:35:10Z</time>
    </trkpt>
    <trkpt lat="49.119104" lon="22.729058">
      <ele>951</ele>
      <time>2026-05-07T09:35:42Z</time>
    </trkpt>
    <trkpt lat="49.119012" lon="22.728962">
      <ele>953</ele>
      <time>2026-05-07T09:36:06Z</time>
    </trkpt>
    <trkpt lat="49.11885" lon="22.728888">
      <ele>957</ele>
      <time>2026-05-07T09:36:42Z</time>
    </trkpt>
    <trkpt lat="49.118672" lon="22.728873">
      <ele>961</ele>
      <time>2026-05-07T09:37:20Z</time>
    </trkpt>
    <trkpt lat="49.118556" lon="22.728949">
      <ele>964</ele>
      <time>2026-05-07T09:37:47Z</time>
    </trkpt>
    <trkpt lat="49.118243" lon="22.728811">
      <ele>967</ele>
      <time>2026-05-07T09:38:55Z</time>
    </trkpt>
    <trkpt lat="49.117967" lon="22.728647">
      <ele>971</ele>
      <time>2026-05-07T09:39:57Z</time>
    </trkpt>
    <trkpt lat="49.117633" lon="22.728364">
      <ele>975</ele>
      <time>2026-05-07T09:41:17Z</time>
    </trkpt>
    <trkpt lat="49.117532" lon="22.728294">
      <ele>976</ele>
      <time>2026-05-07T09:41:40Z</time>
    </trkpt>
    <trkpt lat="49.117362" lon="22.728056">
      <ele>980</ele>
      <time>2026-05-07T09:42:29Z</time>
    </trkpt>
    <trkpt lat="49.117206" lon="22.727896">
      <ele>983</ele>
      <time>2026-05-07T09:43:09Z</time>
    </trkpt>
    <trkpt lat="49.117024" lon="22.727703">
      <ele>985</ele>
      <time>2026-05-07T09:43:55Z</time>
    </trkpt>
    <trkpt lat="49.116864" lon="22.727456">
      <ele>986</ele>
      <time>2026-05-07T09:44:42Z</time>
    </trkpt>
    <trkpt lat="49.116736" lon="22.727266">
      <ele>988</ele>
      <time>2026-05-07T09:45:20Z</time>
    </trkpt>
    <trkpt lat="49.116576" lon="22.727138">
      <ele>990</ele>
      <time>2026-05-07T09:45:58Z</time>
    </trkpt>
    <trkpt lat="49.116454" lon="22.727062">
      <ele>992</ele>
      <time>2026-05-07T09:46:25Z</time>
    </trkpt>
    <trkpt lat="49.116181" lon="22.72699">
      <ele>995</ele>
      <time>2026-05-07T09:47:23Z</time>
    </trkpt>
    <trkpt lat="49.116042" lon="22.726945">
      <ele>996</ele>
      <time>2026-05-07T09:47:53Z</time>
    </trkpt>
    <trkpt lat="49.115683" lon="22.7268">
      <ele>999</ele>
      <time>2026-05-07T09:49:11Z</time>
    </trkpt>
    <trkpt lat="49.115512" lon="22.726749">
      <ele>1002</ele>
      <time>2026-05-07T09:49:47Z</time>
    </trkpt>
    <trkpt lat="49.115321" lon="22.726646">
      <ele>1004</ele>
      <time>2026-05-07T09:50:30Z</time>
    </trkpt>
    <trkpt lat="49.115074" lon="22.726479">
      <ele>1005</ele>
      <time>2026-05-07T09:51:26Z</time>
    </trkpt>
    <trkpt lat="49.114833" lon="22.726438">
      <ele>1006</ele>
      <time>2026-05-07T09:52:17Z</time>
    </trkpt>
    <trkpt lat="49.114481" lon="22.72633">
      <ele>1012</ele>
      <time>2026-05-07T09:53:33Z</time>
    </trkpt>
    <trkpt lat="49.114271" lon="22.726222">
      <ele>1017</ele>
      <time>2026-05-07T09:54:20Z</time>
    </trkpt>
    <trkpt lat="49.114062" lon="22.72632">
      <ele>1021</ele>
      <time>2026-05-07T09:55:06Z</time>
    </trkpt>
    <trkpt lat="49.113835" lon="22.726264">
      <ele>1027</ele>
      <time>2026-05-07T09:55:56Z</time>
    </trkpt>
    <trkpt lat="49.113589" lon="22.726133">
      <ele>1034</ele>
      <time>2026-05-07T09:56:51Z</time>
    </trkpt>
    <trkpt lat="49.113322" lon="22.72612">
      <ele>1040</ele>
      <time>2026-05-07T09:57:48Z</time>
    </trkpt>
    <trkpt lat="49.113154" lon="22.726103">
      <ele>1043</ele>
      <time>2026-05-07T09:58:24Z</time>
    </trkpt>
    <trkpt lat="49.112831" lon="22.726121">
      <ele>1048</ele>
      <time>2026-05-07T09:59:32Z</time>
    </trkpt>
    <trkpt lat="49.112519" lon="22.726177">
      <ele>1053</ele>
      <time>2026-05-07T10:00:38Z</time>
    </trkpt>
    <trkpt lat="49.112248" lon="22.726174">
      <ele>1060</ele>
      <time>2026-05-07T10:01:36Z</time>
    </trkpt>
    <trkpt lat="49.111966" lon="22.726194">
      <ele>1066</ele>
      <time>2026-05-07T10:02:36Z</time>
    </trkpt>
    <trkpt lat="49.11172" lon="22.726084">
      <ele>1072</ele>
      <time>2026-05-07T10:03:31Z</time>
    </trkpt>
    <trkpt lat="49.111574" lon="22.72592">
      <ele>1077</ele>
      <time>2026-05-07T10:04:10Z</time>
    </trkpt>
    <trkpt lat="49.111306" lon="22.725709">
      <ele>1085</ele>
      <time>2026-05-07T10:05:14Z</time>
    </trkpt>
    <trkpt lat="49.111188" lon="22.725596">
      <ele>1090</ele>
      <time>2026-05-07T10:05:45Z</time>
    </trkpt>
    <trkpt lat="49.111075" lon="22.725477">
      <ele>1095</ele>
      <time>2026-05-07T10:06:15Z</time>
    </trkpt>
    <trkpt lat="49.11102" lon="22.725365">
      <ele>1098</ele>
      <time>2026-05-07T10:06:35Z</time>
    </trkpt>
    <trkpt lat="49.11097" lon="22.725365">
      <ele>1100</ele>
      <time>2026-05-07T10:06:46Z</time>
    </trkpt>
    <trkpt lat="49.110919" lon="22.725272">
      <ele>1102</ele>
      <time>2026-05-07T10:07:03Z</time>
    </trkpt>
    <trkpt lat="49.110871" lon="22.725224">
      <ele>1105</ele>
      <time>2026-05-07T10:07:16Z</time>
    </trkpt>
    <trkpt lat="49.110808" lon="22.725209">
      <ele>1106</ele>
      <time>2026-05-07T10:07:30Z</time>
    </trkpt>
    <trkpt lat="49.11077" lon="22.725196">
      <ele>1107</ele>
      <time>2026-05-07T10:07:38Z</time>
    </trkpt>
    <trkpt lat="49.110716" lon="22.725146">
      <ele>1109</ele>
      <time>2026-05-07T10:07:52Z</time>
    </trkpt>
    <trkpt lat="49.110652" lon="22.725111">
      <ele>1111</ele>
      <time>2026-05-07T10:08:06Z</time>
    </trkpt>
    <trkpt lat="49.110586" lon="22.725097">
      <ele>1112</ele>
      <time>2026-05-07T10:08:20Z</time>
    </trkpt>
    <trkpt lat="49.110524" lon="22.725064">
      <ele>1114</ele>
      <time>2026-05-07T10:08:34Z</time>
    </trkpt>
    <trkpt lat="49.110461" lon="22.725054">
      <ele>1115</ele>
      <time>2026-05-07T10:08:48Z</time>
    </trkpt>
    <trkpt lat="49.110399" lon="22.72498">
      <ele>1117</ele>
      <time>2026-05-07T10:09:05Z</time>
    </trkpt>
    <trkpt lat="49.110376" lon="22.72496">
      <ele>1118</ele>
      <time>2026-05-07T10:09:10Z</time>
    </trkpt>
    <trkpt lat="49.110353" lon="22.72492">
      <ele>1118</ele>
      <time>2026-05-07T10:09:18Z</time>
    </trkpt>
    <trkpt lat="49.110339" lon="22.724883">
      <ele>1119</ele>
      <time>2026-05-07T10:09:24Z</time>
    </trkpt>
    <trkpt lat="49.11032" lon="22.724803">
      <ele>1121</ele>
      <time>2026-05-07T10:09:36Z</time>
    </trkpt>
    <trkpt lat="49.110304" lon="22.724746">
      <ele>1121</ele>
      <time>2026-05-07T10:09:44Z</time>
    </trkpt>
    <trkpt lat="49.110251" lon="22.724653">
      <ele>1123</ele>
      <time>2026-05-07T10:10:01Z</time>
    </trkpt>
    <trkpt lat="49.110207" lon="22.724482">
      <ele>1125</ele>
      <time>2026-05-07T10:10:27Z</time>
    </trkpt>
    <trkpt lat="49.11017" lon="22.724235">
      <ele>1127</ele>
      <time>2026-05-07T10:11:01Z</time>
    </trkpt>
    <trkpt lat="49.110171" lon="22.724143">
      <ele>1128</ele>
      <time>2026-05-07T10:11:14Z</time>
    </trkpt>
    <trkpt lat="49.110189" lon="22.724082">
      <ele>1128</ele>
      <time>2026-05-07T10:11:23Z</time>
    </trkpt>
    <trkpt lat="49.110225" lon="22.724019">
      <ele>1129</ele>
      <time>2026-05-07T10:11:35Z</time>
    </trkpt>
    <trkpt lat="49.110255" lon="22.723932">
      <ele>1130</ele>
      <time>2026-05-07T10:11:48Z</time>
    </trkpt>
    <trkpt lat="49.110254" lon="22.723831">
      <ele>1130</ele>
      <time>2026-05-07T10:12:02Z</time>
    </trkpt>
    <trkpt lat="49.110281" lon="22.723742">
      <ele>1131</ele>
      <time>2026-05-07T10:12:16Z</time>
    </trkpt>
    <trkpt lat="49.110308" lon="22.723601">
      <ele>1132</ele>
      <time>2026-05-07T10:12:36Z</time>
    </trkpt>
    <trkpt lat="49.11034" lon="22.723421">
      <ele>1133</ele>
      <time>2026-05-07T10:13:01Z</time>
    </trkpt>
    <trkpt lat="49.110276" lon="22.723326">
      <ele>1133</ele>
      <time>2026-05-07T10:13:20Z</time>
    </trkpt>
    <trkpt lat="49.110223" lon="22.723245">
      <ele>1134</ele>
      <time>2026-05-07T10:13:36Z</time>
    </trkpt>
    <trkpt lat="49.110156" lon="22.723178">
      <ele>1135</ele>
      <time>2026-05-07T10:13:52Z</time>
    </trkpt>
    <trkpt lat="49.110081" lon="22.723084">
      <ele>1137</ele>
      <time>2026-05-07T10:14:13Z</time>
    </trkpt>
    <trkpt lat="49.110007" lon="22.723028">
      <ele>1138</ele>
      <time>2026-05-07T10:14:30Z</time>
    </trkpt>
    <trkpt lat="49.109883" lon="22.722896">
      <ele>1140</ele>
      <time>2026-05-07T10:15:02Z</time>
    </trkpt>
    <trkpt lat="49.109852" lon="22.722833">
      <ele>1141</ele>
      <time>2026-05-07T10:15:13Z</time>
    </trkpt>
    <trkpt lat="49.109773" lon="22.722728">
      <ele>1142</ele>
      <time>2026-05-07T10:15:35Z</time>
    </trkpt>
    <trkpt lat="49.109621" lon="22.722501">
      <ele>1145</ele>
      <time>2026-05-07T10:16:20Z</time>
    </trkpt>
    <trkpt lat="49.109594" lon="22.722474">
      <ele>1146</ele>
      <time>2026-05-07T10:16:26Z</time>
    </trkpt>
    <trkpt lat="49.10953" lon="22.72244">
      <ele>1148</ele>
      <time>2026-05-07T10:16:41Z</time>
    </trkpt>
    <trkpt lat="49.10949" lon="22.722382">
      <ele>1150</ele>
      <time>2026-05-07T10:16:53Z</time>
    </trkpt>
    <trkpt lat="49.109455" lon="22.722369">
      <ele>1151</ele>
      <time>2026-05-07T10:17:01Z</time>
    </trkpt>
    <trkpt lat="49.10938" lon="22.722241">
      <ele>1155</ele>
      <time>2026-05-07T10:17:26Z</time>
    </trkpt>
    <trkpt lat="49.109325" lon="22.722158">
      <ele>1157</ele>
      <time>2026-05-07T10:17:42Z</time>
    </trkpt>
    <trkpt lat="49.109214" lon="22.722027">
      <ele>1160</ele>
      <time>2026-05-07T10:18:12Z</time>
    </trkpt>
    <trkpt lat="49.109204" lon="22.722048">
      <ele>1160</ele>
      <time>2026-05-07T10:18:15Z</time>
    </trkpt>
    <trkpt lat="49.109088" lon="22.722139">
      <ele>1158</ele>
      <time>2026-05-07T10:18:34Z</time>
    </trkpt>
    <trkpt lat="49.108809" lon="22.722288">
      <ele>1154</ele>
      <time>2026-05-07T10:19:19Z</time>
    </trkpt>
    <trkpt lat="49.108712" lon="22.72231">
      <ele>1154</ele>
      <time>2026-05-07T10:19:34Z</time>
    </trkpt>
    <trkpt lat="49.108615" lon="22.722378">
      <ele>1157</ele>
      <time>2026-05-07T10:19:51Z</time>
    </trkpt>
    <trkpt lat="49.108465" lon="22.722456">
      <ele>1160</ele>
      <time>2026-05-07T10:20:15Z</time>
    </trkpt>
    <trkpt lat="49.10842" lon="22.722511">
      <ele>1161</ele>
      <time>2026-05-07T10:20:24Z</time>
    </trkpt>
    <trkpt lat="49.108304" lon="22.722554">
      <ele>1162</ele>
      <time>2026-05-07T10:20:42Z</time>
    </trkpt>
    <trkpt lat="49.108265" lon="22.722587">
      <ele>1162</ele>
      <time>2026-05-07T10:20:49Z</time>
    </trkpt>
    <trkpt lat="49.108087" lon="22.722708">
      <ele>1165</ele>
      <time>2026-05-07T10:21:18Z</time>
    </trkpt>
    <trkpt lat="49.107967" lon="22.72276">
      <ele>1166</ele>
      <time>2026-05-07T10:21:37Z</time>
    </trkpt>
    <trkpt lat="49.107892" lon="22.722804">
      <ele>1166</ele>
      <time>2026-05-07T10:21:49Z</time>
    </trkpt>
    <trkpt lat="49.107819" lon="22.722862">
      <ele>1166</ele>
      <time>2026-05-07T10:22:02Z</time>
    </trkpt>
    <trkpt lat="49.107627" lon="22.723057">
      <ele>1169</ele>
      <time>2026-05-07T10:22:37Z</time>
    </trkpt>
    <trkpt lat="49.107446" lon="22.723221">
      <ele>1172</ele>
      <time>2026-05-07T10:23:09Z</time>
    </trkpt>
    <trkpt lat="49.10735" lon="22.723303">
      <ele>1173</ele>
      <time>2026-05-07T10:23:25Z</time>
    </trkpt>
    <trkpt lat="49.107314" lon="22.723316">
      <ele>1173</ele>
      <time>2026-05-07T10:23:31Z</time>
    </trkpt>
    <trkpt lat="49.10725" lon="22.723393">
      <ele>1174</ele>
      <time>2026-05-07T10:23:43Z</time>
    </trkpt>
    <trkpt lat="49.107106" lon="22.72348">
      <ele>1176</ele>
      <time>2026-05-07T10:24:07Z</time>
    </trkpt>
    <trkpt lat="49.10702" lon="22.723516">
      <ele>1177</ele>
      <time>2026-05-07T10:24:20Z</time>
    </trkpt>
    <trkpt lat="49.10693" lon="22.723605">
      <ele>1178</ele>
      <time>2026-05-07T10:24:37Z</time>
    </trkpt>
    <trkpt lat="49.106896" lon="22.723684">
      <ele>1179</ele>
      <time>2026-05-07T10:24:46Z</time>
    </trkpt>
    <trkpt lat="49.106725" lon="22.723804">
      <ele>1183</ele>
      <time>2026-05-07T10:25:15Z</time>
    </trkpt>
    <trkpt lat="49.106589" lon="22.723924">
      <ele>1186</ele>
      <time>2026-05-07T10:25:39Z</time>
    </trkpt>
    <trkpt lat="49.106534" lon="22.724002">
      <ele>1187</ele>
      <time>2026-05-07T10:25:51Z</time>
    </trkpt>
    <trkpt lat="49.106412" lon="22.724104">
      <ele>1190</ele>
      <time>2026-05-07T10:26:12Z</time>
    </trkpt>
    <trkpt lat="49.10629" lon="22.724187">
      <ele>1191</ele>
      <time>2026-05-07T10:26:32Z</time>
    </trkpt>
    <trkpt lat="49.106141" lon="22.724336">
      <ele>1191</ele>
      <time>2026-05-07T10:26:59Z</time>
    </trkpt>
    <trkpt lat="49.106045" lon="22.724469">
      <ele>1191</ele>
      <time>2026-05-07T10:27:19Z</time>
    </trkpt>
    <trkpt lat="49.105963" lon="22.724616">
      <ele>1191</ele>
      <time>2026-05-07T10:27:38Z</time>
    </trkpt>
    <trkpt lat="49.105827" lon="22.724817">
      <ele>1192</ele>
      <time>2026-05-07T10:28:06Z</time>
    </trkpt>
    <trkpt lat="49.10572" lon="22.724962">
      <ele>1192</ele>
      <time>2026-05-07T10:28:28Z</time>
    </trkpt>
    <trkpt lat="49.105626" lon="22.725119">
      <ele>1193</ele>
      <time>2026-05-07T10:28:49Z</time>
    </trkpt>
    <trkpt lat="49.105601" lon="22.725196">
      <ele>1193</ele>
      <time>2026-05-07T10:28:58Z</time>
    </trkpt>
    <trkpt lat="49.105569" lon="22.725233">
      <ele>1194</ele>
      <time>2026-05-07T10:29:04Z</time>
    </trkpt>
    <trkpt lat="49.10544" lon="22.725371">
      <ele>1194</ele>
      <time>2026-05-07T10:29:27Z</time>
    </trkpt>
    <trkpt lat="49.105222" lon="22.725779">
      <ele>1195</ele>
      <time>2026-05-07T10:30:20Z</time>
    </trkpt>
    <trkpt lat="49.105179" lon="22.725829">
      <ele>1195</ele>
      <time>2026-05-07T10:30:28Z</time>
    </trkpt>
    <trkpt lat="49.105004" lon="22.726218">
      <ele>1192</ele>
      <time>2026-05-07T10:31:15Z</time>
    </trkpt>
    <trkpt lat="49.104964" lon="22.726253">
      <ele>1192</ele>
      <time>2026-05-07T10:31:21Z</time>
    </trkpt>
    <trkpt lat="49.104934" lon="22.726301">
      <ele>1192</ele>
      <time>2026-05-07T10:31:28Z</time>
    </trkpt>
    <trkpt lat="49.104791" lon="22.72662">
      <ele>1192</ele>
      <time>2026-05-07T10:32:06Z</time>
    </trkpt>
    <trkpt lat="49.104647" lon="22.726918">
      <ele>1193</ele>
      <time>2026-05-07T10:32:43Z</time>
    </trkpt>
    <trkpt lat="49.10457" lon="22.727061">
      <ele>1193</ele>
      <time>2026-05-07T10:33:01Z</time>
    </trkpt>
    <trkpt lat="49.1045" lon="22.727122">
      <ele>1193</ele>
      <time>2026-05-07T10:33:13Z</time>
    </trkpt>
    <trkpt lat="49.104456" lon="22.727264">
      <ele>1194</ele>
      <time>2026-05-07T10:33:29Z</time>
    </trkpt>
    <trkpt lat="49.104419" lon="22.727303">
      <ele>1194</ele>
      <time>2026-05-07T10:33:36Z</time>
    </trkpt>
    <trkpt lat="49.104364" lon="22.727394">
      <ele>1193</ele>
      <time>2026-05-07T10:33:48Z</time>
    </trkpt>
    <trkpt lat="49.104348" lon="22.727474">
      <ele>1193</ele>
      <time>2026-05-07T10:33:56Z</time>
    </trkpt>
    <trkpt lat="49.104281" lon="22.727509">
      <ele>1194</ele>
      <time>2026-05-07T10:34:07Z</time>
    </trkpt>
    <trkpt lat="49.10422" lon="22.727591">
      <ele>1194</ele>
      <time>2026-05-07T10:34:19Z</time>
    </trkpt>
    <trkpt lat="49.104175" lon="22.727608">
      <ele>1195</ele>
      <time>2026-05-07T10:34:26Z</time>
    </trkpt>
    <trkpt lat="49.10414" lon="22.727647">
      <ele>1194</ele>
      <time>2026-05-07T10:34:33Z</time>
    </trkpt>
    <trkpt lat="49.104123" lon="22.727734">
      <ele>1194</ele>
      <time>2026-05-07T10:34:42Z</time>
    </trkpt>
    <trkpt lat="49.104098" lon="22.727773">
      <ele>1194</ele>
      <time>2026-05-07T10:34:47Z</time>
    </trkpt>
    <trkpt lat="49.104001" lon="22.72788">
      <ele>1193</ele>
      <time>2026-05-07T10:35:05Z</time>
    </trkpt>
    <trkpt lat="49.10397" lon="22.727934">
      <ele>1193</ele>
      <time>2026-05-07T10:35:12Z</time>
    </trkpt>
    <trkpt lat="49.103946" lon="22.72799">
      <ele>1193</ele>
      <time>2026-05-07T10:35:19Z</time>
    </trkpt>
    <trkpt lat="49.103913" lon="22.728027">
      <ele>1193</ele>
      <time>2026-05-07T10:35:25Z</time>
    </trkpt>
    <trkpt lat="49.103897" lon="22.728065">
      <ele>1193</ele>
      <time>2026-05-07T10:35:30Z</time>
    </trkpt>
    <trkpt lat="49.103806" lon="22.728186">
      <ele>1194</ele>
      <time>2026-05-07T10:35:48Z</time>
    </trkpt>
    <trkpt lat="49.103713" lon="22.728272">
      <ele>1193</ele>
      <time>2026-05-07T10:36:04Z</time>
    </trkpt>
    <trkpt lat="49.103641" lon="22.728358">
      <ele>1193</ele>
      <time>2026-05-07T10:36:18Z</time>
    </trkpt>
    <trkpt lat="49.103606" lon="22.728431">
      <ele>1193</ele>
      <time>2026-05-07T10:36:27Z</time>
    </trkpt>
    <trkpt lat="49.103495" lon="22.728514">
      <ele>1192</ele>
      <time>2026-05-07T10:36:46Z</time>
    </trkpt>
    <trkpt lat="49.103404" lon="22.72865">
      <ele>1191</ele>
      <time>2026-05-07T10:37:05Z</time>
    </trkpt>
    <trkpt lat="49.103272" lon="22.728814">
      <ele>1189</ele>
      <time>2026-05-07T10:37:31Z</time>
    </trkpt>
    <trkpt lat="49.103244" lon="22.728841">
      <ele>1189</ele>
      <time>2026-05-07T10:37:36Z</time>
    </trkpt>
    <trkpt lat="49.10322" lon="22.72888">
      <ele>1189</ele>
      <time>2026-05-07T10:37:41Z</time>
    </trkpt>
    <trkpt lat="49.103135" lon="22.728992">
      <ele>1188</ele>
      <time>2026-05-07T10:37:58Z</time>
    </trkpt>
    <trkpt lat="49.103099" lon="22.729083">
      <ele>1187</ele>
      <time>2026-05-07T10:38:09Z</time>
    </trkpt>
    <trkpt lat="49.10304" lon="22.729138">
      <ele>1187</ele>
      <time>2026-05-07T10:38:19Z</time>
    </trkpt>
    <trkpt lat="49.102982" lon="22.729216">
      <ele>1186</ele>
      <time>2026-05-07T10:38:31Z</time>
    </trkpt>
    <trkpt lat="49.102938" lon="22.729301">
      <ele>1185</ele>
      <time>2026-05-07T10:38:42Z</time>
    </trkpt>
    <trkpt lat="49.102914" lon="22.729316">
      <ele>1184</ele>
      <time>2026-05-07T10:38:46Z</time>
    </trkpt>
    <trkpt lat="49.102847" lon="22.729448">
      <ele>1183</ele>
      <time>2026-05-07T10:39:02Z</time>
    </trkpt>
    <trkpt lat="49.102823" lon="22.729473">
      <ele>1183</ele>
      <time>2026-05-07T10:39:07Z</time>
    </trkpt>
    <trkpt lat="49.102802" lon="22.72951">
      <ele>1183</ele>
      <time>2026-05-07T10:39:12Z</time>
    </trkpt>
    <trkpt lat="49.102734" lon="22.72958">
      <ele>1182</ele>
      <time>2026-05-07T10:39:24Z</time>
    </trkpt>
    <trkpt lat="49.102716" lon="22.729592">
      <ele>1182</ele>
      <time>2026-05-07T10:39:27Z</time>
    </trkpt>
    <trkpt lat="49.102676" lon="22.729598">
      <ele>1182</ele>
      <time>2026-05-07T10:39:33Z</time>
    </trkpt>
    <trkpt lat="49.102635" lon="22.729614">
      <ele>1182</ele>
      <time>2026-05-07T10:39:39Z</time>
    </trkpt>
    <trkpt lat="49.102623" lon="22.729654">
      <ele>1182</ele>
      <time>2026-05-07T10:39:44Z</time>
    </trkpt>
    <trkpt lat="49.102606" lon="22.729671">
      <ele>1182</ele>
      <time>2026-05-07T10:39:47Z</time>
    </trkpt>
    <trkpt lat="49.102595" lon="22.729718">
      <ele>1182</ele>
      <time>2026-05-07T10:39:52Z</time>
    </trkpt>
    <trkpt lat="49.102574" lon="22.729751">
      <ele>1182</ele>
      <time>2026-05-07T10:39:56Z</time>
    </trkpt>
    <trkpt lat="49.102562" lon="22.729787">
      <ele>1183</ele>
      <time>2026-05-07T10:40:00Z</time>
    </trkpt>
    <trkpt lat="49.102501" lon="22.72983">
      <ele>1183</ele>
      <time>2026-05-07T10:40:11Z</time>
    </trkpt>
    <trkpt lat="49.102452" lon="22.729891">
      <ele>1183</ele>
      <time>2026-05-07T10:40:20Z</time>
    </trkpt>
    <trkpt lat="49.102429" lon="22.729964">
      <ele>1183</ele>
      <time>2026-05-07T10:40:28Z</time>
    </trkpt>
    <trkpt lat="49.102391" lon="22.730018">
      <ele>1183</ele>
      <time>2026-05-07T10:40:36Z</time>
    </trkpt>
    <trkpt lat="49.102336" lon="22.730109">
      <ele>1183</ele>
      <time>2026-05-07T10:40:48Z</time>
    </trkpt>
    <trkpt lat="49.102298" lon="22.730182">
      <ele>1184</ele>
      <time>2026-05-07T10:40:57Z</time>
    </trkpt>
    <trkpt lat="49.102207" lon="22.73027">
      <ele>1185</ele>
      <time>2026-05-07T10:41:14Z</time>
    </trkpt>
    <trkpt lat="49.102176" lon="22.730315">
      <ele>1185</ele>
      <time>2026-05-07T10:41:20Z</time>
    </trkpt>
    <trkpt lat="49.102151" lon="22.730332">
      <ele>1185</ele>
      <time>2026-05-07T10:41:24Z</time>
    </trkpt>
    <trkpt lat="49.102124" lon="22.730377">
      <ele>1185</ele>
      <time>2026-05-07T10:41:30Z</time>
    </trkpt>
    <trkpt lat="49.102088" lon="22.730463">
      <ele>1185</ele>
      <time>2026-05-07T10:41:40Z</time>
    </trkpt>
    <trkpt lat="49.102027" lon="22.730557">
      <ele>1185</ele>
      <time>2026-05-07T10:41:54Z</time>
    </trkpt>
    <trkpt lat="49.101994" lon="22.730642">
      <ele>1186</ele>
      <time>2026-05-07T10:42:03Z</time>
    </trkpt>
    <trkpt lat="49.101948" lon="22.73071">
      <ele>1186</ele>
      <time>2026-05-07T10:42:13Z</time>
    </trkpt>
    <trkpt lat="49.101942" lon="22.730739">
      <ele>1186</ele>
      <time>2026-05-07T10:42:16Z</time>
    </trkpt>
    <trkpt lat="49.101867" lon="22.730871">
      <ele>1186</ele>
      <time>2026-05-07T10:42:33Z</time>
    </trkpt>
    <trkpt lat="49.101829" lon="22.730886">
      <ele>1186</ele>
      <time>2026-05-07T10:42:39Z</time>
    </trkpt>
    <trkpt lat="49.101766" lon="22.730973">
      <ele>1187</ele>
      <time>2026-05-07T10:42:52Z</time>
    </trkpt>
    <trkpt lat="49.101716" lon="22.731062">
      <ele>1187</ele>
      <time>2026-05-07T10:43:04Z</time>
    </trkpt>
    <trkpt lat="49.101694" lon="22.731114">
      <ele>1188</ele>
      <time>2026-05-07T10:43:10Z</time>
    </trkpt>
    <trkpt lat="49.10169" lon="22.731158">
      <ele>1188</ele>
      <time>2026-05-07T10:43:14Z</time>
    </trkpt>
    <trkpt lat="49.101637" lon="22.731208">
      <ele>1188</ele>
      <time>2026-05-07T10:43:24Z</time>
    </trkpt>
    <trkpt lat="49.101588" lon="22.731304">
      <ele>1187</ele>
      <time>2026-05-07T10:43:36Z</time>
    </trkpt>
    <trkpt lat="49.101531" lon="22.731388">
      <ele>1188</ele>
      <time>2026-05-07T10:43:48Z</time>
    </trkpt>
    <trkpt lat="49.101472" lon="22.731487">
      <ele>1187</ele>
      <time>2026-05-07T10:44:01Z</time>
    </trkpt>
    <trkpt lat="49.101408" lon="22.73155">
      <ele>1188</ele>
      <time>2026-05-07T10:44:12Z</time>
    </trkpt>
    <trkpt lat="49.101343" lon="22.731586">
      <ele>1187</ele>
      <time>2026-05-07T10:44:23Z</time>
    </trkpt>
    <trkpt lat="49.101333" lon="22.731633">
      <ele>1187</ele>
      <time>2026-05-07T10:44:28Z</time>
    </trkpt>
    <trkpt lat="49.101326" lon="22.731656">
      <ele>1188</ele>
      <time>2026-05-07T10:44:30Z</time>
    </trkpt>
    <trkpt lat="49.101273" lon="22.731788">
      <ele>1188</ele>
      <time>2026-05-07T10:44:46Z</time>
    </trkpt>
    <trkpt lat="49.101229" lon="22.731878">
      <ele>1188</ele>
      <time>2026-05-07T10:44:57Z</time>
    </trkpt>
    <trkpt lat="49.101177" lon="22.731956">
      <ele>1189</ele>
      <time>2026-05-07T10:45:08Z</time>
    </trkpt>
    <trkpt lat="49.10114" lon="22.732038">
      <ele>1189</ele>
      <time>2026-05-07T10:45:18Z</time>
    </trkpt>
    <trkpt lat="49.101117" lon="22.732063">
      <ele>1189</ele>
      <time>2026-05-07T10:45:22Z</time>
    </trkpt>
    <trkpt lat="49.101068" lon="22.732178">
      <ele>1190</ele>
      <time>2026-05-07T10:45:35Z</time>
    </trkpt>
    <trkpt lat="49.101057" lon="22.732199">
      <ele>1190</ele>
      <time>2026-05-07T10:45:38Z</time>
    </trkpt>
    <trkpt lat="49.101039" lon="22.73225">
      <ele>1190</ele>
      <time>2026-05-07T10:45:44Z</time>
    </trkpt>
    <trkpt lat="49.101005" lon="22.732312">
      <ele>1191</ele>
      <time>2026-05-07T10:45:52Z</time>
    </trkpt>
    <trkpt lat="49.100989" lon="22.732352">
      <ele>1191</ele>
      <time>2026-05-07T10:45:57Z</time>
    </trkpt>
    <trkpt lat="49.10097" lon="22.732431">
      <ele>1192</ele>
      <time>2026-05-07T10:46:05Z</time>
    </trkpt>
    <trkpt lat="49.100945" lon="22.732518">
      <ele>1193</ele>
      <time>2026-05-07T10:46:14Z</time>
    </trkpt>
    <trkpt lat="49.100894" lon="22.732659">
      <ele>1195</ele>
      <time>2026-05-07T10:46:31Z</time>
    </trkpt>
    <trkpt lat="49.100849" lon="22.732754">
      <ele>1196</ele>
      <time>2026-05-07T10:46:42Z</time>
    </trkpt>
    <trkpt lat="49.100838" lon="22.732823">
      <ele>1196</ele>
      <time>2026-05-07T10:46:49Z</time>
    </trkpt>
    <trkpt lat="49.100799" lon="22.732918">
      <ele>1197</ele>
      <time>2026-05-07T10:47:00Z</time>
    </trkpt>
    <trkpt lat="49.100751" lon="22.732993">
      <ele>1198</ele>
      <time>2026-05-07T10:47:11Z</time>
    </trkpt>
    <trkpt lat="49.100733" lon="22.733049">
      <ele>1198</ele>
      <time>2026-05-07T10:47:17Z</time>
    </trkpt>
    <trkpt lat="49.100691" lon="22.733118">
      <ele>1199</ele>
      <time>2026-05-07T10:47:26Z</time>
    </trkpt>
    <trkpt lat="49.100647" lon="22.733245">
      <ele>1201</ele>
      <time>2026-05-07T10:47:41Z</time>
    </trkpt>
    <trkpt lat="49.100617" lon="22.733303">
      <ele>1202</ele>
      <time>2026-05-07T10:47:48Z</time>
    </trkpt>
    <trkpt lat="49.100544" lon="22.733408">
      <ele>1205</ele>
      <time>2026-05-07T10:48:04Z</time>
    </trkpt>
    <trkpt lat="49.100495" lon="22.73346">
      <ele>1205</ele>
      <time>2026-05-07T10:48:13Z</time>
    </trkpt>
    <trkpt lat="49.100449" lon="22.733543">
      <ele>1206</ele>
      <time>2026-05-07T10:48:24Z</time>
    </trkpt>
    <trkpt lat="49.100401" lon="22.733615">
      <ele>1207</ele>
      <time>2026-05-07T10:48:34Z</time>
    </trkpt>
    <trkpt lat="49.100316" lon="22.733695">
      <ele>1208</ele>
      <time>2026-05-07T10:48:49Z</time>
    </trkpt>
    <trkpt lat="49.100239" lon="22.733753">
      <ele>1209</ele>
      <time>2026-05-07T10:49:02Z</time>
    </trkpt>
    <trkpt lat="49.100204" lon="22.733813">
      <ele>1209</ele>
      <time>2026-05-07T10:49:10Z</time>
    </trkpt>
    <trkpt lat="49.100176" lon="22.7339">
      <ele>1210</ele>
      <time>2026-05-07T10:49:20Z</time>
    </trkpt>
    <trkpt lat="49.100123" lon="22.734014">
      <ele>1211</ele>
      <time>2026-05-07T10:49:34Z</time>
    </trkpt>
    <trkpt lat="49.100049" lon="22.734161">
      <ele>1213</ele>
      <time>2026-05-07T10:49:52Z</time>
    </trkpt>
    <trkpt lat="49.099981" lon="22.73423">
      <ele>1214</ele>
      <time>2026-05-07T10:50:05Z</time>
    </trkpt>
    <trkpt lat="49.099922" lon="22.734302">
      <ele>1215</ele>
      <time>2026-05-07T10:50:16Z</time>
    </trkpt>
    <trkpt lat="49.099897" lon="22.734354">
      <ele>1216</ele>
      <time>2026-05-07T10:50:23Z</time>
    </trkpt>
    <trkpt lat="49.099867" lon="22.734396">
      <ele>1216</ele>
      <time>2026-05-07T10:50:29Z</time>
    </trkpt>
    <trkpt lat="49.099819" lon="22.734444">
      <ele>1217</ele>
      <time>2026-05-07T10:50:38Z</time>
    </trkpt>
    <trkpt lat="49.099793" lon="22.734471">
      <ele>1218</ele>
      <time>2026-05-07T10:50:42Z</time>
    </trkpt>
    <trkpt lat="49.099751" lon="22.734535">
      <ele>1219</ele>
      <time>2026-05-07T10:50:51Z</time>
    </trkpt>
    <trkpt lat="49.099686" lon="22.7346">
      <ele>1219</ele>
      <time>2026-05-07T10:51:03Z</time>
    </trkpt>
    <trkpt lat="49.09966" lon="22.734643">
      <ele>1220</ele>
      <time>2026-05-07T10:51:09Z</time>
    </trkpt>
    <trkpt lat="49.09965" lon="22.734676">
      <ele>1220</ele>
      <time>2026-05-07T10:51:13Z</time>
    </trkpt>
    <trkpt lat="49.099621" lon="22.73472">
      <ele>1221</ele>
      <time>2026-05-07T10:51:19Z</time>
    </trkpt>
    <trkpt lat="49.099575" lon="22.734756">
      <ele>1221</ele>
      <time>2026-05-07T10:51:27Z</time>
    </trkpt>
    <trkpt lat="49.099492" lon="22.734845">
      <ele>1223</ele>
      <time>2026-05-07T10:51:42Z</time>
    </trkpt>
    <trkpt lat="49.099443" lon="22.734884">
      <ele>1224</ele>
      <time>2026-05-07T10:51:51Z</time>
    </trkpt>
    <trkpt lat="49.099378" lon="22.734871">
      <ele>1223</ele>
      <time>2026-05-07T10:52:01Z</time>
    </trkpt>
    <trkpt lat="49.099331" lon="22.734862">
      <ele>1223</ele>
      <time>2026-05-07T10:52:08Z</time>
    </trkpt>
    <trkpt lat="49.099315" lon="22.734844">
      <ele>1223</ele>
      <time>2026-05-07T10:52:11Z</time>
    </trkpt>
    <trkpt lat="49.099239" lon="22.734842">
      <ele>1222</ele>
      <time>2026-05-07T10:52:22Z</time>
    </trkpt>
    <trkpt lat="49.099219" lon="22.73485">
      <ele>1222</ele>
      <time>2026-05-07T10:52:25Z</time>
    </trkpt>
    <trkpt lat="49.099163" lon="22.734821">
      <ele>1221</ele>
      <time>2026-05-07T10:52:34Z</time>
    </trkpt>
    <trkpt lat="49.0991" lon="22.734813">
      <ele>1219</ele>
      <time>2026-05-07T10:52:44Z</time>
    </trkpt>
    <trkpt lat="49.099039" lon="22.734816">
      <ele>1218</ele>
      <time>2026-05-07T10:52:54Z</time>
    </trkpt>
    <trkpt lat="49.098995" lon="22.734833">
      <ele>1217</ele>
      <time>2026-05-07T10:53:00Z</time>
    </trkpt>
    <trkpt lat="49.098968" lon="22.73482">
      <ele>1217</ele>
      <time>2026-05-07T10:53:05Z</time>
    </trkpt>
    <trkpt lat="49.098938" lon="22.734825">
      <ele>1216</ele>
      <time>2026-05-07T10:53:09Z</time>
    </trkpt>
    <trkpt lat="49.09888" lon="22.734884">
      <ele>1216</ele>
      <time>2026-05-07T10:53:20Z</time>
    </trkpt>
    <trkpt lat="49.098716" lon="22.734917">
      <ele>1212</ele>
      <time>2026-05-07T10:53:45Z</time>
    </trkpt>
    <trkpt lat="49.098684" lon="22.734942">
      <ele>1212</ele>
      <time>2026-05-07T10:53:51Z</time>
    </trkpt>
    <trkpt lat="49.098608" lon="22.735044">
      <ele>1212</ele>
      <time>2026-05-07T10:54:06Z</time>
    </trkpt>
    <trkpt lat="49.098538" lon="22.735113">
      <ele>1210</ele>
      <time>2026-05-07T10:54:19Z</time>
    </trkpt>
    <trkpt lat="49.098398" lon="22.735311">
      <ele>1207</ele>
      <time>2026-05-07T10:54:48Z</time>
    </trkpt>
    <trkpt lat="49.098379" lon="22.735354">
      <ele>1206</ele>
      <time>2026-05-07T10:54:53Z</time>
    </trkpt>
    <trkpt lat="49.098324" lon="22.7354">
      <ele>1204</ele>
      <time>2026-05-07T10:55:03Z</time>
    </trkpt>
    <trkpt lat="49.098286" lon="22.735467">
      <ele>1203</ele>
      <time>2026-05-07T10:55:12Z</time>
    </trkpt>
    <trkpt lat="49.09824" lon="22.735504">
      <ele>1202</ele>
      <time>2026-05-07T10:55:20Z</time>
    </trkpt>
    <trkpt lat="49.098159" lon="22.73559">
      <ele>1201</ele>
      <time>2026-05-07T10:55:35Z</time>
    </trkpt>
    <trkpt lat="49.098038" lon="22.735695">
      <ele>1199</ele>
      <time>2026-05-07T10:55:56Z</time>
    </trkpt>
    <trkpt lat="49.097989" lon="22.735795">
      <ele>1199</ele>
      <time>2026-05-07T10:56:08Z</time>
    </trkpt>
    <trkpt lat="49.097815" lon="22.735908">
      <ele>1202</ele>
      <time>2026-05-07T10:56:37Z</time>
    </trkpt>
    <trkpt lat="49.097753" lon="22.73595">
      <ele>1203</ele>
      <time>2026-05-07T10:56:47Z</time>
    </trkpt>
    <trkpt lat="49.097699" lon="22.735993">
      <ele>1203</ele>
      <time>2026-05-07T10:56:57Z</time>
    </trkpt>
    <trkpt lat="49.097658" lon="22.736096">
      <ele>1204</ele>
      <time>2026-05-07T10:57:09Z</time>
    </trkpt>
    <trkpt lat="49.097546" lon="22.736181">
      <ele>1205</ele>
      <time>2026-05-07T10:57:28Z</time>
    </trkpt>
    <trkpt lat="49.097354" lon="22.736364">
      <ele>1207</ele>
      <time>2026-05-07T10:58:02Z</time>
    </trkpt>
    <trkpt lat="49.097069" lon="22.73664">
      <ele>1211</ele>
      <time>2026-05-07T10:58:53Z</time>
    </trkpt>
    <trkpt lat="49.096867" lon="22.736887">
      <ele>1213</ele>
      <time>2026-05-07T10:59:32Z</time>
    </trkpt>
    <trkpt lat="49.096612" lon="22.737042">
      <ele>1217</ele>
      <time>2026-05-07T11:00:14Z</time>
    </trkpt>
    <trkpt lat="49.09635" lon="22.737145">
      <ele>1221</ele>
      <time>2026-05-07T11:00:55Z</time>
    </trkpt>
    <trkpt lat="49.096256" lon="22.737164">
      <ele>1223</ele>
      <time>2026-05-07T11:01:10Z</time>
    </trkpt>
    <trkpt lat="49.096135" lon="22.737167">
      <ele>1225</ele>
      <time>2026-05-07T11:01:28Z</time>
    </trkpt>
    <trkpt lat="49.096101" lon="22.737175">
      <ele>1226</ele>
      <time>2026-05-07T11:01:34Z</time>
    </trkpt>
    <trkpt lat="49.096056" lon="22.737205">
      <ele>1227</ele>
      <time>2026-05-07T11:01:41Z</time>
    </trkpt>
    <trkpt lat="49.096027" lon="22.737226">
      <ele>1228</ele>
      <time>2026-05-07T11:01:46Z</time>
    </trkpt>
    <trkpt lat="49.09598" lon="22.737272">
      <ele>1229</ele>
      <time>2026-05-07T11:01:55Z</time>
    </trkpt>
    <trkpt lat="49.095956" lon="22.737302">
      <ele>1230</ele>
      <time>2026-05-07T11:02:00Z</time>
    </trkpt>
    <trkpt lat="49.095921" lon="22.737332">
      <ele>1231</ele>
      <time>2026-05-07T11:02:06Z</time>
    </trkpt>
    <trkpt lat="49.095899" lon="22.737333">
      <ele>1231</ele>
      <time>2026-05-07T11:02:09Z</time>
    </trkpt>
    <trkpt lat="49.095872" lon="22.737346">
      <ele>1232</ele>
      <time>2026-05-07T11:02:14Z</time>
    </trkpt>
    <trkpt lat="49.095845" lon="22.737375">
      <ele>1233</ele>
      <time>2026-05-07T11:02:19Z</time>
    </trkpt>
    <trkpt lat="49.095803" lon="22.737408">
      <ele>1233</ele>
      <time>2026-05-07T11:02:26Z</time>
    </trkpt>
    <trkpt lat="49.095767" lon="22.737437">
      <ele>1234</ele>
      <time>2026-05-07T11:02:32Z</time>
    </trkpt>
    <trkpt lat="49.095747" lon="22.737447">
      <ele>1234</ele>
      <time>2026-05-07T11:02:35Z</time>
    </trkpt>
    <trkpt lat="49.095721" lon="22.737497">
      <ele>1235</ele>
      <time>2026-05-07T11:02:42Z</time>
    </trkpt>
    <trkpt lat="49.095699" lon="22.737519">
      <ele>1235</ele>
      <time>2026-05-07T11:02:46Z</time>
    </trkpt>
    <trkpt lat="49.095668" lon="22.737533">
      <ele>1235</ele>
      <time>2026-05-07T11:02:50Z</time>
    </trkpt>
    <trkpt lat="49.095639" lon="22.737559">
      <ele>1235</ele>
      <time>2026-05-07T11:02:56Z</time>
    </trkpt>
    <trkpt lat="49.095596" lon="22.737595">
      <ele>1236</ele>
      <time>2026-05-07T11:03:03Z</time>
    </trkpt>
    <trkpt lat="49.095575" lon="22.737639">
      <ele>1236</ele>
      <time>2026-05-07T11:03:09Z</time>
    </trkpt>
    <trkpt lat="49.095547" lon="22.737677">
      <ele>1237</ele>
      <time>2026-05-07T11:03:14Z</time>
    </trkpt>
    <trkpt lat="49.09551" lon="22.737708">
      <ele>1238</ele>
      <time>2026-05-07T11:03:21Z</time>
    </trkpt>
    <trkpt lat="49.095489" lon="22.737769">
      <ele>1239</ele>
      <time>2026-05-07T11:03:28Z</time>
    </trkpt>
    <trkpt lat="49.095465" lon="22.737787">
      <ele>1239</ele>
      <time>2026-05-07T11:03:32Z</time>
    </trkpt>
    <trkpt lat="49.095426" lon="22.737818">
      <ele>1240</ele>
      <time>2026-05-07T11:03:38Z</time>
    </trkpt>
    <trkpt lat="49.095394" lon="22.737839">
      <ele>1240</ele>
      <time>2026-05-07T11:03:44Z</time>
    </trkpt>
    <trkpt lat="49.095362" lon="22.737848">
      <ele>1240</ele>
      <time>2026-05-07T11:03:49Z</time>
    </trkpt>
    <trkpt lat="49.095345" lon="22.737858">
      <ele>1241</ele>
      <time>2026-05-07T11:03:51Z</time>
    </trkpt>
    <trkpt lat="49.095327" lon="22.737892">
      <ele>1241</ele>
      <time>2026-05-07T11:03:56Z</time>
    </trkpt>
    <trkpt lat="49.095306" lon="22.737931">
      <ele>1242</ele>
      <time>2026-05-07T11:04:01Z</time>
    </trkpt>
    <trkpt lat="49.095306" lon="22.737956">
      <ele>1243</ele>
      <time>2026-05-07T11:04:04Z</time>
    </trkpt>
    <trkpt lat="49.095286" lon="22.73799">
      <ele>1244</ele>
      <time>2026-05-07T11:04:08Z</time>
    </trkpt>
    <trkpt lat="49.09525" lon="22.738031">
      <ele>1245</ele>
      <time>2026-05-07T11:04:15Z</time>
    </trkpt>
    <trkpt lat="49.095213" lon="22.738063">
      <ele>1246</ele>
      <time>2026-05-07T11:04:22Z</time>
    </trkpt>
    <trkpt lat="49.095173" lon="22.738123">
      <ele>1247</ele>
      <time>2026-05-07T11:04:30Z</time>
    </trkpt>
    <trkpt lat="49.095148" lon="22.738151">
      <ele>1248</ele>
      <time>2026-05-07T11:04:35Z</time>
    </trkpt>
    <trkpt lat="49.095133" lon="22.738229">
      <ele>1249</ele>
      <time>2026-05-07T11:04:43Z</time>
    </trkpt>
    <trkpt lat="49.095096" lon="22.738279">
      <ele>1250</ele>
      <time>2026-05-07T11:04:51Z</time>
    </trkpt>
    <trkpt lat="49.09506" lon="22.73833">
      <ele>1251</ele>
      <time>2026-05-07T11:04:59Z</time>
    </trkpt>
    <trkpt lat="49.094985" lon="22.73838">
      <ele>1253</ele>
      <time>2026-05-07T11:05:11Z</time>
    </trkpt>
    <trkpt lat="49.094819" lon="22.738493">
      <ele>1256</ele>
      <time>2026-05-07T11:05:39Z</time>
    </trkpt>
    <trkpt lat="49.094787" lon="22.738551">
      <ele>1258</ele>
      <time>2026-05-07T11:05:47Z</time>
    </trkpt>
    <trkpt lat="49.094736" lon="22.738643">
      <ele>1260</ele>
      <time>2026-05-07T11:05:59Z</time>
    </trkpt>
    <trkpt lat="49.094716" lon="22.738694">
      <ele>1262</ele>
      <time>2026-05-07T11:06:05Z</time>
    </trkpt>
    <trkpt lat="49.094675" lon="22.738743">
      <ele>1263</ele>
      <time>2026-05-07T11:06:13Z</time>
    </trkpt>
    <trkpt lat="49.094667" lon="22.738828">
      <ele>1265</ele>
      <time>2026-05-07T11:06:22Z</time>
    </trkpt>
    <trkpt lat="49.094642" lon="22.738892">
      <ele>1266</ele>
      <time>2026-05-07T11:06:30Z</time>
    </trkpt>
    <trkpt lat="49.094592" lon="22.738948">
      <ele>1267</ele>
      <time>2026-05-07T11:06:39Z</time>
    </trkpt>
    <trkpt lat="49.094549" lon="22.738989">
      <ele>1269</ele>
      <time>2026-05-07T11:06:47Z</time>
    </trkpt>
    <trkpt lat="49.094506" lon="22.738988">
      <ele>1270</ele>
      <time>2026-05-07T11:06:54Z</time>
    </trkpt>
    <trkpt lat="49.094479" lon="22.739015">
      <ele>1271</ele>
      <time>2026-05-07T11:06:59Z</time>
    </trkpt>
    <trkpt lat="49.094454" lon="22.739047">
      <ele>1272</ele>
      <time>2026-05-07T11:07:04Z</time>
    </trkpt>
    <trkpt lat="49.094413" lon="22.739087">
      <ele>1273</ele>
      <time>2026-05-07T11:07:12Z</time>
    </trkpt>
    <trkpt lat="49.094402" lon="22.739108">
      <ele>1274</ele>
      <time>2026-05-07T11:07:14Z</time>
    </trkpt>
    <trkpt lat="49.094384" lon="22.739182">
      <ele>1275</ele>
      <time>2026-05-07T11:07:23Z</time>
    </trkpt>
    <trkpt lat="49.094376" lon="22.739247">
      <ele>1277</ele>
      <time>2026-05-07T11:07:29Z</time>
    </trkpt>
    <trkpt lat="49.094358" lon="22.739298">
      <ele>1278</ele>
      <time>2026-05-07T11:07:35Z</time>
    </trkpt>
    <trkpt lat="49.094336" lon="22.739321">
      <ele>1279</ele>
      <time>2026-05-07T11:07:40Z</time>
    </trkpt>
    <trkpt lat="49.09429" lon="22.739373">
      <ele>1281</ele>
      <time>2026-05-07T11:07:49Z</time>
    </trkpt>
    <trkpt lat="49.094247" lon="22.739419">
      <ele>1283</ele>
      <time>2026-05-07T11:07:57Z</time>
    </trkpt>
    <trkpt lat="49.094209" lon="22.739454">
      <ele>1284</ele>
      <time>2026-05-07T11:08:04Z</time>
    </trkpt>
    <trkpt lat="49.094166" lon="22.739528">
      <ele>1286</ele>
      <time>2026-05-07T11:08:14Z</time>
    </trkpt>
    <trkpt lat="49.094109" lon="22.739571">
      <ele>1287</ele>
      <time>2026-05-07T11:08:24Z</time>
    </trkpt>
    <trkpt lat="49.094075" lon="22.739592">
      <ele>1287</ele>
      <time>2026-05-07T11:08:29Z</time>
    </trkpt>
    <trkpt lat="49.09401" lon="22.739652">
      <ele>1287</ele>
      <time>2026-05-07T11:08:41Z</time>
    </trkpt>
    <trkpt lat="49.093977" lon="22.739686">
      <ele>1287</ele>
      <time>2026-05-07T11:08:47Z</time>
    </trkpt>
    <trkpt lat="49.093965" lon="22.739737">
      <ele>1288</ele>
      <time>2026-05-07T11:08:52Z</time>
    </trkpt>
    <trkpt lat="49.093932" lon="22.739762">
      <ele>1288</ele>
      <time>2026-05-07T11:08:58Z</time>
    </trkpt>
    <trkpt lat="49.0939" lon="22.739788">
      <ele>1288</ele>
      <time>2026-05-07T11:09:03Z</time>
    </trkpt>
    <trkpt lat="49.09386" lon="22.739829">
      <ele>1288</ele>
      <time>2026-05-07T11:09:10Z</time>
    </trkpt>
    <trkpt lat="49.093798" lon="22.739875">
      <ele>1289</ele>
      <time>2026-05-07T11:09:21Z</time>
    </trkpt>
    <trkpt lat="49.093757" lon="22.739883">
      <ele>1289</ele>
      <time>2026-05-07T11:09:27Z</time>
    </trkpt>
    <trkpt lat="49.093705" lon="22.739922">
      <ele>1291</ele>
      <time>2026-05-07T11:09:36Z</time>
    </trkpt>
    <trkpt lat="49.093659" lon="22.739986">
      <ele>1292</ele>
      <time>2026-05-07T11:09:46Z</time>
    </trkpt>
    <trkpt lat="49.093621" lon="22.740064">
      <ele>1293</ele>
      <time>2026-05-07T11:09:55Z</time>
    </trkpt>
    <trkpt lat="49.093596" lon="22.740093">
      <ele>1294</ele>
      <time>2026-05-07T11:10:00Z</time>
    </trkpt>
    <trkpt lat="49.093554" lon="22.740142">
      <ele>1294</ele>
      <time>2026-05-07T11:10:08Z</time>
    </trkpt>
    <trkpt lat="49.093481" lon="22.74022">
      <ele>1295</ele>
      <time>2026-05-07T11:10:22Z</time>
    </trkpt>
    <trkpt lat="49.093415" lon="22.7403">
      <ele>1296</ele>
      <time>2026-05-07T11:10:34Z</time>
    </trkpt>
    <trkpt lat="49.093384" lon="22.740317">
      <ele>1296</ele>
      <time>2026-05-07T11:10:39Z</time>
    </trkpt>
    <trkpt lat="49.093328" lon="22.740347">
      <ele>1297</ele>
      <time>2026-05-07T11:10:48Z</time>
    </trkpt>
    <trkpt lat="49.093312" lon="22.740356">
      <ele>1297</ele>
      <time>2026-05-07T11:10:51Z</time>
    </trkpt>
    <trkpt lat="49.093191" lon="22.74044">
      <ele>1298</ele>
      <time>2026-05-07T11:11:11Z</time>
    </trkpt>
    <trkpt lat="49.093109" lon="22.740488">
      <ele>1299</ele>
      <time>2026-05-07T11:11:24Z</time>
    </trkpt>
    <trkpt lat="49.093028" lon="22.740553">
      <ele>1300</ele>
      <time>2026-05-07T11:11:38Z</time>
    </trkpt>
    <trkpt lat="49.092959" lon="22.74057">
      <ele>1300</ele>
      <time>2026-05-07T11:11:49Z</time>
    </trkpt>
    <trkpt lat="49.092906" lon="22.740618">
      <ele>1301</ele>
      <time>2026-05-07T11:11:58Z</time>
    </trkpt>
    <trkpt lat="49.092853" lon="22.740688">
      <ele>1302</ele>
      <time>2026-05-07T11:12:09Z</time>
    </trkpt>
    <trkpt lat="49.0928" lon="22.74075">
      <ele>1303</ele>
      <time>2026-05-07T11:12:19Z</time>
    </trkpt>
    <trkpt lat="49.09274" lon="22.740789">
      <ele>1304</ele>
      <time>2026-05-07T11:12:29Z</time>
    </trkpt>
    <trkpt lat="49.092665" lon="22.740823">
      <ele>1306</ele>
      <time>2026-05-07T11:12:41Z</time>
    </trkpt>
    <trkpt lat="49.092581" lon="22.740868">
      <ele>1308</ele>
      <time>2026-05-07T11:12:55Z</time>
    </trkpt>
    <trkpt lat="49.092482" lon="22.74094">
      <ele>1311</ele>
      <time>2026-05-07T11:13:12Z</time>
    </trkpt>
    <trkpt lat="49.092366" lon="22.741013">
      <ele>1307</ele>
      <time>2026-05-07T11:13:28Z</time>
    </trkpt>
    <trkpt lat="49.092326" lon="22.740949">
      <ele>1305</ele>
      <time>2026-05-07T11:13:35Z</time>
    </trkpt>
    <trkpt lat="49.092282" lon="22.740884">
      <ele>1303</ele>
      <time>2026-05-07T11:13:42Z</time>
    </trkpt>
    <trkpt lat="49.092217" lon="22.740779">
      <ele>1299</ele>
      <time>2026-05-07T11:13:54Z</time>
    </trkpt>
    <trkpt lat="49.092152" lon="22.740656">
      <ele>1296</ele>
      <time>2026-05-07T11:14:07Z</time>
    </trkpt>
    <trkpt lat="49.092067" lon="22.740543">
      <ele>1294</ele>
      <time>2026-05-07T11:14:20Z</time>
    </trkpt>
    <trkpt lat="49.092025" lon="22.740503">
      <ele>1292</ele>
      <time>2026-05-07T11:14:27Z</time>
    </trkpt>
    <trkpt lat="49.091973" lon="22.740417">
      <ele>1290</ele>
      <time>2026-05-07T11:14:36Z</time>
    </trkpt>
    <trkpt lat="49.091918" lon="22.740339">
      <ele>1288</ele>
      <time>2026-05-07T11:14:45Z</time>
    </trkpt>
    <trkpt lat="49.091837" lon="22.740232">
      <ele>1286</ele>
      <time>2026-05-07T11:14:58Z</time>
    </trkpt>
    <trkpt lat="49.091808" lon="22.740219">
      <ele>1285</ele>
      <time>2026-05-07T11:15:02Z</time>
    </trkpt>
    <trkpt lat="49.091778" lon="22.740191">
      <ele>1285</ele>
      <time>2026-05-07T11:15:06Z</time>
    </trkpt>
    <trkpt lat="49.091756" lon="22.740144">
      <ele>1284</ele>
      <time>2026-05-07T11:15:10Z</time>
    </trkpt>
    <trkpt lat="49.091733" lon="22.740106">
      <ele>1283</ele>
      <time>2026-05-07T11:15:14Z</time>
    </trkpt>
    <trkpt lat="49.091689" lon="22.740057">
      <ele>1283</ele>
      <time>2026-05-07T11:15:21Z</time>
    </trkpt>
    <trkpt lat="49.091635" lon="22.739953">
      <ele>1281</ele>
      <time>2026-05-07T11:15:31Z</time>
    </trkpt>
    <trkpt lat="49.091602" lon="22.739945">
      <ele>1281</ele>
      <time>2026-05-07T11:15:35Z</time>
    </trkpt>
    <trkpt lat="49.091528" lon="22.739934">
      <ele>1281</ele>
      <time>2026-05-07T11:15:44Z</time>
    </trkpt>
    <trkpt lat="49.091456" lon="22.739945">
      <ele>1281</ele>
      <time>2026-05-07T11:15:53Z</time>
    </trkpt>
    <trkpt lat="49.091377" lon="22.739974">
      <ele>1282</ele>
      <time>2026-05-07T11:16:02Z</time>
    </trkpt>
    <trkpt lat="49.091316" lon="22.74002">
      <ele>1282</ele>
      <time>2026-05-07T11:16:10Z</time>
    </trkpt>
    <trkpt lat="49.091242" lon="22.740044">
      <ele>1283</ele>
      <time>2026-05-07T11:16:19Z</time>
    </trkpt>
    <trkpt lat="49.091163" lon="22.740076">
      <ele>1283</ele>
      <time>2026-05-07T11:16:29Z</time>
    </trkpt>
    <trkpt lat="49.091066" lon="22.740135">
      <ele>1283</ele>
      <time>2026-05-07T11:16:41Z</time>
    </trkpt>
    <trkpt lat="49.090996" lon="22.740173">
      <ele>1283</ele>
      <time>2026-05-07T11:16:50Z</time>
    </trkpt>
    <trkpt lat="49.090901" lon="22.740205">
      <ele>1283</ele>
      <time>2026-05-07T11:17:02Z</time>
    </trkpt>
    <trkpt lat="49.090805" lon="22.740259">
      <ele>1284</ele>
      <time>2026-05-07T11:17:14Z</time>
    </trkpt>
    <trkpt lat="49.090738" lon="22.740272">
      <ele>1283</ele>
      <time>2026-05-07T11:17:22Z</time>
    </trkpt>
    <trkpt lat="49.090657" lon="22.740304">
      <ele>1282</ele>
      <time>2026-05-07T11:17:32Z</time>
    </trkpt>
    <trkpt lat="49.090587" lon="22.740329">
      <ele>1281</ele>
      <time>2026-05-07T11:17:40Z</time>
    </trkpt>
    <trkpt lat="49.090511" lon="22.740364">
      <ele>1281</ele>
      <time>2026-05-07T11:17:50Z</time>
    </trkpt>
    <trkpt lat="49.090457" lon="22.740371">
      <ele>1281</ele>
      <time>2026-05-07T11:17:56Z</time>
    </trkpt>
    <trkpt lat="49.090367" lon="22.740358">
      <ele>1280</ele>
      <time>2026-05-07T11:18:07Z</time>
    </trkpt>
    <trkpt lat="49.090304" lon="22.740341">
      <ele>1279</ele>
      <time>2026-05-07T11:18:15Z</time>
    </trkpt>
    <trkpt lat="49.090252" lon="22.740307">
      <ele>1279</ele>
      <time>2026-05-07T11:18:21Z</time>
    </trkpt>
    <trkpt lat="49.090211" lon="22.740252">
      <ele>1277</ele>
      <time>2026-05-07T11:18:28Z</time>
    </trkpt>
    <trkpt lat="49.09019" lon="22.740207">
      <ele>1276</ele>
      <time>2026-05-07T11:18:32Z</time>
    </trkpt>
    <trkpt lat="49.090146" lon="22.740198">
      <ele>1275</ele>
      <time>2026-05-07T11:18:38Z</time>
    </trkpt>
    <trkpt lat="49.090115" lon="22.740182">
      <ele>1275</ele>
      <time>2026-05-07T11:18:42Z</time>
    </trkpt>
    <trkpt lat="49.090096" lon="22.740116">
      <ele>1274</ele>
      <time>2026-05-07T11:18:47Z</time>
    </trkpt>
    <trkpt lat="49.090053" lon="22.740074">
      <ele>1273</ele>
      <time>2026-05-07T11:18:53Z</time>
    </trkpt>
    <trkpt lat="49.090029" lon="22.74004">
      <ele>1272</ele>
      <time>2026-05-07T11:18:57Z</time>
    </trkpt>
    <trkpt lat="49.089984" lon="22.740019">
      <ele>1272</ele>
      <time>2026-05-07T11:19:03Z</time>
    </trkpt>
    <trkpt lat="49.089935" lon="22.739956">
      <ele>1271</ele>
      <time>2026-05-07T11:19:11Z</time>
    </trkpt>
    <trkpt lat="49.089848" lon="22.739915">
      <ele>1270</ele>
      <time>2026-05-07T11:19:22Z</time>
    </trkpt>
    <trkpt lat="49.089724" lon="22.739845">
      <ele>1268</ele>
      <time>2026-05-07T11:19:37Z</time>
    </trkpt>
    <trkpt lat="49.089674" lon="22.739819">
      <ele>1267</ele>
      <time>2026-05-07T11:19:44Z</time>
    </trkpt>
    <trkpt lat="49.089624" lon="22.739768">
      <ele>1267</ele>
      <time>2026-05-07T11:19:51Z</time>
    </trkpt>
    <trkpt lat="49.089579" lon="22.739724">
      <ele>1266</ele>
      <time>2026-05-07T11:19:57Z</time>
    </trkpt>
    <trkpt lat="49.089533" lon="22.73969">
      <ele>1265</ele>
      <time>2026-05-07T11:20:03Z</time>
    </trkpt>
    <trkpt lat="49.089447" lon="22.739657">
      <ele>1264</ele>
      <time>2026-05-07T11:20:14Z</time>
    </trkpt>
    <trkpt lat="49.089359" lon="22.739578">
      <ele>1263</ele>
      <time>2026-05-07T11:20:26Z</time>
    </trkpt>
    <trkpt lat="49.089292" lon="22.739518">
      <ele>1263</ele>
      <time>2026-05-07T11:20:35Z</time>
    </trkpt>
    <trkpt lat="49.089226" lon="22.739448">
      <ele>1263</ele>
      <time>2026-05-07T11:20:45Z</time>
    </trkpt>
    <trkpt lat="49.08918" lon="22.739399">
      <ele>1263</ele>
      <time>2026-05-07T11:20:51Z</time>
    </trkpt>
    <trkpt lat="49.089148" lon="22.739331">
      <ele>1264</ele>
      <time>2026-05-07T11:20:58Z</time>
    </trkpt>
    <trkpt lat="49.089119" lon="22.739245">
      <ele>1265</ele>
      <time>2026-05-07T11:21:05Z</time>
    </trkpt>
    <trkpt lat="49.089073" lon="22.73916">
      <ele>1267</ele>
      <time>2026-05-07T11:21:14Z</time>
    </trkpt>
    <trkpt lat="49.089007" lon="22.739081">
      <ele>1269</ele>
      <time>2026-05-07T11:21:24Z</time>
    </trkpt>
    <trkpt lat="49.088945" lon="22.739014">
      <ele>1271</ele>
      <time>2026-05-07T11:21:34Z</time>
    </trkpt>
    <trkpt lat="49.088883" lon="22.738971">
      <ele>1274</ele>
      <time>2026-05-07T11:21:42Z</time>
    </trkpt>
    <trkpt lat="49.088818" lon="22.738878">
      <ele>1277</ele>
      <time>2026-05-07T11:21:53Z</time>
    </trkpt>
    <trkpt lat="49.088797" lon="22.738831">
      <ele>1279</ele>
      <time>2026-05-07T11:21:58Z</time>
    </trkpt>
    <trkpt lat="49.088751" lon="22.738785">
      <ele>1281</ele>
      <time>2026-05-07T11:22:05Z</time>
    </trkpt>
    <trkpt lat="49.088705" lon="22.738752">
      <ele>1283</ele>
      <time>2026-05-07T11:22:11Z</time>
    </trkpt>
    <trkpt lat="49.08865" lon="22.738742">
      <ele>1284</ele>
      <time>2026-05-07T11:22:18Z</time>
    </trkpt>
    <trkpt lat="49.088604" lon="22.738748">
      <ele>1286</ele>
      <time>2026-05-07T11:22:24Z</time>
    </trkpt>
    <trkpt lat="49.088556" lon="22.738751">
      <ele>1287</ele>
      <time>2026-05-07T11:22:30Z</time>
    </trkpt>
    <trkpt lat="49.088499" lon="22.73874">
      <ele>1288</ele>
      <time>2026-05-07T11:22:36Z</time>
    </trkpt>
    <trkpt lat="49.088472" lon="22.738736">
      <ele>1289</ele>
      <time>2026-05-07T11:22:40Z</time>
    </trkpt>
    <trkpt lat="49.088443" lon="22.738706">
      <ele>1290</ele>
      <time>2026-05-07T11:22:44Z</time>
    </trkpt>
    <trkpt lat="49.088421" lon="22.738678">
      <ele>1291</ele>
      <time>2026-05-07T11:22:48Z</time>
    </trkpt>
    <trkpt lat="49.088397" lon="22.738651">
      <ele>1292</ele>
      <time>2026-05-07T11:22:51Z</time>
    </trkpt>
    <trkpt lat="49.088362" lon="22.738625">
      <ele>1293</ele>
      <time>2026-05-07T11:22:56Z</time>
    </trkpt>
    <trkpt lat="49.088319" lon="22.738594">
      <ele>1295</ele>
      <time>2026-05-07T11:23:02Z</time>
    </trkpt>
    <trkpt lat="49.088269" lon="22.738569">
      <ele>1296</ele>
      <time>2026-05-07T11:23:08Z</time>
    </trkpt>
    <trkpt lat="49.088237" lon="22.738562">
      <ele>1296</ele>
      <time>2026-05-07T11:23:12Z</time>
    </trkpt>
    <trkpt lat="49.088213" lon="22.738522">
      <ele>1297</ele>
      <time>2026-05-07T11:23:17Z</time>
    </trkpt>
    <trkpt lat="49.088183" lon="22.738506">
      <ele>1298</ele>
      <time>2026-05-07T11:23:20Z</time>
    </trkpt>
    <trkpt lat="49.088143" lon="22.73848">
      <ele>1299</ele>
      <time>2026-05-07T11:23:26Z</time>
    </trkpt>
    <trkpt lat="49.088116" lon="22.738478">
      <ele>1299</ele>
      <time>2026-05-07T11:23:29Z</time>
    </trkpt>
    <trkpt lat="49.088029" lon="22.73845">
      <ele>1301</ele>
      <time>2026-05-07T11:23:40Z</time>
    </trkpt>
    <trkpt lat="49.087955" lon="22.738407">
      <ele>1302</ele>
      <time>2026-05-07T11:23:49Z</time>
    </trkpt>
    <trkpt lat="49.087902" lon="22.738377">
      <ele>1303</ele>
      <time>2026-05-07T11:23:56Z</time>
    </trkpt>
    <trkpt lat="49.087855" lon="22.738336">
      <ele>1304</ele>
      <time>2026-05-07T11:24:02Z</time>
    </trkpt>
    <trkpt lat="49.087778" lon="22.738298">
      <ele>1306</ele>
      <time>2026-05-07T11:24:12Z</time>
    </trkpt>
    <trkpt lat="49.087699" lon="22.738298">
      <ele>1307</ele>
      <time>2026-05-07T11:24:22Z</time>
    </trkpt>
    <trkpt lat="49.087664" lon="22.738312">
      <ele>1308</ele>
      <time>2026-05-07T11:24:26Z</time>
    </trkpt>
    <trkpt lat="49.087588" lon="22.738293">
      <ele>1310</ele>
      <time>2026-05-07T11:24:35Z</time>
    </trkpt>
    <trkpt lat="49.087564" lon="22.73827">
      <ele>1310</ele>
      <time>2026-05-07T11:24:39Z</time>
    </trkpt>
    <trkpt lat="49.08747" lon="22.73825">
      <ele>1311</ele>
      <time>2026-05-07T11:24:50Z</time>
    </trkpt>
    <trkpt lat="49.087366" lon="22.73822">
      <ele>1311</ele>
      <time>2026-05-07T11:25:03Z</time>
    </trkpt>
    <trkpt lat="49.087309" lon="22.738199">
      <ele>1311</ele>
      <time>2026-05-07T11:25:09Z</time>
    </trkpt>
    <trkpt lat="49.087257" lon="22.73818">
      <ele>1311</ele>
      <time>2026-05-07T11:25:16Z</time>
    </trkpt>
    <trkpt lat="49.087214" lon="22.738185">
      <ele>1311</ele>
      <time>2026-05-07T11:25:21Z</time>
    </trkpt>
    <trkpt lat="49.087166" lon="22.738167">
      <ele>1310</ele>
      <time>2026-05-07T11:25:27Z</time>
    </trkpt>
    <trkpt lat="49.087089" lon="22.738148">
      <ele>1310</ele>
      <time>2026-05-07T11:25:36Z</time>
    </trkpt>
    <trkpt lat="49.087053" lon="22.738135">
      <ele>1310</ele>
      <time>2026-05-07T11:25:40Z</time>
    </trkpt>
    <trkpt lat="49.087012" lon="22.738114">
      <ele>1310</ele>
      <time>2026-05-07T11:25:46Z</time>
    </trkpt>
    <trkpt lat="49.086945" lon="22.738039">
      <ele>1309</ele>
      <time>2026-05-07T11:25:55Z</time>
    </trkpt>
    <trkpt lat="49.086844" lon="22.737907">
      <ele>1308</ele>
      <time>2026-05-07T11:26:11Z</time>
    </trkpt>
    <trkpt lat="49.086769" lon="22.737826">
      <ele>1307</ele>
      <time>2026-05-07T11:26:22Z</time>
    </trkpt>
    <trkpt lat="49.086743" lon="22.737791">
      <ele>1307</ele>
      <time>2026-05-07T11:26:26Z</time>
    </trkpt>
    <trkpt lat="49.086707" lon="22.737764">
      <ele>1306</ele>
      <time>2026-05-07T11:26:31Z</time>
    </trkpt>
    <trkpt lat="49.086685" lon="22.73773">
      <ele>1305</ele>
      <time>2026-05-07T11:26:35Z</time>
    </trkpt>
    <trkpt lat="49.086652" lon="22.737716">
      <ele>1305</ele>
      <time>2026-05-07T11:26:39Z</time>
    </trkpt>
    <trkpt lat="49.086636" lon="22.737688">
      <ele>1304</ele>
      <time>2026-05-07T11:26:42Z</time>
    </trkpt>
    <trkpt lat="49.086616" lon="22.737657">
      <ele>1303</ele>
      <time>2026-05-07T11:26:45Z</time>
    </trkpt>
    <trkpt lat="49.08656" lon="22.737625">
      <ele>1302</ele>
      <time>2026-05-07T11:26:53Z</time>
    </trkpt>
    <trkpt lat="49.086537" lon="22.737598">
      <ele>1301</ele>
      <time>2026-05-07T11:26:56Z</time>
    </trkpt>
    <trkpt lat="49.086528" lon="22.737577">
      <ele>1300</ele>
      <time>2026-05-07T11:26:58Z</time>
    </trkpt>
    <trkpt lat="49.086528" lon="22.737543">
      <ele>1300</ele>
      <time>2026-05-07T11:27:01Z</time>
    </trkpt>
    <trkpt lat="49.086548" lon="22.737492">
      <ele>1299</ele>
      <time>2026-05-07T11:27:06Z</time>
    </trkpt>
    <trkpt lat="49.086566" lon="22.737378">
      <ele>1296</ele>
      <time>2026-05-07T11:27:15Z</time>
    </trkpt>
    <trkpt lat="49.086565" lon="22.737216">
      <ele>1293</ele>
      <time>2026-05-07T11:27:28Z</time>
    </trkpt>
    <trkpt lat="49.086552" lon="22.737135">
      <ele>1291</ele>
      <time>2026-05-07T11:27:35Z</time>
    </trkpt>
    <trkpt lat="49.086525" lon="22.737028">
      <ele>1289</ele>
      <time>2026-05-07T11:27:44Z</time>
    </trkpt>
    <trkpt lat="49.086484" lon="22.736943">
      <ele>1287</ele>
      <time>2026-05-07T11:27:53Z</time>
    </trkpt>
    <trkpt lat="49.086453" lon="22.736848">
      <ele>1285</ele>
      <time>2026-05-07T11:28:01Z</time>
    </trkpt>
    <trkpt lat="49.086427" lon="22.736791">
      <ele>1284</ele>
      <time>2026-05-07T11:28:07Z</time>
    </trkpt>
    <trkpt lat="49.086384" lon="22.736742">
      <ele>1283</ele>
      <time>2026-05-07T11:28:13Z</time>
    </trkpt>
    <trkpt lat="49.086283" lon="22.736635">
      <ele>1278</ele>
      <time>2026-05-07T11:28:29Z</time>
    </trkpt>
    <trkpt lat="49.086202" lon="22.736583">
      <ele>1274</ele>
      <time>2026-05-07T11:28:40Z</time>
    </trkpt>
    <trkpt lat="49.086164" lon="22.736521">
      <ele>1272</ele>
      <time>2026-05-07T11:28:47Z</time>
    </trkpt>
    <trkpt lat="49.08606" lon="22.736432">
      <ele>1267</ele>
      <time>2026-05-07T11:29:02Z</time>
    </trkpt>
    <trkpt lat="49.086006" lon="22.736378">
      <ele>1264</ele>
      <time>2026-05-07T11:29:10Z</time>
    </trkpt>
    <trkpt lat="49.08597" lon="22.736358">
      <ele>1262</ele>
      <time>2026-05-07T11:29:15Z</time>
    </trkpt>
    <trkpt lat="49.085912" lon="22.73636">
      <ele>1260</ele>
      <time>2026-05-07T11:29:22Z</time>
    </trkpt>
    <trkpt lat="49.085863" lon="22.73634">
      <ele>1258</ele>
      <time>2026-05-07T11:29:29Z</time>
    </trkpt>
    <trkpt lat="49.085829" lon="22.736337">
      <ele>1257</ele>
      <time>2026-05-07T11:29:33Z</time>
    </trkpt>
    <trkpt lat="49.085568" lon="22.73617">
      <ele>1240</ele>
      <time>2026-05-07T11:30:11Z</time>
    </trkpt>
    <trkpt lat="49.085522" lon="22.736124">
      <ele>1237</ele>
      <time>2026-05-07T11:30:18Z</time>
    </trkpt>
    <trkpt lat="49.085475" lon="22.736108">
      <ele>1234</ele>
      <time>2026-05-07T11:30:25Z</time>
    </trkpt>
    <trkpt lat="49.085414" lon="22.736034">
      <ele>1230</ele>
      <time>2026-05-07T11:30:35Z</time>
    </trkpt>
    <trkpt lat="49.085235" lon="22.735861">
      <ele>1218</ele>
      <time>2026-05-07T11:31:03Z</time>
    </trkpt>
    <trkpt lat="49.085028" lon="22.735664">
      <ele>1206</ele>
      <time>2026-05-07T11:31:35Z</time>
    </trkpt>
    <trkpt lat="49.084991" lon="22.735603">
      <ele>1204</ele>
      <time>2026-05-07T11:31:42Z</time>
    </trkpt>
    <trkpt lat="49.084928" lon="22.735554">
      <ele>1201</ele>
      <time>2026-05-07T11:31:50Z</time>
    </trkpt>
    <trkpt lat="49.084559" lon="22.735188">
      <ele>1186</ele>
      <time>2026-05-07T11:32:45Z</time>
    </trkpt>
    <trkpt lat="49.084352" lon="22.735007">
      <ele>1181</ele>
      <time>2026-05-07T11:33:14Z</time>
    </trkpt>
    <trkpt lat="49.084254" lon="22.734921">
      <ele>1179</ele>
      <time>2026-05-07T11:33:27Z</time>
    </trkpt>
    <trkpt lat="49.084195" lon="22.734846">
      <ele>1177</ele>
      <time>2026-05-07T11:33:37Z</time>
    </trkpt>
    <trkpt lat="49.08404" lon="22.734736">
      <ele>1173</ele>
      <time>2026-05-07T11:33:57Z</time>
    </trkpt>
    <trkpt lat="49.084004" lon="22.734706">
      <ele>1173</ele>
      <time>2026-05-07T11:34:02Z</time>
    </trkpt>
    <trkpt lat="49.083944" lon="22.734667">
      <ele>1172</ele>
      <time>2026-05-07T11:34:10Z</time>
    </trkpt>
    <trkpt lat="49.083682" lon="22.734421">
      <ele>1169</ele>
      <time>2026-05-07T11:34:47Z</time>
    </trkpt>
    <trkpt lat="49.083599" lon="22.73435">
      <ele>1167</ele>
      <time>2026-05-07T11:34:58Z</time>
    </trkpt>
    <trkpt lat="49.083555" lon="22.73428">
      <ele>1167</ele>
      <time>2026-05-07T11:35:05Z</time>
    </trkpt>
    <trkpt lat="49.083423" lon="22.73416">
      <ele>1165</ele>
      <time>2026-05-07T11:35:24Z</time>
    </trkpt>
    <trkpt lat="49.08338" lon="22.734103">
      <ele>1164</ele>
      <time>2026-05-07T11:35:31Z</time>
    </trkpt>
    <trkpt lat="49.083343" lon="22.734041">
      <ele>1164</ele>
      <time>2026-05-07T11:35:37Z</time>
    </trkpt>
    <trkpt lat="49.083317" lon="22.734017">
      <ele>1164</ele>
      <time>2026-05-07T11:35:41Z</time>
    </trkpt>
    <trkpt lat="49.083244" lon="22.733985">
      <ele>1164</ele>
      <time>2026-05-07T11:35:50Z</time>
    </trkpt>
    <trkpt lat="49.083218" lon="22.733957">
      <ele>1163</ele>
      <time>2026-05-07T11:35:53Z</time>
    </trkpt>
    <trkpt lat="49.083182" lon="22.733894">
      <ele>1163</ele>
      <time>2026-05-07T11:36:00Z</time>
    </trkpt>
    <trkpt lat="49.083065" lon="22.733785">
      <ele>1163</ele>
      <time>2026-05-07T11:36:16Z</time>
    </trkpt>
    <trkpt lat="49.082876" lon="22.73356">
      <ele>1161</ele>
      <time>2026-05-07T11:36:45Z</time>
    </trkpt>
    <trkpt lat="49.082708" lon="22.7334">
      <ele>1157</ele>
      <time>2026-05-07T11:37:08Z</time>
    </trkpt>
    <trkpt lat="49.08264" lon="22.733351">
      <ele>1156</ele>
      <time>2026-05-07T11:37:17Z</time>
    </trkpt>
    <trkpt lat="49.082397" lon="22.73312">
      <ele>1157</ele>
      <time>2026-05-07T11:37:51Z</time>
    </trkpt>
    <trkpt lat="49.082251" lon="22.732987">
      <ele>1161</ele>
      <time>2026-05-07T11:38:12Z</time>
    </trkpt>
    <trkpt lat="49.082097" lon="22.732864">
      <ele>1155</ele>
      <time>2026-05-07T11:38:40Z</time>
    </trkpt>
    <trkpt lat="49.082063" lon="22.7328">
      <ele>1154</ele>
      <time>2026-05-07T11:38:49Z</time>
    </trkpt>
    <trkpt lat="49.082043" lon="22.732761">
      <ele>1153</ele>
      <time>2026-05-07T11:38:54Z</time>
    </trkpt>
    <trkpt lat="49.082038" lon="22.732677">
      <ele>1152</ele>
      <time>2026-05-07T11:39:02Z</time>
    </trkpt>
    <trkpt lat="49.081979" lon="22.732533">
      <ele>1152</ele>
      <time>2026-05-07T11:39:20Z</time>
    </trkpt>
    <trkpt lat="49.081924" lon="22.732411">
      <ele>1153</ele>
      <time>2026-05-07T11:39:35Z</time>
    </trkpt>
    <trkpt lat="49.081899" lon="22.732283">
      <ele>1154</ele>
      <time>2026-05-07T11:39:48Z</time>
    </trkpt>
    <trkpt lat="49.081866" lon="22.732175">
      <ele>1155</ele>
      <time>2026-05-07T11:40:01Z</time>
    </trkpt>
    <trkpt lat="49.081812" lon="22.732021">
      <ele>1156</ele>
      <time>2026-05-07T11:40:18Z</time>
    </trkpt>
    <trkpt lat="49.081748" lon="22.73188">
      <ele>1158</ele>
      <time>2026-05-07T11:40:36Z</time>
    </trkpt>
    <trkpt lat="49.081681" lon="22.731764">
      <ele>1161</ele>
      <time>2026-05-07T11:40:52Z</time>
    </trkpt>
    <trkpt lat="49.081634" lon="22.731653">
      <ele>1163</ele>
      <time>2026-05-07T11:41:06Z</time>
    </trkpt>
    <trkpt lat="49.081594" lon="22.731595">
      <ele>1164</ele>
      <time>2026-05-07T11:41:14Z</time>
    </trkpt>
    <trkpt lat="49.081544" lon="22.731554">
      <ele>1164</ele>
      <time>2026-05-07T11:41:23Z</time>
    </trkpt>
    <trkpt lat="49.081511" lon="22.731492">
      <ele>1165</ele>
      <time>2026-05-07T11:41:31Z</time>
    </trkpt>
    <trkpt lat="49.081415" lon="22.731395">
      <ele>1166</ele>
      <time>2026-05-07T11:41:49Z</time>
    </trkpt>
    <trkpt lat="49.081289" lon="22.731147">
      <ele>1169</ele>
      <time>2026-05-07T11:42:21Z</time>
    </trkpt>
    <trkpt lat="49.08125" lon="22.731107">
      <ele>1170</ele>
      <time>2026-05-07T11:42:29Z</time>
    </trkpt>
    <trkpt lat="49.081235" lon="22.731057">
      <ele>1170</ele>
      <time>2026-05-07T11:42:34Z</time>
    </trkpt>
    <trkpt lat="49.081205" lon="22.730972">
      <ele>1172</ele>
      <time>2026-05-07T11:42:44Z</time>
    </trkpt>
    <trkpt lat="49.081174" lon="22.730941">
      <ele>1172</ele>
      <time>2026-05-07T11:42:50Z</time>
    </trkpt>
    <trkpt lat="49.081139" lon="22.730905">
      <ele>1173</ele>
      <time>2026-05-07T11:42:57Z</time>
    </trkpt>
    <trkpt lat="49.08111" lon="22.730841">
      <ele>1174</ele>
      <time>2026-05-07T11:43:05Z</time>
    </trkpt>
    <trkpt lat="49.081097" lon="22.730772">
      <ele>1175</ele>
      <time>2026-05-07T11:43:12Z</time>
    </trkpt>
    <trkpt lat="49.081065" lon="22.730735">
      <ele>1175</ele>
      <time>2026-05-07T11:43:22Z</time>
    </trkpt>
    <trkpt lat="49.081033" lon="22.730725">
      <ele>1175</ele>
      <time>2026-05-07T11:43:29Z</time>
    </trkpt>
    <trkpt lat="49.080967" lon="22.730711">
      <ele>1175</ele>
      <time>2026-05-07T11:43:45Z</time>
    </trkpt>
    <trkpt lat="49.080933" lon="22.730603">
      <ele>1177</ele>
      <time>2026-05-07T11:44:04Z</time>
    </trkpt>
    <trkpt lat="49.080901" lon="22.730564">
      <ele>1177</ele>
      <time>2026-05-07T11:44:14Z</time>
    </trkpt>
    <trkpt lat="49.080882" lon="22.730543">
      <ele>1177</ele>
      <time>2026-05-07T11:44:19Z</time>
    </trkpt>
    <trkpt lat="49.080842" lon="22.730521">
      <ele>1178</ele>
      <time>2026-05-07T11:44:29Z</time>
    </trkpt>
    <trkpt lat="49.080806" lon="22.730427">
      <ele>1180</ele>
      <time>2026-05-07T11:44:47Z</time>
    </trkpt>
    <trkpt lat="49.080793" lon="22.730368">
      <ele>1181</ele>
      <time>2026-05-07T11:44:57Z</time>
    </trkpt>
    <trkpt lat="49.08079" lon="22.730299">
      <ele>1183</ele>
      <time>2026-05-07T11:45:08Z</time>
    </trkpt>
    <trkpt lat="49.08078" lon="22.730288">
      <ele>1183</ele>
      <time>2026-05-07T11:45:11Z</time>
    </trkpt>
    <trkpt lat="49.080735" lon="22.730251">
      <ele>1185</ele>
      <time>2026-05-07T11:45:24Z</time>
    </trkpt>
    <trkpt lat="49.080715" lon="22.730198">
      <ele>1187</ele>
      <time>2026-05-07T11:45:34Z</time>
    </trkpt>
    <trkpt lat="49.080647" lon="22.730093">
      <ele>1191</ele>
      <time>2026-05-07T11:45:59Z</time>
    </trkpt>
    <trkpt lat="49.08056" lon="22.729947">
      <ele>1197</ele>
      <time>2026-05-07T11:46:31Z</time>
    </trkpt>
    <trkpt lat="49.080481" lon="22.729787">
      <ele>1201</ele>
      <time>2026-05-07T11:47:03Z</time>
    </trkpt>
    <trkpt lat="49.080448" lon="22.729606">
      <ele>1204</ele>
      <time>2026-05-07T11:47:33Z</time>
    </trkpt>
    <trkpt lat="49.080405" lon="22.729463">
      <ele>1207</ele>
      <time>2026-05-07T11:47:58Z</time>
    </trkpt>
    <trkpt lat="49.080388" lon="22.729391">
      <ele>1208</ele>
      <time>2026-05-07T11:48:11Z</time>
    </trkpt>
    <trkpt lat="49.08037" lon="22.729292">
      <ele>1211</ele>
      <time>2026-05-07T11:48:27Z</time>
    </trkpt>
    <trkpt lat="49.080292" lon="22.729089">
      <ele>1216</ele>
      <time>2026-05-07T11:49:05Z</time>
    </trkpt>
    <trkpt lat="49.080253" lon="22.728846">
      <ele>1221</ele>
      <time>2026-05-07T11:49:46Z</time>
    </trkpt>
    <trkpt lat="49.08022" lon="22.728753">
      <ele>1223</ele>
      <time>2026-05-07T11:50:03Z</time>
    </trkpt>
    <trkpt lat="49.080141" lon="22.728663">
      <ele>1226</ele>
      <time>2026-05-07T11:50:27Z</time>
    </trkpt>
    <trkpt lat="49.080096" lon="22.728579">
      <ele>1228</ele>
      <time>2026-05-07T11:50:44Z</time>
    </trkpt>
    <trkpt lat="49.080061" lon="22.728508">
      <ele>1230</ele>
      <time>2026-05-07T11:50:58Z</time>
    </trkpt>
    <trkpt lat="49.080033" lon="22.728386">
      <ele>1232</ele>
      <time>2026-05-07T11:51:18Z</time>
    </trkpt>
    <trkpt lat="49.079917" lon="22.728133">
      <ele>1237</ele>
      <time>2026-05-07T11:52:07Z</time>
    </trkpt>
    <trkpt lat="49.079865" lon="22.728035">
      <ele>1239</ele>
      <time>2026-05-07T11:52:28Z</time>
    </trkpt>
    <trkpt lat="49.079773" lon="22.727936">
      <ele>1242</ele>
      <time>2026-05-07T11:52:55Z</time>
    </trkpt>
    <trkpt lat="49.079667" lon="22.727846">
      <ele>1244</ele>
      <time>2026-05-07T11:53:24Z</time>
    </trkpt>
    <trkpt lat="49.079638" lon="22.727805">
      <ele>1245</ele>
      <time>2026-05-07T11:53:33Z</time>
    </trkpt>
    <trkpt lat="49.07957" lon="22.727753">
      <ele>1246</ele>
      <time>2026-05-07T11:53:51Z</time>
    </trkpt>
    <trkpt lat="49.07951" lon="22.727663">
      <ele>1248</ele>
      <time>2026-05-07T11:54:12Z</time>
    </trkpt>
    <trkpt lat="49.079439" lon="22.727432">
      <ele>1254</ele>
      <time>2026-05-07T11:54:53Z</time>
    </trkpt>
    <trkpt lat="49.079405" lon="22.727368">
      <ele>1255</ele>
      <time>2026-05-07T11:55:06Z</time>
    </trkpt>
    <trkpt lat="49.079254" lon="22.72718">
      <ele>1259</ele>
      <time>2026-05-07T11:55:53Z</time>
    </trkpt>
    <trkpt lat="49.079189" lon="22.727114">
      <ele>1259</ele>
      <time>2026-05-07T11:56:11Z</time>
    </trkpt>
    <trkpt lat="49.079152" lon="22.727107">
      <ele>1259</ele>
      <time>2026-05-07T11:56:20Z</time>
    </trkpt>
    <trkpt lat="49.079092" lon="22.72701">
      <ele>1261</ele>
      <time>2026-05-07T11:56:41Z</time>
    </trkpt>
    <trkpt lat="49.079059" lon="22.726828">
      <ele>1265</ele>
      <time>2026-05-07T11:57:11Z</time>
    </trkpt>
    <trkpt lat="49.079033" lon="22.726731">
      <ele>1266</ele>
      <time>2026-05-07T11:57:28Z</time>
    </trkpt>
    <trkpt lat="49.078945" lon="22.726486">
      <ele>1270</ele>
      <time>2026-05-07T11:58:12Z</time>
    </trkpt>
    <trkpt lat="49.078796" lon="22.726205">
      <ele>1276</ele>
      <time>2026-05-07T11:59:09Z</time>
    </trkpt>
    <trkpt lat="49.078746" lon="22.726146">
      <ele>1277</ele>
      <time>2026-05-07T11:59:24Z</time>
    </trkpt>
    <trkpt lat="49.078698" lon="22.726087">
      <ele>1279</ele>
      <time>2026-05-07T11:59:39Z</time>
    </trkpt>
    <trkpt lat="49.07865" lon="22.726051">
      <ele>1280</ele>
      <time>2026-05-07T11:59:52Z</time>
    </trkpt>
    <trkpt lat="49.078602" lon="22.725983">
      <ele>1282</ele>
      <time>2026-05-07T12:00:08Z</time>
    </trkpt>
    <trkpt lat="49.078557" lon="22.725909">
      <ele>1283</ele>
      <time>2026-05-07T12:00:24Z</time>
    </trkpt>
    <trkpt lat="49.07849" lon="22.725851">
      <ele>1283</ele>
      <time>2026-05-07T12:00:42Z</time>
    </trkpt>
    <trkpt lat="49.078351" lon="22.725767">
      <ele>1282</ele>
      <time>2026-05-07T12:01:17Z</time>
    </trkpt>
    <trkpt lat="49.078174" lon="22.725674">
      <ele>1282</ele>
      <time>2026-05-07T12:02:02Z</time>
    </trkpt>
    <trkpt lat="49.078096" lon="22.725602">
      <ele>1283</ele>
      <time>2026-05-07T12:02:23Z</time>
    </trkpt>
    <trkpt lat="49.07806" lon="22.72557">
      <ele>1283</ele>
      <time>2026-05-07T12:02:33Z</time>
    </trkpt>
    <trkpt lat="49.078017" lon="22.725477">
      <ele>1283</ele>
      <time>2026-05-07T12:02:51Z</time>
    </trkpt>
    <trkpt lat="49.077999" lon="22.725423">
      <ele>1284</ele>
      <time>2026-05-07T12:03:00Z</time>
    </trkpt>
    <trkpt lat="49.077981" lon="22.725354">
      <ele>1285</ele>
      <time>2026-05-07T12:03:12Z</time>
    </trkpt>
    <trkpt lat="49.077876" lon="22.725412">
      <ele>1284</ele>
      <time>2026-05-07T12:03:30Z</time>
    </trkpt>
    <trkpt lat="49.077682" lon="22.725575">
      <ele>1287</ele>
      <time>2026-05-07T12:04:05Z</time>
    </trkpt>
    <trkpt lat="49.077627" lon="22.72565">
      <ele>1288</ele>
      <time>2026-05-07T12:04:16Z</time>
    </trkpt>
    <trkpt lat="49.077598" lon="22.725708">
      <ele>1289</ele>
      <time>2026-05-07T12:04:24Z</time>
    </trkpt>
    <trkpt lat="49.077536" lon="22.725779">
      <ele>1290</ele>
      <time>2026-05-07T12:04:36Z</time>
    </trkpt>
    <trkpt lat="49.077446" lon="22.725879">
      <ele>1293</ele>
      <time>2026-05-07T12:04:54Z</time>
    </trkpt>
    <trkpt lat="49.077387" lon="22.726003">
      <ele>1295</ele>
      <time>2026-05-07T12:05:10Z</time>
    </trkpt>
    <trkpt lat="49.077258" lon="22.726176">
      <ele>1297</ele>
      <time>2026-05-07T12:05:37Z</time>
    </trkpt>
    <trkpt lat="49.077142" lon="22.726283">
      <ele>1299</ele>
      <time>2026-05-07T12:05:59Z</time>
    </trkpt>
    <trkpt lat="49.077058" lon="22.72637">
      <ele>1298</ele>
      <time>2026-05-07T12:06:15Z</time>
    </trkpt>
    <trkpt lat="49.077031" lon="22.726393">
      <ele>1298</ele>
      <time>2026-05-07T12:06:19Z</time>
    </trkpt>
    <trkpt lat="49.076897" lon="22.72638">
      <ele>1302</ele>
      <time>2026-05-07T12:06:41Z</time>
    </trkpt>
    <trkpt lat="49.076819" lon="22.726389">
      <ele>1304</ele>
      <time>2026-05-07T12:06:54Z</time>
    </trkpt>
    <trkpt lat="49.076739" lon="22.726388">
      <ele>1306</ele>
      <time>2026-05-07T12:07:07Z</time>
    </trkpt>
    <trkpt lat="49.076568" lon="22.726398">
      <ele>1309</ele>
      <time>2026-05-07T12:07:34Z</time>
    </trkpt>
    <trkpt lat="49.076365" lon="22.726438">
      <ele>1311</ele>
      <time>2026-05-07T12:08:06Z</time>
    </trkpt>
    <trkpt lat="49.076298" lon="22.726448">
      <ele>1313</ele>
      <time>2026-05-07T12:08:17Z</time>
    </trkpt>
    <trkpt lat="49.076231" lon="22.726475">
      <ele>1315</ele>
      <time>2026-05-07T12:08:28Z</time>
    </trkpt>
    <trkpt lat="49.076021" lon="22.72653">
      <ele>1320</ele>
      <time>2026-05-07T12:09:02Z</time>
    </trkpt>
    <trkpt lat="49.075932" lon="22.726563">
      <ele>1321</ele>
      <time>2026-05-07T12:09:17Z</time>
    </trkpt>
    <trkpt lat="49.075831" lon="22.72661">
      <ele>1322</ele>
      <time>2026-05-07T12:09:33Z</time>
    </trkpt>
    <trkpt lat="49.075717" lon="22.72665">
      <ele>1325</ele>
      <time>2026-05-07T12:09:52Z</time>
    </trkpt>
    <trkpt lat="49.075555" lon="22.726714">
      <ele>1329</ele>
      <time>2026-05-07T12:10:19Z</time>
    </trkpt>
    <trkpt lat="49.075468" lon="22.726715">
      <ele>1330</ele>
      <time>2026-05-07T12:10:33Z</time>
    </trkpt>
    <trkpt lat="49.075436" lon="22.72669">
      <ele>1331</ele>
      <time>2026-05-07T12:10:39Z</time>
    </trkpt>
    <trkpt lat="49.075416" lon="22.726652">
      <ele>1332</ele>
      <time>2026-05-07T12:10:44Z</time>
    </trkpt>
    <trkpt lat="49.075388" lon="22.726633">
      <ele>1333</ele>
      <time>2026-05-07T12:10:49Z</time>
    </trkpt>
    <trkpt lat="49.075308" lon="22.7266">
      <ele>1334</ele>
      <time>2026-05-07T12:11:02Z</time>
    </trkpt>
    <trkpt lat="49.075291" lon="22.726581">
      <ele>1334</ele>
      <time>2026-05-07T12:11:05Z</time>
    </trkpt>
    <trkpt lat="49.075269" lon="22.726543">
      <ele>1334</ele>
      <time>2026-05-07T12:11:10Z</time>
    </trkpt>
    <trkpt lat="49.075257" lon="22.726529">
      <ele>1335</ele>
      <time>2026-05-07T12:11:13Z</time>
    </trkpt>
    <trkpt lat="49.075175" lon="22.726512">
      <ele>1335</ele>
      <time>2026-05-07T12:11:26Z</time>
    </trkpt>
    <trkpt lat="49.075109" lon="22.726475">
      <ele>1336</ele>
      <time>2026-05-07T12:11:37Z</time>
    </trkpt>
    <trkpt lat="49.075051" lon="22.726492">
      <ele>1336</ele>
      <time>2026-05-07T12:11:46Z</time>
    </trkpt>
    <trkpt lat="49.075006" lon="22.726497">
      <ele>1336</ele>
      <time>2026-05-07T12:11:53Z</time>
    </trkpt>
    <trkpt lat="49.074947" lon="22.726473">
      <ele>1336</ele>
      <time>2026-05-07T12:12:03Z</time>
    </trkpt>
    <trkpt lat="49.074862" lon="22.726413">
      <ele>1338</ele>
      <time>2026-05-07T12:12:18Z</time>
    </trkpt>
    <trkpt lat="49.074821" lon="22.726407">
      <ele>1339</ele>
      <time>2026-05-07T12:12:24Z</time>
    </trkpt>
    <trkpt lat="49.074529" lon="22.726319">
      <ele>1346</ele>
      <time>2026-05-07T12:13:12Z</time>
    </trkpt>
    <trkpt lat="49.074821" lon="22.726407">
      <ele>1339</ele>
      <time>2026-05-07T12:13:36Z</time>
    </trkpt>
    <trkpt lat="49.074862" lon="22.726413">
      <ele>1338</ele>
      <time>2026-05-07T12:13:39Z</time>
    </trkpt>
    <trkpt lat="49.074947" lon="22.726473">
      <ele>1336</ele>
      <time>2026-05-07T12:13:47Z</time>
    </trkpt>
    <trkpt lat="49.075006" lon="22.726497">
      <ele>1336</ele>
      <time>2026-05-07T12:13:51Z</time>
    </trkpt>
    <trkpt lat="49.075051" lon="22.726492">
      <ele>1336</ele>
      <time>2026-05-07T12:13:55Z</time>
    </trkpt>
    <trkpt lat="49.075109" lon="22.726475">
      <ele>1336</ele>
      <time>2026-05-07T12:14:00Z</time>
    </trkpt>
    <trkpt lat="49.075175" lon="22.726512">
      <ele>1335</ele>
      <time>2026-05-07T12:14:05Z</time>
    </trkpt>
    <trkpt lat="49.075257" lon="22.726529">
      <ele>1335</ele>
      <time>2026-05-07T12:14:12Z</time>
    </trkpt>
    <trkpt lat="49.075269" lon="22.726543">
      <ele>1334</ele>
      <time>2026-05-07T12:14:13Z</time>
    </trkpt>
    <trkpt lat="49.075291" lon="22.726581">
      <ele>1334</ele>
      <time>2026-05-07T12:14:15Z</time>
    </trkpt>
    <trkpt lat="49.075308" lon="22.7266">
      <ele>1334</ele>
      <time>2026-05-07T12:14:17Z</time>
    </trkpt>
    <trkpt lat="49.075388" lon="22.726633">
      <ele>1333</ele>
      <time>2026-05-07T12:14:24Z</time>
    </trkpt>
    <trkpt lat="49.075416" lon="22.726652">
      <ele>1332</ele>
      <time>2026-05-07T12:14:26Z</time>
    </trkpt>
    <trkpt lat="49.075436" lon="22.72669">
      <ele>1331</ele>
      <time>2026-05-07T12:14:29Z</time>
    </trkpt>
    <trkpt lat="49.075468" lon="22.726715">
      <ele>1330</ele>
      <time>2026-05-07T12:14:32Z</time>
    </trkpt>
    <trkpt lat="49.075555" lon="22.726714">
      <ele>1329</ele>
      <time>2026-05-07T12:14:39Z</time>
    </trkpt>
    <trkpt lat="49.075717" lon="22.72665">
      <ele>1325</ele>
      <time>2026-05-07T12:14:52Z</time>
    </trkpt>
    <trkpt lat="49.075831" lon="22.72661">
      <ele>1322</ele>
      <time>2026-05-07T12:15:01Z</time>
    </trkpt>
    <trkpt lat="49.075932" lon="22.726563">
      <ele>1321</ele>
      <time>2026-05-07T12:15:10Z</time>
    </trkpt>
    <trkpt lat="49.076021" lon="22.72653">
      <ele>1320</ele>
      <time>2026-05-07T12:15:17Z</time>
    </trkpt>
    <trkpt lat="49.076231" lon="22.726475">
      <ele>1315</ele>
      <time>2026-05-07T12:15:34Z</time>
    </trkpt>
    <trkpt lat="49.076298" lon="22.726448">
      <ele>1313</ele>
      <time>2026-05-07T12:15:39Z</time>
    </trkpt>
    <trkpt lat="49.076365" lon="22.726438">
      <ele>1311</ele>
      <time>2026-05-07T12:15:45Z</time>
    </trkpt>
    <trkpt lat="49.076568" lon="22.726398">
      <ele>1309</ele>
      <time>2026-05-07T12:16:01Z</time>
    </trkpt>
    <trkpt lat="49.076739" lon="22.726388">
      <ele>1306</ele>
      <time>2026-05-07T12:16:15Z</time>
    </trkpt>
    <trkpt lat="49.076819" lon="22.726389">
      <ele>1304</ele>
      <time>2026-05-07T12:16:21Z</time>
    </trkpt>
    <trkpt lat="49.076897" lon="22.72638">
      <ele>1302</ele>
      <time>2026-05-07T12:16:27Z</time>
    </trkpt>
    <trkpt lat="49.077031" lon="22.726393">
      <ele>1298</ele>
      <time>2026-05-07T12:16:38Z</time>
    </trkpt>
    <trkpt lat="49.077058" lon="22.72637">
      <ele>1298</ele>
      <time>2026-05-07T12:16:41Z</time>
    </trkpt>
    <trkpt lat="49.077142" lon="22.726283">
      <ele>1299</ele>
      <time>2026-05-07T12:16:49Z</time>
    </trkpt>
    <trkpt lat="49.077258" lon="22.726176">
      <ele>1297</ele>
      <time>2026-05-07T12:16:59Z</time>
    </trkpt>
    <trkpt lat="49.077387" lon="22.726003">
      <ele>1295</ele>
      <time>2026-05-07T12:17:13Z</time>
    </trkpt>
    <trkpt lat="49.077446" lon="22.725879">
      <ele>1293</ele>
      <time>2026-05-07T12:17:21Z</time>
    </trkpt>
    <trkpt lat="49.077536" lon="22.725779">
      <ele>1290</ele>
      <time>2026-05-07T12:17:30Z</time>
    </trkpt>
    <trkpt lat="49.077598" lon="22.725708">
      <ele>1289</ele>
      <time>2026-05-07T12:17:36Z</time>
    </trkpt>
    <trkpt lat="49.077627" lon="22.72565">
      <ele>1288</ele>
      <time>2026-05-07T12:17:40Z</time>
    </trkpt>
    <trkpt lat="49.077682" lon="22.725575">
      <ele>1287</ele>
      <time>2026-05-07T12:17:46Z</time>
    </trkpt>
    <trkpt lat="49.077876" lon="22.725412">
      <ele>1284</ele>
      <time>2026-05-07T12:18:03Z</time>
    </trkpt>
    <trkpt lat="49.077981" lon="22.725354">
      <ele>1285</ele>
      <time>2026-05-07T12:18:12Z</time>
    </trkpt>
    <trkpt lat="49.077999" lon="22.725423">
      <ele>1284</ele>
      <time>2026-05-07T12:18:18Z</time>
    </trkpt>
    <trkpt lat="49.078017" lon="22.725477">
      <ele>1283</ele>
      <time>2026-05-07T12:18:23Z</time>
    </trkpt>
    <trkpt lat="49.07806" lon="22.72557">
      <ele>1283</ele>
      <time>2026-05-07T12:18:31Z</time>
    </trkpt>
    <trkpt lat="49.078096" lon="22.725602">
      <ele>1283</ele>
      <time>2026-05-07T12:18:36Z</time>
    </trkpt>
    <trkpt lat="49.078174" lon="22.725674">
      <ele>1282</ele>
      <time>2026-05-07T12:18:47Z</time>
    </trkpt>
    <trkpt lat="49.078351" lon="22.725767">
      <ele>1282</ele>
      <time>2026-05-07T12:19:09Z</time>
    </trkpt>
    <trkpt lat="49.07849" lon="22.725851">
      <ele>1283</ele>
      <time>2026-05-07T12:19:27Z</time>
    </trkpt>
    <trkpt lat="49.078557" lon="22.725909">
      <ele>1283</ele>
      <time>2026-05-07T12:19:36Z</time>
    </trkpt>
    <trkpt lat="49.078602" lon="22.725983">
      <ele>1282</ele>
      <time>2026-05-07T12:19:44Z</time>
    </trkpt>
    <trkpt lat="49.07865" lon="22.726051">
      <ele>1280</ele>
      <time>2026-05-07T12:19:52Z</time>
    </trkpt>
    <trkpt lat="49.078698" lon="22.726087">
      <ele>1279</ele>
      <time>2026-05-07T12:19:58Z</time>
    </trkpt>
    <trkpt lat="49.078746" lon="22.726146">
      <ele>1277</ele>
      <time>2026-05-07T12:20:06Z</time>
    </trkpt>
    <trkpt lat="49.078796" lon="22.726205">
      <ele>1276</ele>
      <time>2026-05-07T12:20:13Z</time>
    </trkpt>
    <trkpt lat="49.078945" lon="22.726486">
      <ele>1270</ele>
      <time>2026-05-07T12:20:42Z</time>
    </trkpt>
    <trkpt lat="49.079033" lon="22.726731">
      <ele>1266</ele>
      <time>2026-05-07T12:21:04Z</time>
    </trkpt>
    <trkpt lat="49.079059" lon="22.726828">
      <ele>1265</ele>
      <time>2026-05-07T12:21:12Z</time>
    </trkpt>
    <trkpt lat="49.079092" lon="22.72701">
      <ele>1261</ele>
      <time>2026-05-07T12:21:27Z</time>
    </trkpt>
    <trkpt lat="49.079152" lon="22.727107">
      <ele>1259</ele>
      <time>2026-05-07T12:21:38Z</time>
    </trkpt>
    <trkpt lat="49.079189" lon="22.727114">
      <ele>1259</ele>
      <time>2026-05-07T12:21:42Z</time>
    </trkpt>
    <trkpt lat="49.079254" lon="22.72718">
      <ele>1259</ele>
      <time>2026-05-07T12:21:52Z</time>
    </trkpt>
    <trkpt lat="49.079405" lon="22.727368">
      <ele>1255</ele>
      <time>2026-05-07T12:22:15Z</time>
    </trkpt>
    <trkpt lat="49.079439" lon="22.727432">
      <ele>1254</ele>
      <time>2026-05-07T12:22:21Z</time>
    </trkpt>
    <trkpt lat="49.07951" lon="22.727663">
      <ele>1248</ele>
      <time>2026-05-07T12:22:42Z</time>
    </trkpt>
    <trkpt lat="49.07957" lon="22.727753">
      <ele>1246</ele>
      <time>2026-05-07T12:22:52Z</time>
    </trkpt>
    <trkpt lat="49.079638" lon="22.727805">
      <ele>1245</ele>
      <time>2026-05-07T12:23:01Z</time>
    </trkpt>
    <trkpt lat="49.079667" lon="22.727846">
      <ele>1244</ele>
      <time>2026-05-07T12:23:06Z</time>
    </trkpt>
    <trkpt lat="49.079773" lon="22.727936">
      <ele>1242</ele>
      <time>2026-05-07T12:23:20Z</time>
    </trkpt>
    <trkpt lat="49.079865" lon="22.728035">
      <ele>1239</ele>
      <time>2026-05-07T12:23:34Z</time>
    </trkpt>
    <trkpt lat="49.079917" lon="22.728133">
      <ele>1237</ele>
      <time>2026-05-07T12:23:44Z</time>
    </trkpt>
    <trkpt lat="49.080033" lon="22.728386">
      <ele>1232</ele>
      <time>2026-05-07T12:24:09Z</time>
    </trkpt>
    <trkpt lat="49.080061" lon="22.728508">
      <ele>1230</ele>
      <time>2026-05-07T12:24:19Z</time>
    </trkpt>
    <trkpt lat="49.080096" lon="22.728579">
      <ele>1228</ele>
      <time>2026-05-07T12:24:26Z</time>
    </trkpt>
    <trkpt lat="49.080141" lon="22.728663">
      <ele>1226</ele>
      <time>2026-05-07T12:24:35Z</time>
    </trkpt>
    <trkpt lat="49.08022" lon="22.728753">
      <ele>1223</ele>
      <time>2026-05-07T12:24:47Z</time>
    </trkpt>
    <trkpt lat="49.080253" lon="22.728846">
      <ele>1221</ele>
      <time>2026-05-07T12:24:55Z</time>
    </trkpt>
    <trkpt lat="49.080292" lon="22.729089">
      <ele>1216</ele>
      <time>2026-05-07T12:25:15Z</time>
    </trkpt>
    <trkpt lat="49.08037" lon="22.729292">
      <ele>1211</ele>
      <time>2026-05-07T12:25:34Z</time>
    </trkpt>
    <trkpt lat="49.080388" lon="22.729391">
      <ele>1208</ele>
      <time>2026-05-07T12:25:43Z</time>
    </trkpt>
    <trkpt lat="49.080405" lon="22.729463">
      <ele>1207</ele>
      <time>2026-05-07T12:25:49Z</time>
    </trkpt>
    <trkpt lat="49.080448" lon="22.729606">
      <ele>1204</ele>
      <time>2026-05-07T12:26:01Z</time>
    </trkpt>
    <trkpt lat="49.080481" lon="22.729787">
      <ele>1201</ele>
      <time>2026-05-07T12:26:16Z</time>
    </trkpt>
    <trkpt lat="49.08056" lon="22.729947">
      <ele>1197</ele>
      <time>2026-05-07T12:26:32Z</time>
    </trkpt>
    <trkpt lat="49.080647" lon="22.730093">
      <ele>1191</ele>
      <time>2026-05-07T12:26:49Z</time>
    </trkpt>
    <trkpt lat="49.080715" lon="22.730198">
      <ele>1187</ele>
      <time>2026-05-07T12:27:01Z</time>
    </trkpt>
    <trkpt lat="49.080735" lon="22.730251">
      <ele>1185</ele>
      <time>2026-05-07T12:27:06Z</time>
    </trkpt>
    <trkpt lat="49.08078" lon="22.730288">
      <ele>1183</ele>
      <time>2026-05-07T12:27:12Z</time>
    </trkpt>
    <trkpt lat="49.08079" lon="22.730299">
      <ele>1183</ele>
      <time>2026-05-07T12:27:14Z</time>
    </trkpt>
    <trkpt lat="49.080793" lon="22.730368">
      <ele>1181</ele>
      <time>2026-05-07T12:27:20Z</time>
    </trkpt>
    <trkpt lat="49.080806" lon="22.730427">
      <ele>1180</ele>
      <time>2026-05-07T12:27:25Z</time>
    </trkpt>
    <trkpt lat="49.080842" lon="22.730521">
      <ele>1178</ele>
      <time>2026-05-07T12:27:33Z</time>
    </trkpt>
    <trkpt lat="49.080882" lon="22.730543">
      <ele>1177</ele>
      <time>2026-05-07T12:27:38Z</time>
    </trkpt>
    <trkpt lat="49.080901" lon="22.730564">
      <ele>1177</ele>
      <time>2026-05-07T12:27:41Z</time>
    </trkpt>
    <trkpt lat="49.080933" lon="22.730603">
      <ele>1177</ele>
      <time>2026-05-07T12:27:46Z</time>
    </trkpt>
    <trkpt lat="49.080967" lon="22.730711">
      <ele>1175</ele>
      <time>2026-05-07T12:27:56Z</time>
    </trkpt>
    <trkpt lat="49.081033" lon="22.730725">
      <ele>1175</ele>
      <time>2026-05-07T12:28:03Z</time>
    </trkpt>
    <trkpt lat="49.081065" lon="22.730735">
      <ele>1175</ele>
      <time>2026-05-07T12:28:07Z</time>
    </trkpt>
    <trkpt lat="49.081097" lon="22.730772">
      <ele>1175</ele>
      <time>2026-05-07T12:28:12Z</time>
    </trkpt>
    <trkpt lat="49.08111" lon="22.730841">
      <ele>1174</ele>
      <time>2026-05-07T12:28:19Z</time>
    </trkpt>
    <trkpt lat="49.081139" lon="22.730905">
      <ele>1173</ele>
      <time>2026-05-07T12:28:27Z</time>
    </trkpt>
    <trkpt lat="49.081174" lon="22.730941">
      <ele>1172</ele>
      <time>2026-05-07T12:28:34Z</time>
    </trkpt>
    <trkpt lat="49.081205" lon="22.730972">
      <ele>1172</ele>
      <time>2026-05-07T12:28:40Z</time>
    </trkpt>
    <trkpt lat="49.081235" lon="22.731057">
      <ele>1170</ele>
      <time>2026-05-07T12:28:50Z</time>
    </trkpt>
    <trkpt lat="49.08125" lon="22.731107">
      <ele>1170</ele>
      <time>2026-05-07T12:28:55Z</time>
    </trkpt>
    <trkpt lat="49.081289" lon="22.731147">
      <ele>1169</ele>
      <time>2026-05-07T12:29:03Z</time>
    </trkpt>
    <trkpt lat="49.081415" lon="22.731395">
      <ele>1166</ele>
      <time>2026-05-07T12:29:35Z</time>
    </trkpt>
    <trkpt lat="49.081511" lon="22.731492">
      <ele>1165</ele>
      <time>2026-05-07T12:29:53Z</time>
    </trkpt>
    <trkpt lat="49.081544" lon="22.731554">
      <ele>1164</ele>
      <time>2026-05-07T12:30:01Z</time>
    </trkpt>
    <trkpt lat="49.081594" lon="22.731595">
      <ele>1164</ele>
      <time>2026-05-07T12:30:10Z</time>
    </trkpt>
    <trkpt lat="49.081634" lon="22.731653">
      <ele>1163</ele>
      <time>2026-05-07T12:30:18Z</time>
    </trkpt>
    <trkpt lat="49.081681" lon="22.731764">
      <ele>1161</ele>
      <time>2026-05-07T12:30:32Z</time>
    </trkpt>
    <trkpt lat="49.081748" lon="22.73188">
      <ele>1158</ele>
      <time>2026-05-07T12:30:48Z</time>
    </trkpt>
    <trkpt lat="49.081812" lon="22.732021">
      <ele>1156</ele>
      <time>2026-05-07T12:31:06Z</time>
    </trkpt>
    <trkpt lat="49.081866" lon="22.732175">
      <ele>1155</ele>
      <time>2026-05-07T12:31:23Z</time>
    </trkpt>
    <trkpt lat="49.081899" lon="22.732283">
      <ele>1154</ele>
      <time>2026-05-07T12:31:36Z</time>
    </trkpt>
    <trkpt lat="49.081924" lon="22.732411">
      <ele>1153</ele>
      <time>2026-05-07T12:31:49Z</time>
    </trkpt>
    <trkpt lat="49.081979" lon="22.732533">
      <ele>1152</ele>
      <time>2026-05-07T12:32:04Z</time>
    </trkpt>
    <trkpt lat="49.082038" lon="22.732677">
      <ele>1152</ele>
      <time>2026-05-07T12:32:22Z</time>
    </trkpt>
    <trkpt lat="49.082043" lon="22.732761">
      <ele>1153</ele>
      <time>2026-05-07T12:32:30Z</time>
    </trkpt>
    <trkpt lat="49.082063" lon="22.7328">
      <ele>1154</ele>
      <time>2026-05-07T12:32:35Z</time>
    </trkpt>
    <trkpt lat="49.082097" lon="22.732864">
      <ele>1155</ele>
      <time>2026-05-07T12:32:44Z</time>
    </trkpt>
    <trkpt lat="49.082251" lon="22.732987">
      <ele>1161</ele>
      <time>2026-05-07T12:33:12Z</time>
    </trkpt>
    <trkpt lat="49.082397" lon="22.73312">
      <ele>1157</ele>
      <time>2026-05-07T12:33:45Z</time>
    </trkpt>
    <trkpt lat="49.08264" lon="22.733351">
      <ele>1156</ele>
      <time>2026-05-07T12:34:39Z</time>
    </trkpt>
    <trkpt lat="49.082708" lon="22.7334">
      <ele>1157</ele>
      <time>2026-05-07T12:34:54Z</time>
    </trkpt>
    <trkpt lat="49.082876" lon="22.73356">
      <ele>1161</ele>
      <time>2026-05-07T12:35:32Z</time>
    </trkpt>
    <trkpt lat="49.083065" lon="22.733785">
      <ele>1163</ele>
      <time>2026-05-07T12:36:17Z</time>
    </trkpt>
    <trkpt lat="49.083182" lon="22.733894">
      <ele>1163</ele>
      <time>2026-05-07T12:36:43Z</time>
    </trkpt>
    <trkpt lat="49.083218" lon="22.733957">
      <ele>1163</ele>
      <time>2026-05-07T12:36:54Z</time>
    </trkpt>
    <trkpt lat="49.083244" lon="22.733985">
      <ele>1164</ele>
      <time>2026-05-07T12:37:00Z</time>
    </trkpt>
    <trkpt lat="49.083317" lon="22.734017">
      <ele>1164</ele>
      <time>2026-05-07T12:37:14Z</time>
    </trkpt>
    <trkpt lat="49.083343" lon="22.734041">
      <ele>1164</ele>
      <time>2026-05-07T12:37:20Z</time>
    </trkpt>
    <trkpt lat="49.08338" lon="22.734103">
      <ele>1164</ele>
      <time>2026-05-07T12:37:30Z</time>
    </trkpt>
    <trkpt lat="49.083423" lon="22.73416">
      <ele>1165</ele>
      <time>2026-05-07T12:37:41Z</time>
    </trkpt>
    <trkpt lat="49.083555" lon="22.73428">
      <ele>1167</ele>
      <time>2026-05-07T12:38:10Z</time>
    </trkpt>
    <trkpt lat="49.083599" lon="22.73435">
      <ele>1167</ele>
      <time>2026-05-07T12:38:23Z</time>
    </trkpt>
    <trkpt lat="49.083682" lon="22.734421">
      <ele>1169</ele>
      <time>2026-05-07T12:38:41Z</time>
    </trkpt>
    <trkpt lat="49.083944" lon="22.734667">
      <ele>1172</ele>
      <time>2026-05-07T12:39:39Z</time>
    </trkpt>
    <trkpt lat="49.084004" lon="22.734706">
      <ele>1173</ele>
      <time>2026-05-07T12:39:52Z</time>
    </trkpt>
    <trkpt lat="49.08404" lon="22.734736">
      <ele>1173</ele>
      <time>2026-05-07T12:40:00Z</time>
    </trkpt>
    <trkpt lat="49.084195" lon="22.734846">
      <ele>1177</ele>
      <time>2026-05-07T12:40:32Z</time>
    </trkpt>
    <trkpt lat="49.084254" lon="22.734921">
      <ele>1179</ele>
      <time>2026-05-07T12:40:47Z</time>
    </trkpt>
    <trkpt lat="49.084352" lon="22.735007">
      <ele>1181</ele>
      <time>2026-05-07T12:41:09Z</time>
    </trkpt>
    <trkpt lat="49.084559" lon="22.735188">
      <ele>1186</ele>
      <time>2026-05-07T12:41:55Z</time>
    </trkpt>
    <trkpt lat="49.084928" lon="22.735554">
      <ele>1201</ele>
      <time>2026-05-07T12:43:22Z</time>
    </trkpt>
    <trkpt lat="49.084991" lon="22.735603">
      <ele>1204</ele>
      <time>2026-05-07T12:43:37Z</time>
    </trkpt>
    <trkpt lat="49.085028" lon="22.735664">
      <ele>1206</ele>
      <time>2026-05-07T12:43:48Z</time>
    </trkpt>
    <trkpt lat="49.085235" lon="22.735861">
      <ele>1218</ele>
      <time>2026-05-07T12:44:38Z</time>
    </trkpt>
    <trkpt lat="49.085414" lon="22.736034">
      <ele>1230</ele>
      <time>2026-05-07T12:45:23Z</time>
    </trkpt>
    <trkpt lat="49.085475" lon="22.736108">
      <ele>1234</ele>
      <time>2026-05-07T12:45:40Z</time>
    </trkpt>
    <trkpt lat="49.085522" lon="22.736124">
      <ele>1237</ele>
      <time>2026-05-07T12:45:50Z</time>
    </trkpt>
    <trkpt lat="49.085568" lon="22.73617">
      <ele>1240</ele>
      <time>2026-05-07T12:46:02Z</time>
    </trkpt>
    <trkpt lat="49.085829" lon="22.736337">
      <ele>1257</ele>
      <time>2026-05-07T12:47:02Z</time>
    </trkpt>
    <trkpt lat="49.085863" lon="22.73634">
      <ele>1258</ele>
      <time>2026-05-07T12:47:09Z</time>
    </trkpt>
    <trkpt lat="49.085912" lon="22.73636">
      <ele>1260</ele>
      <time>2026-05-07T12:47:20Z</time>
    </trkpt>
    <trkpt lat="49.08597" lon="22.736358">
      <ele>1262</ele>
      <time>2026-05-07T12:47:31Z</time>
    </trkpt>
    <trkpt lat="49.086006" lon="22.736378">
      <ele>1264</ele>
      <time>2026-05-07T12:47:39Z</time>
    </trkpt>
    <trkpt lat="49.08606" lon="22.736432">
      <ele>1267</ele>
      <time>2026-05-07T12:47:52Z</time>
    </trkpt>
    <trkpt lat="49.086164" lon="22.736521">
      <ele>1272</ele>
      <time>2026-05-07T12:48:16Z</time>
    </trkpt>
    <trkpt lat="49.086202" lon="22.736583">
      <ele>1274</ele>
      <time>2026-05-07T12:48:28Z</time>
    </trkpt>
    <trkpt lat="49.086283" lon="22.736635">
      <ele>1278</ele>
      <time>2026-05-07T12:48:45Z</time>
    </trkpt>
    <trkpt lat="49.086384" lon="22.736742">
      <ele>1283</ele>
      <time>2026-05-07T12:49:10Z</time>
    </trkpt>
    <trkpt lat="49.086427" lon="22.736791">
      <ele>1284</ele>
      <time>2026-05-07T12:49:21Z</time>
    </trkpt>
    <trkpt lat="49.086453" lon="22.736848">
      <ele>1285</ele>
      <time>2026-05-07T12:49:29Z</time>
    </trkpt>
    <trkpt lat="49.086484" lon="22.736943">
      <ele>1287</ele>
      <time>2026-05-07T12:49:43Z</time>
    </trkpt>
    <trkpt lat="49.086525" lon="22.737028">
      <ele>1289</ele>
      <time>2026-05-07T12:49:57Z</time>
    </trkpt>
    <trkpt lat="49.086552" lon="22.737135">
      <ele>1291</ele>
      <time>2026-05-07T12:50:11Z</time>
    </trkpt>
    <trkpt lat="49.086565" lon="22.737216">
      <ele>1293</ele>
      <time>2026-05-07T12:50:22Z</time>
    </trkpt>
    <trkpt lat="49.086566" lon="22.737378">
      <ele>1296</ele>
      <time>2026-05-07T12:50:43Z</time>
    </trkpt>
    <trkpt lat="49.086548" lon="22.737492">
      <ele>1299</ele>
      <time>2026-05-07T12:50:58Z</time>
    </trkpt>
    <trkpt lat="49.086528" lon="22.737543">
      <ele>1300</ele>
      <time>2026-05-07T12:51:06Z</time>
    </trkpt>
    <trkpt lat="49.086528" lon="22.737577">
      <ele>1300</ele>
      <time>2026-05-07T12:51:10Z</time>
    </trkpt>
    <trkpt lat="49.086537" lon="22.737598">
      <ele>1301</ele>
      <time>2026-05-07T12:51:13Z</time>
    </trkpt>
    <trkpt lat="49.08656" lon="22.737625">
      <ele>1302</ele>
      <time>2026-05-07T12:51:19Z</time>
    </trkpt>
    <trkpt lat="49.086616" lon="22.737657">
      <ele>1303</ele>
      <time>2026-05-07T12:51:31Z</time>
    </trkpt>
    <trkpt lat="49.086636" lon="22.737688">
      <ele>1304</ele>
      <time>2026-05-07T12:51:36Z</time>
    </trkpt>
    <trkpt lat="49.086652" lon="22.737716">
      <ele>1305</ele>
      <time>2026-05-07T12:51:41Z</time>
    </trkpt>
    <trkpt lat="49.086685" lon="22.73773">
      <ele>1305</ele>
      <time>2026-05-07T12:51:47Z</time>
    </trkpt>
    <trkpt lat="49.086707" lon="22.737764">
      <ele>1306</ele>
      <time>2026-05-07T12:51:53Z</time>
    </trkpt>
    <trkpt lat="49.086743" lon="22.737791">
      <ele>1307</ele>
      <time>2026-05-07T12:52:01Z</time>
    </trkpt>
    <trkpt lat="49.086769" lon="22.737826">
      <ele>1307</ele>
      <time>2026-05-07T12:52:08Z</time>
    </trkpt>
    <trkpt lat="49.086844" lon="22.737907">
      <ele>1308</ele>
      <time>2026-05-07T12:52:25Z</time>
    </trkpt>
    <trkpt lat="49.086945" lon="22.738039">
      <ele>1309</ele>
      <time>2026-05-07T12:52:51Z</time>
    </trkpt>
    <trkpt lat="49.087012" lon="22.738114">
      <ele>1310</ele>
      <time>2026-05-07T12:53:06Z</time>
    </trkpt>
    <trkpt lat="49.087053" lon="22.738135">
      <ele>1310</ele>
      <time>2026-05-07T12:53:15Z</time>
    </trkpt>
    <trkpt lat="49.087089" lon="22.738148">
      <ele>1310</ele>
      <time>2026-05-07T12:53:22Z</time>
    </trkpt>
    <trkpt lat="49.087166" lon="22.738167">
      <ele>1310</ele>
      <time>2026-05-07T12:53:36Z</time>
    </trkpt>
    <trkpt lat="49.087214" lon="22.738185">
      <ele>1311</ele>
      <time>2026-05-07T12:53:46Z</time>
    </trkpt>
    <trkpt lat="49.087257" lon="22.73818">
      <ele>1311</ele>
      <time>2026-05-07T12:53:54Z</time>
    </trkpt>
    <trkpt lat="49.087309" lon="22.738199">
      <ele>1311</ele>
      <time>2026-05-07T12:54:04Z</time>
    </trkpt>
    <trkpt lat="49.087366" lon="22.73822">
      <ele>1311</ele>
      <time>2026-05-07T12:54:15Z</time>
    </trkpt>
    <trkpt lat="49.08747" lon="22.73825">
      <ele>1311</ele>
      <time>2026-05-07T12:54:35Z</time>
    </trkpt>
    <trkpt lat="49.087564" lon="22.73827">
      <ele>1310</ele>
      <time>2026-05-07T12:54:53Z</time>
    </trkpt>
    <trkpt lat="49.087588" lon="22.738293">
      <ele>1310</ele>
      <time>2026-05-07T12:54:59Z</time>
    </trkpt>
    <trkpt lat="49.087664" lon="22.738312">
      <ele>1308</ele>
      <time>2026-05-07T12:55:14Z</time>
    </trkpt>
    <trkpt lat="49.087699" lon="22.738298">
      <ele>1307</ele>
      <time>2026-05-07T12:55:21Z</time>
    </trkpt>
    <trkpt lat="49.087778" lon="22.738298">
      <ele>1306</ele>
      <time>2026-05-07T12:55:36Z</time>
    </trkpt>
    <trkpt lat="49.087855" lon="22.738336">
      <ele>1304</ele>
      <time>2026-05-07T12:55:51Z</time>
    </trkpt>
    <trkpt lat="49.087902" lon="22.738377">
      <ele>1303</ele>
      <time>2026-05-07T12:56:02Z</time>
    </trkpt>
    <trkpt lat="49.087955" lon="22.738407">
      <ele>1302</ele>
      <time>2026-05-07T12:56:13Z</time>
    </trkpt>
    <trkpt lat="49.088029" lon="22.73845">
      <ele>1301</ele>
      <time>2026-05-07T12:56:28Z</time>
    </trkpt>
    <trkpt lat="49.088116" lon="22.738478">
      <ele>1299</ele>
      <time>2026-05-07T12:56:45Z</time>
    </trkpt>
    <trkpt lat="49.088143" lon="22.73848">
      <ele>1299</ele>
      <time>2026-05-07T12:56:50Z</time>
    </trkpt>
    <trkpt lat="49.088183" lon="22.738506">
      <ele>1298</ele>
      <time>2026-05-07T12:56:59Z</time>
    </trkpt>
    <trkpt lat="49.088213" lon="22.738522">
      <ele>1297</ele>
      <time>2026-05-07T12:57:05Z</time>
    </trkpt>
    <trkpt lat="49.088237" lon="22.738562">
      <ele>1296</ele>
      <time>2026-05-07T12:57:12Z</time>
    </trkpt>
    <trkpt lat="49.088269" lon="22.738569">
      <ele>1296</ele>
      <time>2026-05-07T12:57:18Z</time>
    </trkpt>
    <trkpt lat="49.088319" lon="22.738594">
      <ele>1295</ele>
      <time>2026-05-07T12:57:28Z</time>
    </trkpt>
    <trkpt lat="49.088362" lon="22.738625">
      <ele>1293</ele>
      <time>2026-05-07T12:57:37Z</time>
    </trkpt>
    <trkpt lat="49.088397" lon="22.738651">
      <ele>1292</ele>
      <time>2026-05-07T12:57:45Z</time>
    </trkpt>
    <trkpt lat="49.088421" lon="22.738678">
      <ele>1291</ele>
      <time>2026-05-07T12:57:51Z</time>
    </trkpt>
    <trkpt lat="49.088443" lon="22.738706">
      <ele>1290</ele>
      <time>2026-05-07T12:57:57Z</time>
    </trkpt>
    <trkpt lat="49.088472" lon="22.738736">
      <ele>1289</ele>
      <time>2026-05-07T12:58:04Z</time>
    </trkpt>
    <trkpt lat="49.088499" lon="22.73874">
      <ele>1288</ele>
      <time>2026-05-07T12:58:09Z</time>
    </trkpt>
    <trkpt lat="49.088556" lon="22.738751">
      <ele>1287</ele>
      <time>2026-05-07T12:58:20Z</time>
    </trkpt>
    <trkpt lat="49.088604" lon="22.738748">
      <ele>1286</ele>
      <time>2026-05-07T12:58:29Z</time>
    </trkpt>
    <trkpt lat="49.08865" lon="22.738742">
      <ele>1284</ele>
      <time>2026-05-07T12:58:38Z</time>
    </trkpt>
    <trkpt lat="49.088705" lon="22.738752">
      <ele>1283</ele>
      <time>2026-05-07T12:58:49Z</time>
    </trkpt>
    <trkpt lat="49.088751" lon="22.738785">
      <ele>1281</ele>
      <time>2026-05-07T12:58:59Z</time>
    </trkpt>
    <trkpt lat="49.088797" lon="22.738831">
      <ele>1279</ele>
      <time>2026-05-07T12:59:10Z</time>
    </trkpt>
    <trkpt lat="49.088818" lon="22.738878">
      <ele>1277</ele>
      <time>2026-05-07T12:59:18Z</time>
    </trkpt>
    <trkpt lat="49.088883" lon="22.738971">
      <ele>1274</ele>
      <time>2026-05-07T12:59:36Z</time>
    </trkpt>
    <trkpt lat="49.088945" lon="22.739014">
      <ele>1271</ele>
      <time>2026-05-07T12:59:49Z</time>
    </trkpt>
    <trkpt lat="49.089007" lon="22.739081">
      <ele>1269</ele>
      <time>2026-05-07T13:00:04Z</time>
    </trkpt>
    <trkpt lat="49.089073" lon="22.73916">
      <ele>1267</ele>
      <time>2026-05-07T13:00:21Z</time>
    </trkpt>
    <trkpt lat="49.089119" lon="22.739245">
      <ele>1265</ele>
      <time>2026-05-07T13:00:35Z</time>
    </trkpt>
    <trkpt lat="49.089148" lon="22.739331">
      <ele>1264</ele>
      <time>2026-05-07T13:00:47Z</time>
    </trkpt>
    <trkpt lat="49.08918" lon="22.739399">
      <ele>1263</ele>
      <time>2026-05-07T13:00:57Z</time>
    </trkpt>
    <trkpt lat="49.089226" lon="22.739448">
      <ele>1263</ele>
      <time>2026-05-07T13:01:08Z</time>
    </trkpt>
    <trkpt lat="49.089292" lon="22.739518">
      <ele>1263</ele>
      <time>2026-05-07T13:01:23Z</time>
    </trkpt>
    <trkpt lat="49.089359" lon="22.739578">
      <ele>1263</ele>
      <time>2026-05-07T13:01:38Z</time>
    </trkpt>
    <trkpt lat="49.089447" lon="22.739657">
      <ele>1264</ele>
      <time>2026-05-07T13:01:57Z</time>
    </trkpt>
    <trkpt lat="49.089533" lon="22.73969">
      <ele>1265</ele>
      <time>2026-05-07T13:02:14Z</time>
    </trkpt>
    <trkpt lat="49.089579" lon="22.739724">
      <ele>1266</ele>
      <time>2026-05-07T13:02:24Z</time>
    </trkpt>
    <trkpt lat="49.089624" lon="22.739768">
      <ele>1267</ele>
      <time>2026-05-07T13:02:34Z</time>
    </trkpt>
    <trkpt lat="49.089674" lon="22.739819">
      <ele>1267</ele>
      <time>2026-05-07T13:02:45Z</time>
    </trkpt>
    <trkpt lat="49.089724" lon="22.739845">
      <ele>1268</ele>
      <time>2026-05-07T13:02:56Z</time>
    </trkpt>
    <trkpt lat="49.089848" lon="22.739915">
      <ele>1270</ele>
      <time>2026-05-07T13:03:21Z</time>
    </trkpt>
    <trkpt lat="49.089935" lon="22.739956">
      <ele>1271</ele>
      <time>2026-05-07T13:03:38Z</time>
    </trkpt>
    <trkpt lat="49.089984" lon="22.740019">
      <ele>1272</ele>
      <time>2026-05-07T13:03:50Z</time>
    </trkpt>
    <trkpt lat="49.090029" lon="22.74004">
      <ele>1272</ele>
      <time>2026-05-07T13:03:59Z</time>
    </trkpt>
    <trkpt lat="49.090053" lon="22.740074">
      <ele>1273</ele>
      <time>2026-05-07T13:04:06Z</time>
    </trkpt>
    <trkpt lat="49.090096" lon="22.740116">
      <ele>1274</ele>
      <time>2026-05-07T13:04:15Z</time>
    </trkpt>
    <trkpt lat="49.090115" lon="22.740182">
      <ele>1275</ele>
      <time>2026-05-07T13:04:24Z</time>
    </trkpt>
    <trkpt lat="49.090146" lon="22.740198">
      <ele>1275</ele>
      <time>2026-05-07T13:04:31Z</time>
    </trkpt>
    <trkpt lat="49.09019" lon="22.740207">
      <ele>1276</ele>
      <time>2026-05-07T13:04:39Z</time>
    </trkpt>
    <trkpt lat="49.090211" lon="22.740252">
      <ele>1277</ele>
      <time>2026-05-07T13:04:46Z</time>
    </trkpt>
    <trkpt lat="49.090252" lon="22.740307">
      <ele>1279</ele>
      <time>2026-05-07T13:04:57Z</time>
    </trkpt>
    <trkpt lat="49.090304" lon="22.740341">
      <ele>1279</ele>
      <time>2026-05-07T13:05:08Z</time>
    </trkpt>
    <trkpt lat="49.090367" lon="22.740358">
      <ele>1280</ele>
      <time>2026-05-07T13:05:20Z</time>
    </trkpt>
    <trkpt lat="49.090457" lon="22.740371">
      <ele>1281</ele>
      <time>2026-05-07T13:05:37Z</time>
    </trkpt>
    <trkpt lat="49.090511" lon="22.740364">
      <ele>1281</ele>
      <time>2026-05-07T13:05:48Z</time>
    </trkpt>
    <trkpt lat="49.090587" lon="22.740329">
      <ele>1281</ele>
      <time>2026-05-07T13:06:03Z</time>
    </trkpt>
    <trkpt lat="49.090657" lon="22.740304">
      <ele>1282</ele>
      <time>2026-05-07T13:06:16Z</time>
    </trkpt>
    <trkpt lat="49.090738" lon="22.740272">
      <ele>1283</ele>
      <time>2026-05-07T13:06:32Z</time>
    </trkpt>
    <trkpt lat="49.090805" lon="22.740259">
      <ele>1284</ele>
      <time>2026-05-07T13:06:45Z</time>
    </trkpt>
    <trkpt lat="49.090901" lon="22.740205">
      <ele>1283</ele>
      <time>2026-05-07T13:07:04Z</time>
    </trkpt>
    <trkpt lat="49.090996" lon="22.740173">
      <ele>1283</ele>
      <time>2026-05-07T13:07:23Z</time>
    </trkpt>
    <trkpt lat="49.091066" lon="22.740135">
      <ele>1283</ele>
      <time>2026-05-07T13:07:37Z</time>
    </trkpt>
    <trkpt lat="49.091163" lon="22.740076">
      <ele>1283</ele>
      <time>2026-05-07T13:07:57Z</time>
    </trkpt>
    <trkpt lat="49.091242" lon="22.740044">
      <ele>1283</ele>
      <time>2026-05-07T13:08:12Z</time>
    </trkpt>
    <trkpt lat="49.091316" lon="22.74002">
      <ele>1282</ele>
      <time>2026-05-07T13:08:27Z</time>
    </trkpt>
    <trkpt lat="49.091377" lon="22.739974">
      <ele>1282</ele>
      <time>2026-05-07T13:08:40Z</time>
    </trkpt>
    <trkpt lat="49.091456" lon="22.739945">
      <ele>1281</ele>
      <time>2026-05-07T13:08:55Z</time>
    </trkpt>
    <trkpt lat="49.091528" lon="22.739934">
      <ele>1281</ele>
      <time>2026-05-07T13:09:09Z</time>
    </trkpt>
    <trkpt lat="49.091602" lon="22.739945">
      <ele>1281</ele>
      <time>2026-05-07T13:09:23Z</time>
    </trkpt>
    <trkpt lat="49.091635" lon="22.739953">
      <ele>1281</ele>
      <time>2026-05-07T13:09:29Z</time>
    </trkpt>
    <trkpt lat="49.091689" lon="22.740057">
      <ele>1283</ele>
      <time>2026-05-07T13:09:46Z</time>
    </trkpt>
    <trkpt lat="49.091733" lon="22.740106">
      <ele>1283</ele>
      <time>2026-05-07T13:09:56Z</time>
    </trkpt>
    <trkpt lat="49.091756" lon="22.740144">
      <ele>1284</ele>
      <time>2026-05-07T13:10:03Z</time>
    </trkpt>
    <trkpt lat="49.091778" lon="22.740191">
      <ele>1285</ele>
      <time>2026-05-07T13:10:10Z</time>
    </trkpt>
    <trkpt lat="49.091808" lon="22.740219">
      <ele>1285</ele>
      <time>2026-05-07T13:10:17Z</time>
    </trkpt>
    <trkpt lat="49.091837" lon="22.740232">
      <ele>1286</ele>
      <time>2026-05-07T13:10:22Z</time>
    </trkpt>
    <trkpt lat="49.091918" lon="22.740339">
      <ele>1288</ele>
      <time>2026-05-07T13:10:43Z</time>
    </trkpt>
    <trkpt lat="49.091973" lon="22.740417">
      <ele>1290</ele>
      <time>2026-05-07T13:10:58Z</time>
    </trkpt>
    <trkpt lat="49.092025" lon="22.740503">
      <ele>1292</ele>
      <time>2026-05-07T13:11:13Z</time>
    </trkpt>
    <trkpt lat="49.092067" lon="22.740543">
      <ele>1294</ele>
      <time>2026-05-07T13:11:22Z</time>
    </trkpt>
    <trkpt lat="49.092152" lon="22.740656">
      <ele>1296</ele>
      <time>2026-05-07T13:11:44Z</time>
    </trkpt>
    <trkpt lat="49.092217" lon="22.740779">
      <ele>1299</ele>
      <time>2026-05-07T13:12:05Z</time>
    </trkpt>
    <trkpt lat="49.092282" lon="22.740884">
      <ele>1303</ele>
      <time>2026-05-07T13:12:24Z</time>
    </trkpt>
    <trkpt lat="49.092326" lon="22.740949">
      <ele>1305</ele>
      <time>2026-05-07T13:12:36Z</time>
    </trkpt>
    <trkpt lat="49.092366" lon="22.741013">
      <ele>1307</ele>
      <time>2026-05-07T13:12:47Z</time>
    </trkpt>
    <trkpt lat="49.092482" lon="22.74094">
      <ele>1311</ele>
      <time>2026-05-07T13:13:12Z</time>
    </trkpt>
    <trkpt lat="49.092581" lon="22.740868">
      <ele>1308</ele>
      <time>2026-05-07T13:13:24Z</time>
    </trkpt>
    <trkpt lat="49.092665" lon="22.740823">
      <ele>1306</ele>
      <time>2026-05-07T13:13:34Z</time>
    </trkpt>
    <trkpt lat="49.09274" lon="22.740789">
      <ele>1304</ele>
      <time>2026-05-07T13:13:43Z</time>
    </trkpt>
    <trkpt lat="49.0928" lon="22.74075">
      <ele>1303</ele>
      <time>2026-05-07T13:13:50Z</time>
    </trkpt>
    <trkpt lat="49.092853" lon="22.740688">
      <ele>1302</ele>
      <time>2026-05-07T13:13:58Z</time>
    </trkpt>
    <trkpt lat="49.092906" lon="22.740618">
      <ele>1301</ele>
      <time>2026-05-07T13:14:06Z</time>
    </trkpt>
    <trkpt lat="49.092959" lon="22.74057">
      <ele>1300</ele>
      <time>2026-05-07T13:14:12Z</time>
    </trkpt>
    <trkpt lat="49.093028" lon="22.740553">
      <ele>1300</ele>
      <time>2026-05-07T13:14:20Z</time>
    </trkpt>
    <trkpt lat="49.093109" lon="22.740488">
      <ele>1299</ele>
      <time>2026-05-07T13:14:30Z</time>
    </trkpt>
    <trkpt lat="49.093191" lon="22.74044">
      <ele>1298</ele>
      <time>2026-05-07T13:14:40Z</time>
    </trkpt>
    <trkpt lat="49.093312" lon="22.740356">
      <ele>1297</ele>
      <time>2026-05-07T13:14:55Z</time>
    </trkpt>
    <trkpt lat="49.093328" lon="22.740347">
      <ele>1297</ele>
      <time>2026-05-07T13:14:56Z</time>
    </trkpt>
    <trkpt lat="49.093384" lon="22.740317">
      <ele>1296</ele>
      <time>2026-05-07T13:15:03Z</time>
    </trkpt>
    <trkpt lat="49.093415" lon="22.7403">
      <ele>1296</ele>
      <time>2026-05-07T13:15:07Z</time>
    </trkpt>
    <trkpt lat="49.093481" lon="22.74022">
      <ele>1295</ele>
      <time>2026-05-07T13:15:16Z</time>
    </trkpt>
    <trkpt lat="49.093554" lon="22.740142">
      <ele>1294</ele>
      <time>2026-05-07T13:15:26Z</time>
    </trkpt>
    <trkpt lat="49.093596" lon="22.740093">
      <ele>1294</ele>
      <time>2026-05-07T13:15:32Z</time>
    </trkpt>
    <trkpt lat="49.093621" lon="22.740064">
      <ele>1293</ele>
      <time>2026-05-07T13:15:35Z</time>
    </trkpt>
    <trkpt lat="49.093659" lon="22.739986">
      <ele>1292</ele>
      <time>2026-05-07T13:15:42Z</time>
    </trkpt>
    <trkpt lat="49.093705" lon="22.739922">
      <ele>1291</ele>
      <time>2026-05-07T13:15:49Z</time>
    </trkpt>
    <trkpt lat="49.093757" lon="22.739883">
      <ele>1289</ele>
      <time>2026-05-07T13:15:56Z</time>
    </trkpt>
    <trkpt lat="49.093798" lon="22.739875">
      <ele>1289</ele>
      <time>2026-05-07T13:16:00Z</time>
    </trkpt>
    <trkpt lat="49.09386" lon="22.739829">
      <ele>1288</ele>
      <time>2026-05-07T13:16:08Z</time>
    </trkpt>
    <trkpt lat="49.0939" lon="22.739788">
      <ele>1288</ele>
      <time>2026-05-07T13:16:13Z</time>
    </trkpt>
    <trkpt lat="49.093932" lon="22.739762">
      <ele>1288</ele>
      <time>2026-05-07T13:16:17Z</time>
    </trkpt>
    <trkpt lat="49.093965" lon="22.739737">
      <ele>1288</ele>
      <time>2026-05-07T13:16:21Z</time>
    </trkpt>
    <trkpt lat="49.093977" lon="22.739686">
      <ele>1287</ele>
      <time>2026-05-07T13:16:25Z</time>
    </trkpt>
    <trkpt lat="49.09401" lon="22.739652">
      <ele>1287</ele>
      <time>2026-05-07T13:16:29Z</time>
    </trkpt>
    <trkpt lat="49.094075" lon="22.739592">
      <ele>1287</ele>
      <time>2026-05-07T13:16:38Z</time>
    </trkpt>
    <trkpt lat="49.094109" lon="22.739571">
      <ele>1287</ele>
      <time>2026-05-07T13:16:42Z</time>
    </trkpt>
    <trkpt lat="49.094166" lon="22.739528">
      <ele>1286</ele>
      <time>2026-05-07T13:16:49Z</time>
    </trkpt>
    <trkpt lat="49.094209" lon="22.739454">
      <ele>1284</ele>
      <time>2026-05-07T13:16:56Z</time>
    </trkpt>
    <trkpt lat="49.094247" lon="22.739419">
      <ele>1283</ele>
      <time>2026-05-07T13:17:01Z</time>
    </trkpt>
    <trkpt lat="49.09429" lon="22.739373">
      <ele>1281</ele>
      <time>2026-05-07T13:17:07Z</time>
    </trkpt>
    <trkpt lat="49.094336" lon="22.739321">
      <ele>1279</ele>
      <time>2026-05-07T13:17:14Z</time>
    </trkpt>
    <trkpt lat="49.094358" lon="22.739298">
      <ele>1278</ele>
      <time>2026-05-07T13:17:17Z</time>
    </trkpt>
    <trkpt lat="49.094376" lon="22.739247">
      <ele>1277</ele>
      <time>2026-05-07T13:17:21Z</time>
    </trkpt>
    <trkpt lat="49.094384" lon="22.739182">
      <ele>1275</ele>
      <time>2026-05-07T13:17:26Z</time>
    </trkpt>
    <trkpt lat="49.094402" lon="22.739108">
      <ele>1274</ele>
      <time>2026-05-07T13:17:32Z</time>
    </trkpt>
    <trkpt lat="49.094413" lon="22.739087">
      <ele>1273</ele>
      <time>2026-05-07T13:17:34Z</time>
    </trkpt>
    <trkpt lat="49.094454" lon="22.739047">
      <ele>1272</ele>
      <time>2026-05-07T13:17:40Z</time>
    </trkpt>
    <trkpt lat="49.094479" lon="22.739015">
      <ele>1271</ele>
      <time>2026-05-07T13:17:43Z</time>
    </trkpt>
    <trkpt lat="49.094506" lon="22.738988">
      <ele>1270</ele>
      <time>2026-05-07T13:17:47Z</time>
    </trkpt>
    <trkpt lat="49.094549" lon="22.738989">
      <ele>1269</ele>
      <time>2026-05-07T13:17:52Z</time>
    </trkpt>
    <trkpt lat="49.094592" lon="22.738948">
      <ele>1267</ele>
      <time>2026-05-07T13:17:58Z</time>
    </trkpt>
    <trkpt lat="49.094642" lon="22.738892">
      <ele>1266</ele>
      <time>2026-05-07T13:18:04Z</time>
    </trkpt>
    <trkpt lat="49.094667" lon="22.738828">
      <ele>1265</ele>
      <time>2026-05-07T13:18:10Z</time>
    </trkpt>
    <trkpt lat="49.094675" lon="22.738743">
      <ele>1263</ele>
      <time>2026-05-07T13:18:16Z</time>
    </trkpt>
    <trkpt lat="49.094716" lon="22.738694">
      <ele>1262</ele>
      <time>2026-05-07T13:18:22Z</time>
    </trkpt>
    <trkpt lat="49.094736" lon="22.738643">
      <ele>1260</ele>
      <time>2026-05-07T13:18:27Z</time>
    </trkpt>
    <trkpt lat="49.094787" lon="22.738551">
      <ele>1258</ele>
      <time>2026-05-07T13:18:36Z</time>
    </trkpt>
    <trkpt lat="49.094819" lon="22.738493">
      <ele>1256</ele>
      <time>2026-05-07T13:18:41Z</time>
    </trkpt>
    <trkpt lat="49.094985" lon="22.73838">
      <ele>1253</ele>
      <time>2026-05-07T13:19:02Z</time>
    </trkpt>
    <trkpt lat="49.09506" lon="22.73833">
      <ele>1251</ele>
      <time>2026-05-07T13:19:11Z</time>
    </trkpt>
    <trkpt lat="49.095096" lon="22.738279">
      <ele>1250</ele>
      <time>2026-05-07T13:19:16Z</time>
    </trkpt>
    <trkpt lat="49.095133" lon="22.738229">
      <ele>1249</ele>
      <time>2026-05-07T13:19:22Z</time>
    </trkpt>
    <trkpt lat="49.095148" lon="22.738151">
      <ele>1248</ele>
      <time>2026-05-07T13:19:28Z</time>
    </trkpt>
    <trkpt lat="49.095173" lon="22.738123">
      <ele>1247</ele>
      <time>2026-05-07T13:19:31Z</time>
    </trkpt>
    <trkpt lat="49.095213" lon="22.738063">
      <ele>1246</ele>
      <time>2026-05-07T13:19:38Z</time>
    </trkpt>
    <trkpt lat="49.09525" lon="22.738031">
      <ele>1245</ele>
      <time>2026-05-07T13:19:42Z</time>
    </trkpt>
    <trkpt lat="49.095286" lon="22.73799">
      <ele>1244</ele>
      <time>2026-05-07T13:19:47Z</time>
    </trkpt>
    <trkpt lat="49.095306" lon="22.737956">
      <ele>1243</ele>
      <time>2026-05-07T13:19:51Z</time>
    </trkpt>
    <trkpt lat="49.095306" lon="22.737931">
      <ele>1242</ele>
      <time>2026-05-07T13:19:53Z</time>
    </trkpt>
    <trkpt lat="49.095327" lon="22.737892">
      <ele>1241</ele>
      <time>2026-05-07T13:19:56Z</time>
    </trkpt>
    <trkpt lat="49.095345" lon="22.737858">
      <ele>1241</ele>
      <time>2026-05-07T13:20:00Z</time>
    </trkpt>
    <trkpt lat="49.095362" lon="22.737848">
      <ele>1240</ele>
      <time>2026-05-07T13:20:02Z</time>
    </trkpt>
    <trkpt lat="49.095394" lon="22.737839">
      <ele>1240</ele>
      <time>2026-05-07T13:20:05Z</time>
    </trkpt>
    <trkpt lat="49.095426" lon="22.737818">
      <ele>1240</ele>
      <time>2026-05-07T13:20:09Z</time>
    </trkpt>
    <trkpt lat="49.095465" lon="22.737787">
      <ele>1239</ele>
      <time>2026-05-07T13:20:14Z</time>
    </trkpt>
    <trkpt lat="49.095489" lon="22.737769">
      <ele>1239</ele>
      <time>2026-05-07T13:20:17Z</time>
    </trkpt>
    <trkpt lat="49.09551" lon="22.737708">
      <ele>1238</ele>
      <time>2026-05-07T13:20:22Z</time>
    </trkpt>
    <trkpt lat="49.095547" lon="22.737677">
      <ele>1237</ele>
      <time>2026-05-07T13:20:27Z</time>
    </trkpt>
    <trkpt lat="49.095575" lon="22.737639">
      <ele>1236</ele>
      <time>2026-05-07T13:20:31Z</time>
    </trkpt>
    <trkpt lat="49.095596" lon="22.737595">
      <ele>1236</ele>
      <time>2026-05-07T13:20:35Z</time>
    </trkpt>
    <trkpt lat="49.095639" lon="22.737559">
      <ele>1235</ele>
      <time>2026-05-07T13:20:40Z</time>
    </trkpt>
    <trkpt lat="49.095668" lon="22.737533">
      <ele>1235</ele>
      <time>2026-05-07T13:20:44Z</time>
    </trkpt>
    <trkpt lat="49.095699" lon="22.737519">
      <ele>1235</ele>
      <time>2026-05-07T13:20:48Z</time>
    </trkpt>
    <trkpt lat="49.095721" lon="22.737497">
      <ele>1235</ele>
      <time>2026-05-07T13:20:50Z</time>
    </trkpt>
    <trkpt lat="49.095747" lon="22.737447">
      <ele>1234</ele>
      <time>2026-05-07T13:20:55Z</time>
    </trkpt>
    <trkpt lat="49.095767" lon="22.737437">
      <ele>1234</ele>
      <time>2026-05-07T13:20:57Z</time>
    </trkpt>
    <trkpt lat="49.095803" lon="22.737408">
      <ele>1233</ele>
      <time>2026-05-07T13:21:02Z</time>
    </trkpt>
    <trkpt lat="49.095845" lon="22.737375">
      <ele>1233</ele>
      <time>2026-05-07T13:21:07Z</time>
    </trkpt>
    <trkpt lat="49.095872" lon="22.737346">
      <ele>1232</ele>
      <time>2026-05-07T13:21:11Z</time>
    </trkpt>
    <trkpt lat="49.095899" lon="22.737333">
      <ele>1231</ele>
      <time>2026-05-07T13:21:14Z</time>
    </trkpt>
    <trkpt lat="49.095921" lon="22.737332">
      <ele>1231</ele>
      <time>2026-05-07T13:21:17Z</time>
    </trkpt>
    <trkpt lat="49.095956" lon="22.737302">
      <ele>1230</ele>
      <time>2026-05-07T13:21:21Z</time>
    </trkpt>
    <trkpt lat="49.09598" lon="22.737272">
      <ele>1229</ele>
      <time>2026-05-07T13:21:24Z</time>
    </trkpt>
    <trkpt lat="49.096027" lon="22.737226">
      <ele>1228</ele>
      <time>2026-05-07T13:21:31Z</time>
    </trkpt>
    <trkpt lat="49.096056" lon="22.737205">
      <ele>1227</ele>
      <time>2026-05-07T13:21:34Z</time>
    </trkpt>
    <trkpt lat="49.096101" lon="22.737175">
      <ele>1226</ele>
      <time>2026-05-07T13:21:40Z</time>
    </trkpt>
    <trkpt lat="49.096135" lon="22.737167">
      <ele>1225</ele>
      <time>2026-05-07T13:21:44Z</time>
    </trkpt>
    <trkpt lat="49.096256" lon="22.737164">
      <ele>1223</ele>
      <time>2026-05-07T13:21:57Z</time>
    </trkpt>
    <trkpt lat="49.09635" lon="22.737145">
      <ele>1221</ele>
      <time>2026-05-07T13:22:08Z</time>
    </trkpt>
    <trkpt lat="49.096612" lon="22.737042">
      <ele>1217</ele>
      <time>2026-05-07T13:22:38Z</time>
    </trkpt>
    <trkpt lat="49.096867" lon="22.736887">
      <ele>1213</ele>
      <time>2026-05-07T13:23:08Z</time>
    </trkpt>
    <trkpt lat="49.097069" lon="22.73664">
      <ele>1211</ele>
      <time>2026-05-07T13:23:37Z</time>
    </trkpt>
    <trkpt lat="49.097354" lon="22.736364">
      <ele>1207</ele>
      <time>2026-05-07T13:24:14Z</time>
    </trkpt>
    <trkpt lat="49.097546" lon="22.736181">
      <ele>1205</ele>
      <time>2026-05-07T13:24:39Z</time>
    </trkpt>
    <trkpt lat="49.097658" lon="22.736096">
      <ele>1204</ele>
      <time>2026-05-07T13:24:53Z</time>
    </trkpt>
    <trkpt lat="49.097699" lon="22.735993">
      <ele>1203</ele>
      <time>2026-05-07T13:25:01Z</time>
    </trkpt>
    <trkpt lat="49.097753" lon="22.73595">
      <ele>1203</ele>
      <time>2026-05-07T13:25:08Z</time>
    </trkpt>
    <trkpt lat="49.097815" lon="22.735908">
      <ele>1202</ele>
      <time>2026-05-07T13:25:16Z</time>
    </trkpt>
    <trkpt lat="49.097989" lon="22.735795">
      <ele>1199</ele>
      <time>2026-05-07T13:25:36Z</time>
    </trkpt>
    <trkpt lat="49.098038" lon="22.735695">
      <ele>1199</ele>
      <time>2026-05-07T13:25:45Z</time>
    </trkpt>
    <trkpt lat="49.098159" lon="22.73559">
      <ele>1201</ele>
      <time>2026-05-07T13:26:01Z</time>
    </trkpt>
    <trkpt lat="49.09824" lon="22.735504">
      <ele>1202</ele>
      <time>2026-05-07T13:26:12Z</time>
    </trkpt>
    <trkpt lat="49.098286" lon="22.735467">
      <ele>1203</ele>
      <time>2026-05-07T13:26:17Z</time>
    </trkpt>
    <trkpt lat="49.098324" lon="22.7354">
      <ele>1204</ele>
      <time>2026-05-07T13:26:24Z</time>
    </trkpt>
    <trkpt lat="49.098379" lon="22.735354">
      <ele>1206</ele>
      <time>2026-05-07T13:26:31Z</time>
    </trkpt>
    <trkpt lat="49.098398" lon="22.735311">
      <ele>1207</ele>
      <time>2026-05-07T13:26:35Z</time>
    </trkpt>
    <trkpt lat="49.098538" lon="22.735113">
      <ele>1210</ele>
      <time>2026-05-07T13:26:56Z</time>
    </trkpt>
    <trkpt lat="49.098608" lon="22.735044">
      <ele>1212</ele>
      <time>2026-05-07T13:27:05Z</time>
    </trkpt>
    <trkpt lat="49.098684" lon="22.734942">
      <ele>1212</ele>
      <time>2026-05-07T13:27:17Z</time>
    </trkpt>
    <trkpt lat="49.098716" lon="22.734917">
      <ele>1212</ele>
      <time>2026-05-07T13:27:20Z</time>
    </trkpt>
    <trkpt lat="49.09888" lon="22.734884">
      <ele>1216</ele>
      <time>2026-05-07T13:27:39Z</time>
    </trkpt>
    <trkpt lat="49.098938" lon="22.734825">
      <ele>1216</ele>
      <time>2026-05-07T13:27:47Z</time>
    </trkpt>
    <trkpt lat="49.098968" lon="22.73482">
      <ele>1217</ele>
      <time>2026-05-07T13:27:50Z</time>
    </trkpt>
    <trkpt lat="49.098995" lon="22.734833">
      <ele>1217</ele>
      <time>2026-05-07T13:27:53Z</time>
    </trkpt>
    <trkpt lat="49.099039" lon="22.734816">
      <ele>1218</ele>
      <time>2026-05-07T13:27:58Z</time>
    </trkpt>
    <trkpt lat="49.0991" lon="22.734813">
      <ele>1219</ele>
      <time>2026-05-07T13:28:05Z</time>
    </trkpt>
    <trkpt lat="49.099163" lon="22.734821">
      <ele>1221</ele>
      <time>2026-05-07T13:28:12Z</time>
    </trkpt>
    <trkpt lat="49.099219" lon="22.73485">
      <ele>1222</ele>
      <time>2026-05-07T13:28:19Z</time>
    </trkpt>
    <trkpt lat="49.099239" lon="22.734842">
      <ele>1222</ele>
      <time>2026-05-07T13:28:21Z</time>
    </trkpt>
    <trkpt lat="49.099315" lon="22.734844">
      <ele>1223</ele>
      <time>2026-05-07T13:28:29Z</time>
    </trkpt>
    <trkpt lat="49.099331" lon="22.734862">
      <ele>1223</ele>
      <time>2026-05-07T13:28:31Z</time>
    </trkpt>
    <trkpt lat="49.099378" lon="22.734871">
      <ele>1223</ele>
      <time>2026-05-07T13:28:37Z</time>
    </trkpt>
    <trkpt lat="49.099443" lon="22.734884">
      <ele>1224</ele>
      <time>2026-05-07T13:28:44Z</time>
    </trkpt>
    <trkpt lat="49.099492" lon="22.734845">
      <ele>1223</ele>
      <time>2026-05-07T13:28:50Z</time>
    </trkpt>
    <trkpt lat="49.099575" lon="22.734756">
      <ele>1221</ele>
      <time>2026-05-07T13:29:01Z</time>
    </trkpt>
    <trkpt lat="49.099621" lon="22.73472">
      <ele>1221</ele>
      <time>2026-05-07T13:29:07Z</time>
    </trkpt>
    <trkpt lat="49.09965" lon="22.734676">
      <ele>1220</ele>
      <time>2026-05-07T13:29:12Z</time>
    </trkpt>
    <trkpt lat="49.09966" lon="22.734643">
      <ele>1220</ele>
      <time>2026-05-07T13:29:14Z</time>
    </trkpt>
    <trkpt lat="49.099686" lon="22.7346">
      <ele>1219</ele>
      <time>2026-05-07T13:29:18Z</time>
    </trkpt>
    <trkpt lat="49.099751" lon="22.734535">
      <ele>1219</ele>
      <time>2026-05-07T13:29:27Z</time>
    </trkpt>
    <trkpt lat="49.099793" lon="22.734471">
      <ele>1218</ele>
      <time>2026-05-07T13:29:34Z</time>
    </trkpt>
    <trkpt lat="49.099819" lon="22.734444">
      <ele>1217</ele>
      <time>2026-05-07T13:29:37Z</time>
    </trkpt>
    <trkpt lat="49.099867" lon="22.734396">
      <ele>1216</ele>
      <time>2026-05-07T13:29:43Z</time>
    </trkpt>
    <trkpt lat="49.099897" lon="22.734354">
      <ele>1216</ele>
      <time>2026-05-07T13:29:48Z</time>
    </trkpt>
    <trkpt lat="49.099922" lon="22.734302">
      <ele>1215</ele>
      <time>2026-05-07T13:29:53Z</time>
    </trkpt>
    <trkpt lat="49.099981" lon="22.73423">
      <ele>1214</ele>
      <time>2026-05-07T13:30:01Z</time>
    </trkpt>
    <trkpt lat="49.100049" lon="22.734161">
      <ele>1213</ele>
      <time>2026-05-07T13:30:10Z</time>
    </trkpt>
    <trkpt lat="49.100123" lon="22.734014">
      <ele>1211</ele>
      <time>2026-05-07T13:30:24Z</time>
    </trkpt>
    <trkpt lat="49.100176" lon="22.7339">
      <ele>1210</ele>
      <time>2026-05-07T13:30:34Z</time>
    </trkpt>
    <trkpt lat="49.100204" lon="22.733813">
      <ele>1209</ele>
      <time>2026-05-07T13:30:41Z</time>
    </trkpt>
    <trkpt lat="49.100239" lon="22.733753">
      <ele>1209</ele>
      <time>2026-05-07T13:30:46Z</time>
    </trkpt>
    <trkpt lat="49.100316" lon="22.733695">
      <ele>1208</ele>
      <time>2026-05-07T13:30:56Z</time>
    </trkpt>
    <trkpt lat="49.100401" lon="22.733615">
      <ele>1207</ele>
      <time>2026-05-07T13:31:07Z</time>
    </trkpt>
    <trkpt lat="49.100449" lon="22.733543">
      <ele>1206</ele>
      <time>2026-05-07T13:31:14Z</time>
    </trkpt>
    <trkpt lat="49.100495" lon="22.73346">
      <ele>1205</ele>
      <time>2026-05-07T13:31:22Z</time>
    </trkpt>
    <trkpt lat="49.100544" lon="22.733408">
      <ele>1205</ele>
      <time>2026-05-07T13:31:29Z</time>
    </trkpt>
    <trkpt lat="49.100617" lon="22.733303">
      <ele>1202</ele>
      <time>2026-05-07T13:31:40Z</time>
    </trkpt>
    <trkpt lat="49.100647" lon="22.733245">
      <ele>1201</ele>
      <time>2026-05-07T13:31:46Z</time>
    </trkpt>
    <trkpt lat="49.100691" lon="22.733118">
      <ele>1199</ele>
      <time>2026-05-07T13:31:56Z</time>
    </trkpt>
    <trkpt lat="49.100733" lon="22.733049">
      <ele>1198</ele>
      <time>2026-05-07T13:32:03Z</time>
    </trkpt>
    <trkpt lat="49.100751" lon="22.732993">
      <ele>1198</ele>
      <time>2026-05-07T13:32:07Z</time>
    </trkpt>
    <trkpt lat="49.100799" lon="22.732918">
      <ele>1197</ele>
      <time>2026-05-07T13:32:15Z</time>
    </trkpt>
    <trkpt lat="49.100838" lon="22.732823">
      <ele>1196</ele>
      <time>2026-05-07T13:32:23Z</time>
    </trkpt>
    <trkpt lat="49.100849" lon="22.732754">
      <ele>1196</ele>
      <time>2026-05-07T13:32:28Z</time>
    </trkpt>
    <trkpt lat="49.100894" lon="22.732659">
      <ele>1195</ele>
      <time>2026-05-07T13:32:37Z</time>
    </trkpt>
    <trkpt lat="49.100945" lon="22.732518">
      <ele>1193</ele>
      <time>2026-05-07T13:32:48Z</time>
    </trkpt>
    <trkpt lat="49.10097" lon="22.732431">
      <ele>1192</ele>
      <time>2026-05-07T13:32:55Z</time>
    </trkpt>
    <trkpt lat="49.100989" lon="22.732352">
      <ele>1191</ele>
      <time>2026-05-07T13:33:01Z</time>
    </trkpt>
    <trkpt lat="49.101005" lon="22.732312">
      <ele>1191</ele>
      <time>2026-05-07T13:33:05Z</time>
    </trkpt>
    <trkpt lat="49.101039" lon="22.73225">
      <ele>1190</ele>
      <time>2026-05-07T13:33:11Z</time>
    </trkpt>
    <trkpt lat="49.101057" lon="22.732199">
      <ele>1190</ele>
      <time>2026-05-07T13:33:15Z</time>
    </trkpt>
    <trkpt lat="49.101068" lon="22.732178">
      <ele>1190</ele>
      <time>2026-05-07T13:33:17Z</time>
    </trkpt>
    <trkpt lat="49.101117" lon="22.732063">
      <ele>1189</ele>
      <time>2026-05-07T13:33:27Z</time>
    </trkpt>
    <trkpt lat="49.10114" lon="22.732038">
      <ele>1189</ele>
      <time>2026-05-07T13:33:30Z</time>
    </trkpt>
    <trkpt lat="49.101177" lon="22.731956">
      <ele>1189</ele>
      <time>2026-05-07T13:33:37Z</time>
    </trkpt>
    <trkpt lat="49.101229" lon="22.731878">
      <ele>1188</ele>
      <time>2026-05-07T13:33:45Z</time>
    </trkpt>
    <trkpt lat="49.101273" lon="22.731788">
      <ele>1188</ele>
      <time>2026-05-07T13:33:53Z</time>
    </trkpt>
    <trkpt lat="49.101326" lon="22.731656">
      <ele>1188</ele>
      <time>2026-05-07T13:34:04Z</time>
    </trkpt>
    <trkpt lat="49.101333" lon="22.731633">
      <ele>1187</ele>
      <time>2026-05-07T13:34:06Z</time>
    </trkpt>
    <trkpt lat="49.101343" lon="22.731586">
      <ele>1187</ele>
      <time>2026-05-07T13:34:10Z</time>
    </trkpt>
    <trkpt lat="49.101408" lon="22.73155">
      <ele>1188</ele>
      <time>2026-05-07T13:34:17Z</time>
    </trkpt>
    <trkpt lat="49.101472" lon="22.731487">
      <ele>1187</ele>
      <time>2026-05-07T13:34:25Z</time>
    </trkpt>
    <trkpt lat="49.101531" lon="22.731388">
      <ele>1188</ele>
      <time>2026-05-07T13:34:35Z</time>
    </trkpt>
    <trkpt lat="49.101588" lon="22.731304">
      <ele>1187</ele>
      <time>2026-05-07T13:34:44Z</time>
    </trkpt>
    <trkpt lat="49.101637" lon="22.731208">
      <ele>1188</ele>
      <time>2026-05-07T13:34:53Z</time>
    </trkpt>
    <trkpt lat="49.10169" lon="22.731158">
      <ele>1188</ele>
      <time>2026-05-07T13:34:59Z</time>
    </trkpt>
    <trkpt lat="49.101694" lon="22.731114">
      <ele>1188</ele>
      <time>2026-05-07T13:35:03Z</time>
    </trkpt>
    <trkpt lat="49.101716" lon="22.731062">
      <ele>1187</ele>
      <time>2026-05-07T13:35:07Z</time>
    </trkpt>
    <trkpt lat="49.101766" lon="22.730973">
      <ele>1187</ele>
      <time>2026-05-07T13:35:16Z</time>
    </trkpt>
    <trkpt lat="49.101829" lon="22.730886">
      <ele>1186</ele>
      <time>2026-05-07T13:35:25Z</time>
    </trkpt>
    <trkpt lat="49.101867" lon="22.730871">
      <ele>1186</ele>
      <time>2026-05-07T13:35:29Z</time>
    </trkpt>
    <trkpt lat="49.101942" lon="22.730739">
      <ele>1186</ele>
      <time>2026-05-07T13:35:42Z</time>
    </trkpt>
    <trkpt lat="49.101948" lon="22.73071">
      <ele>1186</ele>
      <time>2026-05-07T13:35:44Z</time>
    </trkpt>
    <trkpt lat="49.101994" lon="22.730642">
      <ele>1186</ele>
      <time>2026-05-07T13:35:51Z</time>
    </trkpt>
    <trkpt lat="49.102027" lon="22.730557">
      <ele>1185</ele>
      <time>2026-05-07T13:35:58Z</time>
    </trkpt>
    <trkpt lat="49.102088" lon="22.730463">
      <ele>1185</ele>
      <time>2026-05-07T13:36:08Z</time>
    </trkpt>
    <trkpt lat="49.102124" lon="22.730377">
      <ele>1185</ele>
      <time>2026-05-07T13:36:15Z</time>
    </trkpt>
    <trkpt lat="49.102151" lon="22.730332">
      <ele>1185</ele>
      <time>2026-05-07T13:36:19Z</time>
    </trkpt>
    <trkpt lat="49.102176" lon="22.730315">
      <ele>1185</ele>
      <time>2026-05-07T13:36:22Z</time>
    </trkpt>
    <trkpt lat="49.102207" lon="22.73027">
      <ele>1185</ele>
      <time>2026-05-07T13:36:27Z</time>
    </trkpt>
    <trkpt lat="49.102298" lon="22.730182">
      <ele>1184</ele>
      <time>2026-05-07T13:36:39Z</time>
    </trkpt>
    <trkpt lat="49.102336" lon="22.730109">
      <ele>1183</ele>
      <time>2026-05-07T13:36:46Z</time>
    </trkpt>
    <trkpt lat="49.102391" lon="22.730018">
      <ele>1183</ele>
      <time>2026-05-07T13:36:55Z</time>
    </trkpt>
    <trkpt lat="49.102429" lon="22.729964">
      <ele>1183</ele>
      <time>2026-05-07T13:37:00Z</time>
    </trkpt>
    <trkpt lat="49.102452" lon="22.729891">
      <ele>1183</ele>
      <time>2026-05-07T13:37:06Z</time>
    </trkpt>
    <trkpt lat="49.102501" lon="22.72983">
      <ele>1183</ele>
      <time>2026-05-07T13:37:13Z</time>
    </trkpt>
    <trkpt lat="49.102562" lon="22.729787">
      <ele>1183</ele>
      <time>2026-05-07T13:37:21Z</time>
    </trkpt>
    <trkpt lat="49.102574" lon="22.729751">
      <ele>1182</ele>
      <time>2026-05-07T13:37:23Z</time>
    </trkpt>
    <trkpt lat="49.102595" lon="22.729718">
      <ele>1182</ele>
      <time>2026-05-07T13:37:27Z</time>
    </trkpt>
    <trkpt lat="49.102606" lon="22.729671">
      <ele>1182</ele>
      <time>2026-05-07T13:37:30Z</time>
    </trkpt>
    <trkpt lat="49.102623" lon="22.729654">
      <ele>1182</ele>
      <time>2026-05-07T13:37:33Z</time>
    </trkpt>
    <trkpt lat="49.102635" lon="22.729614">
      <ele>1182</ele>
      <time>2026-05-07T13:37:36Z</time>
    </trkpt>
    <trkpt lat="49.102676" lon="22.729598">
      <ele>1182</ele>
      <time>2026-05-07T13:37:40Z</time>
    </trkpt>
    <trkpt lat="49.102716" lon="22.729592">
      <ele>1182</ele>
      <time>2026-05-07T13:37:45Z</time>
    </trkpt>
    <trkpt lat="49.102734" lon="22.72958">
      <ele>1182</ele>
      <time>2026-05-07T13:37:47Z</time>
    </trkpt>
    <trkpt lat="49.102802" lon="22.72951">
      <ele>1183</ele>
      <time>2026-05-07T13:37:56Z</time>
    </trkpt>
    <trkpt lat="49.102823" lon="22.729473">
      <ele>1183</ele>
      <time>2026-05-07T13:38:00Z</time>
    </trkpt>
    <trkpt lat="49.102847" lon="22.729448">
      <ele>1183</ele>
      <time>2026-05-07T13:38:03Z</time>
    </trkpt>
    <trkpt lat="49.102914" lon="22.729316">
      <ele>1184</ele>
      <time>2026-05-07T13:38:15Z</time>
    </trkpt>
    <trkpt lat="49.102938" lon="22.729301">
      <ele>1185</ele>
      <time>2026-05-07T13:38:18Z</time>
    </trkpt>
    <trkpt lat="49.102982" lon="22.729216">
      <ele>1186</ele>
      <time>2026-05-07T13:38:25Z</time>
    </trkpt>
    <trkpt lat="49.10304" lon="22.729138">
      <ele>1187</ele>
      <time>2026-05-07T13:38:34Z</time>
    </trkpt>
    <trkpt lat="49.103099" lon="22.729083">
      <ele>1187</ele>
      <time>2026-05-07T13:38:42Z</time>
    </trkpt>
    <trkpt lat="49.103135" lon="22.728992">
      <ele>1188</ele>
      <time>2026-05-07T13:38:49Z</time>
    </trkpt>
    <trkpt lat="49.10322" lon="22.72888">
      <ele>1189</ele>
      <time>2026-05-07T13:39:02Z</time>
    </trkpt>
    <trkpt lat="49.103244" lon="22.728841">
      <ele>1189</ele>
      <time>2026-05-07T13:39:06Z</time>
    </trkpt>
    <trkpt lat="49.103272" lon="22.728814">
      <ele>1189</ele>
      <time>2026-05-07T13:39:09Z</time>
    </trkpt>
    <trkpt lat="49.103404" lon="22.72865">
      <ele>1191</ele>
      <time>2026-05-07T13:39:28Z</time>
    </trkpt>
    <trkpt lat="49.103495" lon="22.728514">
      <ele>1192</ele>
      <time>2026-05-07T13:39:42Z</time>
    </trkpt>
    <trkpt lat="49.103606" lon="22.728431">
      <ele>1193</ele>
      <time>2026-05-07T13:39:56Z</time>
    </trkpt>
    <trkpt lat="49.103641" lon="22.728358">
      <ele>1193</ele>
      <time>2026-05-07T13:40:02Z</time>
    </trkpt>
    <trkpt lat="49.103713" lon="22.728272">
      <ele>1193</ele>
      <time>2026-05-07T13:40:12Z</time>
    </trkpt>
    <trkpt lat="49.103806" lon="22.728186">
      <ele>1194</ele>
      <time>2026-05-07T13:40:24Z</time>
    </trkpt>
    <trkpt lat="49.103897" lon="22.728065">
      <ele>1193</ele>
      <time>2026-05-07T13:40:37Z</time>
    </trkpt>
    <trkpt lat="49.103913" lon="22.728027">
      <ele>1193</ele>
      <time>2026-05-07T13:40:41Z</time>
    </trkpt>
    <trkpt lat="49.103946" lon="22.72799">
      <ele>1193</ele>
      <time>2026-05-07T13:40:45Z</time>
    </trkpt>
    <trkpt lat="49.10397" lon="22.727934">
      <ele>1193</ele>
      <time>2026-05-07T13:40:50Z</time>
    </trkpt>
    <trkpt lat="49.104001" lon="22.72788">
      <ele>1193</ele>
      <time>2026-05-07T13:40:55Z</time>
    </trkpt>
    <trkpt lat="49.104098" lon="22.727773">
      <ele>1194</ele>
      <time>2026-05-07T13:41:08Z</time>
    </trkpt>
    <trkpt lat="49.104123" lon="22.727734">
      <ele>1194</ele>
      <time>2026-05-07T13:41:12Z</time>
    </trkpt>
    <trkpt lat="49.10414" lon="22.727647">
      <ele>1194</ele>
      <time>2026-05-07T13:41:19Z</time>
    </trkpt>
    <trkpt lat="49.104175" lon="22.727608">
      <ele>1195</ele>
      <time>2026-05-07T13:41:23Z</time>
    </trkpt>
    <trkpt lat="49.10422" lon="22.727591">
      <ele>1194</ele>
      <time>2026-05-07T13:41:29Z</time>
    </trkpt>
    <trkpt lat="49.104281" lon="22.727509">
      <ele>1194</ele>
      <time>2026-05-07T13:41:37Z</time>
    </trkpt>
    <trkpt lat="49.104348" lon="22.727474">
      <ele>1193</ele>
      <time>2026-05-07T13:41:45Z</time>
    </trkpt>
    <trkpt lat="49.104364" lon="22.727394">
      <ele>1193</ele>
      <time>2026-05-07T13:41:51Z</time>
    </trkpt>
    <trkpt lat="49.104419" lon="22.727303">
      <ele>1194</ele>
      <time>2026-05-07T13:42:00Z</time>
    </trkpt>
    <trkpt lat="49.104456" lon="22.727264">
      <ele>1194</ele>
      <time>2026-05-07T13:42:05Z</time>
    </trkpt>
    <trkpt lat="49.1045" lon="22.727122">
      <ele>1193</ele>
      <time>2026-05-07T13:42:16Z</time>
    </trkpt>
    <trkpt lat="49.10457" lon="22.727061">
      <ele>1193</ele>
      <time>2026-05-07T13:42:25Z</time>
    </trkpt>
    <trkpt lat="49.104647" lon="22.726918">
      <ele>1193</ele>
      <time>2026-05-07T13:42:39Z</time>
    </trkpt>
    <trkpt lat="49.104791" lon="22.72662">
      <ele>1192</ele>
      <time>2026-05-07T13:43:05Z</time>
    </trkpt>
    <trkpt lat="49.104934" lon="22.726301">
      <ele>1192</ele>
      <time>2026-05-07T13:43:33Z</time>
    </trkpt>
    <trkpt lat="49.104964" lon="22.726253">
      <ele>1192</ele>
      <time>2026-05-07T13:43:38Z</time>
    </trkpt>
    <trkpt lat="49.105004" lon="22.726218">
      <ele>1192</ele>
      <time>2026-05-07T13:43:43Z</time>
    </trkpt>
    <trkpt lat="49.105179" lon="22.725829">
      <ele>1195</ele>
      <time>2026-05-07T13:44:17Z</time>
    </trkpt>
    <trkpt lat="49.105222" lon="22.725779">
      <ele>1195</ele>
      <time>2026-05-07T13:44:23Z</time>
    </trkpt>
    <trkpt lat="49.10544" lon="22.725371">
      <ele>1194</ele>
      <time>2026-05-07T13:45:01Z</time>
    </trkpt>
    <trkpt lat="49.105569" lon="22.725233">
      <ele>1194</ele>
      <time>2026-05-07T13:45:18Z</time>
    </trkpt>
    <trkpt lat="49.105601" lon="22.725196">
      <ele>1193</ele>
      <time>2026-05-07T13:45:23Z</time>
    </trkpt>
    <trkpt lat="49.105626" lon="22.725119">
      <ele>1193</ele>
      <time>2026-05-07T13:45:29Z</time>
    </trkpt>
    <trkpt lat="49.10572" lon="22.724962">
      <ele>1192</ele>
      <time>2026-05-07T13:45:44Z</time>
    </trkpt>
    <trkpt lat="49.105827" lon="22.724817">
      <ele>1192</ele>
      <time>2026-05-07T13:46:00Z</time>
    </trkpt>
    <trkpt lat="49.105963" lon="22.724616">
      <ele>1191</ele>
      <time>2026-05-07T13:46:21Z</time>
    </trkpt>
    <trkpt lat="49.106045" lon="22.724469">
      <ele>1191</ele>
      <time>2026-05-07T13:46:34Z</time>
    </trkpt>
    <trkpt lat="49.106141" lon="22.724336">
      <ele>1191</ele>
      <time>2026-05-07T13:46:49Z</time>
    </trkpt>
    <trkpt lat="49.10629" lon="22.724187">
      <ele>1191</ele>
      <time>2026-05-07T13:47:08Z</time>
    </trkpt>
    <trkpt lat="49.106412" lon="22.724104">
      <ele>1190</ele>
      <time>2026-05-07T13:47:23Z</time>
    </trkpt>
    <trkpt lat="49.106534" lon="22.724002">
      <ele>1187</ele>
      <time>2026-05-07T13:47:38Z</time>
    </trkpt>
    <trkpt lat="49.106589" lon="22.723924">
      <ele>1186</ele>
      <time>2026-05-07T13:47:47Z</time>
    </trkpt>
    <trkpt lat="49.106725" lon="22.723804">
      <ele>1183</ele>
      <time>2026-05-07T13:48:04Z</time>
    </trkpt>
    <trkpt lat="49.106896" lon="22.723684">
      <ele>1179</ele>
      <time>2026-05-07T13:48:25Z</time>
    </trkpt>
    <trkpt lat="49.10693" lon="22.723605">
      <ele>1178</ele>
      <time>2026-05-07T13:48:32Z</time>
    </trkpt>
    <trkpt lat="49.10702" lon="22.723516">
      <ele>1177</ele>
      <time>2026-05-07T13:48:44Z</time>
    </trkpt>
    <trkpt lat="49.107106" lon="22.72348">
      <ele>1176</ele>
      <time>2026-05-07T13:48:54Z</time>
    </trkpt>
    <trkpt lat="49.10725" lon="22.723393">
      <ele>1174</ele>
      <time>2026-05-07T13:49:11Z</time>
    </trkpt>
    <trkpt lat="49.107314" lon="22.723316">
      <ele>1173</ele>
      <time>2026-05-07T13:49:20Z</time>
    </trkpt>
    <trkpt lat="49.10735" lon="22.723303">
      <ele>1173</ele>
      <time>2026-05-07T13:49:24Z</time>
    </trkpt>
    <trkpt lat="49.107446" lon="22.723221">
      <ele>1172</ele>
      <time>2026-05-07T13:49:36Z</time>
    </trkpt>
    <trkpt lat="49.107627" lon="22.723057">
      <ele>1169</ele>
      <time>2026-05-07T13:49:59Z</time>
    </trkpt>
    <trkpt lat="49.107819" lon="22.722862">
      <ele>1166</ele>
      <time>2026-05-07T13:50:25Z</time>
    </trkpt>
    <trkpt lat="49.107892" lon="22.722804">
      <ele>1166</ele>
      <time>2026-05-07T13:50:34Z</time>
    </trkpt>
    <trkpt lat="49.107967" lon="22.72276">
      <ele>1166</ele>
      <time>2026-05-07T13:50:43Z</time>
    </trkpt>
    <trkpt lat="49.108087" lon="22.722708">
      <ele>1165</ele>
      <time>2026-05-07T13:50:57Z</time>
    </trkpt>
    <trkpt lat="49.108265" lon="22.722587">
      <ele>1162</ele>
      <time>2026-05-07T13:51:18Z</time>
    </trkpt>
    <trkpt lat="49.108304" lon="22.722554">
      <ele>1162</ele>
      <time>2026-05-07T13:51:23Z</time>
    </trkpt>
    <trkpt lat="49.10842" lon="22.722511">
      <ele>1161</ele>
      <time>2026-05-07T13:51:36Z</time>
    </trkpt>
    <trkpt lat="49.108465" lon="22.722456">
      <ele>1160</ele>
      <time>2026-05-07T13:51:43Z</time>
    </trkpt>
    <trkpt lat="49.108615" lon="22.722378">
      <ele>1157</ele>
      <time>2026-05-07T13:52:00Z</time>
    </trkpt>
    <trkpt lat="49.108712" lon="22.72231">
      <ele>1154</ele>
      <time>2026-05-07T13:52:12Z</time>
    </trkpt>
    <trkpt lat="49.108809" lon="22.722288">
      <ele>1154</ele>
      <time>2026-05-07T13:52:23Z</time>
    </trkpt>
    <trkpt lat="49.109088" lon="22.722139">
      <ele>1158</ele>
      <time>2026-05-07T13:52:56Z</time>
    </trkpt>
    <trkpt lat="49.109204" lon="22.722048">
      <ele>1160</ele>
      <time>2026-05-07T13:53:10Z</time>
    </trkpt>
    <trkpt lat="49.109214" lon="22.722027">
      <ele>1160</ele>
      <time>2026-05-07T13:53:12Z</time>
    </trkpt>
    <trkpt lat="49.109325" lon="22.722158">
      <ele>1157</ele>
      <time>2026-05-07T13:53:25Z</time>
    </trkpt>
    <trkpt lat="49.10938" lon="22.722241">
      <ele>1155</ele>
      <time>2026-05-07T13:53:33Z</time>
    </trkpt>
    <trkpt lat="49.109455" lon="22.722369">
      <ele>1151</ele>
      <time>2026-05-07T13:53:43Z</time>
    </trkpt>
    <trkpt lat="49.10949" lon="22.722382">
      <ele>1150</ele>
      <time>2026-05-07T13:53:47Z</time>
    </trkpt>
    <trkpt lat="49.10953" lon="22.72244">
      <ele>1148</ele>
      <time>2026-05-07T13:53:52Z</time>
    </trkpt>
    <trkpt lat="49.109594" lon="22.722474">
      <ele>1146</ele>
      <time>2026-05-07T13:53:59Z</time>
    </trkpt>
    <trkpt lat="49.109621" lon="22.722501">
      <ele>1145</ele>
      <time>2026-05-07T13:54:02Z</time>
    </trkpt>
    <trkpt lat="49.109773" lon="22.722728">
      <ele>1142</ele>
      <time>2026-05-07T13:54:22Z</time>
    </trkpt>
    <trkpt lat="49.109852" lon="22.722833">
      <ele>1141</ele>
      <time>2026-05-07T13:54:32Z</time>
    </trkpt>
    <trkpt lat="49.109883" lon="22.722896">
      <ele>1140</ele>
      <time>2026-05-07T13:54:36Z</time>
    </trkpt>
    <trkpt lat="49.110007" lon="22.723028">
      <ele>1138</ele>
      <time>2026-05-07T13:54:51Z</time>
    </trkpt>
    <trkpt lat="49.110081" lon="22.723084">
      <ele>1137</ele>
      <time>2026-05-07T13:54:58Z</time>
    </trkpt>
    <trkpt lat="49.110156" lon="22.723178">
      <ele>1135</ele>
      <time>2026-05-07T13:55:07Z</time>
    </trkpt>
    <trkpt lat="49.110223" lon="22.723245">
      <ele>1134</ele>
      <time>2026-05-07T13:55:15Z</time>
    </trkpt>
    <trkpt lat="49.110276" lon="22.723326">
      <ele>1133</ele>
      <time>2026-05-07T13:55:22Z</time>
    </trkpt>
    <trkpt lat="49.11034" lon="22.723421">
      <ele>1133</ele>
      <time>2026-05-07T13:55:30Z</time>
    </trkpt>
    <trkpt lat="49.110308" lon="22.723601">
      <ele>1132</ele>
      <time>2026-05-07T13:55:41Z</time>
    </trkpt>
    <trkpt lat="49.110281" lon="22.723742">
      <ele>1131</ele>
      <time>2026-05-07T13:55:50Z</time>
    </trkpt>
    <trkpt lat="49.110254" lon="22.723831">
      <ele>1130</ele>
      <time>2026-05-07T13:55:56Z</time>
    </trkpt>
    <trkpt lat="49.110255" lon="22.723932">
      <ele>1130</ele>
      <time>2026-05-07T13:56:03Z</time>
    </trkpt>
    <trkpt lat="49.110225" lon="22.724019">
      <ele>1129</ele>
      <time>2026-05-07T13:56:09Z</time>
    </trkpt>
    <trkpt lat="49.110189" lon="22.724082">
      <ele>1128</ele>
      <time>2026-05-07T13:56:14Z</time>
    </trkpt>
    <trkpt lat="49.110171" lon="22.724143">
      <ele>1128</ele>
      <time>2026-05-07T13:56:18Z</time>
    </trkpt>
    <trkpt lat="49.11017" lon="22.724235">
      <ele>1127</ele>
      <time>2026-05-07T13:56:23Z</time>
    </trkpt>
    <trkpt lat="49.110207" lon="22.724482">
      <ele>1125</ele>
      <time>2026-05-07T13:56:39Z</time>
    </trkpt>
    <trkpt lat="49.110251" lon="22.724653">
      <ele>1123</ele>
      <time>2026-05-07T13:56:50Z</time>
    </trkpt>
    <trkpt lat="49.110304" lon="22.724746">
      <ele>1121</ele>
      <time>2026-05-07T13:56:58Z</time>
    </trkpt>
    <trkpt lat="49.11032" lon="22.724803">
      <ele>1121</ele>
      <time>2026-05-07T13:57:02Z</time>
    </trkpt>
    <trkpt lat="49.110339" lon="22.724883">
      <ele>1119</ele>
      <time>2026-05-07T13:57:07Z</time>
    </trkpt>
    <trkpt lat="49.110353" lon="22.72492">
      <ele>1118</ele>
      <time>2026-05-07T13:57:09Z</time>
    </trkpt>
    <trkpt lat="49.110376" lon="22.72496">
      <ele>1118</ele>
      <time>2026-05-07T13:57:13Z</time>
    </trkpt>
    <trkpt lat="49.110399" lon="22.72498">
      <ele>1117</ele>
      <time>2026-05-07T13:57:15Z</time>
    </trkpt>
    <trkpt lat="49.110461" lon="22.725054">
      <ele>1115</ele>
      <time>2026-05-07T13:57:23Z</time>
    </trkpt>
    <trkpt lat="49.110524" lon="22.725064">
      <ele>1114</ele>
      <time>2026-05-07T13:57:29Z</time>
    </trkpt>
    <trkpt lat="49.110586" lon="22.725097">
      <ele>1112</ele>
      <time>2026-05-07T13:57:35Z</time>
    </trkpt>
    <trkpt lat="49.110652" lon="22.725111">
      <ele>1111</ele>
      <time>2026-05-07T13:57:41Z</time>
    </trkpt>
    <trkpt lat="49.110716" lon="22.725146">
      <ele>1109</ele>
      <time>2026-05-07T13:57:48Z</time>
    </trkpt>
    <trkpt lat="49.11077" lon="22.725196">
      <ele>1107</ele>
      <time>2026-05-07T13:57:54Z</time>
    </trkpt>
    <trkpt lat="49.110808" lon="22.725209">
      <ele>1106</ele>
      <time>2026-05-07T13:57:58Z</time>
    </trkpt>
    <trkpt lat="49.110871" lon="22.725224">
      <ele>1105</ele>
      <time>2026-05-07T13:58:04Z</time>
    </trkpt>
    <trkpt lat="49.110919" lon="22.725272">
      <ele>1102</ele>
      <time>2026-05-07T13:58:09Z</time>
    </trkpt>
    <trkpt lat="49.11097" lon="22.725365">
      <ele>1100</ele>
      <time>2026-05-07T13:58:17Z</time>
    </trkpt>
    <trkpt lat="49.11102" lon="22.725365">
      <ele>1098</ele>
      <time>2026-05-07T13:58:22Z</time>
    </trkpt>
    <trkpt lat="49.111075" lon="22.725477">
      <ele>1095</ele>
      <time>2026-05-07T13:58:31Z</time>
    </trkpt>
    <trkpt lat="49.111188" lon="22.725596">
      <ele>1090</ele>
      <time>2026-05-07T13:58:44Z</time>
    </trkpt>
    <trkpt lat="49.111306" lon="22.725709">
      <ele>1085</ele>
      <time>2026-05-07T13:58:58Z</time>
    </trkpt>
    <trkpt lat="49.111574" lon="22.72592">
      <ele>1077</ele>
      <time>2026-05-07T13:59:26Z</time>
    </trkpt>
    <trkpt lat="49.11172" lon="22.726084">
      <ele>1072</ele>
      <time>2026-05-07T13:59:44Z</time>
    </trkpt>
    <trkpt lat="49.111966" lon="22.726194">
      <ele>1066</ele>
      <time>2026-05-07T14:00:08Z</time>
    </trkpt>
    <trkpt lat="49.112248" lon="22.726174">
      <ele>1060</ele>
      <time>2026-05-07T14:00:35Z</time>
    </trkpt>
    <trkpt lat="49.112519" lon="22.726177">
      <ele>1053</ele>
      <time>2026-05-07T14:01:00Z</time>
    </trkpt>
    <trkpt lat="49.112831" lon="22.726121">
      <ele>1048</ele>
      <time>2026-05-07T14:01:30Z</time>
    </trkpt>
    <trkpt lat="49.113154" lon="22.726103">
      <ele>1043</ele>
      <time>2026-05-07T14:02:00Z</time>
    </trkpt>
    <trkpt lat="49.113322" lon="22.72612">
      <ele>1040</ele>
      <time>2026-05-07T14:02:16Z</time>
    </trkpt>
    <trkpt lat="49.113589" lon="22.726133">
      <ele>1034</ele>
      <time>2026-05-07T14:02:41Z</time>
    </trkpt>
    <trkpt lat="49.113835" lon="22.726264">
      <ele>1027</ele>
      <time>2026-05-07T14:03:06Z</time>
    </trkpt>
    <trkpt lat="49.114062" lon="22.72632">
      <ele>1021</ele>
      <time>2026-05-07T14:03:28Z</time>
    </trkpt>
    <trkpt lat="49.114271" lon="22.726222">
      <ele>1017</ele>
      <time>2026-05-07T14:03:48Z</time>
    </trkpt>
    <trkpt lat="49.114481" lon="22.72633">
      <ele>1012</ele>
      <time>2026-05-07T14:04:09Z</time>
    </trkpt>
    <trkpt lat="49.114833" lon="22.726438">
      <ele>1006</ele>
      <time>2026-05-07T14:04:43Z</time>
    </trkpt>
    <trkpt lat="49.115074" lon="22.726479">
      <ele>1005</ele>
      <time>2026-05-07T14:05:06Z</time>
    </trkpt>
    <trkpt lat="49.115321" lon="22.726646">
      <ele>1004</ele>
      <time>2026-05-07T14:05:31Z</time>
    </trkpt>
    <trkpt lat="49.115512" lon="22.726749">
      <ele>1002</ele>
      <time>2026-05-07T14:05:50Z</time>
    </trkpt>
    <trkpt lat="49.115683" lon="22.7268">
      <ele>999</ele>
      <time>2026-05-07T14:06:06Z</time>
    </trkpt>
    <trkpt lat="49.116042" lon="22.726945">
      <ele>996</ele>
      <time>2026-05-07T14:06:40Z</time>
    </trkpt>
    <trkpt lat="49.116181" lon="22.72699">
      <ele>995</ele>
      <time>2026-05-07T14:06:54Z</time>
    </trkpt>
    <trkpt lat="49.116454" lon="22.727062">
      <ele>992</ele>
      <time>2026-05-07T14:07:19Z</time>
    </trkpt>
    <trkpt lat="49.116576" lon="22.727138">
      <ele>990</ele>
      <time>2026-05-07T14:07:32Z</time>
    </trkpt>
    <trkpt lat="49.116736" lon="22.727266">
      <ele>988</ele>
      <time>2026-05-07T14:07:49Z</time>
    </trkpt>
    <trkpt lat="49.116864" lon="22.727456">
      <ele>986</ele>
      <time>2026-05-07T14:08:05Z</time>
    </trkpt>
    <trkpt lat="49.117024" lon="22.727703">
      <ele>985</ele>
      <time>2026-05-07T14:08:26Z</time>
    </trkpt>
    <trkpt lat="49.117206" lon="22.727896">
      <ele>983</ele>
      <time>2026-05-07T14:08:47Z</time>
    </trkpt>
    <trkpt lat="49.117362" lon="22.728056">
      <ele>980</ele>
      <time>2026-05-07T14:09:04Z</time>
    </trkpt>
    <trkpt lat="49.117532" lon="22.728294">
      <ele>976</ele>
      <time>2026-05-07T14:09:26Z</time>
    </trkpt>
    <trkpt lat="49.117633" lon="22.728364">
      <ele>975</ele>
      <time>2026-05-07T14:09:36Z</time>
    </trkpt>
    <trkpt lat="49.117967" lon="22.728647">
      <ele>971</ele>
      <time>2026-05-07T14:10:12Z</time>
    </trkpt>
    <trkpt lat="49.118243" lon="22.728811">
      <ele>967</ele>
      <time>2026-05-07T14:10:40Z</time>
    </trkpt>
    <trkpt lat="49.118556" lon="22.728949">
      <ele>964</ele>
      <time>2026-05-07T14:11:10Z</time>
    </trkpt>
    <trkpt lat="49.118672" lon="22.728873">
      <ele>961</ele>
      <time>2026-05-07T14:11:22Z</time>
    </trkpt>
    <trkpt lat="49.11885" lon="22.728888">
      <ele>957</ele>
      <time>2026-05-07T14:11:39Z</time>
    </trkpt>
    <trkpt lat="49.119012" lon="22.728962">
      <ele>953</ele>
      <time>2026-05-07T14:11:55Z</time>
    </trkpt>
    <trkpt lat="49.119104" lon="22.729058">
      <ele>951</ele>
      <time>2026-05-07T14:12:05Z</time>
    </trkpt>
    <trkpt lat="49.119218" lon="22.729212">
      <ele>948</ele>
      <time>2026-05-07T14:12:20Z</time>
    </trkpt>
    <trkpt lat="49.119257" lon="22.729512">
      <ele>948</ele>
      <time>2026-05-07T14:12:38Z</time>
    </trkpt>
    <trkpt lat="49.119357" lon="22.729623">
      <ele>947</ele>
      <time>2026-05-07T14:12:50Z</time>
    </trkpt>
    <trkpt lat="49.11943" lon="22.729659">
      <ele>946</ele>
      <time>2026-05-07T14:12:57Z</time>
    </trkpt>
    <trkpt lat="49.119565" lon="22.729793">
      <ele>943</ele>
      <time>2026-05-07T14:13:12Z</time>
    </trkpt>
    <trkpt lat="49.119769" lon="22.73007">
      <ele>937</ele>
      <time>2026-05-07T14:13:37Z</time>
    </trkpt>
    <trkpt lat="49.119962" lon="22.730327">
      <ele>932</ele>
      <time>2026-05-07T14:14:00Z</time>
    </trkpt>
    <trkpt lat="49.120214" lon="22.730729">
      <ele>927</ele>
      <time>2026-05-07T14:14:33Z</time>
    </trkpt>
    <trkpt lat="49.120328" lon="22.730975">
      <ele>922</ele>
      <time>2026-05-07T14:14:51Z</time>
    </trkpt>
    <trkpt lat="49.12037" lon="22.731097">
      <ele>920</ele>
      <time>2026-05-07T14:14:59Z</time>
    </trkpt>
    <trkpt lat="49.120418" lon="22.731168">
      <ele>918</ele>
      <time>2026-05-07T14:15:05Z</time>
    </trkpt>
    <trkpt lat="49.1205" lon="22.731226">
      <ele>915</ele>
      <time>2026-05-07T14:15:14Z</time>
    </trkpt>
    <trkpt lat="49.120588" lon="22.731271">
      <ele>913</ele>
      <time>2026-05-07T14:15:22Z</time>
    </trkpt>
    <trkpt lat="49.120752" lon="22.731563">
      <ele>907</ele>
      <time>2026-05-07T14:15:45Z</time>
    </trkpt>
    <trkpt lat="49.120815" lon="22.731843">
      <ele>903</ele>
      <time>2026-05-07T14:16:03Z</time>
    </trkpt>
    <trkpt lat="49.120992" lon="22.732183">
      <ele>892</ele>
      <time>2026-05-07T14:16:29Z</time>
    </trkpt>
    <trkpt lat="49.121123" lon="22.73244">
      <ele>885</ele>
      <time>2026-05-07T14:16:49Z</time>
    </trkpt>
    <trkpt lat="49.121211" lon="22.732612">
      <ele>881</ele>
      <time>2026-05-07T14:17:03Z</time>
    </trkpt>
    <trkpt lat="49.12128" lon="22.732719">
      <ele>879</ele>
      <time>2026-05-07T14:17:11Z</time>
    </trkpt>
    <trkpt lat="49.12133" lon="22.732777">
      <ele>878</ele>
      <time>2026-05-07T14:17:17Z</time>
    </trkpt>
    <trkpt lat="49.121435" lon="22.732826">
      <ele>876</ele>
      <time>2026-05-07T14:17:27Z</time>
    </trkpt>
    <trkpt lat="49.121474" lon="22.732934">
      <ele>876</ele>
      <time>2026-05-07T14:17:34Z</time>
    </trkpt>
    <trkpt lat="49.121509" lon="22.733062">
      <ele>875</ele>
      <time>2026-05-07T14:17:42Z</time>
    </trkpt>
    <trkpt lat="49.121558" lon="22.733266">
      <ele>874</ele>
      <time>2026-05-07T14:17:55Z</time>
    </trkpt>
    <trkpt lat="49.121644" lon="22.733467">
      <ele>873</ele>
      <time>2026-05-07T14:18:09Z</time>
    </trkpt>
    <trkpt lat="49.121713" lon="22.733612">
      <ele>873</ele>
      <time>2026-05-07T14:18:20Z</time>
    </trkpt>
    <trkpt lat="49.12178" lon="22.733731">
      <ele>873</ele>
      <time>2026-05-07T14:18:29Z</time>
    </trkpt>
    <trkpt lat="49.121841" lon="22.733785">
      <ele>872</ele>
      <time>2026-05-07T14:18:35Z</time>
    </trkpt>
    <trkpt lat="49.121908" lon="22.733808">
      <ele>871</ele>
      <time>2026-05-07T14:18:41Z</time>
    </trkpt>
    <trkpt lat="49.122068" lon="22.734049">
      <ele>867</ele>
      <time>2026-05-07T14:19:02Z</time>
    </trkpt>
    <trkpt lat="49.122205" lon="22.734322">
      <ele>862</ele>
      <time>2026-05-07T14:19:22Z</time>
    </trkpt>
    <trkpt lat="49.122278" lon="22.734364">
      <ele>860</ele>
      <time>2026-05-07T14:19:29Z</time>
    </trkpt>
    <trkpt lat="49.122481" lon="22.734527">
      <ele>854</ele>
      <time>2026-05-07T14:19:50Z</time>
    </trkpt>
    <trkpt lat="49.122559" lon="22.73465">
      <ele>852</ele>
      <time>2026-05-07T14:20:00Z</time>
    </trkpt>
    <trkpt lat="49.122573" lon="22.734806">
      <ele>851</ele>
      <time>2026-05-07T14:20:10Z</time>
    </trkpt>
    <trkpt lat="49.12258" lon="22.734999">
      <ele>849</ele>
      <time>2026-05-07T14:20:21Z</time>
    </trkpt>
    <trkpt lat="49.122604" lon="22.735165">
      <ele>848</ele>
      <time>2026-05-07T14:20:31Z</time>
    </trkpt>
    <trkpt lat="49.122677" lon="22.735298">
      <ele>846</ele>
      <time>2026-05-07T14:20:41Z</time>
    </trkpt>
    <trkpt lat="49.122846" lon="22.735433">
      <ele>841</ele>
      <time>2026-05-07T14:20:59Z</time>
    </trkpt>
    <trkpt lat="49.123062" lon="22.735503">
      <ele>836</ele>
      <time>2026-05-07T14:21:19Z</time>
    </trkpt>
    <trkpt lat="49.123258" lon="22.735574">
      <ele>833</ele>
      <time>2026-05-07T14:21:37Z</time>
    </trkpt>
    <trkpt lat="49.123672" lon="22.735683">
      <ele>828</ele>
      <time>2026-05-07T14:22:15Z</time>
    </trkpt>
    <trkpt lat="49.123852" lon="22.735776">
      <ele>825</ele>
      <time>2026-05-07T14:22:32Z</time>
    </trkpt>
    <trkpt lat="49.124" lon="22.73587">
      <ele>822</ele>
      <time>2026-05-07T14:22:46Z</time>
    </trkpt>
    <trkpt lat="49.124153" lon="22.735995">
      <ele>818</ele>
      <time>2026-05-07T14:23:02Z</time>
    </trkpt>
    <trkpt lat="49.124329" lon="22.736107">
      <ele>814</ele>
      <time>2026-05-07T14:23:19Z</time>
    </trkpt>
    <trkpt lat="49.124464" lon="22.736281">
      <ele>811</ele>
      <time>2026-05-07T14:23:35Z</time>
    </trkpt>
    <trkpt lat="49.124592" lon="22.736528">
      <ele>808</ele>
      <time>2026-05-07T14:23:54Z</time>
    </trkpt>
    <trkpt lat="49.12472" lon="22.736762">
      <ele>806</ele>
      <time>2026-05-07T14:24:12Z</time>
    </trkpt>
    <trkpt lat="49.124844" lon="22.736997">
      <ele>804</ele>
      <time>2026-05-07T14:24:30Z</time>
    </trkpt>
    <trkpt lat="49.12496" lon="22.737161">
      <ele>803</ele>
      <time>2026-05-07T14:24:44Z</time>
    </trkpt>
    <trkpt lat="49.1252" lon="22.737292">
      <ele>800</ele>
      <time>2026-05-07T14:25:07Z</time>
    </trkpt>
    <trkpt lat="49.12526" lon="22.737369">
      <ele>799</ele>
      <time>2026-05-07T14:25:14Z</time>
    </trkpt>
    <trkpt lat="49.12553" lon="22.737723">
      <ele>790</ele>
      <time>2026-05-07T14:25:46Z</time>
    </trkpt>
    <trkpt lat="49.125655" lon="22.737771">
      <ele>788</ele>
      <time>2026-05-07T14:25:58Z</time>
    </trkpt>
    <trkpt lat="49.125779" lon="22.737919">
      <ele>787</ele>
      <time>2026-05-07T14:26:12Z</time>
    </trkpt>
    <trkpt lat="49.125872" lon="22.738092">
      <ele>787</ele>
      <time>2026-05-07T14:26:25Z</time>
    </trkpt>
    <trkpt lat="49.125985" lon="22.738201">
      <ele>787</ele>
      <time>2026-05-07T14:26:37Z</time>
    </trkpt>
    <trkpt lat="49.126177" lon="22.738387">
      <ele>787</ele>
      <time>2026-05-07T14:26:57Z</time>
    </trkpt>
    <trkpt lat="49.126299" lon="22.73857">
      <ele>787</ele>
      <time>2026-05-07T14:27:12Z</time>
    </trkpt>
    <trkpt lat="49.126446" lon="22.738876">
      <ele>784</ele>
      <time>2026-05-07T14:27:35Z</time>
    </trkpt>
    <trkpt lat="49.126553" lon="22.738998">
      <ele>780</ele>
      <time>2026-05-07T14:27:47Z</time>
    </trkpt>
    <trkpt lat="49.126681" lon="22.739165">
      <ele>776</ele>
      <time>2026-05-07T14:28:02Z</time>
    </trkpt>
    <trkpt lat="49.126822" lon="22.739479">
      <ele>772</ele>
      <time>2026-05-07T14:28:25Z</time>
    </trkpt>
    <trkpt lat="49.126956" lon="22.739576">
      <ele>770</ele>
      <time>2026-05-07T14:28:38Z</time>
    </trkpt>
    <trkpt lat="49.127104" lon="22.739701">
      <ele>767</ele>
      <time>2026-05-07T14:28:53Z</time>
    </trkpt>
    <trkpt lat="49.127297" lon="22.739935">
      <ele>764</ele>
      <time>2026-05-07T14:29:16Z</time>
    </trkpt>
    <trkpt lat="49.127427" lon="22.740173">
      <ele>761</ele>
      <time>2026-05-07T14:29:34Z</time>
    </trkpt>
    <trkpt lat="49.127621" lon="22.740475">
      <ele>757</ele>
      <time>2026-05-07T14:29:59Z</time>
    </trkpt>
    <trkpt lat="49.12777" lon="22.740696">
      <ele>753</ele>
      <time>2026-05-07T14:30:18Z</time>
    </trkpt>
    <trkpt lat="49.127875" lon="22.7409">
      <ele>750</ele>
      <time>2026-05-07T14:30:33Z</time>
    </trkpt>
    <trkpt lat="49.127982" lon="22.741109">
      <ele>747</ele>
      <time>2026-05-07T14:30:49Z</time>
    </trkpt>
    <trkpt lat="49.12811" lon="22.741249">
      <ele>745</ele>
      <time>2026-05-07T14:31:03Z</time>
    </trkpt>
    <trkpt lat="49.128266" lon="22.741474">
      <ele>741</ele>
      <time>2026-05-07T14:31:22Z</time>
    </trkpt>
    <trkpt lat="49.128448" lon="22.741814">
      <ele>735</ele>
      <time>2026-05-07T14:31:48Z</time>
    </trkpt>
    <trkpt lat="49.128537" lon="22.742011">
      <ele>732</ele>
      <time>2026-05-07T14:32:02Z</time>
    </trkpt>
    <trkpt lat="49.128625" lon="22.742222">
      <ele>730</ele>
      <time>2026-05-07T14:32:17Z</time>
    </trkpt>
    <trkpt lat="49.128692" lon="22.742431">
      <ele>730</ele>
      <time>2026-05-07T14:32:31Z</time>
    </trkpt>
    <trkpt lat="49.128694" lon="22.742543">
      <ele>730</ele>
      <time>2026-05-07T14:32:37Z</time>
    </trkpt>
    <trkpt lat="49.128726" lon="22.742808">
      <ele>729</ele>
      <time>2026-05-07T14:32:53Z</time>
    </trkpt>
    <trkpt lat="49.128784" lon="22.74312">
      <ele>729</ele>
      <time>2026-05-07T14:33:12Z</time>
    </trkpt>
    <trkpt lat="49.129096" lon="22.743566">
      <ele>729</ele>
      <time>2026-05-07T14:34:06Z</time>
    </trkpt>
    <trkpt lat="49.129201" lon="22.743724">
      <ele>729</ele>
      <time>2026-05-07T14:34:25Z</time>
    </trkpt>
    <trkpt lat="49.129707" lon="22.744536">
      <ele>731</ele>
      <time>2026-05-07T14:35:58Z</time>
    </trkpt>
    <trkpt lat="49.12978" lon="22.744672">
      <ele>731</ele>
      <time>2026-05-07T14:36:12Z</time>
    </trkpt>
    <trkpt lat="49.129859" lon="22.744871">
      <ele>731</ele>
      <time>2026-05-07T14:36:32Z</time>
    </trkpt>
    <trkpt lat="49.129947" lon="22.745134">
      <ele>728</ele>
      <time>2026-05-07T14:36:56Z</time>
    </trkpt>
    <trkpt lat="49.129975" lon="22.74526">
      <ele>726</ele>
      <time>2026-05-07T14:37:08Z</time>
    </trkpt>
    <trkpt lat="49.130035" lon="22.74553">
      <ele>723</ele>
      <time>2026-05-07T14:37:32Z</time>
    </trkpt>
    <trkpt lat="49.130085" lon="22.745759">
      <ele>720</ele>
      <time>2026-05-07T14:37:52Z</time>
    </trkpt>
    <trkpt lat="49.130144" lon="22.745981">
      <ele>718</ele>
      <time>2026-05-07T14:38:12Z</time>
    </trkpt>
  </trkseg>
</trk>
</gpx>